diff_id,language,has_intent,intent_tags,nli_signed_diff→gold,nli_signed_gold→gen_codellama-7b,nli_signed_gold→gen_qwen2.5-coder-7b,nli_signed_gold→gen_deepseek-6.7b
84,cpp,1,bracket,0.9832571698352695,-0.1950437817722559,0.1248164176940918,-0.8772872574627399
148,cpp,1,merge,0.2777671702206135,-0.6063806544989347,-0.20225122570991516,0.049676625058054924
170,cpp,0,plain,0.6060687638819218,0.00798130119801499,0.035132090968545526,0.009269288624636829
227,cpp,0,plain,0.8166554979979992,-0.05598799139261246,0.011263176798820496,-0.32211290672421455
624,cpp,1,bracket,-0.37823089212179184,-0.38174285599961877,-0.21713662217371166,-0.9160151276737452
634,cpp,0,plain,0.3253907412290573,0.017499812645837665,0.03023778274655342,0.038176679983735085
679,cpp,0,plain,0.7552451994270086,0.2666807919740677,0.08516404405236244,0.07530053239315748
932,cpp,0,plain,0.46790702280122787,-0.004250406287610531,0.0004881792701780796,-0.055583082139492035
997,cpp,0,plain,0.011767661198973656,-0.010127083398401737,0.006508884020149708,-0.07417106628417969
1118,cpp,1,"ticket,ce_flag",-0.028430385747924447,-0.015918582677841187,0.47942378476727754,0.31887318193912506
1359,cpp,1,ce_flag,-0.4130951017141342,-0.039723812602460384,0.001347595825791359,-0.5224835276603699
1361,cpp,1,branch,-0.03969741519540548,-0.0023859234643168747,-0.6946531124413013,0.014885132666677237
1392,cpp,1,"bracket,nfc",-0.9118197076022625,0.37488012574613094,-0.009720960631966591,-0.01510000228881836
2189,cpp,0,plain,0.7466925363987684,0.021741187432780862,-0.0007819095626473427,0.009282592684030533
2297,cpp,0,plain,0.4242363777011633,0.02280210331082344,0.0007044767262414098,-0.3395034745335579
2427,cpp,0,plain,0.5719452723860741,-0.1453841459006071,0.883323383750394,-0.52010627835989
2472,cpp,1,ce_flag,-0.7362004518508911,0.03127794712781906,0.004428804852068424,-0.9392522387206554
2737,cpp,0,plain,-0.32189249992370605,-0.268854764290154,0.5642032803152688,-0.2000715360045433
2909,cpp,0,plain,-0.40219342708587646,-0.0017269225791096687,0.04173726504086517,-0.9958989484293852
3002,cpp,1,bracket,0.05553584545850754,0.9829776636324823,0.9884382170057506,0.5042158085852861
3149,cpp,0,plain,0.8607185988221318,0.027829365571960807,0.6943951754365116,0.1809912547469139
3169,cpp,0,plain,0.07471124827861786,-0.02817206084728241,0.1277245155069977,0.0208223017398268
3229,cpp,0,plain,-0.04023096710443497,0.005139247281476855,-0.0001348369987681508,0.40999735891819
3431,cpp,0,plain,-0.4796903394162655,-0.878480187151581,-0.0020573758520185947,-0.189909677952528
3519,cpp,0,plain,0.3572881892323494,0.03548795357346535,-0.9959660720196553,0.058463290333747864
3745,cpp,1,bracket,-0.34102484583854675,-0.06203302927315235,0.014200101606547832,-0.006867642383440398
3892,cpp,0,plain,-0.26011646538972855,-0.7724161725491285,0.0020233989343978465,0.2932778596878052
3948,cpp,0,plain,0.39594387263059616,-0.2539901901036501,0.0108634460484609,0.023969249799847603
4117,cpp,0,plain,0.9883711204165593,0.8288010153919458,0.05276944860816002,0.44727696292102337
4183,cpp,1,bracket,0.053163180127739906,0.0024984217016026378,0.0009747463627718389,-0.292167603969574
4287,cpp,0,plain,0.49464748799800873,0.053754306863993406,0.003933355212211609,0.19216782227158546
4475,cpp,1,bracket,-0.254438579082489,4.1600316762924194e-05,-0.30025395192205906,-0.09071116149425507
4496,cpp,0,plain,0.3773368038237095,-0.9789187258575112,-0.41357444133609533,-0.06792169064283371
4538,cpp,0,plain,0.5326449647545815,-0.007391283928882331,-0.9450362032512203,-0.8690457324264571
4759,cpp,1,ticket,0.16183456405997276,0.8388830572366714,-0.21709717996418476,-0.04647411033511162
4859,cpp,0,plain,0.2852343050763011,0.06560618430376053,0.32433632982429117,0.04859685152769089
4883,cpp,0,plain,-0.11927014589309692,0.5219933250918984,0.06733572657685727,-0.11789038544520736
4905,cpp,1,ticket,-0.04196084290742874,-0.2349759191274643,-0.018444471526890993,-0.9746076045557857
5010,cpp,1,bracket,0.17444798164069653,-0.1132756951265037,0.0035062124079559,-0.7947617992758751
5032,cpp,0,plain,0.2476956769824028,-0.5526638198643923,0.012371729710139334,-0.06284310668706894
5150,cpp,1,bracket,0.3057381957769394,-0.830092077376321,-0.07765764137730002,0.33438216149806976
5271,cpp,0,plain,-0.013879533275030553,-0.07975115347653627,-0.31728189904242754,-0.11700377613306046
5391,cpp,0,plain,0.0443577915430069,0.032674529240466654,0.031008374702651054,-0.6191961616277695
5400,cpp,0,plain,0.6783113963901997,0.06812066398561001,0.07077314704656601,0.062275275588035583
5424,cpp,0,plain,-0.7333994023501873,0.02673525220598094,0.10457953810691833,0.0721056149341166
5436,cpp,1,ticket,-0.279629722237587,-0.8385259304195642,-0.44055912271142006,-0.9351011924445629
5697,cpp,0,plain,0.06051364168524742,0.0007530000293627381,-0.18834754824638367,-0.2714994251728058
5898,cpp,0,plain,0.05429457873106003,0.09854166861623526,0.04390484991017729,0.03416202683001757
5971,cpp,0,plain,0.742487660376355,-0.49582138378173113,0.16070483974181116,0.9937821692437865
6385,cpp,1,bracket,0.04455968737602234,0.11250115931034088,0.09261749684810638,0.07064202276524156
6547,cpp,0,plain,0.14890975318849087,-0.9751255817245692,-0.6791790165007114,-0.8400359004735947
6584,cpp,0,plain,0.1714513674378395,0.00045940838754177094,0.15730252489447594,-0.0537354345433414
6610,cpp,1,ticket,-0.7191033661365509,0.0065596625208854675,0.05494341813027859,0.6902656778693199
6723,cpp,0,plain,0.3587386682629585,-0.1924271211028099,-0.05650727450847626,-0.00021179509349167347
6840,cpp,1,revert,-0.8312428407371044,0.37650343775749207,-0.6875651525333524,-0.31563304364681244
7422,cpp,0,plain,0.5680433101952076,0.06587856914848089,-0.01930806413292885,0.6526188533753157
7572,cpp,0,plain,0.08578961808234453,-0.020042451098561287,0.007637820963282138,0.5837544156238437
7590,cpp,0,plain,-0.014290723484009504,-0.6301199264125898,-0.6531824134290218,-0.9894007456168765
7640,cpp,0,plain,-0.054801926016807556,0.04712078347802162,-0.01361911790445447,-0.9979944306542166
8146,cpp,0,plain,0.17302794009447098,0.00014655524864792824,-0.1605918500572443,-0.010144373401999474
8290,cpp,0,plain,0.6099660247564316,-0.3683335408568382,-0.9522100929170847,-0.7308626435697079
8313,cpp,0,plain,0.028905391693115234,0.33508310676552355,0.004505096032517031,0.7619668655097485
8360,cpp,1,bracket,0.931390792131424,-0.25691742449998856,0.07599244825541973,0.40870076790452003
8386,cpp,0,plain,-0.4451177418231964,0.5365266697481275,0.020458798855543137,-0.020991861820220947
8509,cpp,0,plain,-0.0002849046140909195,-0.9942845471668988,0.0021792873012600467,0.15965933352708817
8543,cpp,0,plain,-0.3111655041575432,-0.4593079900369048,0.010297109023667872,0.39214347302913666
8735,cpp,0,plain,0.6348725855350494,0.9893356764805503,-0.4719712436199188,0.014122945256531239
8875,cpp,0,plain,0.2503596097230911,0.018467264715582132,0.04304877668619156,0.0027358606457710266
8886,cpp,1,bracket,-0.1687004086561501,0.03166351839900017,-0.1198632400482893,-0.10947124287486076
8924,cpp,0,plain,0.9919171431101859,0.17724845744669437,0.8220810759812593,0.027854157611727715
8982,cpp,1,bracket,0.13131813518702984,0.009741594549268484,0.021105476596858352,-0.6088355109095573
9058,cpp,0,plain,-0.1772955060005188,0.021022604312747717,0.007034053094685078,0.00528813898563385
9122,cpp,0,plain,-0.1887214481830597,-0.18067770823836327,-0.21102517214603722,-0.8726047668606043
9196,cpp,1,bracket,-0.969273280352354,0.17979003908112645,-0.1782125213649124,0.003697007894515991
9568,cpp,0,plain,0.7791900909505785,-0.9882710141246207,-0.6470404667779803,-0.7873521540313959
9827,cpp,0,plain,0.9237549144309014,-0.026758739724755287,0.0032692909007892013,-0.0708036720752716
9868,cpp,0,plain,0.25704848766326904,0.0987575352191925,0.0036893541109748185,-0.6842158064246178
9873,cpp,0,plain,0.2906018868088722,-0.5616543963551521,-0.0017267530784010887,-0.9204493220895529
9934,cpp,1,ticket,-0.05193650349974632,0.00932895578444004,0.007748261326923966,0.02261514589190483
9952,cpp,0,plain,-0.9117667581886053,-0.7622146250214428,-0.02318852348253131,-0.9772771072748583
10103,cpp,0,plain,-0.9333660318516195,-0.12465430749580264,-0.21237140707671642,-0.019557029008865356
10309,cpp,0,plain,-0.0796930743381381,-0.2637069970369339,0.09659903857391328,-0.3453787565231323
10454,cpp,0,plain,0.976951091142837,0.005708566081011668,0.07935711927711964,0.028786241309717298
10504,cpp,1,ce_flag,-0.23166011273860931,-0.12494345754384995,-0.6431593718007207,-0.007240353152155876
10728,cpp,0,plain,0.9890482648334,0.04936066083610058,0.17710255458950996,-0.1608758568763733
10742,cpp,0,plain,0.9873971804045141,0.050304973497986794,0.06866763066500425,0.9038568884134293
10964,cpp,0,plain,-0.6464533656835556,-0.7701094038784504,0.022223884239792824,0.26939185708761215
11034,cpp,0,plain,0.10048165544867516,0.10739928483963013,0.7464527555857785,-0.07613673992455006
11091,cpp,0,plain,-0.007344968616962433,0.217668651137501,0.029070025659166276,0.31999814277514815
11139,cpp,0,plain,0.22654966078698635,-0.10107751563191414,-0.13913322472944856,0.016531474888324738
11174,cpp,0,plain,0.9050321262329817,0.10260777175426483,-0.568339679390192,0.011812141165137291
11263,cpp,0,plain,0.4872830342501402,0.4762634187936783,0.2316303353291005,0.5188610553741455
11358,cpp,1,bracket,0.2745779413962737,0.9552229190594517,0.34867231335374527,-0.31533150747418404
11378,cpp,0,plain,0.6499375533312559,-0.00021733716130256653,0.1729450187413022,-0.890079933218658
11466,cpp,0,plain,-0.19471754506230354,0.007209131610579789,0.0742395551642403,0.0999436152051203
11564,cpp,0,plain,0.017745597288012505,0.0003782822750508785,0.003474222496151924,-0.0007638977840542793
11954,cpp,0,plain,0.25975295156240463,-0.434572571888566,-0.021180683746933937,-0.5690377652645111
12096,cpp,0,plain,-0.7331403733696789,-0.9029040890745819,0.005071230931207538,-0.997606778255431
12187,cpp,1,bracket,0.8032132908701897,0.056769126327708364,0.03732617641799152,0.02880633808672428
12213,cpp,0,plain,0.13789427187293768,-0.056135259568691254,0.0002754581219051033,-0.0647641634568572
12345,cpp,1,bracket,0.04769106209278107,-0.9956173609825782,0.00017786641546990722,-0.8733455929905176
12371,cpp,0,plain,0.16446371376514435,-4.1644787415862083e-05,0.002488471654942259,0.15164320543408394
12398,cpp,0,plain,0.6160272639244795,-0.0001518341014161706,0.0008278227032860741,0.0037091264966875315
12419,cpp,1,bracket,-0.9564314023591578,-0.1488690860569477,0.0005570226348936558,-0.43917983025312424
12518,cpp,0,plain,-0.9374574451940134,-0.9733444340672577,-0.0008616611594334245,-0.994816378923133
12541,cpp,1,bracket,0.26476284861564636,-0.028775389422662556,0.04925421817461029,0.4070464065298438
12838,cpp,0,plain,0.0014339298941195011,0.00027192640118300915,0.0011476758518256247,-0.9994900636847888
12889,cpp,0,plain,-0.3922499679028988,-0.2616686522960663,0.001465570880100131,0.12117543816566467
13049,cpp,0,plain,0.03559610899537802,0.013204368820879608,0.011127677746117115,-0.24151936173439026
13295,cpp,0,plain,-0.6644876040518284,-0.008826844394207,0.0007017945463303477,-0.3673550449311733
13296,cpp,0,plain,0.013123750686645508,-0.3186733238399029,0.0069312890991568565,0.7111220732331276
13313,cpp,0,plain,0.8617043942213058,-0.19973323121666908,0.00853183795697987,-0.8351502595469356
13505,cpp,1,bracket,-0.8370010629296303,0.0023817202309146523,0.006284217088250443,0.8964134338311851
13516,cpp,0,plain,0.191246896982193,-0.007553473114967346,0.04623488895595074,0.34891377855092287
13639,cpp,0,plain,0.7300742492079735,-0.0023942291736602783,0.0018232613801956177,0.47678105160593987
13657,cpp,0,plain,0.7887652367353439,0.5140018276870251,0.03232930414378643,-0.035158708691596985
13887,cpp,0,plain,0.04751731758005917,0.02081015007570386,9.434009552933276e-05,0.0012993814307264984
13940,cpp,1,merge,0.09652566909790039,0.05483555421233177,-0.07527608051896095,-0.9366243984550238
14102,cpp,0,plain,-0.019692320376634598,0.00856180302798748,-0.3007217552512884,-0.045845210552215576
14126,cpp,1,bracket,0.13500025495886803,0.9051365591585636,-0.5679225344210863,-0.7117437347769737
14160,cpp,0,plain,0.025659358128905296,0.030638870666734874,0.3044967385940254,0.28721215203404427
14324,cpp,0,plain,-0.040089813992381096,-0.007222026586532593,-0.0021355673670768738,-0.3328032991848886
14381,cpp,0,plain,0.5292581282556057,-0.007086765952408314,0.03371613286435604,0.015270799398422241
14418,cpp,0,plain,-0.14224786311388016,0.00953581277281046,-0.0030584929045289755,-0.5169034898281097
14436,cpp,1,ticket,0.0038398057222366333,-0.029595864936709404,0.001684555085375905,0.002460887480992824
14515,cpp,0,plain,-0.8699395544826984,0.22791367769241333,-0.280742309987545,0.035808660089969635
14584,cpp,0,plain,-0.11933696269989014,-0.0023318403400480747,0.0006776959635317326,-0.8682687357068062
14649,cpp,0,plain,0.011095166206359863,0.12295787408947945,0.04247485613450408,0.4427170632407069
14741,cpp,0,plain,0.01791059970855713,-0.7468188442289829,-0.023308361880481243,-0.03827040642499924
14813,cpp,1,ce_flag,-0.05621372349560261,0.02067631483078003,0.009515119076240808,-0.9714743378572166
14908,cpp,0,plain,0.2201862819492817,-0.6474045477807522,0.4073866284452379,-0.8975343275815248
14946,cpp,1,bracket,0.5220049172639847,0.011250599171034992,0.05472354590892792,-0.9283518325537443
15433,cpp,0,plain,0.7260968238115311,-0.05777298845350742,-0.03877025097608566,-0.3190806955099106
15505,cpp,0,plain,0.015189209952950478,-0.915481120813638,-0.00017175369430333376,-0.03308007144369185
15525,cpp,0,plain,0.21316601429134607,0.40226616710424423,-0.06939848512411118,0.2366771139204502
15599,cpp,0,plain,-0.042862921953201294,-0.8351233908906579,-0.9703975860029459,0.11904488690197468
15619,cpp,0,plain,0.6714788302779198,-0.16707153618335724,0.13886142801493406,-0.09122642502188683
15695,cpp,0,plain,-0.00041681970469653606,-0.04037025757133961,-0.05475237872451544,-0.013246013782918453
15777,cpp,0,plain,-0.8672424554824829,-0.14222087478265166,-0.7703902114299126,-0.9781715058488771
15899,cpp,1,bracket,0.07293978752568364,0.9850951951520983,0.009039988624863327,0.944597305264324
15930,cpp,0,plain,0.9785033222578932,-0.0006196773611009121,0.0009832640353124589,-0.028063395991921425
16490,cpp,0,plain,0.7838477273471653,-0.14901970140635967,-0.05884864926338196,0.008316516876220703
16492,cpp,0,plain,0.20264161378145218,-0.003186494577676058,0.00017132173525169492,-0.21236039698123932
16532,cpp,1,"ticket,ce_flag",-0.9762166114524007,-0.05165327154099941,-0.12331476248800755,-0.9587676869705319
16603,cpp,1,bracket,0.07073469460010529,0.04516311129555106,0.12371106073260307,0.3904254361987114
16727,cpp,0,plain,0.015876352787017822,0.9282392282038927,-0.0010510347783565521,0.1453960295766592
16815,cpp,0,plain,0.2452126145362854,0.00888837082311511,0.003605577629059553,0.04503887891769409
16836,cpp,0,plain,0.241934509947896,0.2588740400969982,-0.06757548451423645,0.4926789589226246
17047,cpp,1,release,0.16993725299835205,-0.2817519959062338,-0.009087120182812214,0.09977962635457516
17049,cpp,0,plain,0.07789349555969238,-0.10206173965707421,-0.02212508162483573,-0.9312105653807521
17076,cpp,0,plain,0.6257133148610592,0.4084436488337815,0.40930639766156673,-0.693896010518074
17086,cpp,0,plain,-0.9782101351302117,0.0015752858016639948,0.004747429862618446,-0.010004171635955572
17174,cpp,1,ticket,-0.14366028644144535,-0.07695725560188293,-0.12377193756401539,0.601274661719799
17525,cpp,0,plain,0.022714480757713318,0.6909614624455571,0.006790824234485626,0.6938744755461812
17531,cpp,1,bracket,-0.3100718557834625,-0.00815920066088438,-0.24925370514392853,0.002004683017730713
17822,cpp,1,bracket,-0.009778921492397785,-0.1031072735786438,0.0010580981615930796,0.4284864813089371
18064,cpp,0,plain,-0.5529913827776909,0.012161572463810444,-0.0016926045063883066,0.9091011007549241
18193,cpp,0,plain,-0.23494568467140198,-0.24890803918242455,0.19600003957748413,0.5213974565267563
18200,cpp,0,plain,-0.004815742373466492,0.0028801757725887,0.018659634049981833,-0.26471109688282013
18246,cpp,1,"ticket,ce_flag",-0.3154768943786621,0.9007818177342415,0.0190673666074872,0.9867723055649549
18369,cpp,0,plain,0.9663403662852943,0.3151927551953122,0.10890608007321134,0.014586329460144043
18385,cpp,1,bracket,0.003501124680042267,0.06615006364881992,0.01896505174227059,-0.16863664984703064
18742,cpp,0,plain,0.7317609302699566,0.9730536621063948,0.000929789210204035,0.0017077501397579908
18767,cpp,0,plain,0.026271795853972435,-0.989002264890587,-0.001914521213620901,-0.2296898514032364
18873,cpp,1,bracket,-0.2739843800663948,-0.9251001323573291,-0.4303576145321131,-0.9558056443929672
18904,cpp,0,plain,0.8783561962191015,0.4736749976873398,0.3438001819886267,0.014441255305428058
18966,cpp,1,bracket,0.8399281166493893,0.018473057833034545,-0.48359178751707077,0.04534294083714485
19017,cpp,0,plain,-0.241945568472147,0.5864137951284647,-0.00019403803162276745,0.25989650562405586
19063,cpp,0,plain,0.9550051740661729,0.004549376608338207,0.005200501531362534,-0.02317555993795395
19353,cpp,0,plain,0.06481653265655041,-0.047172725200653076,-0.4496738025918603,-0.5916568264365196
19806,cpp,0,plain,0.19070423394441605,-0.04138031601905823,0.14744816347956657,0.017332738265395164
19882,cpp,0,plain,0.7188491430133581,0.7879829811863601,0.6613027479033917,0.32414923794567585
20035,cpp,0,plain,-0.31983231753110886,0.2363316211849451,0.012139237252995372,0.0338766083586961
20290,cpp,0,plain,0.04911469668149948,-0.1380226444453001,0.015350389294326305,0.016763146966695786
20346,cpp,1,ticket,-0.061371900141239166,0.025548136793076992,-0.48625841783359647,-0.017492398619651794
20365,cpp,0,plain,0.08558190986514091,0.0008247130317613482,0.01532131340354681,-0.03711494617164135
20689,cpp,1,"ticket,ce_flag",-0.027827439829707146,-0.8987901993095875,-0.059332668548449874,-0.9340493492782116
20726,cpp,0,plain,-0.04808138182852417,-0.13595304638147354,-0.018172835931181908,-0.5640978366136551
20865,cpp,0,plain,-0.004277700558304787,0.005733674392104149,-0.12305859103798866,0.49174683168530464
20958,cpp,0,plain,-0.9383513750508428,-0.1261962354183197,-0.023292901925742626,-0.9688166917767376
20994,cpp,1,bracket,0.018086150288581848,-0.7188480608165264,-0.9058023570105433,-0.5760997831821442
21182,cpp,0,plain,-0.013040404475759715,-0.0005161679582670331,0.05886409617960453,-0.7445466816425323
21282,cpp,0,plain,-0.1392575539648533,0.006075879791751504,0.004946380853652954,0.0028715705266222358
21431,cpp,0,plain,0.6166743710637093,-0.01368219219148159,0.003713700920343399,0.04499843716621399
21522,cpp,0,plain,0.6753636384382844,0.2634576503187418,0.020756492973305285,0.06852605938911438
21556,cpp,0,plain,-0.5810644654557109,-0.1657035646494478,-0.04609377449378371,-0.7858765721321106
21832,cpp,1,bracket,0.05847032833844423,0.04934090096503496,-0.0040168126579374075,-0.4147506430745125
21996,cpp,0,plain,0.40064725652337074,0.03322043642401695,0.0016034315340220928,0.30903851240873337
22139,cpp,0,plain,-0.5184998661279678,0.5261005903594196,-0.840634792111814,0.33651722222566605
22303,cpp,0,plain,0.002520423266105354,0.009200312313623726,0.0016692131757736206,0.3847359288483858
22407,cpp,1,"ticket,revert",-0.36428071558475494,0.21477235294878483,0.0005109574412927032,-0.9959749138797633
22498,cpp,1,bracket,0.023396446369588375,0.014163176296278834,0.0007317732670344412,0.37283453810960054
22549,cpp,0,plain,0.019519668072462082,-0.9514059176435694,-0.03437557234428823,0.024201277876272798
22618,cpp,1,bracket,0.061404164880514145,0.23509742435999215,0.007192684919573367,0.021487270365469158
22666,cpp,0,plain,-0.04072622023522854,0.025021376786753535,0.010577757668215781,0.12342792004346848
22699,cpp,0,plain,-0.6336723584681749,-0.11043719947338104,-0.002952620852738619,-0.3703376054763794
22745,cpp,0,plain,0.1889369934797287,-0.02375705912709236,-0.1482549048960209,0.0151018260512501
22746,cpp,0,plain,0.9642556170001626,0.6592249859240837,0.8751121452078223,-0.03654700517654419
22838,cpp,0,plain,-0.19636253267526627,-0.5839977194555104,-0.03443722054362297,0.0178297758102417
22999,cpp,0,plain,0.8976197058800608,-0.6174373272806406,0.1742385474499315,-0.08114321529865265
281,cs,0,plain,-0.3253597170114517,-0.8370712604373693,-0.24801410362124443,-0.7548410892486572
354,cs,0,plain,0.24812201038002968,0.02669327985495329,0.0009350146283395588,-0.1889052391052246
427,cs,0,plain,0.042115735122933984,-0.010067665949463844,0.0004903320514131337,0.0031953915604390204
461,cs,0,plain,0.12109242007136345,0.0991529393941164,0.1030102027580142,0.24929197877645493
742,cs,0,plain,-0.004332643002271652,0.0008981595747172832,-0.11829197406768799,-0.2499110996723175
884,cs,0,plain,0.3065095618367195,0.05727852834388614,0.06040874123573303,0.10549536161124706
1012,cs,0,plain,-0.056167662143707275,0.6692952690646052,-0.006501918658614159,0.18148702569305897
1072,cs,0,plain,0.010150598362088203,-0.4868133068084717,-0.9690155236748978,-0.23513679951429367
1332,cs,1,bracket,0.6665741913020611,0.14739253534935415,0.09476215107133612,0.1355277020484209
1971,cs,0,plain,-0.0007155228522606194,-0.21560055122245103,-0.00016288715414702892,-0.5320642609149218
1999,cs,0,plain,-0.0010572780738584697,-0.0035995568614453077,-0.015874097123742104,-0.2815083675086498
2034,cs,0,plain,0.6312064584344625,0.5199192066211253,0.0010762163146864623,0.9847447077918332
2376,cs,0,plain,-0.666501734405756,0.007984209805727005,-0.6037569643231109,-0.6556470766663551
2521,cs,0,plain,0.6769703403115273,-0.960127308499068,0.04472957574762404,-0.16578719019889832
2656,cs,0,plain,0.19928364211227745,-0.09331619739532471,-0.08086851658299565,-0.3804648816585541
2747,cs,1,bracket,-0.5581001564860344,0.03617299348115921,0.12076267600059509,-0.99895320959331
2901,cs,0,plain,0.3393362518399954,0.0024629877880215645,-0.012525398284196854,0.48790566623210907
2971,cs,0,plain,-0.0364735908806324,0.011335834860801697,0.014615111518651247,0.18608197383582592
3033,cs,0,plain,-0.012229436542838812,0.07657497748732567,0.004219410941004753,0.006461726617999375
3130,cs,0,plain,-0.894368383102119,0.00024445197777822614,-0.0071946680545806885,-0.9376829825341702
3493,cs,0,plain,0.5455757305026054,0.16124997194856405,0.7700492662843317,0.8442399555351585
3750,cs,0,plain,0.012479610741138458,-0.29192184656858444,0.6574119096621871,0.18708137422800064
4034,cs,0,plain,0.9947350754227955,0.9971520723775029,0.9971520758117549,-0.6789997592568398
4252,cs,0,plain,0.4949767142534256,-0.21917781233787537,-0.9826622030232102,0.19151699915528297
4401,cs,0,plain,0.9238445546943694,0.9746294867945835,0.876660905778408,0.032252884935587645
4445,cs,0,plain,0.003971219062805176,-0.019028110429644585,0.0010333920363336802,-0.46228228975087404
4647,cs,0,plain,0.3266269266605377,0.000590769574046135,0.0002846556017175317,3.263857797719538e-05
5020,cs,0,plain,-0.06815905123949051,0.25485368072986603,0.24942568968981504,0.4648027531802654
5185,cs,1,bracket,0.24196288781240582,0.3566493083490059,0.03824595327023417,0.1324979243800044
5221,cs,0,plain,0.4108220902271569,0.6781287321355194,0.024586908519268036,0.7714684708043933
5384,cs,0,plain,-0.19004550157114863,-0.44325733045116067,-0.37473106291145086,-0.942861107760109
5431,cs,0,plain,0.32260599732398987,0.029318411834537983,0.0006517992442240939,-0.005408127326518297
5469,cs,0,plain,0.08528420701622963,-0.016389619559049606,-0.08800908550620079,-0.33198750764131546
5763,cs,0,plain,-0.951404390973039,-0.003902195021510124,0.025781950913369656,-0.5019225981086493
5857,cs,0,plain,0.09276251494884491,-0.06932806223630905,0.09830352663993835,-0.7937275171279907
5869,cs,0,plain,0.5014057978987694,-0.24439314007759094,0.9247129905270413,-0.8357692155987024
5983,cs,0,plain,-0.3787958025932312,-0.11177699861582369,-0.06791852973401546,0.03208357095718384
6059,cs,0,plain,0.43672488257288933,-0.6908235251903534,0.010733258677646518,-0.1484919711947441
6112,cs,1,bracket,0.29211845993995667,-0.10985946469008923,-0.5362998601049185,-0.7527541071176529
6208,cs,0,plain,0.18422136455774307,0.8193716923706234,0.022275835275650024,0.9180390443652868
6414,cs,0,plain,0.2666833312250674,0.9062638190225698,0.02331343272817321,0.020626097917556763
6449,cs,0,plain,0.265839084982872,0.6624206863343716,0.0373224001377821,0.10769902169704437
7248,cs,0,plain,-0.06571487337350845,-0.005439326167106628,0.08196061430498958,-0.16020861268043518
7328,cs,0,plain,0.036665722727775574,0.006580173605470918,-0.22904100269079208,-0.9969262655067723
7425,cs,0,plain,-0.029611535370349884,-9.111850522458553e-05,-0.0004745979676954448,-0.359193691983819
7533,cs,0,plain,-0.02536186669021845,0.10828114673495293,0.04649419686757028,-0.6465836139395833
7766,cs,0,plain,-0.3944040909409523,0.0114503288641572,-0.0038362015038728714,0.2566826641559601
8050,cs,0,plain,0.2575820982456207,0.023102126666344702,-0.023726335261017084,-0.521970858797431
8251,cs,0,plain,0.024067209102213383,-0.21867568232119083,0.07196545414626598,0.19831380248069763
8262,cs,0,plain,0.11147875152528286,-0.05186186730861664,0.1135680410079658,-0.7480662316083908
8374,cs,0,plain,0.372812784393318,0.1149647980928421,0.002374365445575677,0.4331882745027542
8462,cs,1,bracket,0.35097361728549004,0.9274592260480858,0.5695376407820731,0.7269847942516208
8527,cs,0,plain,0.12357762921601534,-0.0014458823716267943,0.0002524348674342036,0.5042584016919136
8543,cs,0,plain,0.9155766749754548,0.9775736761803273,0.9891881180810742,0.9557819982292131
8735,cs,0,plain,0.9874069720390253,-0.06643929332494736,0.0016541405057068914,-0.06471491791307926
8858,cs,0,plain,0.16584217047784477,0.909299710765481,0.003373062572791241,-0.00020218268036842346
8878,cs,0,plain,0.06656906008720398,0.2921615899540484,-0.6875592581927776,0.06542934151366353
8952,cs,0,plain,0.4759089923463762,0.7201239606365561,0.005778230231953785,-0.5242530256509781
9374,cs,0,plain,-0.056214191019535065,-0.2976665198802948,-0.2927362322807312,-0.8283522725105286
9802,cs,0,plain,-0.4379280209541321,-0.05081750359386206,-0.9293913698929828,-0.9739514995017089
9927,cs,0,plain,0.4482482150197029,0.05972774390829727,0.007761339191347361,0.153641976416111
9979,cs,0,plain,-0.8617621553130448,-0.09440472815185785,-0.45769244036637247,-0.9143917812034488
10213,cs,0,plain,-0.04748709499835968,-0.1917593302205205,0.464680538570974,0.005576256546191871
10329,cs,0,plain,-0.02698572096414864,0.2729833445046097,0.0017799320630729198,0.30389724019914865
10489,cs,0,plain,-0.13894805312156677,-0.18400675058364868,-0.5815221183001995,0.6223242171108723
10547,cs,0,plain,0.41371531784534454,-0.10478441417217255,0.018812870606780052,0.04928106255829334
10601,cs,0,plain,0.8656542771495879,0.037049923092126846,0.12780190038029104,-0.00406061764806509
10786,cs,0,plain,-0.005551820853725076,0.0008941581472754478,-0.2194710047915578,-0.10022611357271671
11254,cs,0,plain,0.03229601588100195,0.9947100564604625,0.6849840730428696,0.9782044589519501
11334,cs,0,plain,0.39473903086036444,0.9724571377737448,0.9542085448629223,0.9726798694755416
11402,cs,0,plain,0.45247300574555993,0.9936699985992163,0.008204735655453987,0.01209491622284986
11411,cs,0,plain,-0.17700421810150146,-0.0205728467553854,-0.05094590783119202,0.013802955858409405
11554,cs,0,plain,-0.000314515084028244,-0.012399319559335709,0.03308467450551689,0.07426801323890686
11883,cs,0,plain,0.7665858217515051,-0.040643887128680944,0.03583150275517255,0.10338700003921986
11990,cs,0,plain,0.011675459332764149,-0.5367657858878374,0.9854339981684461,0.7897388525307178
12026,cs,0,plain,0.5088223400525749,-0.41825952380895615,-0.567049385048449,-0.3426426462829113
12307,cs,0,plain,-0.03795498609542847,-0.8636596407741308,-0.04864586144685745,0.061471886932849884
12597,cs,0,plain,0.6455459631979465,-0.00019941851496696472,-0.6062749829143286,-0.26779430359601974
12622,cs,1,bracket,0.3116869108052924,-0.1354106366634369,0.0013501141220331192,0.4835951756685972
12708,cs,0,plain,0.4152476340532303,0.001845234539359808,0.009736986306961626,0.14065687451511621
12749,cs,0,plain,0.7070647375658154,0.040248364210128784,0.0644301837310195,0.9302736483514309
13043,cs,0,plain,0.26202157512307167,-0.24841883312910795,-0.004990485729649663,-0.500556543469429
13397,cs,0,plain,-0.001759752631187439,-0.002171165309846401,0.23482144810259342,0.3477180674672127
13649,cs,0,plain,0.17381545528769493,0.3343827724456787,0.36696843383833766,0.4109559878706932
13757,cs,0,plain,0.22932817786931992,-0.09309680387377739,0.003824559971690178,-0.11793264746665955
13783,cs,0,plain,0.22753233090043068,-0.9491131147369742,-0.0003487197682261467,0.009963978314772248
14096,cs,0,plain,-0.7962105050683022,0.0476917615160346,0.10078943992266431,0.023408147040754557
14447,cs,0,plain,0.04667998291552067,-0.01351635716855526,-0.030055196024477482,0.7270191516727209
14540,cs,0,plain,0.033830635249614716,-0.6929733175784349,-0.43182457238435745,-0.7838374897837639
15062,cs,0,plain,0.33832572400569916,0.20818118751049042,0.24887505429796875,0.32188596948981285
15344,cs,1,hotfix,0.01169190276414156,-0.0012872641673311591,-0.0019617683719843626,-0.8789231330156326
15362,cs,0,plain,0.900497070979327,0.06714729219675064,0.0541785282548517,0.030499986372888088
15711,cs,0,plain,-0.2284957766532898,-0.1388445645570755,-0.059291772078722715,-0.9221253357827663
16048,cs,0,plain,0.5113776670768857,0.012316585751250386,0.0026468431460671127,-0.03442702442407608
16117,cs,0,plain,-0.006614914163947105,0.04395413585007191,0.06279904395341873,0.37194027937948704
16341,cs,0,plain,0.15091335773468018,-0.9394627059809864,-0.5420476272702217,-0.9787850191351026
16366,cs,0,plain,0.2122036557411775,0.9650236607994884,0.03349454025737941,0.9362761527299881
16542,cs,0,plain,0.33168964460492134,0.6037540000979789,0.022815645672380924,0.07865096628665924
16961,cs,0,plain,-0.9781079953536391,-0.9767018268175889,-0.9147303311037831,0.241097554564476
17126,cs,0,plain,0.4759330376982689,-0.26909445971250534,0.021928243339061737,-0.2214653640985489
17161,cs,1,revert,-0.004963947460055351,-0.8489501597359776,-0.8748792826663703,-0.9586649667471647
17339,cs,0,plain,-0.154716357588768,-0.4709205459803343,-0.2821847856976092,0.002846529707312584
17340,cs,1,revert,-0.09672284685075283,-0.2873967532068491,-0.00046588946133852005,-0.9549370389431715
17461,cs,0,plain,0.4279329404234886,0.035723202396184206,0.8269021644955501,0.9853334319777787
18093,cs,0,plain,0.6871093418449163,0.9759926715632901,0.7718156296759844,0.8075730632990599
18370,cs,0,plain,0.9292238798807375,0.06347221694886684,0.0024867867468856275,0.3966168388724327
18378,cs,0,plain,0.2247346865478903,0.0016262765420833603,0.0462134791596327,0.16695424169301987
18514,cs,0,plain,0.8407833504024893,-0.33128149900585413,-0.10524000599980354,0.34298326075077057
18609,cs,0,plain,-0.10523515939712524,-0.11236665025353432,-0.1454560230486095,-0.6985636260360479
19067,cs,0,plain,0.2276918888092041,-0.08703909069299698,-0.6000135838985443,-0.5752253383398056
19102,cs,0,plain,-0.9254583856090903,0.06544247269630432,0.9744635686802212,0.11056986264884472
19369,cs,0,plain,0.03339913208037615,-0.04610999673604965,0.0009933606488630176,0.005332693457603455
19565,cs,0,plain,0.05566262640058994,-0.3575685750693083,0.10370695008896291,-0.15941548347473145
19833,cs,0,plain,-0.012077098712325096,-0.010801992379128933,-0.1665553580969572,-0.9798224708065391
20217,cs,0,plain,-0.4293169528245926,-0.6553971823304892,0.14616213738918304,0.11494119465351105
20707,cs,0,plain,-0.5887074880301952,-0.9671173715032637,-0.08835117146372795,-0.13932611420750618
20882,cs,0,plain,0.13617664948105812,0.005526368389837444,0.003261699341237545,-0.07776794023811817
21208,cs,0,plain,-0.10463783890008926,0.11538899689912796,0.008222422795370221,0.04631983861327171
21342,cs,0,plain,0.04069680208340287,-0.2894061300903559,0.0009213810044457205,-0.3401537276804447
21655,cs,0,plain,0.17715021967887878,-0.8488250952214003,-0.014767524786293507,-0.05296704825013876
21874,cs,0,plain,-0.025096492609009147,0.5574727598577738,-0.05659829080104828,0.15487731667235494
21981,cs,0,plain,0.09547147154808044,-0.2959257438778877,-0.0024282094091176987,0.005129377648700029
22167,cs,0,plain,0.9789823327446356,0.07767162844538689,-0.0018728942377492785,-0.5908594205975533
22312,cs,0,plain,0.7076205309713259,0.034168976242654026,0.008062065709964372,0.005409140605479479
22667,cs,0,plain,0.6004819460213184,-0.722987113520503,-0.819895789027214,-0.24156472086906433
23109,cs,0,plain,0.10505751008167863,0.06484831124544144,0.4507993422448635,0.23581408965401351
23216,cs,0,plain,0.20709414035081863,0.0003673308601719327,0.6009003076469526,0.20101448893547058
23362,cs,0,plain,0.45844198018312454,-0.0007486059330403805,0.0009087686776183546,-0.6525829937309027
23371,cs,0,plain,-0.937114030122757,-0.024161629378795624,-0.1970723569393158,0.13133881986141205
23725,cs,0,plain,0.5046484868507832,0.06539705756586045,0.821999641135335,0.00035763406776823103
23974,cs,0,plain,0.044447843451052904,0.9711725050583482,0.0023628592025488615,-0.7559514306485653
24253,cs,0,plain,0.07881945744156837,-0.011470566038042307,-0.0010988661088049412,-0.17427340894937515
24347,cs,0,plain,0.005850741872563958,-0.16518299281597137,0.013718404341489077,0.017378663644194603
24356,cs,0,plain,4.798173904418945e-06,0.00036645110230892897,0.0006035343976691365,0.00014356288011185825
24390,cs,0,plain,0.15773001313209534,-0.001375618390738964,0.12023127637803555,-0.835997112095356
24750,cs,0,plain,-0.09677501767873764,-0.005601288750767708,-0.6445033140480518,-0.0025161653757095337
24834,cs,0,plain,-0.0032090507447719574,-0.0010006617230828851,0.001615669869352132,0.03175949980504811
25096,cs,0,plain,0.652301846537739,0.0006975900614634156,0.001330297440290451,-0.0029648554045706987
25140,cs,0,plain,0.5301390085369349,0.18385982513427734,0.025448428321396932,0.0986102819442749
25376,cs,0,plain,-0.6072443574666977,-0.02374681830406189,-0.10458797309547663,-0.9648896944709122
25609,cs,0,plain,0.1900874860584736,0.05061834666412324,0.23150755325332284,0.9338630368001759
25682,cs,0,plain,0.06979453563690186,-0.2591795325279236,0.014232421992346644,0.31343040231149644
25979,cs,0,plain,0.5472658704966307,-0.020856516435742378,0.0016378029249608517,0.015315558528527617
25992,cs,0,plain,0.17058143019676208,0.006471510976552963,-0.004106812528334558,-0.950357012450695
26021,cs,0,plain,-0.8661563601344824,-0.03567421995103359,0.0028839262813562527,-0.880091093480587
26269,cs,0,plain,0.36155835539102554,0.0008583664894104004,-0.016351603728253394,-0.9722576169297099
26329,cs,0,plain,0.6399943763390183,-0.9821671517565846,-0.34849147126078606,0.12013161182403564
26473,cs,0,plain,0.4402806041762233,0.0321234967559576,0.020270108245313168,-0.7559551149606705
26624,cs,1,bracket,-0.14321039617061615,-0.00466502271592617,-0.00933437142521143,-0.5354986414313316
26656,cs,0,plain,-0.38230812549591064,-0.0006910739466547966,0.07545321760699153,-0.8400430679321289
26739,cs,0,plain,0.9581193197518587,0.6040124595165253,0.04124953881910187,0.6040124595165253
26768,cs,0,plain,-0.8678169809281826,-0.2090686783194542,0.0031807280611246824,-0.7941938191652298
26790,cs,0,plain,0.2599046230316162,-0.0675503306556493,-0.2922603450715542,-0.9261317495256662
26882,cs,0,plain,0.35370215587317944,0.0005228479858487844,0.1585000609047711,-0.440494567155838
27077,cs,0,plain,0.054792456328868866,0.00256284857459832,0.003938443507649936,0.02892395982053131
27101,cs,0,plain,0.08975869230926037,0.002744747791439295,0.8031116493511945,0.5261392816901207
27246,cs,0,plain,0.012540549039840698,0.01675456392695196,0.2762381136417389,-0.6647054553031921
27284,cs,0,plain,-0.7720843590795994,0.048173209419474006,-0.04260382801294327,-0.8972726999782026
27306,cs,0,plain,0.8658573531429283,-0.45977939385920763,0.5625403220765293,0.07204343751072884
27322,cs,0,plain,-0.11763814091682434,0.0347226697995211,0.0018628686084412038,0.05940845608711243
27469,cs,0,plain,0.2509367801249027,0.08931367355398834,0.00045502721332013607,0.984675545245409
27481,cs,0,plain,0.05328589677810669,0.0008128598565235734,0.00047278462443500757,-0.0004831780679523945
27649,cs,0,plain,0.6453960554208606,-0.1800226867198944,-0.9346163989976048,0.0407533198595047
27652,cs,0,plain,-0.9979705712030409,-0.7615318465977907,-0.015994508401490748,-0.8339611068367958
27670,cs,0,plain,0.04956820607185364,0.00043630332220345736,-0.0001301474403589964,-0.01871843868866563
27673,cs,0,plain,-0.015763327479362488,-0.5109694842249155,0.2119598537683487,0.3381779193878174
27709,cs,0,plain,-0.35549861565232277,0.2151376809924841,-0.8319174195639789,-0.3114265277981758
27877,cs,0,plain,0.22340053133666515,-0.34722985327243805,0.006739608012139797,0.17224146611988544
27882,cs,0,plain,-0.8467594906687737,0.0431138570420444,0.05841963551938534,0.004824589937925339
27893,cs,0,plain,-0.021308930590748787,-0.05944787338376045,-0.0009574907599017024,-0.1228533461689949
27924,cs,0,plain,-0.6098581552505493,-0.36725009232759476,-0.7740490632131696,0.001988417934626341
27998,cs,0,plain,-0.010019563138484955,-0.8735732305794954,-0.8215674040839076,0.7529949322342873
28141,cs,1,bracket,-0.12326414883136749,-0.015360778197646141,-0.22060274798423052,-0.09691137401387095
28458,cs,0,plain,0.9098740108311176,0.24679236090742052,0.0002437876828480512,0.2562207654118538
28473,cs,0,plain,0.3629179149866104,-0.15844550402835011,-0.029769262298941612,-0.991770880878903
28505,cs,0,plain,0.08509078808128834,-0.010804590885527432,0.003553024143911898,-0.02402864396572113
28513,cs,0,plain,0.8032120503485203,-0.05305179953575134,0.00048164580948650837,0.020545996725559235
28520,cs,0,plain,-0.9260313254781067,-0.6377244740724564,-0.08904501609504223,-0.9544525136006996
28544,cs,0,plain,0.8908416964113712,0.012252296088263392,0.844328822568059,-0.9838695912621915
28552,cs,0,plain,0.0734957754611969,-0.32327227108180523,-0.26615046826191247,-0.9660890339873731
28601,cs,0,plain,0.8772364943288267,0.3856349065899849,-0.028681252151727676,0.16631317732390016
28738,cs,0,plain,-0.019872993230819702,0.0378508185967803,0.08487154543399811,-0.0849955677986145
28797,cs,0,plain,0.5315624829381704,0.002459503710269928,-0.0035538990050554276,0.013679340481758118
28817,cs,0,plain,0.8527944348752499,0.9950684947543778,0.0024438043183181435,0.9967977718333714
28883,cs,0,plain,-0.03341885656118393,0.8769946924876422,-0.0006671819137409329,0.48584701120853424
28924,cs,0,plain,-0.2987986924126744,-0.002502728719264269,-0.24738672003149986,-0.4747721925377846
29189,cs,1,revert,-0.7822828041389585,-0.7992232209071517,-0.8328649731120095,-0.942400005820673
29236,cs,0,plain,-0.07512026280164719,-0.14777201134711504,-0.0004658465040847659,-0.28606495447456837
29537,cs,0,plain,0.20692196302115917,-0.002024207089561969,0.001951043726876378,-0.856194656342268
29730,cs,1,bracket,0.5647157430648804,-0.40857359766960144,0.05594502901658416,0.05982872034655884
29756,cs,0,plain,0.007748797535896301,-0.3459155447781086,-0.006256550550460815,-0.0557596068829298
29766,cs,0,plain,0.06238264963030815,0.028418531641364098,-0.18635765835642815,0.6239028861746192
29890,cs,0,plain,-0.9298730287700891,0.8834038292989135,0.17174726352095604,0.28953214175999165
29951,cs,0,plain,0.9888311499089468,0.9045589491724968,0.7352216029539704,0.2578843981027603
30017,cs,0,plain,0.015892475843429565,0.001204423955641687,0.10620943270623684,0.0975763350725174
30271,cs,0,plain,-0.5851887911558151,-0.4250028682872653,-0.00024104173644445837,0.00931676966138184
30275,cs,0,plain,0.40059205889701843,-0.8566106259822845,0.25666363909840584,-0.20375918224453926
30289,cs,0,plain,0.017826718278229237,-0.5855431454256177,0.007280021032784134,-0.7087758218403906
30471,cs,0,plain,-0.4996194764971733,-0.14423361979424953,0.08886645454913378,0.11514880787581205
31190,cs,0,plain,0.30552059412002563,0.12933585792779922,0.058567843050695956,0.040460855700075626
7,go,0,plain,0.40305121429264545,-0.2907042959704995,-0.05412858026102185,0.029251303058117628
10,go,0,plain,-0.19231069087982178,0.015425321413204074,0.01928561320528388,-0.008184850215911865
65,go,0,plain,0.5016799038276076,-3.818678669631481e-05,0.2660888643004,-0.0010419520549476147
112,go,0,plain,0.03204978909343481,0.0038647186011075974,0.09782776981592178,0.43503427505493164
115,go,0,plain,-0.01166458334773779,0.0052328407764434814,0.045092678628861904,0.751492696814239
131,go,0,plain,-0.07921336591243744,-0.17172118462622166,-0.03784157708287239,-0.959967874456197
151,go,0,plain,0.45713681541383266,-0.03254120657220483,0.020754322409629822,0.053559042513370514
170,go,0,plain,-0.051736027002334595,-0.13020680751651525,-0.09800896421074867,-0.3942618574947119
221,go,0,plain,-0.01964762806892395,-0.8321691630408168,0.11675881873816252,-0.9567370503209531
234,go,0,plain,-0.003311639651656151,-0.01090967282652855,0.002453343942761421,0.2163262777030468
276,go,0,plain,0.7883981429040432,0.44745630538091063,0.06438041524961591,0.09881649166345596
296,go,0,plain,0.0032493171747773886,0.014949958422221243,0.00648410792928189,0.012689203256741166
316,go,0,plain,0.0857374151237309,0.7106947882566601,0.28852632036432624,-0.07575888931751251
338,go,0,plain,0.4404289275407791,0.024826280772686005,0.003292551846243441,0.08814144309144467
342,go,0,plain,0.17685831524431705,0.051556868478655815,0.025367531925439835,-0.16405661404132843
398,go,0,plain,-0.9525851234793663,0.7566932598128915,0.0017534119833726436,-0.3567444086074829
401,go,0,plain,-0.07378413528203964,0.05468609929084778,-0.06309088412672281,0.11266753263771534
434,go,0,plain,-0.012782318517565727,0.8777377924416214,-0.04342501610517502,-0.9621935463510454
437,go,0,plain,-0.22768068313598633,-0.01273193210363388,-0.0010118456557393074,-0.1888202503323555
470,go,0,plain,0.7628321871161461,0.921953845769167,0.005462856497615576,0.05623256228864193
482,go,0,plain,0.8028063625097275,0.0019001716282218695,-0.8965618282090873,-0.9623026289045811
502,go,0,plain,0.5832599075511098,0.9324178893584758,0.7836033524945378,0.7822189470753074
503,go,0,plain,-0.5174729526042938,0.002252376638352871,0.29136816784739494,0.26365369744598866
513,go,0,plain,0.005902092903852463,-0.597181174904108,0.0698191118426621,-0.6548409983515739
515,go,0,plain,0.060271927854046226,0.001993161073187366,-0.025208771228790283,0.0092351536732167
518,go,0,plain,-0.2427334189414978,-0.3562794364988804,-0.026748623698949814,0.1289692372083664
524,go,0,plain,0.9882441710797139,0.9734941623173654,0.18300358613487333,0.013247116468846798
538,go,0,plain,0.012949841562658548,0.02061996143311262,-0.4900212250649929,-0.6112116910517216
571,go,0,plain,0.07666591554880142,-0.005688764154911041,0.013292811810970306,0.015270705334842205
605,go,1,bracket,0.1835574209690094,-0.3451012372970581,0.9788964071194641,0.012011077255010605
727,go,0,plain,0.044075943529605865,-0.057058004662394524,-0.01761027122847736,-0.15187519788742065
729,go,0,plain,0.16391820483841002,0.002464302640873939,0.46268724650144577,0.04971754364669323
746,go,0,plain,-0.15839599072933197,-0.07719831168651581,0.04070547968149185,-0.503258116543293
748,go,0,plain,0.0224924236536026,-0.02885625115595758,-0.03102235635742545,-0.6553985946811736
749,go,0,plain,0.40490099787712097,0.6781837288290262,0.003966465097619221,0.45954292453825474
756,go,0,plain,0.21572773158550262,-0.049941420555114746,0.022877481998875737,0.002235099673271179
774,go,0,plain,0.4018280506134033,0.6633641687221825,-0.27217964455485344,0.038790225982666016
819,go,0,plain,-0.2802537311799824,-0.0028452975675463676,0.3764895983040333,-0.33562156558036804
854,go,0,plain,0.33526715263724327,0.0044371597468853,-0.02225605584681034,-0.2801195867359638
857,go,0,plain,0.7705985974753276,0.2995063471607864,0.398248846642673,-0.9564428422600031
863,go,0,plain,0.014303809031844139,-0.09709825552999973,-0.22167252004146576,-0.0077391117811203
871,go,0,plain,-0.06594699993729591,-0.16171527933329344,-0.8285774569958448,-0.1792315449565649
874,go,0,plain,0.8463451508432627,0.02213594038039446,0.007504474371671677,0.06977317482233047
906,go,0,plain,0.5698465465102345,0.9771447796374559,0.00027292997401673347,0.31204476743005216
913,go,0,plain,0.08457685261964798,0.005406179465353489,-0.48639157973229885,-0.20764032192528248
975,go,0,plain,0.04691208899021149,0.00587325356900692,0.009023637510836124,-0.3220794256776571
995,go,0,plain,0.7390789017081261,0.058218514546751976,0.016957197047304362,0.0674032986862585
1027,go,0,plain,0.3465849757194519,-0.542479494586587,-0.28896084800362587,-0.6834184862673283
1032,go,0,plain,-0.7542234106222168,0.7985911226132885,0.0005482897395268083,-0.16281557828187943
1046,go,0,plain,0.038532648235559464,-0.215401329100132,-0.15846306830644608,-0.0019349977374076843
1094,go,0,plain,-0.26767710968852043,-0.8638813458383083,0.013349052518606186,-0.48670995235443115
1120,go,0,plain,0.07005897723138332,0.011056536808609962,0.12537492625415325,0.5765857649967074
1157,go,0,plain,0.060184942558407784,-0.0007670742634218186,-0.0006366476882249117,-0.14097735658288002
1163,go,0,plain,0.4292848464101553,0.9770497189601883,0.026468536001630127,0.9874688817653805
1166,go,0,plain,0.049736664397642016,0.7576575969578698,0.01962871220894158,0.002690425608307123
1173,go,0,plain,0.039847954642027617,-0.3354904353618622,0.20983222220093012,-0.0039756023325026035
1174,go,0,plain,0.013109080493450165,-0.5524975815787911,-0.165394124109298,-0.9177416772581637
1177,go,0,plain,0.05027148313820362,-0.804880638141185,-0.33384649083018303,0.1069902959279716
1179,go,0,plain,0.00836530514061451,0.0022939061746001244,-0.032234713435173035,0.024019651114940643
1188,go,0,plain,-0.7777989329770207,0.9373259078711271,0.025050254072993994,-0.00033018901012837887
1200,go,0,plain,0.33016560040414333,-0.004864934599027038,0.001121675013564527,0.5829358547925949
1207,go,0,plain,0.026809774339199066,0.07301962375640869,0.018716510385274887,0.27403630036860704
1210,go,0,plain,-0.0005565903120441362,-0.026690300554037094,0.00821508839726448,-0.8364507621154189
1225,go,0,plain,0.861723541165702,0.02095111325616017,0.0064530050149187446,0.19443434616550803
1227,go,0,plain,-0.08478986099362373,-0.0008796253241598606,0.005686059594154358,-0.005210891366004944
1228,go,0,plain,0.2277403026819229,-0.02188299037516117,-0.10649730917066336,0.09086564928293228
1237,go,0,plain,-0.6514279954135418,0.0006771421758458018,-0.00773973623290658,0.0010852740379050374
1254,go,0,plain,0.9711246727965772,0.9724145531654358,0.00012922259338665754,0.9916976407403126
1258,go,0,plain,-0.9392850520089269,-0.14096238277852535,0.005206719506531954,-0.9919990324851824
1268,go,0,plain,-0.015105210244655609,0.41910911560989916,0.7481431493069977,0.08666538819670677
1274,go,0,plain,-0.006806967779994011,0.9825460617721546,0.4628619719296694,0.21227753907442093
1275,go,0,plain,-0.47202250361442566,0.5794172510504723,0.15564039256423712,0.2323741354048252
1280,go,0,plain,-0.12744715809822083,-0.9322754085296765,-0.9834501785226166,-0.9629232611623593
1287,go,0,plain,-0.09159219218418002,-0.6193769574165344,-0.31170906871557236,-0.6340228989720345
1288,go,0,plain,0.7138158045709133,-0.9634647658094764,0.19675498455762863,-0.21318362653255463
1294,go,0,plain,-0.8576263170689344,0.23693582136183977,0.975960026087705,0.07243524491786957
1297,go,0,plain,-0.11369505524635315,-0.005502012558281422,0.0020106162410229445,-0.6527628228068352
1423,go,0,plain,0.6725282630650327,-0.5231254622340202,-0.8560583055950701,0.057045091642066836
1434,go,0,plain,0.1258412515744567,0.00031770241912454367,0.0007607808511238545,-0.29055826365947723
1485,go,0,plain,-0.07580849528312683,0.02448021713644266,-0.8323288448154926,-0.009281757054850459
1492,go,0,plain,0.2500472217798233,0.0034337827237322927,-0.00031581392977386713,0.004648377682315186
1515,go,0,plain,-0.9833180536516011,-0.7889655716717243,0.03476127702742815,-0.5160301327705383
1524,go,0,plain,0.07968567498028278,0.0008254563435912132,-0.0009863705490715802,-0.03435701131820679
1546,go,0,plain,0.30659015849232674,-0.9840370864840224,-0.8291945476084948,-0.9231712743639946
1565,go,0,plain,0.03452577814459801,0.0015510853845626116,0.15726655069738626,0.700208293274045
1620,go,0,plain,0.0004624375142157078,0.01364983944222331,0.29944163432810456,0.7126484208274633
1630,go,0,plain,0.9213532689027488,0.3238295577466488,0.04028840735554695,0.5326839834451675
1704,go,0,plain,0.7476489208638668,0.9938198196468875,0.9946531078312546,0.6116757541894913
1800,go,0,plain,0.012370596639811993,-0.13241524994373322,-0.0006628797855228186,0.4295010454952717
1810,go,0,plain,-0.5714772306382656,-0.579402300529182,-0.7171326391398907,-0.15954753756523132
1815,go,0,plain,0.43580367090180516,0.00642920023528859,-0.0686790868639946,0.0445260782726109
1822,go,0,plain,0.0743456706404686,-0.16531073115766048,0.0005340402713045478,0.00461022590752691
1842,go,1,revert,-0.6995564922690392,0.027246760204434395,-0.9107597442343831,-0.47061289846897125
1865,go,0,plain,0.9801786076859571,0.03726972482400015,0.8947632544732187,0.88720896653831
1874,go,0,plain,-0.6283816443756223,0.015314199961721897,0.033335179556161165,-0.9505338363815099
1882,go,0,plain,0.29266756074503064,0.030187277123332024,-0.04165435256436467,0.597087636590004
1883,go,0,plain,-0.44614575803279877,0.3401364845922217,0.0855873990803957,-0.06075163185596466
1890,go,0,plain,0.6761111207306385,-0.02902490273118019,-0.016957326792180538,0.07597982510924339
1910,go,0,plain,-0.21403225464746356,-0.04937037592753768,0.7283311290666461,0.548559807240963
1911,go,0,plain,0.06060945987701416,0.13029952347278595,-0.9846880179829895,0.010375246871262789
1922,go,0,plain,0.8338844417594373,0.9918953665182926,0.9767990559339523,0.2788148056715727
1931,go,0,plain,0.006611015647649765,0.6745618581771851,0.0005350911233108491,0.6406892989762127
1938,go,0,plain,-0.20382576063275337,0.001983447727980092,0.010231186635792255,0.011735744774341583
1954,go,0,plain,-0.5467221289873123,0.48358748853206635,-0.9301641788333654,-0.004396386444568634
1971,go,0,plain,-0.00018552702385932207,0.06699524889700115,0.05294612958095968,-0.002731733024120331
1987,go,0,plain,0.015614439733326435,0.9463523142039776,0.020293474197387695,0.9764335621148348
1991,go,0,plain,0.1518384530209005,0.032021731371060014,0.04084307048469782,0.0197097547352314
1995,go,0,plain,-0.052134107798337936,0.0036671962589025497,0.09070196561515331,0.026662732008844614
2006,go,0,plain,0.1569567769765854,-0.054482415318489075,0.004926944151520729,-0.6480822190642357
2013,go,0,plain,0.9901027523446828,0.9619033513590693,0.5184611973818392,0.916862778365612
2020,go,0,plain,-0.028524227440357208,0.9278267584741116,0.01034553349018097,-0.1705121323466301
2022,go,0,plain,-0.011911481618881226,-0.06775751290842891,-8.551945211365819e-05,0.0569365406408906
2027,go,0,plain,0.01636719098314643,0.08160828799009323,0.0007533094321843237,-0.5400087758898735
2044,go,0,plain,0.8922520335763693,0.0004606656439136714,0.0010593843908281997,0.0013299252022989094
2047,go,0,plain,0.005113339284434915,-0.2319527044892311,-0.008908688090741634,-0.15926770865917206
2048,go,0,plain,0.0008757887408137321,0.13534363126382232,0.09593966553802602,0.012791325338184834
2051,go,0,plain,0.0027331262826919556,-0.17266127467155457,0.008001021982636303,-0.8592712301760912
2058,go,0,plain,-0.1792934611439705,0.07858892437070608,0.01442835375200957,-0.08412531204521656
2063,go,0,plain,0.0005908329039812088,-0.5911295749247074,-0.610947476234287,-0.9306025663390756
2095,go,0,plain,0.00125221858615987,-0.22593052685260773,-0.018230414018034935,0.01945475861430168
2129,go,0,plain,0.8490732577629387,0.8504515243694186,0.2839660787722096,0.6555451955646276
2134,go,0,plain,0.05047956109046936,0.5520906439051032,-0.15507980808615685,0.6009477102197707
2144,go,0,plain,-0.8576076524332166,-0.02024523913860321,0.01941426284611225,-0.02866780012845993
2148,go,0,plain,0.016028992831707,-0.0006950539536774158,-0.030680397292599082,-0.008467485196888447
2174,go,0,plain,0.6306122317910194,0.16284501180052757,-0.08720620721578598,-0.14109903573989868
2179,go,0,plain,0.5744520798325539,0.0394366099499166,-0.06342613697052002,0.7055339403450489
2205,go,0,plain,0.008166206069290638,0.07999236625619233,-0.07282045111060143,-0.7451012600213289
2229,go,0,plain,-0.27339114993810654,0.042654334276448935,0.005777427111752331,0.5610882230103016
2254,go,0,plain,-0.012603359762579203,0.0003272271133027971,0.0008657476864755154,-9.077461436390877e-05
2259,go,0,plain,0.9541223394917324,0.9925541847478598,0.002769599530438427,0.9901232192059979
2265,go,0,plain,0.08058391511440277,-0.15202273428440094,0.007400003727525473,0.07588133215904236
2273,go,0,plain,-0.12901566922664642,0.005393758416175842,0.07686139270663261,-0.221023166552186
2277,go,0,plain,0.3632160257548094,0.6285376325249672,-0.004801165428943932,-0.9756768951192498
2279,go,0,plain,0.9051770207006484,0.9848466036783066,0.3260644846595824,0.0867289041634649
2286,go,0,plain,-0.19362757354974747,0.2223527766764164,0.3666633607354015,-0.4808274358510971
2300,go,0,plain,0.02985089598223567,-0.18776991590857506,-0.3539642319083214,-0.6398012309800833
2304,go,0,plain,0.07866248488426208,-0.004722571233287454,-0.004204317927360535,-0.0550142852589488
2311,go,0,plain,0.4433099627494812,0.02054856182076037,0.004759293617098592,0.010011150618083775
2318,go,0,plain,0.9459877735935152,0.3363660331815481,0.011739501263946295,-0.046289898455142975
2320,go,0,plain,0.04230241966433823,0.9036620502592996,0.1594071239233017,0.3381962056737393
2327,go,0,plain,-0.013126164674758911,-0.01491452008485794,0.979405306832632,-0.37937241047620773
2331,go,0,plain,0.15120284678414464,0.0008497809176333249,0.0005141916917636991,-0.01923917792737484
2342,go,0,plain,0.47991296648979187,-0.8553894851356745,0.7184557542204857,-0.9879187312908471
2343,go,0,plain,0.4400564730167389,0.03196812351234257,0.002366555854678154,0.005368141457438469
2355,go,0,plain,0.07736585102975368,0.7571381744928658,0.7127189133316278,0.1373717188835144
2362,go,0,plain,0.011885389918461442,-0.6768122991197743,-0.9782544721383601,-0.9960867207264528
2363,go,0,plain,0.008493684232234955,-0.19620843790471554,-0.0707229133695364,-0.7662534844130278
2372,go,0,plain,0.9704768989176955,-0.05281146243214607,0.06156705319881439,-0.22662748396396637
2378,go,0,plain,0.004353585769422352,0.12029915861785412,0.0031651802273700014,0.2535511441528797
2379,go,0,plain,0.037520506884902716,-0.0006656111218035221,-0.003721555694937706,-0.11926376493647695
2380,go,0,plain,0.17173397541046143,0.1973133790306747,0.2316544323693961,0.0030597783625125885
2382,go,0,plain,0.1078013926744461,-0.7211320828646421,0.9070878280326724,-0.07136628776788712
2384,go,0,plain,0.004172130953520536,0.9917430775021785,0.8953403856721707,-0.464316725730896
2386,go,0,plain,0.3591391872614622,0.03246334195137024,-0.44862521439790726,-0.48666662350296974
2387,go,0,plain,0.06719324382720515,-0.0030075274407863617,-2.2114836610853672e-05,-0.0008987773908302188
2397,go,0,plain,0.21530626714229584,0.8971868427470326,0.3715984574519098,0.9423313150182366
2399,go,0,plain,0.24439628887921572,-0.07619413360953331,-0.00046545625082217157,0.027020192588679492
2403,go,0,plain,-0.08463874459266663,-0.006162800476886332,-0.12557096779346466,-0.27336608339101076
2405,go,0,plain,0.7914562970399857,0.9021990783512592,0.9807507546938723,0.028020351892337203
2406,go,0,plain,0.018594807013869286,0.9473903262987733,0.15561474300920963,0.047643357422202826
2408,go,0,plain,0.07869040034711361,0.298971104901284,0.986700258566998,-0.04929458349943161
2409,go,0,plain,0.40713993832468987,0.31604925356805325,0.0008260662434622645,0.08814730867743492
2418,go,0,plain,0.03596707992255688,0.06172976829111576,0.1610306790098548,0.025926195085048676
2424,go,0,plain,0.009214707068167627,-0.006682703271508217,0.4662572634406388,-0.07812909036874771
2430,go,0,plain,-0.1567813605070114,-0.4428066536784172,0.08375007379800081,0.3040769174695015
2442,go,0,plain,0.02366711979266256,-0.8450063550844789,-0.5438322126865387,-0.9769674031995237
2444,go,0,plain,0.6964849680662155,-0.740114426240325,0.9844888519728556,0.061849044635891914
2451,go,0,plain,-0.04820616543292999,0.5708193811587989,0.001627279561944306,0.0007345132471527904
2453,go,0,plain,-0.13398253917694092,0.15873375535011292,0.4970652014017105,-0.429074689745903
2458,go,1,hotfix,0.04357802169397473,0.02233082987368107,0.04206559946760535,0.016868387581780553
2462,go,0,plain,-0.0007590260356664658,-0.0627474868670106,0.7715107072144747,-0.24820876121520996
2463,go,0,plain,0.15906664356589317,-0.7037659361958504,0.00062662034179084,0.19779603416100144
2473,go,0,plain,0.04876766540110111,0.16016732901334763,0.9591267857467756,0.00224322360008955
2492,go,0,plain,0.006536084460094571,0.7030232013203204,0.004368103574961424,0.413318395614624
2503,go,0,plain,0.07256289571523666,0.18835166422650218,0.3055116795003414,0.06970339640974998
2507,go,0,plain,-0.10154955089092255,-0.006045185029506683,0.03936874493956566,0.01001666858792305
2518,go,0,plain,-0.018598228693008423,0.34711606428027153,0.006286907941102982,0.5413092598319054
2568,go,0,plain,0.019234389066696167,0.06374270841479301,0.9718301898101345,-0.556696891784668
2572,go,0,plain,-0.09010623395442963,0.22847461700439453,-0.0021933434763923287,0.9565686471760273
2583,go,0,plain,-0.38715756172314286,-0.030890755355358124,0.11787391663528979,-0.5692192185670137
2617,go,0,plain,0.10731735359877348,0.020753145217895508,-0.23681329935789108,0.026611194014549255
2629,go,0,plain,0.30079950857907534,0.9460663143545389,0.01878778077661991,-0.011642836965620518
2655,go,0,plain,0.023803140968084335,0.005645014112815261,0.07018238957971334,-0.31049109995365143
2685,go,0,plain,0.7728301174938679,-0.25391084235161543,0.9818081685807556,-0.9296253803186119
2712,go,0,plain,0.21776144206523895,0.13780995644629002,0.39731123426463455,0.09515860304236412
2718,go,0,plain,-0.16282646358013153,-0.0005382592789828777,-0.004997562617063522,0.15180206298828125
2747,go,0,plain,0.4722094498574734,0.6045900043100119,0.010608570650219917,0.10433121398091316
2754,go,0,plain,-0.7918788120150566,-0.41276210732758045,0.01655824319459498,0.9193554210942239
2785,go,0,plain,-0.26574406772851944,-0.14569657109677792,-0.29427320696413517,-0.625455747358501
2797,go,0,plain,0.07404062151908875,0.008205452002584934,0.07990730553865433,0.0012626086827367544
2803,go,0,plain,0.01931273494847119,0.3657239843159914,0.000296399142825976,-0.0487670935690403
2804,go,0,plain,0.005196906626224518,-0.3535765167325735,0.0214104731567204,-0.9791245739907026
2808,go,0,plain,0.3728506714105606,-0.0005000261589884758,0.8719204962253571,-0.042780596762895584
2890,go,0,plain,0.6036694422364235,0.022353902459144592,-0.014791324734687805,-0.07806850969791412
2913,go,0,plain,0.010636389255523682,0.12044164165854454,0.35727871395647526,0.0007280446734512225
2963,go,0,plain,0.025713731534779072,-0.2589236441999674,-0.7413104022853076,-0.8136673718690872
2971,go,0,plain,-0.0077165113762021065,0.3441916739102453,0.5169501275522634,-0.04099692776799202
2974,go,0,plain,-0.5036575328558683,0.03643565718084574,-0.0015194397419691086,-0.00843818485736847
2993,go,0,plain,-0.027164340019226074,0.34632245264947414,0.07076499360846356,0.7356217900523916
3008,go,0,plain,0.7446893379092216,-0.33023147098720074,-0.6922117937356234,0.48376391269266605
44,java,0,plain,-0.15787458419799805,-0.4644372686743736,-0.4209554195404053,-0.9273735866881907
159,java,0,plain,0.08025692775845528,-0.06234096363186836,0.03265400696545839,0.0022012991830706596
253,java,1,"hotfix,bracket",-0.22302337735891342,-0.11634786240756512,0.0011711832958098967,-0.9409555560559966
269,java,0,plain,0.49630724638700485,-0.04456001799553633,-0.002209985628724098,-0.004903237335383892
407,java,0,plain,0.36663749953731894,-0.0725591778755188,-0.1290147453546524,-0.8713633976876736
441,java,1,"hotfix,bracket",-0.6642358936369419,-0.05268203839659691,0.12058672239072621,-0.1609904170036316
451,java,0,plain,0.3556424155831337,0.00023816648172214627,0.0022915698355063796,0.32330670300871134
492,java,0,plain,-0.9924606839194894,-0.1446440163999796,-0.0072992106433957815,-0.8816236723214388
550,java,0,plain,0.01368267834186554,-0.0003389599733054638,0.0010055862367153168,-0.0006459904834628105
731,java,0,plain,0.12748600542545319,-0.11840590019710362,-0.0001572531764395535,-0.07916461676359177
752,java,0,plain,0.002586369402706623,-0.05017949268221855,0.004494822351261973,-0.0032297837315127254
792,java,1,bracket,0.3043118380010128,0.9843424929422326,0.987373629322974,0.9466726074460894
907,java,0,plain,0.1006416566669941,-0.44546434050425887,0.013067547231912613,-0.9024189533665776
945,java,0,plain,0.9304767195135355,-0.44421306252479553,0.8526357163209468,0.3134476915001869
972,java,0,plain,-0.4992552623152733,0.016082579270005226,-0.002926846034824848,-0.8627675632014871
1059,java,1,bracket,0.020677372813224792,0.006369240349158645,-0.9568569948896766,-0.9823213862255216
1123,java,0,plain,0.21862171590328217,-0.9215606772340834,0.023204618133604527,-0.006084708496928215
1508,java,1,"hotfix,bracket",0.0612727589905262,-0.0726019274443388,0.007196834310889244,0.918463135138154
1516,java,0,plain,0.39077750593423843,0.02920238208025694,0.28145922254770994,0.05986783280968666
1571,java,0,plain,0.0014338735491037369,0.03603470220696181,0.002646670531248674,0.023866410134360194
1786,java,0,plain,0.6207364574074745,0.6606769412755966,-0.04142932407557964,-0.02319417893886566
2040,java,0,plain,0.0406210720539093,-0.0029581785202026367,0.2606507302261889,0.07595182675868273
2114,java,1,revert,-0.7598815970122814,-0.21374788507819176,-0.0022045671939849854,-0.003140935441479087
2139,java,0,plain,0.9823032868443988,0.05731341242790222,-0.16220792848616838,-0.9332085037603974
2143,java,0,plain,0.36618322134017944,0.024069279432296753,-0.3958910442888737,-0.2691485285758972
2218,java,0,plain,0.20445792563259602,0.9923523691250011,0.037995654973201454,0.9933549802517518
2256,java,0,plain,-0.060451921075582504,-0.6986444294452667,-0.02620100975036621,-0.08231708407402039
2315,java,1,"ticket,bracket",0.5817721486091614,0.42301174998283386,-0.09026432037353516,0.3876052796840668
2371,java,0,plain,0.23878690600395203,-0.001274322858080268,-0.004514935193583369,0.00021412339992821217
2404,java,0,plain,0.6123530063778162,-0.3009878396987915,0.020484091248363256,-0.8766470067203045
2535,java,0,plain,0.9716171232284978,0.23089945688843727,0.003848701951937983,0.18685045838356018
2668,java,0,plain,0.39922211691737175,-0.19785733334720135,-0.13782612839713693,0.18656158074736595
2698,java,1,"hotfix,bracket",-0.15982802212238312,-0.0018876802641898394,0.009593113718437962,-0.41082050336990505
2796,java,0,plain,0.820890364702791,0.14288933528587222,0.01672383537515998,0.011294953990727663
2801,java,0,plain,0.2479103768710047,-0.2174269249662757,0.0013190290483180434,0.10595113039016724
2803,java,0,plain,-0.007381485775113106,-0.1801593154668808,-0.2549499273300171,-0.7011123802512884
2829,java,1,ticket,0.05591721832752228,0.07428249344229698,0.014977972954511642,-0.0065333545207977295
3127,java,0,plain,-0.9917547672521323,-0.9520081498194486,-0.9416197116661351,-0.9768766222987324
3200,java,0,plain,-0.0009135602740570903,-0.002262260764837265,0.0004029644187539816,0.00031455489806830883
3248,java,0,plain,0.06854263693094254,0.017282359302043915,0.12245630152756348,0.015222108224406838
3349,java,1,bracket,-0.3070267364382744,0.04384720604866743,0.9214363740757108,0.7952564246952534
3601,java,0,plain,0.13901141472160816,0.029660962522029877,-0.5009462796151638,-0.7249704373534769
3819,java,0,plain,0.0015690055442973971,-0.010211039334535599,-0.03607484698295593,-0.9230828583240509
3866,java,1,bracket,0.7307714400812984,0.884636539965868,0.004220839124172926,0.9073066487908363
3959,java,0,plain,0.04561389237642288,-0.004127785563468933,0.0009383042925037444,0.00026731030084192753
4166,java,0,plain,-0.036865491420030594,-0.001647335710003972,0.04923474689712748,-0.32414373755455017
4229,java,1,bracket,-0.048176124691963196,-0.0018335530767217278,-0.004790769191458821,-0.008115166332572699
4431,java,0,plain,-0.9750652490183711,0.026365193538367748,0.0019191383616998792,0.01244682539254427
4471,java,0,plain,0.8953787470236421,-0.006731634959578514,0.00892530009150505,-0.02182546630501747
4630,java,0,plain,0.788427984341979,0.6973675014451146,0.010655995458364487,0.2220163643360138
4762,java,0,plain,-0.44359127432107925,0.0025568166747689247,-0.0069610802456736565,-0.8676994703710079
4790,java,0,plain,0.6979992906562984,-0.20218081027269363,0.0031848137732595205,-0.30875889025628567
4825,java,0,plain,0.05385101679712534,3.938097506761551e-05,0.00011596461990848184,0.4671353187877685
4944,java,0,plain,0.7038231501355767,-0.9534493992105126,-0.009101233212277293,-0.7621869742870331
4972,java,1,"hotfix,bracket",0.24526047706604004,-0.016709987074136734,0.009091982617974281,-0.5730759706348181
5087,java,0,plain,0.6814298555254936,-0.0590212419629097,0.013973476365208626,0.17052399879321456
5157,java,0,plain,-0.5995785295963287,0.4712738315574825,-0.6216255330946296,0.022122880443930626
5315,java,0,plain,-0.995513221641886,0.025950220762751997,-0.008898674976080656,0.02731516328640282
5346,java,0,plain,0.8751333393156528,-0.005721714347600937,-0.545379564166069,-0.8315354716032743
5591,java,0,plain,0.7961262729950249,0.04087552335113287,-0.13578203693032265,-0.8199181612581015
5883,java,1,bracket,-0.13106076419353485,-0.17766003869473934,-0.4025551425293088,-0.6908857468515635
6091,java,0,plain,0.053952962160110474,-0.8947389391250908,0.09069216391071677,0.18572993762791157
6182,java,0,plain,0.2272488996386528,-0.007734120939858258,0.0005122870061313733,-0.011027924017980695
6241,java,0,plain,0.9218887644819915,0.3248276375234127,0.03135937126353383,0.4426238127052784
6334,java,0,plain,0.0020255891140550375,-0.038295671343803406,0.04099197662435472,0.29548200964927673
6376,java,0,plain,-0.6426219269633293,-0.10378996655344963,0.003654373809695244,0.08457323722541332
6558,java,0,plain,-0.9475552542135119,-0.38525320449844,0.04426796827465296,-0.13623754680156708
6563,java,0,plain,0.036953771486878395,-0.0030097283888608217,0.0008855877094902098,0.00045512866927310824
6806,java,0,plain,0.0346815352095291,0.9283576725574676,-0.001542484387755394,0.7500217938795686
6834,java,0,plain,-0.011230441741645336,-0.16858172602951527,-0.09902026783674955,-0.33365854248404503
6916,java,0,plain,0.09513428807258606,0.9546088417991996,0.09577146370429546,0.003972965059801936
6927,java,1,bracket,0.06182163208723068,0.00031896925065666437,0.0005044563004048541,0.04071421665139496
7015,java,1,ticket,0.199593648314476,0.0653910442488268,0.10800635861232877,0.0032926520943874493
7120,java,1,bracket,-0.08771523833274841,-0.008628327399492264,0.027776850387454033,0.2279761149547994
7379,java,0,plain,0.1501518040895462,-0.3492957791313529,-0.006281997892074287,0.5602387948893011
7434,java,0,plain,0.9295402192510664,0.4170659820083529,0.7027374921017326,0.977697225229349
7460,java,0,plain,-0.016672220081090927,-0.48450027126818895,-0.8081487785093486,-0.9803584543988109
7565,java,0,plain,0.3547828048467636,-0.012020491296425462,0.007653620908968151,-0.022988944314420223
7744,java,0,plain,-0.5988717675209045,0.0001688490156084299,0.001958920584002044,0.044213369488716125
7768,java,0,plain,0.10378459515050054,0.006838592700660229,-0.9835562873631716,-0.521449526771903
7782,java,0,plain,0.6073368452489376,0.9887550739222206,0.0004969518049620092,0.0018138421437470242
7929,java,0,plain,0.958885325526353,-0.1011757105588913,0.024227822985267267,0.21838043094612658
8020,java,0,plain,0.9288909934693947,-0.019861328415572643,0.03375282883644104,0.13679558935109526
8121,java,0,plain,0.257194796577096,-0.0033692442812025547,0.3319924306124449,0.15044978260993958
8139,java,0,plain,0.000877811573445797,-0.014321568422019482,0.01872785179875791,-0.989388691203203
8180,java,1,"hotfix,bracket",-0.603842131793499,-0.09368059877306223,0.0037351384526118636,-0.9909283860615687
8221,java,0,plain,0.32723840430844575,-0.0244964137673378,-0.0018926821649074554,-0.01421519834548235
8487,java,0,plain,0.3406464606523514,0.27513405005447567,0.01386399322655052,-0.9919501822441816
8522,java,0,plain,0.5348930321633816,-0.7893078289926052,-0.8410383397713304,-0.294762987177819
8525,java,0,plain,0.40378788858652115,-0.7003685459494591,-0.12943308055400848,0.028330586617812514
8614,java,0,plain,-0.002019636332988739,0.02028276026248932,0.07441680412739515,0.30741222482174635
8686,java,0,plain,-0.05193719267845154,0.001396919135004282,0.018207104178145528,-0.16138547845184803
8755,java,0,plain,0.4709097594022751,0.001226161082740873,0.375035336590372,0.19542120397090912
8767,java,0,plain,-0.34665565751492977,-0.46610798640176654,-0.11456225719302893,-0.9662781697697937
8793,java,0,plain,-0.9702483406872489,-0.024445840623229742,0.0024356216890737414,-0.960764177609235
8796,java,0,plain,0.11675944086164236,-0.009415749460458755,0.007508009090088308,0.0017431797459721565
8833,java,0,plain,0.0035784944193437696,-0.1746540516614914,-0.00043635728070512414,-0.03835074254311621
8922,java,0,plain,0.6938246387289837,0.04566191183403134,-0.15393908508121967,-0.9854538920335472
8964,java,0,plain,-0.9081530934199691,-0.8995658908970654,-0.15175269171595573,-0.4538793247193098
8985,java,1,release,-0.0010962607339024544,0.028337440453469753,0.4497311804443598,0.1067695184610784
9194,java,0,plain,0.9079392333514988,-0.0680310926400125,0.8910779471334536,0.9887911347323097
9274,java,0,plain,-0.278627697378397,0.010934773396002129,0.005317667324561626,0.0025351829826831818
9389,java,1,"hotfix,bracket",-0.06408178806304932,-0.04834284633398056,-0.053508954122662544,-0.0771515741944313
9480,java,1,"ticket,bracket",0.43572694063186646,0.0007093169842846692,0.043088736943900585,0.011378557770512998
9513,java,0,plain,-0.575559139251709,0.0038138851523399353,-0.0002610987867228687,-0.9420528253540397
9522,java,0,plain,-0.8976806337013841,-0.01933984481729567,-0.6241193655878305,-0.9900142903788947
9528,java,0,plain,0.5752401016652584,0.1777491862885654,0.6506961449049413,0.013952560722827911
9587,java,1,"hotfix,bracket",0.3422865867614746,-0.008279062807559967,0.8938727090135217,-0.9983595134690404
9960,java,0,plain,-0.9669665861874819,0.012889714678749442,0.08970058208797127,0.0033908416517078876
10067,java,0,plain,-0.03332762233912945,-0.30685120914131403,-0.16528724133968353,-0.24440472107380629
10072,java,0,plain,0.015408821403980255,-0.3763851970434189,-0.7881174648646265,-0.03372794296592474
10147,java,0,plain,0.011518782004714012,0.6125530563294888,0.0543609862215817,0.17318138666450977
10293,java,0,plain,7.484573870897293e-05,0.005070189479738474,0.707156203337945,0.9735005225520581
10305,java,1,bracket,-0.01049765944480896,-0.5944806905463338,-0.900797407142818,-0.6300339680165052
10342,java,0,plain,-0.9896747783059254,0.9844276252842974,-0.06528638303279877,0.8545359987765551
10355,java,0,plain,-0.30368296056985855,0.02396400971338153,0.0007883529178798199,-0.8724428247660398
10373,java,0,plain,-0.08082377910614014,0.9857969892327674,-0.4927526549436152,-0.0029842047952115536
10421,java,0,plain,-0.47360584139823914,0.001585990539751947,-0.009230132214725018,-0.03067904245108366
10515,java,0,plain,-0.9508993760682642,0.023196492344141006,0.008274221327155828,-0.9568435330875218
10643,java,1,bracket,0.8741687349975109,0.6213125747162849,0.013863401429262012,0.06441983532567974
10900,java,0,plain,0.11269999132491648,-0.8202851405367255,0.00021988991647958755,-0.6121320109814405
10926,java,0,plain,0.0659128949046135,0.010996280703693628,0.00629948265850544,-0.012795747024938464
11189,java,0,plain,0.02555978950113058,-0.9265859425067902,-0.9181879197712988,-0.550230611115694
11310,java,0,plain,-0.22072942554950714,-0.5903157759457827,0.04653175687417388,-0.32237474620342255
11548,java,0,plain,0.1990075707435608,-6.608421972487122e-05,-0.019680158875416964,-4.7476874897256494e-05
11621,java,0,plain,-0.7121611349284649,-0.1965543022379279,-0.0048888614401221275,-0.26966078858822584
11868,java,0,plain,-0.07394666224718094,-0.1105853021144867,0.011159015819430351,0.012089942465536296
11993,java,0,plain,-0.9227361222729087,0.003047352656722069,-0.014792735339142382,-0.35016048699617386
12149,java,0,plain,0.05452890321612358,0.04425717145204544,-0.9492879898753017,0.17003356479108334
12183,java,0,plain,-0.07416979968547821,-0.036556657403707504,-0.005119329318404198,0.03340560104697943
12259,java,0,plain,0.13003287184983492,-0.5454970255959779,-0.06345981359481812,0.15593877993524075
12616,java,0,plain,0.913280954468064,0.0367127601057291,0.05367800174281001,0.9695239816792309
12630,java,0,plain,0.15485414513386786,-0.2117112586274743,0.007087858393788338,0.04712393321096897
12655,java,0,plain,0.980863659089664,0.010771823930554092,0.038489329745061696,-0.0012662303633987904
12904,java,0,plain,-0.7186978474492207,-0.8890759933274239,-0.0005174995603738353,-0.1868672197451815
12961,java,0,plain,-0.00356091046705842,-0.022105814889073372,-0.02542166132479906,0.021975766867399216
12965,java,0,plain,0.888663980178535,0.0009175999584840611,0.4353133696131408,-0.06438024342060089
13031,java,1,bracket,0.2755648121237755,-0.6398408524692059,0.030334676383063197,0.02834382699802518
13082,java,0,plain,0.6955764293670654,0.11652286211028695,0.011946017853915691,0.019869236275553703
13219,java,0,plain,0.26311457715928555,-0.9154072378296405,-0.35740143060684204,-0.8041790006682277
13593,java,0,plain,0.27347988076508045,0.08191576972603798,-0.04870564304292202,0.27291734714526683
13668,java,0,plain,-0.7048936858773232,-0.9949564337875927,-0.9723030754830688,-0.9940649575146381
13784,java,0,plain,-0.006747637875378132,-0.0005349516868591309,0.002657010278198868,0.45488305715844035
13802,java,1,ticket,0.38674820959568024,0.01818691100925207,-0.442500215023756,0.5642672600224614
13839,java,0,plain,-0.9747566147707403,-0.08618116052821279,-0.05487969540990889,-0.1542664491571486
13862,java,0,plain,-0.14035385847091675,0.17384162172675133,-0.00020511937327682972,0.8311342620290816
13910,java,0,plain,-0.18309558928012848,0.010836698114871979,-0.018328904174268246,-0.8881965056061745
13998,java,0,plain,0.001260264660231769,-0.08207613229751587,0.00187964690849185,-0.031723976135253906
14244,java,1,revert,-0.7048643492162228,-0.06443028151988983,-0.003238225355744362,-0.020680441055446863
14439,java,0,plain,0.00580753106623888,-0.15981034561991692,0.13422973221167922,-0.38083498179912567
14443,java,0,plain,0.8928932281560265,-0.7722457802155986,0.004682139260694385,0.019439143827185035
14445,java,0,plain,0.5847232043743134,0.004183104727417231,-0.05173194408416748,-9.576091542840004e-05
14552,java,0,plain,0.8725885241292417,-0.7997880727052689,0.011510126292705536,-0.13146547973155975
14563,java,0,plain,-0.9559270362369716,-0.004737391718663275,0.005912719294428825,-0.3362699216231704
14791,java,0,plain,-0.06864798069000244,0.01865839958190918,-0.8220037966966629,-0.9704188108444214
15062,java,0,plain,-0.0010990805458277464,0.0006213872111402452,0.001525132218375802,-0.003195753088220954
15077,java,0,plain,0.0069104693830013275,-0.08721950743347406,-0.9655219225678593,-0.03346704598516226
15153,java,0,plain,0.19630283117294312,0.3322251586068887,0.1743437796831131,0.006670696078799665
15471,java,0,plain,-0.029785909224301577,-0.18702929094433784,0.7986511555500329,0.12260809354484081
15505,java,1,"ticket,bracket",0.1566608315333724,0.9807747024460696,0.42182803712785244,0.3006013222038746
15536,java,0,plain,-0.021165368147194386,-0.08959436044096947,-0.10152084194123745,-0.004286359995603561
15564,java,0,plain,-0.1441710814833641,-0.36562690883874893,-0.01867450773715973,-0.11270497739315033
15673,java,0,plain,-0.4908161424100399,0.021853980608284473,-0.08835659176111221,-0.20769577706232667
15696,java,0,plain,-0.1646822690963745,-0.43941591307520866,0.00463300957926549,0.005689260549843311
15798,java,0,plain,0.48451172886416316,-0.2300896169617772,0.0026134676299989223,0.01473686471581459
16088,java,0,plain,-0.09641584753990173,-0.3246786231175065,-0.6844979841262102,-0.9692751455586404
16189,java,0,plain,0.008508704602718353,0.042890890035778284,0.0033022562274709344,0.0070602805353701115
16278,java,1,bracket,0.053851502016186714,0.010887587442994118,0.9931118437089026,0.25616844603791833
16399,java,0,plain,-0.9720608552452177,-0.918743196874857,-0.9736815117648803,-0.9784683111938648
16447,java,0,plain,0.024619197472929955,-0.16135169379413128,-0.015115443791728467,-0.7899466697126627
16581,java,0,plain,0.009294502437114716,-0.7005275981500745,0.219727017916739,-0.6549495365470648
16589,java,0,plain,-0.5264892876148224,0.4471651734202169,-0.9525460591539741,0.38838531356304884
16610,java,0,plain,-0.7089690640568733,-0.6004231325350702,-0.847608171403408,-0.9596010744571686
16621,java,0,plain,-0.021236058324575424,0.03111632016953081,0.06973452237434685,-0.07481453008949757
16729,java,0,plain,0.547741960734129,-0.09429077804088593,0.0011458572698757052,-0.10549935698509216
16906,java,0,plain,-0.0046563828364014626,-0.05396497994661331,-0.20554322097450495,-0.12368893716484308
17162,java,0,plain,0.030599061399698257,0.021342935098800808,0.7494292040355504,0.07440510392189026
17314,java,0,plain,0.8567655887454748,-0.8780412767082453,-0.8230678034015,-0.9103136416524649
17410,java,0,plain,-0.40262117236852646,0.0002844097325578332,0.008848136872984469,0.00041312421672046185
17420,java,0,plain,-0.15379491914063692,0.030542956199496984,0.001961946487426758,0.1377202570438385
17470,java,0,plain,-0.5739273391664028,-0.9710618093959056,-0.2222118228673935,-0.9599646534770727
17476,java,0,plain,0.21257173013873398,-0.5091307274997234,-0.7962625250220299,0.007022629026323557
17487,java,1,bracket,-0.8377096578478813,-0.013788094744086266,0.005656869150698185,-0.17679759673774242
17635,java,0,plain,0.04277639277279377,0.09769899025559425,-0.015841538086533546,0.07816661894321442
17687,java,0,plain,0.5249776355922222,0.2736940085887909,0.1434659669175744,0.1234636902809143
17966,java,0,plain,0.0009590284898877144,0.06259391084313393,-0.6661833021789789,-0.446161488071084
18046,java,0,plain,0.7047777266707271,0.017462246119976044,0.033099055697675794,0.03240063018165529
18078,java,0,plain,0.006521827075630426,0.002480779352481477,0.01316709874663502,-0.11723144445568323
18146,java,0,plain,0.003293842077255249,0.013222157955169678,0.2325570024549961,-0.01637748721987009
18180,java,0,plain,0.9874323451658711,0.7825635466724634,0.5773528721183538,0.9845280637964606
18205,java,0,plain,0.01279883470851928,0.022121041460195556,0.01652623417612631,0.0013530309370253235
18431,java,0,plain,0.3768355920910835,-0.057185565354302526,-0.18416631687432528,-0.2851421367377043
18838,java,0,plain,-0.5503972172737122,0.005434990511275828,0.0029910578159615397,0.0022473421413451433
18994,java,0,plain,-0.9901132646482438,0.2721054656431079,-0.012769836466759443,-0.5483523830771446
19035,java,0,plain,0.12168437615036964,0.030543506145477295,0.024864893406629562,0.005493868375197053
19083,java,1,"ticket,bracket",-0.06703291088342667,-0.2375623732805252,-0.0018832236528396606,0.1418623887002468
19093,java,1,bracket,0.04137887666001916,0.722018051543273,0.32572109485045075,0.5197995137423277
19192,java,0,plain,0.5761404875665903,-0.5055444857571274,0.06570027535781264,0.013302761362865567
19280,java,0,plain,-0.1954362392425537,-0.559427447617054,0.15471220994368196,-0.8331877735909075
19437,java,1,bracket,-0.7861697599291801,-0.04768863786011934,0.011467012576758862,-0.26572273671627045
77,js,1,revert,-0.9256852511316538,0.10277816141024232,-0.1742035262286663,-0.6367392614483833
121,js,0,plain,0.2996077537536621,-0.003423709888011217,0.7493465988372918,-0.08460786798968911
305,js,0,plain,0.06931686913594604,-0.05222663818858564,-0.0230648098513484,0.9878655491629615
432,js,0,plain,0.9861967889446532,0.05774416006170213,0.009522108011879027,0.04637112852651626
502,js,0,plain,-0.008987783687189221,0.04522198485210538,-0.004519760608673096,0.5908623337745667
613,js,0,plain,0.7503535859286785,-0.8886180557310581,0.09995067265117541,0.22961050271987915
815,js,0,plain,0.15423637628555298,0.0015936643758323044,0.0736172553151846,-0.21123714745044708
871,js,0,plain,-0.009519297629594803,-0.12578785046935081,0.06296530598774552,0.08116530999541283
951,js,0,plain,0.9542328208917752,0.05029458552598953,0.24428982147946954,-0.603547889739275
1923,js,0,plain,0.3446607494261116,-0.8413974097929895,-0.5667371111921966,-0.008388910442590714
2485,js,0,plain,0.3846907317638397,0.010187999345362186,-0.033607698045670986,-0.5747900083661079
3024,js,0,plain,0.7320185974240303,0.00429224967956543,0.21413173712790012,0.12880774587392807
3027,js,0,plain,-0.03584994561970234,0.06903336942195892,0.05975550040602684,0.034653070382773876
3155,js,1,bracket,0.09044387191534042,0.9145165178924799,-0.0018486010376363993,-0.8732915404252708
3433,js,0,plain,0.4936180431395769,0.12251633405685425,0.020262108591850847,0.28299926687031984
3604,js,0,plain,0.01129604538436979,0.14582629967480898,0.018764017149806023,0.23855406045913696
4016,js,0,plain,0.16570110246539116,0.012426811517798342,0.007073590066283941,0.29117161594331264
4368,js,0,plain,0.8277786024846137,-0.23335578758269548,0.015681858407333493,-0.7864020261913538
4412,js,0,plain,0.4417574927210808,-0.9450386234093457,-0.6094029694795609,0.07889196649193764
4510,js,1,"hotfix,bracket",0.41834621131420135,-0.18876149132847786,-0.0003305202699266374,0.0722867026925087
4885,js,0,plain,0.6758174374699593,0.007611185312271118,0.02027341176290065,-0.0048101115971803665
4918,js,0,plain,0.8491638787090778,-0.13870789110660553,0.007190089672803879,-0.9683149298653007
5132,js,0,plain,0.005406926502473652,0.041755018290132284,0.9757622338365763,0.13679884653538465
5144,js,0,plain,-0.0848878026008606,0.10810822993516922,0.13429715734673664,0.30464349314570427
5639,js,0,plain,0.24938959907740355,-0.04419292230159044,0.011012166738510132,-0.2488996461033821
5736,js,0,plain,-0.9606163722928613,0.6539672459475696,-0.009004931896924973,-0.059021227061748505
5757,js,0,plain,0.10341486893594265,-0.47754533030092716,-0.7949877567589283,0.910415698424913
6081,js,0,plain,0.7583626192063093,-0.3379230971913785,0.010293705388903618,0.022284515667706728
6174,js,0,plain,0.15696465969085693,0.26745860325172544,0.018067840486764908,0.050122521817684174
6517,js,0,plain,0.8633465766906738,-0.0014997413381934166,0.28480212739668787,0.07874303311109543
6876,js,0,plain,0.5829721204936504,0.005908450344577432,0.03244389221072197,0.85617970302701
6985,js,0,plain,0.5061838254332542,0.00645581231219694,0.01460161479189992,0.23076940514147282
7250,js,0,plain,-0.39391105249524117,-0.03269941546022892,-0.007756680599413812,-0.9955119818623643
7261,js,0,plain,0.7377090379595757,-0.6771655045449734,-0.863189147785306,0.019013334065675735
7355,js,0,plain,-0.21354655642062426,0.06114405393600464,0.0939470143057406,-0.6205042861402035
7960,js,0,plain,0.0231732833199203,0.4931701123714447,0.00203696615062654,-0.0016563332173973322
8063,js,0,plain,-0.023934997618198395,-0.8670436413958669,0.0025249244645237923,-0.021516159176826477
8116,js,0,plain,-0.0836535394191742,-0.361492158845067,0.0003411072539165616,-0.004566047340631485
8174,js,0,plain,-0.04569277400150895,-0.03131561726331711,-0.24034296348690987,-0.5381433162838221
8349,js,0,plain,0.0005036592483520508,0.015224868344375864,-0.15760452300310135,-0.3556381221860647
8630,js,0,plain,-0.48632166162133217,-0.08583712857216597,-0.02852756716310978,-0.49430638551712036
8672,js,0,plain,0.9434598106163321,-0.2644103951752186,0.05710351560264826,-0.9003026457503438
8779,js,0,plain,0.9310628772363998,0.00030471215723082423,0.12572560110129416,0.9857991263270378
9378,js,0,plain,-0.692572470754385,-0.08178258291445673,-0.15248133428394794,-0.7971790232695639
9557,js,0,plain,0.2754416801035404,0.750400170654757,0.017645691346842796,0.47527969907969236
9599,js,0,plain,0.34239593893289566,0.005640260875225067,0.027957703918218613,-0.9975529135845136
10097,js,0,plain,0.02439364604651928,0.010284875985234976,-0.040233044885098934,-0.022610445506870747
10487,js,0,plain,-0.479122132062912,0.0033232392743229866,0.1518322080373764,0.0035992562770843506
10553,js,0,plain,0.9577757925726473,0.07209868426434696,0.14173798874253407,-0.9983282352332026
10573,js,0,plain,0.3882483784109354,-0.5817171335220337,0.029452863847836852,0.007579420227557421
10783,js,0,plain,-0.10848413407802582,0.02051622758153826,0.7646905714645982,0.0021730485605075955
11171,js,1,release,-0.2907176110893488,-0.009069615975022316,0.007289544679224491,-0.8247113339602947
11217,js,0,plain,0.9088260843418539,0.14977304637432098,-0.5328405350446701,0.3622971251606941
11349,js,0,plain,-0.11708828061819077,-0.058482155203819275,-0.03396042436361313,-0.3935205936431885
11629,js,0,plain,0.00046366872265934944,-0.2797739189118147,0.00741149578243494,0.33806996047496796
11713,js,0,plain,0.9880597312003374,0.0175487466622144,0.02128659817390144,0.0031851462554186583
12545,js,0,plain,0.8667497239075601,-0.19692418724298477,-0.05595843540504575,0.01807743706740439
12904,js,0,plain,0.19569602608680725,0.01105085015296936,0.0008709561079740524,-0.3581060916185379
12942,js,0,plain,0.8903870210051537,-0.00722589367069304,0.8243378289043903,-0.000564596732147038
12947,js,0,plain,0.7924076002091169,0.17736101543414406,0.1995784392056521,0.4919803616357967
12989,js,0,plain,0.14971671998500824,-0.7816303349100053,-0.262483736500144,-0.3625138998031616
13040,js,0,plain,0.022825421707239002,-0.3062080442905426,0.002316114492714405,-0.0036075934767723083
13215,js,0,plain,0.0107354074716568,0.01277685514651239,0.008690466755069792,0.0006893572863191366
13323,js,0,plain,0.1904100775718689,0.0027498307754285634,0.003891346656018868,-0.005080372327938676
13364,js,0,plain,0.21348154544830322,0.08384352084249258,0.6434232220053673,-0.9051838330924511
13465,js,0,plain,0.8089215704239905,0.011570087168365717,0.03864926123060286,0.19287018198519945
13554,js,0,plain,-0.2683875113725662,0.031265280209481716,0.04632784379646182,0.6048193778842688
13602,js,0,plain,0.11650785431265831,0.0006344777066260576,0.07905845995992422,-0.5509941652417183
13737,js,0,plain,-0.7849518768489361,-0.5795890861190856,-0.033112891018390656,-0.9537893023807555
13743,js,0,plain,-0.13205526024103165,0.029043689370155334,-0.021707559004426003,-0.9966458293638425
13793,js,0,plain,-0.01854773610830307,-0.0016491482965648174,0.0330377034842968,-0.5763254761695862
13862,js,0,plain,0.4183681048452854,-0.07425275444984436,-0.3598230853676796,0.004133924841880798
13899,js,0,plain,-0.020291080698370934,-0.00934881716966629,-0.03668317571282387,0.009069068357348442
14039,js,0,plain,-0.5483449138700962,0.22674131975509226,0.9493830662686378,0.07827646378427744
14096,js,0,plain,0.19544175057671964,0.015904786298051476,0.002200142444053199,0.06314023025333881
14230,js,0,plain,0.1519915354438126,-0.24763256404548883,-0.8676274884492159,-0.1093124239705503
14396,js,0,plain,0.8542977161705494,-0.19715744256973267,-0.0012801354750990868,0.45962586998939514
14513,js,0,plain,0.9259136989712715,-0.3636073563247919,-0.003848304972052574,0.02233789023011923
14606,js,0,plain,0.1937035657465458,0.5369960553944111,0.048174464609473944,-0.40932881459593773
14622,js,0,plain,-0.04218313470482826,0.26809608936309814,0.004225227981805801,0.44653724133968353
14772,js,0,plain,-0.06335935741662979,0.0001770532689988613,-0.017896920442581177,-0.03267462411895394
14885,js,0,plain,0.7908344455063343,-0.8050703178159893,-0.02524814335629344,-0.06852660700678825
14904,js,0,plain,-0.0963495671749115,-0.30536336125805974,0.015035279095172882,0.31383567303419113
14907,js,0,plain,0.4874821435660124,-0.015160256996750832,-0.8416518960148096,0.04288632050156593
14929,js,1,bracket,0.017137229442596436,-0.32679432071745396,0.0071054447907954454,-0.9546685130335391
15090,js,0,plain,0.49571723211556673,0.9306970073957928,0.852551594376564,0.7779000131413341
15095,js,0,plain,0.08958987391088158,-0.05104776844382286,0.056909059116151184,0.0010765090119093657
15130,js,0,plain,0.10296604037284851,0.028456009924411774,-0.020332245039753616,-0.12501548416912556
15131,js,1,release,0.12156103737652302,0.04184073628857732,0.011322231963276863,0.43456737557426095
15217,js,0,plain,0.14255651831626892,-0.3906959667801857,-0.3986009955406189,-0.26590560376644135
15598,js,0,plain,-0.6718014180660248,0.8115451764315367,0.006203838740475476,-0.6143364384770393
15619,js,0,plain,-0.19184201210737228,0.0051735034212470055,0.15863561583682895,0.04418489336967468
15629,js,0,plain,-0.8932579038664699,-0.05311032244935632,-0.9823682740679942,-0.8517832271754742
15797,js,1,"hotfix,bracket",-0.20157893002033234,-0.3984580338001251,-0.018272632267326117,-0.9710749653168023
15939,js,1,revert,-0.5604432374238968,-0.19806702248752117,-0.059099649079144,0.0044585587456822395
16133,js,0,plain,0.7730952575802803,0.007387431571260095,0.4344448345073033,0.10375827737152576
16207,js,0,plain,-0.1795244812965393,-0.9679724083980545,0.09470495395362377,0.06866082549095154
16214,js,0,plain,0.03515886748209596,0.014348395576234907,-0.027088208124041557,0.009965497127268463
16433,js,1,bracket,-0.04710756428539753,-0.02401818335056305,0.01073649461613968,-0.10221725329756737
16453,js,0,plain,-0.023808125406503677,-0.20998599007725716,0.03991814702749252,0.03828176110982895
16547,js,0,plain,-0.14443828910589218,0.00792731111869216,-0.04352164827287197,0.007637441158294678
16558,js,0,plain,0.11413069441914558,0.260856568813324,0.009430140256881714,-0.9201101902872324
16590,js,0,plain,-0.0024727205745875835,-0.22474130243062973,0.9892288994742557,0.42621099506504834
16655,js,0,plain,0.7201382061466575,0.04141339659690857,0.08810152881778777,0.04168069933075458
16804,js,0,plain,-0.8818462323397398,-0.29951730370521545,-0.02489522285759449,-0.21386447548866272
16906,js,0,plain,0.4826735407114029,-0.20961874723434448,0.005832284688949585,-0.5424033589661121
17418,js,0,plain,0.7954141944646835,-0.728833332657814,0.4288474824279547,-0.9622570006176829
17525,js,0,plain,-0.6614860370755196,-0.06313030794262886,-0.16930137877352536,-0.9269589926116168
17596,js,0,plain,0.7366651892662048,-0.01396885234862566,9.032717207446694e-05,-0.5943993609398603
17678,js,0,plain,0.025797864887863398,-0.18836162984371185,0.2381949946284294,0.783199068158865
17694,js,0,plain,-0.570619598031044,-0.02614813856780529,-0.06153032695874572,0.07000139355659485
17875,js,0,plain,0.44563972449395806,0.0012603221111930907,0.008578505832701921,0.5579362064599991
17949,js,0,plain,0.05545348674058914,0.19230234995484352,0.06063751020701602,0.3965207189321518
18088,js,0,plain,-0.8071793671697378,-0.0009746108553372324,0.04428873583674431,-0.43352729082107544
18168,js,0,plain,-0.055352050345391035,0.3788012517616153,0.05165170878171921,-0.008088268805295229
18231,js,0,plain,-0.09124668873846531,0.006569504737854004,0.02571136667393148,0.15840171230956912
18263,js,0,plain,0.2122177630662918,-0.366776579990983,0.20854382403194904,-0.3595186173915863
18587,js,0,plain,0.18600979447364807,0.00871781213209033,0.006218479946255684,0.5264511555433273
18588,js,0,plain,-0.052814507856965065,0.09338115015998483,0.09039010258857161,0.3505923841148615
18894,js,0,plain,0.006950758397579193,0.051055505871772766,-0.39237154833972454,-0.9593757316470146
19069,js,0,plain,0.8248227499425411,0.19457401055842638,-0.35737184807658195,0.7079230695962906
19668,js,0,plain,0.9756933832541108,-0.332981139421463,-0.037258803844451904,0.7612864822149277
19953,js,0,plain,-0.34109829366207123,0.3261386463418603,0.018562451179604977,0.1707591488957405
20064,js,0,plain,0.17510321736335754,0.6003377290908247,0.9428955810144544,0.9825427643954754
20114,js,0,plain,0.9755906818900257,0.12504012137651443,0.005328164668753743,-0.6597341522574425
20399,js,1,"release,bracket",-0.625805988907814,0.04945908300578594,0.009901343146339059,0.5248038079589605
20764,js,0,plain,0.27501244097948074,-0.12547819688916206,-0.06444140523672104,-0.22255773842334747
20896,js,1,bracket,0.4265045300126076,0.40199320763349533,0.0024870834313333035,0.12467364966869354
21122,js,0,plain,0.6787082171067595,-0.04836356546729803,0.9812086070887744,0.012881880509667099
21444,js,1,bracket,0.10405042767524719,0.0030513781821355224,0.0012451268266886473,0.0007833291019778699
21582,js,0,plain,0.748787097632885,-0.10904399817809463,0.009767414070665836,0.03964966372586787
21591,js,0,plain,-0.6996901575475931,0.006663639098405838,0.36561320442706347,0.7503049382939935
21594,js,0,plain,-0.1053757481276989,0.40564770996570587,0.05891048721969128,0.4770316779613495
21676,js,0,plain,-0.16641728579998016,-0.005001716315746307,-0.14485440496355295,-0.06182616204023361
21741,js,0,plain,0.5746618434786797,-0.03551924228668213,0.05792978685349226,0.003879562020301819
21773,js,0,plain,0.935057545080781,0.657094169408083,0.08586477919016033,0.5048976347316056
22007,js,0,plain,0.0988137861713767,-0.019796282052993774,-0.24924298375844955,0.29205459356307983
22048,js,0,plain,0.2464478313922882,0.8470876832434442,0.08266915628337301,0.7082298633176833
22052,js,0,plain,0.7584495358169079,0.01390502271533478,0.41571521386504173,0.6645253896713257
22085,js,0,plain,0.6118824632139876,-0.006148250191472471,0.04218574450351298,0.013748150784522295
22316,js,1,revert,-0.03994134068489075,-0.022856874391436577,-0.0038729095831513405,0.02324347198009491
22565,js,1,revert,-0.6268446743488312,0.023166961735114455,-0.47009988874197006,0.504207544028759
22710,js,0,plain,0.027337199542671442,-0.10163798741996288,-0.0022180199157446623,-0.408484747633338
22922,js,0,plain,-0.9638865841552615,-0.002858270425349474,0.10991576832020655,-0.9972914282407146
22944,js,0,plain,-0.027672051452100277,0.01711302250623703,-0.9559177802875638,-0.6133268922567368
22960,js,0,plain,0.9214688851498067,0.5990004297345877,0.38305352814495564,-0.3395918719470501
23100,js,0,plain,-0.5352030582726002,-0.33566478453576565,-0.16742756962776184,-0.11962360143661499
23299,js,0,plain,0.712567426264286,0.09999504685401917,0.8157270327210426,0.022673271596431732
23336,js,1,bracket,-0.21719695627689362,-0.6368350628763437,-0.7439193605678156,0.03496929071843624
23371,js,0,plain,-0.061931103467941284,-0.9900631963973865,-0.5234639588743448,0.07469570636749268
23419,js,0,plain,0.9379075318574905,-0.0007185549475252628,-0.04172188742086291,0.029319453984498978
23512,js,0,plain,-0.1438274011015892,-0.46491532400250435,0.1183260369580239,0.10647387569770217
23597,js,0,plain,0.10846258560195565,-0.00032290516537614167,0.0006240219809114933,-0.0006827354663982987
23737,js,0,plain,0.043046522652730346,0.02964777871966362,-0.9169807783327997,0.0060302093625068665
23793,js,0,plain,0.06616432312875986,-0.5700072422623634,0.0010476356110302731,-0.10024426132440567
23968,js,0,plain,0.4262028709053993,-0.10441424697637558,0.0007565355626866221,-0.004286973271518946
24176,js,0,plain,-0.005408456549048424,-0.01346119784284383,0.00089376384858042,-0.014172001392580569
24610,js,0,plain,0.33004119619727135,0.03955335239879787,-0.037517180666327477,0.0019366986234672368
24643,js,0,plain,0.36485782265663147,0.07414319552481174,0.1675617378205061,0.15776392444968224
25309,js,0,plain,0.8277324065566063,-0.08669644966721535,0.2250637374818325,-0.21407752484083176
25410,js,0,plain,-0.617017112672329,0.7700207547750324,0.9155029878020287,0.30266720708459616
25513,js,1,bracket,-0.1785396672785282,-0.5884661227464676,-0.22534337639808655,-0.7540121972560883
25643,js,0,plain,0.0019992085872218013,0.11908356007188559,0.0011219570878893137,0.1348478349391371
25684,js,0,plain,0.8737780973897316,0.0020283296253182925,0.0024390502221649513,0.10103114176308736
25919,js,0,plain,0.1945739984512329,-0.8294900709297508,-0.8194252769462764,-0.8863069072831422
26531,js,0,plain,-0.998537576480885,-0.005692313192412257,0.012891268939711154,-0.13338206335902214
26875,js,0,plain,0.06675178743898869,0.008574273437261581,-0.000597743783146143,0.019452094100415707
26950,js,0,plain,-0.008571327663958073,-0.7407872737385333,-0.5368663761764765,-0.19892901927232742
27293,js,0,plain,0.5847879969514906,0.7066005931701511,0.538207983947359,0.8679197644814849
27514,js,0,plain,-0.02629145234823227,-0.018022089265286922,-0.07135096192359924,0.8164592927787453
28432,js,0,plain,-0.4276868551969528,0.07004272937774658,0.02648303657770157,0.03180673427414149
28681,js,0,plain,-0.029892336577177048,-0.09323863871395588,0.03206997597590089,-0.8845193609595299
29006,js,0,plain,0.07394455373287201,0.02280188351869583,0.06010270316619426,0.07075627893209457
29146,js,0,plain,0.0037187053821980953,0.051361304707825184,-0.061908118426799774,0.0066217549610883
29225,js,0,plain,0.045056454837322235,-0.7817968670278788,0.0028720967820845544,-0.029541809111833572
29510,js,0,plain,0.2607482969760895,0.012175451323855668,0.0793741315137595,-0.009215719997882843
29768,js,0,plain,0.10022374242544174,0.027938402956351638,-0.011023140978068113,0.9505708203651011
30005,js,0,plain,0.10414287308230996,0.015659666794817895,0.24533581850118935,0.9759246163885109
30240,js,0,plain,0.463026437908411,0.09034170815721154,0.016082713613286614,0.1296814337838441
30655,js,0,plain,0.3595055788755417,0.026471012504771352,0.009813766926527023,0.015254497528076172
30838,js,0,plain,0.7754047475755215,-0.6577221304178238,0.34610963822342455,0.011987630394287407
31446,js,0,plain,0.8737503904849291,-0.679114977363497,0.00013518123887479305,-0.006052975542843342
31556,js,0,plain,0.01217317278496921,0.0005000931196263991,0.05119030550122261,0.29027507454156876
31636,js,0,plain,0.012784453807398677,-0.8971334504894912,0.9623724676202983,-0.7077666502445936
31702,js,0,plain,-0.3740401864051819,-0.44578543305397034,0.2413230575621128,0.9233294015284628
32022,js,0,plain,0.14856185112148523,0.1084428378380835,0.14060482382774353,0.07250963523983955
32133,js,0,plain,0.16286674910224974,0.002927434688899666,0.031626676209270954,-0.608562221750617
32146,js,0,plain,0.31084972992539406,-0.0438833013176918,0.03494833968579769,0.0005719290347769856
32435,js,0,plain,0.06033581681549549,0.2569748554378748,-0.00012457743287086487,-0.0017097985837608576
32596,js,0,plain,-0.9745113719254732,0.002950455527752638,-0.9488681792281568,-0.9774380680173635
32983,js,0,plain,0.003280411474406719,-0.11601533740758896,-0.0043635740876197815,0.495531864464283
33166,js,0,plain,0.9414849933236837,0.14385060500353575,0.02307409467175603,0.0002711041015572846
33232,js,0,plain,0.7851223447360098,0.019463385455310345,0.003335338711622171,0.0037290463224053383
33731,js,0,plain,0.588721795938909,0.05068726174067706,0.05369243785389699,0.03277766169048846
33735,js,0,plain,-0.07049085199832916,0.26705966755980626,0.008642543856694829,0.26543362019583583
33779,js,0,plain,0.19922813773155212,0.0034861672029364854,0.006527831515995786,-0.1846388280391693
33808,js,0,plain,0.08635932952165604,-0.11629964038729668,-0.0028488002717494965,-0.8202001303434372
34102,js,0,plain,0.06946074031293392,-0.022916472516953945,-0.3530966192483902,-0.9483676627278328
34366,js,0,plain,0.05304207466542721,-0.031598810106515884,-0.5276469681411982,-0.9691836482379586
34445,js,0,plain,0.2860739305615425,-0.00013593200128525496,0.04161592113086954,-0.19282089918851852
31,php,0,plain,0.21300780586898327,0.0006258502835407853,0.0010156388161703944,0.11776808835566044
47,php,0,plain,-0.015184881165623665,0.02055242715869099,0.0020261176396161318,0.05682654259726405
138,php,0,plain,-0.9614961557090282,-0.08174114860594273,-0.003419684653636068,-0.7278386247344315
204,php,0,plain,0.9593617389327846,0.0005685412324965,0.028705170727334917,0.05723311007022858
218,php,0,plain,0.48404327780008316,0.03594546020030975,0.8485113130882382,0.01654214784502983
219,php,0,plain,-0.00706908106803894,0.7564672525040805,0.026680813811253756,0.01115946564823389
224,php,0,plain,-0.024818286299705505,-0.39739105477929115,-0.12354794144630432,0.26172496378421783
228,php,0,plain,0.25544395484030247,0.09838244621641934,0.07246863842010498,0.3483907235786319
233,php,0,plain,0.2496456429362297,0.03008795902132988,0.08852816571015865,-0.0025849957019090652
244,php,0,plain,0.26634936197660863,0.9585797188337892,0.1260395684512332,-0.1453404426574707
273,php,1,bracket,0.8749216112773865,0.0067451667855493724,0.0002177553396904841,0.0015278321225196123
279,php,0,plain,-0.7258360954001546,-0.29129885137081146,0.002482391893863678,-0.48338186368346214
282,php,0,plain,-0.0035703537287190557,0.0003024957550223917,0.000619322840066161,0.0014953252393752337
292,php,1,bracket,0.8973008426837623,0.005029716616263613,0.0011042765909223817,0.9897271518129855
294,php,1,bracket,0.6907660402357578,0.008028857875615358,-0.8770455736666918,-0.5280592665076256
303,php,0,plain,-0.46056047501042485,-0.5679589802166447,-0.49369873479008675,-0.4667950486764312
313,php,0,plain,-0.032628074288368225,-0.5610694922506809,0.005161965265870094,0.005270900204777718
320,php,1,bracket,0.00275275856256485,-0.01940031093545258,-0.0009200235363095999,-0.00029391050338745117
324,php,1,bracket,-0.822825588285923,-0.6848290711641312,-0.045320835430175066,-0.808140829205513
354,php,0,plain,-0.1852828860282898,0.02479352499358356,0.00017570704221725464,0.06356026977300644
355,php,0,plain,-0.1266315095126629,0.17076371610164642,-0.017119497060775757,0.49646279215812683
366,php,1,bracket,-0.04057052731513977,-0.7698871530592442,0.051692038774490356,-0.10819569230079651
383,php,0,plain,-0.03779684752225876,-0.019323476124554873,-0.07392686232924461,-0.22199960052967072
384,php,0,plain,0.01410958869382739,-0.00914844055660069,-0.14300141390413046,-0.010930485092103481
400,php,0,plain,0.05864019971340895,0.049655238166451454,0.2293914181063883,-0.6452045515179634
409,php,0,plain,0.2469634860754013,0.2581518143415451,0.03963176906108856,0.6135143339633942
458,php,0,plain,0.006359380902722478,0.0006810278573539108,-0.5276148766279221,-0.010238068643957376
506,php,0,plain,0.2560841692611575,0.7820156831294298,0.07219347450882196,-0.6972364224493504
512,php,0,plain,-0.0071147531270980835,-0.6192183308303356,0.029775701463222504,0.17334750294685364
541,php,0,plain,-0.0007215940859168768,-0.0006874052342027426,-0.0005390280857682228,0.0005599594442173839
545,php,0,plain,0.6750112660229206,0.0028463531052693725,-0.8515039924532175,-0.9197578821331263
584,php,1,bracket,-0.025925567373633385,-0.07243616040796041,-0.24320526933297515,-0.39880533888936043
595,php,1,bracket,0.09347306191921234,0.012701857835054398,0.10106561053544283,-0.505209306254983
615,php,1,bracket,-0.24091857206076384,0.8224153132177889,-0.629667840898037,0.8327207089168951
717,php,1,bracket,0.7401997139677405,0.012471215741243213,0.15542364097200334,0.28529489412903786
749,php,0,plain,0.005003897938877344,0.0002330276183784008,0.0034322658320888877,-0.36470022797584534
774,php,0,plain,0.05440752673894167,-9.392102947458625e-05,0.0016221946862060577,0.013349479995667934
782,php,0,plain,0.6191129572689533,-0.8661173284053802,0.01530379056930542,0.0004273229278624058
805,php,0,plain,0.2837833762168884,0.019471892970614135,0.0013816638384014368,-0.8311440050601959
815,php,0,plain,-0.003473592281807214,0.00920980074442923,0.04517301032319665,0.03235555347055197
860,php,0,plain,-0.5803768457844853,-0.019711927510797977,0.010844349802937359,0.08609636500477791
894,php,0,plain,-0.38691990822553635,-0.4290720745921135,0.10464127082377672,0.22203772887587547
926,php,0,plain,-0.9856501524336636,0.0015030507347546518,0.02400419511832297,0.7646411641035229
939,php,0,plain,-0.04964543133974075,0.020290782500524074,0.07880569901317358,-0.009369022212922573
954,php,1,bracket,0.036236464977264404,-0.007122087525203824,0.0003791427589021623,0.0016359983128495514
974,php,0,plain,0.0020229440415278077,0.0014192562375683337,0.006435194402001798,-0.4713539443910122
976,php,0,plain,-3.782293060794473e-05,-0.5446430388838053,0.009439317509531975,0.010753129608929157
1010,php,1,bracket,0.9356010311748832,-0.05011698603630066,0.08431512117385864,0.4070573002099991
1028,php,0,plain,0.012684927263762802,0.7285876292153262,0.898513701511547,0.3722392451018095
1082,php,0,plain,0.1452256143093109,0.09811733849346638,0.050993334501981735,0.06738533452153206
1165,php,1,bracket,0.024469777941703796,0.0003464550245553255,-0.001537497155368328,-0.6543864049017429
1191,php,0,plain,-0.9101043600821868,0.016433001961559057,0.36874459870159626,0.27886373549699783
1215,php,0,plain,0.010721016675233841,-0.023211579769849777,-0.009439741726964712,-0.8780757635831833
1227,php,0,plain,-0.994737572298618,-0.04982263024430722,-0.5660580955445766,-0.4424312923802063
1228,php,0,plain,0.024626772850751877,0.06190215074457228,0.020452213124372065,0.10249801725149155
1230,php,0,plain,0.07589489594101906,-0.045172104611992836,-0.03611622005701065,0.798601227812469
1263,php,0,plain,0.0013103884411975741,0.0004209457547403872,0.03239943739026785,0.19500716403126717
1293,php,0,plain,-0.017125599086284637,-0.7834490463137627,-0.3340562544763088,-0.16720760241150856
1300,php,0,plain,0.010377002414315939,0.027671212679706514,0.007530775124905631,-0.010889783501625061
1300,php,0,plain,0.010377002414315939,0.027671212679706514,0.007530775124905631,-0.010889783501625061
1304,php,0,plain,0.5143851786851883,0.6825643305201083,0.7585287217516452,0.0233207605779171
1307,php,0,plain,0.23078061267733574,0.057927760120946914,0.00952524581225589,0.0007477454346371815
1308,php,0,plain,0.2457574177533388,0.00019863812485709786,0.0002261913032270968,0.0005618617869913578
1334,php,0,plain,-0.00801836559548974,-0.34853093326091766,-0.00806693360209465,-0.27178036980330944
1335,php,0,plain,-0.9362550359219313,-0.6317952014505863,0.04082668831688352,-0.18048523366451263
1347,php,0,plain,-0.001298452727496624,-0.08312111720442772,0.011892002075910568,0.016658958978950977
1436,php,0,plain,0.18414319306612015,0.19879516726359725,0.9967090175196063,0.27739692316390574
1454,php,0,plain,0.0667499490082264,0.008620903827250004,0.031449887435883284,0.03168680379167199
1473,php,0,plain,-0.0036138687282800674,0.911578269675374,0.8367846740875393,0.7223923653364182
1490,php,0,plain,0.8016258594579995,0.16439221950713545,-0.24581152573227882,-0.5603201910853386
1493,php,0,plain,-0.0009580091573297977,0.04653357062488794,0.0025327762123197317,-0.8099239096045494
1501,php,0,plain,-0.008338978979736567,0.015305686043575406,0.0022076329623814672,0.06785358488559723
1502,php,0,plain,0.008174907066859305,0.15306226420216262,0.07264838786795735,0.40227461606264114
1515,php,0,plain,0.05880481004714966,0.011481704947073013,0.002146725368220359,0.023127448046579957
1540,php,0,plain,0.9411277319304645,-0.0013987724378239363,-0.00015381792036350816,-0.003230034257285297
1543,php,0,plain,0.07981114089488983,0.20078653807286173,0.8379291657474823,0.03310957388021052
1563,php,0,plain,0.013253130950033665,0.16504162503406405,0.00498464610427618,0.10205227136611938
1569,php,0,plain,0.7774714194238186,0.9679120476357639,-0.20861013233661652,0.153193419566378
1572,php,0,plain,-0.09893053770065308,-0.0006380956619977951,0.04950360395014286,-0.8637838482391089
1576,php,0,plain,-0.9188520638272166,-0.5305731445550919,0.009337488561868668,-0.07473054341971874
1577,php,0,plain,0.7383691328577697,0.2143169492483139,0.33276573196053505,0.01595291495323181
1584,php,0,plain,0.11233677435666323,-0.002949546673335135,0.007275231182575226,0.0013349764049053192
1609,php,0,plain,-0.9573044665157795,0.22060161386616528,0.005011000146623701,0.4985097795724869
1625,php,0,plain,0.9262552564905491,0.02485568105475977,0.0016479229088872671,0.003270631452323869
1643,php,0,plain,-0.14134130626916885,-0.0603441777639091,-0.03620859794318676,-0.8706272599520162
1645,php,0,plain,0.008311399258673191,-0.8564168252050877,-0.3480643033981323,-0.929416979663074
1735,php,0,plain,0.009430024772882462,0.007779210805892944,-0.5576627599075437,-0.3657052330672741
1800,php,0,plain,0.17518193647265434,-0.0016967150440905243,0.3186664474196732,0.0031000617891550064
1804,php,0,plain,0.6947011931333691,0.003876241680700332,0.8975392535794526,0.00869225338101387
1873,php,0,plain,0.09180025360547006,0.1086684635374695,0.14880788934533484,-0.5102602392435074
1879,php,0,plain,0.8037410527467728,-0.1524278186261654,0.4747360907495022,0.5054402467794716
1919,php,0,plain,0.15829946659505367,-0.009060774929821491,0.40353978890925646,0.0069235379341989756
1943,php,0,plain,-0.05911417864263058,-0.68337182700634,-0.07256485149264336,-0.9949816677544732
2026,php,0,plain,0.011057034134864807,-0.011628174223005772,-0.0034736841917037964,-0.06447302550077438
2031,php,0,plain,-0.7883555740118027,-0.34886785596609116,0.0335063433740288,-0.43884633108973503
2075,php,0,plain,-0.39714378118515015,0.22547775134444237,-0.012496218085289001,0.3580095171928406
2090,php,0,plain,0.19295585091458634,0.0004893514851573855,-0.21786670666188002,0.005133902246598154
2125,php,0,plain,0.39260323718190193,0.014275344787165523,0.2132657994516194,0.1705556628294289
2137,php,0,plain,-0.0647339322604239,0.9847336820093915,0.0026988890022039413,0.969563945196569
2144,php,0,plain,0.22946448624134064,0.09368177317082882,0.030267053982242942,0.0769787123426795
2147,php,1,revert,-0.19468674063682556,-0.001172845484688878,0.12523215264081955,-0.7477877736091614
2156,php,0,plain,0.07922868151217699,0.0017813424346968532,0.0028899538738187402,0.0009167062235064805
2181,php,0,plain,0.2719361111521721,0.7627026960253716,0.2877907771617174,-0.3685734421014786
2225,php,0,plain,-0.0007235906668938696,-0.02676229551434517,-0.008187470026314259,-0.09283992275595665
2256,php,0,plain,0.10005098953843117,0.9945667145366315,0.956640192278428,0.42973376740701497
2261,php,0,plain,0.20547764003276825,0.023745743499603122,-0.9329060083255172,0.007953355554491282
2266,php,0,plain,0.09228041395545006,-0.017516160383820534,-0.06768440222367644,-0.0014964938163757324
2271,php,0,plain,0.015099113807082176,-0.005636831745505333,-0.0004907719485345297,0.027172837406396866
2275,php,0,plain,0.10800027847290039,-0.24296532198786736,-0.3587419353425503,-0.4355427101254463
2296,php,0,plain,-0.019424788653850555,-0.572675634175539,0.027079254388809204,0.8473038673400879
2319,php,0,plain,0.4798566997051239,0.03306170552968979,-0.0026131689082831144,-0.12659423053264618
2321,php,0,plain,-0.004283707123249769,-0.3707786053419113,0.07383508235216141,-0.5786761343479156
2367,php,0,plain,0.6095057683996856,-0.035813361406326294,-0.035339826717972755,-0.005659999325871468
2370,php,0,plain,-0.8800005801022053,-0.06833256408572197,-0.004779918119311333,0.21985505428165197
2435,php,0,plain,0.04193728789687157,0.08555510640144348,0.2618626211769879,-0.5211031511425972
2447,php,1,revert,0.16466395556926727,0.06674679554998875,0.05733388662338257,0.8295004926621914
2481,php,0,plain,0.9821298742317595,0.3430221467278898,0.07484972040401772,0.4774155542254448
2505,php,0,plain,0.03104219655506313,0.001091173617169261,0.0010030240518972278,0.01093859417596832
2505,php,0,plain,0.03104219655506313,0.001091173617169261,0.0010030240518972278,0.01093859417596832
2569,php,0,plain,0.010930228978395462,-0.06835395691450685,-0.5094300127675524,-0.09639168344438076
2621,php,0,plain,0.0139432477299124,0.0011893953196704388,0.10657963994890451,0.05053947865962982
2624,php,0,plain,-0.33548468351364136,0.007072644308209419,-0.3190613240003586,-0.07736227102577686
2831,php,0,plain,0.09830197133123875,0.007379799382761121,0.14870522962883115,0.23733322136104107
2871,php,0,plain,0.12050474621355534,0.969856423791498,0.7999389348551631,0.9796381536871195
2897,php,0,plain,0.6539139109663665,0.030350565910339355,-0.626116044819355,-0.6926377452909946
3024,php,0,plain,0.029620660934597254,0.02205507643520832,0.0005477201339090243,-0.06875686347484589
3100,php,0,plain,0.3693457208573818,0.029213273199275136,0.5771865384012926,0.2424272687640041
3126,php,0,plain,0.6622820757329464,-0.9408296272158623,-0.796683176420629,-0.18724024295806885
3140,php,0,plain,0.6232536723837256,0.06081319972872734,-0.005269486457109451,0.0008469653257634491
3146,php,0,plain,-0.2026788666844368,0.004671747796237469,-0.17457742616534233,0.045390283688902855
3163,php,1,release,-0.02568260906264186,0.035108573734760284,-0.036258540116250515,-0.027506140526384115
3181,php,1,bracket,-0.3407624503597617,-0.6127425255253911,-0.14378879964351654,-0.5565593168139458
3281,php,1,bracket,-0.22737527638673782,-0.029942895285785198,0.004901188658550382,-0.02220841497182846
3296,php,0,plain,0.004258487606421113,0.009718742221593857,0.007265589665621519,0.001160195068223402
3316,php,0,plain,0.2129792496562004,-0.002964107319712639,-0.9689869321882725,-0.6796224918216467
3339,php,1,bracket,0.1791566163301468,0.13692477345466614,-0.23472565039992332,-0.25477170944213867
3452,php,0,plain,-0.20471836626529694,-0.9318912324961275,-0.7180855246260762,0.49115994572639465
3454,php,0,plain,-0.04696494899690151,0.6025273862760514,0.933649726677686,0.9039390943944454
3473,php,0,plain,0.00971046113409102,0.09569381549954414,0.001533046131953597,0.0635361704044044
3477,php,0,plain,-0.011490210890769958,0.41576966643333435,-0.33914652466773987,0.0959458485012874
3482,php,0,plain,0.6809607734903693,0.08391060750000179,0.0022258050739765167,-0.009684234857559204
3496,php,0,plain,0.008998247474664822,-0.7143907248973846,0.11917168577201664,0.078075444791466
3521,php,0,plain,0.05910363607108593,0.3440723866224289,0.009762033412698656,-0.255557831376791
3549,php,0,plain,-0.6333703277632594,0.08157826587557793,0.4862705394625664,-0.050051599740982056
3586,php,0,plain,0.1642921268939972,-0.3432853128761053,-0.0360899418592453,-0.7313355319201946
3587,php,0,plain,0.02397039788775146,-0.13938476331532001,-0.06814463343471289,-0.9666027997154742
3599,php,1,ticket,-0.03770427778363228,-0.008420394617132843,0.007524840999394655,0.014499320182949305
3609,php,0,plain,0.03791695740073919,0.004571940749883652,0.1584831029176712,0.03205202892422676
3637,php,0,plain,-0.03862619772553444,0.002832423022482544,0.002438885625451803,-0.8086679736152291
3645,php,0,plain,0.16102703008800745,-0.0016212426126003265,-0.0341674480587244,-0.6543915923684835
3647,php,0,plain,0.18551738164387643,0.054676733911037445,0.020160509273409843,0.006138227880001068
3668,php,0,plain,0.9354343369486742,-0.07076479122042656,-0.012304166331887245,0.0018955155101139098
3695,php,0,plain,-0.972148111264687,-0.042601979337632656,-0.06382269784808159,-0.08778634667396545
3711,php,1,ticket,-0.17809584736824036,-5.531869828701019e-05,-0.010173209360800683,-0.7826751302927732
3736,php,0,plain,0.0034594975877553225,0.0004895306192338467,-0.027210257831029594,0.013038442004472017
3760,php,0,plain,0.1256093165720813,-0.5995780304074287,0.0057685833889991045,0.0182022072840482
3767,php,0,plain,-0.00222940556704998,0.0006861737929284573,0.009456293657422066,0.13469873974099755
3787,php,0,plain,0.03159246081486344,0.9937428425619146,-0.9844925089273602,0.9934503381955437
3823,php,0,plain,0.06157827377319336,0.05983461103460286,0.480661365960259,0.33074644207954407
3829,php,0,plain,-0.07456594705581665,-0.006971333874389529,-0.5376517176628113,-0.0804227739572525
3830,php,0,plain,0.028597131371498108,0.001330938539467752,-0.5278290505520999,0.0011252183467149734
3869,php,0,plain,-0.012945696711540222,-0.3703392958268523,-0.0038974417839199305,-0.8957273177802563
3871,php,0,plain,0.00731561949942261,-0.3272865302860737,-0.32728886790573597,-0.9506748202256858
3885,php,0,plain,0.33289707731455564,0.021035964891780168,0.20390569232404232,0.004127747350139543
3899,php,0,plain,0.29779562540352345,0.012475915253162384,0.035891540348529816,0.5746000530198216
4006,php,0,plain,0.31237221509218216,-0.47330040484666824,-0.10285362228751183,-0.23626761138439178
4067,php,0,plain,0.268668862991035,-0.4364415854215622,0.0017695652786642313,0.050296697998419404
4073,php,0,plain,0.27269745944067836,-0.2776733348146081,0.009910479799145833,-0.18928739544935524
4076,php,0,plain,0.1856804545968771,-0.9877280953805894,0.009254109347239137,-0.9431481789797544
4084,php,0,plain,0.15394452959299088,0.0015523878391832113,0.0026111945771845058,0.846775236306712
4088,php,0,plain,-0.04107784014195204,-0.21454178914427757,0.014038334367796779,-0.15782197564840317
4100,php,0,plain,0.20342785120010376,-0.00047414470463991165,-0.13065481185913086,-0.7265730053186417
4107,php,0,plain,0.4516225876286626,-0.20966307073831558,0.011430604907218367,-0.793695542961359
4109,php,0,plain,0.01697209183475934,-0.2328668050467968,-0.002450408530421555,-0.1076364740729332
4115,php,0,plain,-0.012697626021690667,-0.04204162210226059,-0.9874651320278645,0.13599434355273843
4121,php,0,plain,0.21184593439102173,-0.7888441942632198,-0.3200780297629535,-0.9069710737094283
4141,php,0,plain,0.0042486730962991714,0.14372155629098415,0.030424930155277252,0.7639053110033274
4152,php,0,plain,-0.028496945276856422,-0.5971981585025787,-0.31615597009658813,-0.20604641735553741
4237,php,0,plain,0.0011511026532389224,0.01764936000108719,0.9395462926477194,0.8829809469170868
4256,php,1,bracket,-0.20405003800988197,-0.9269948629662395,-0.008495690301060677,-0.9679124434478581
4309,php,0,plain,-0.06963634490966797,-0.2598132211714983,-0.05867511406540871,0.053821436828002334
4318,php,0,plain,-0.00585273839533329,0.16978207975625992,-0.002397928386926651,0.02516734367236495
4457,php,0,plain,-0.04618469253182411,0.025580575689673424,0.4186392044648528,0.11621912103146315
4542,php,0,plain,0.11221037060022354,-0.1736005807761103,-0.415169358253479,-0.9353716485202312
4546,php,0,plain,0.07449470553547144,0.027873825281858444,-0.36805366817861795,0.017171576619148254
4570,php,0,plain,0.10879960097372532,-0.2437293864786625,0.5912503970321268,-0.8549540564417839
4575,php,0,plain,0.9525932542746887,0.011497679632157087,0.023779751732945442,0.03496575262397528
4592,php,0,plain,0.008427447639405727,-0.18246561428532004,-0.08710874011740088,-0.240683414041996
4609,php,0,plain,-0.9728294806554914,-0.02877504052594304,0.008345307491254061,-0.013703752309083939
4644,php,0,plain,0.0026384154334664345,-0.6633509593084455,0.004242820665240288,-0.2839013338088989
4645,php,0,plain,0.00187216536141932,-0.040230706334114075,-0.2465567234903574,-0.8035175111144781
4646,php,0,plain,0.37135690450668335,0.2937533035874367,0.09810339927207679,0.47193443775177
4660,php,0,plain,0.08749455353245139,0.9249879508279264,0.018468595575541258,0.1580166831263341
4666,php,0,plain,-0.9672822123393416,-0.9133924851194024,0.14026847761124372,-0.04312676936388016
4699,php,0,plain,0.17725232243537903,-0.31578028947114944,-0.39092989452183247,0.03238469362258911
4843,php,1,bracket,-0.09254443645477295,0.5577919096685946,0.02700330934021622,-0.7959791719913483
4855,php,0,plain,0.013054387643933296,0.013585259905084968,0.46755511686205864,0.839848036877811
4867,php,0,plain,0.03265458007808775,0.003902241587638855,0.0792540442198515,0.10693586897104979
4885,php,0,plain,0.3275414304807782,0.10128443647408858,0.2888244236819446,-0.1231059730052948
4903,php,0,plain,0.0025367867201566696,0.9962203851900995,0.9958214192884043,0.9962942283018492
100,py,0,plain,0.8795734662562609,-0.8646227931603789,0.014488865155726671,-0.05362292379140854
103,py,0,plain,-0.2612026780843735,0.05975639820098877,0.005125552648678422,-0.9923126558423974
105,py,0,plain,-0.008329486241564155,-0.1902744360268116,-0.012944272253662348,-0.6304614432156086
125,py,0,plain,-0.5321819931268692,0.009306796360760927,0.8606373625807464,0.945404227823019
219,py,0,plain,-0.47256843745708466,-0.12985979206860065,0.002255416417028755,0.07105770707130432
268,py,0,plain,-0.8944708053022623,0.3484016560250893,0.01412449823692441,0.2573265885002911
286,py,0,plain,0.0006893700920045376,0.05986248375847936,0.0013761828886345029,-0.0003909094666596502
372,py,0,plain,-0.49934421479701996,0.6096802097308682,0.8909709250146989,0.9399196188896894
633,py,0,plain,0.009609924396499991,-0.3213241249322891,0.027623008005321026,0.9538483452051878
647,py,0,plain,-0.022368166595697403,0.0093582677654922,-0.058937886729836464,0.4546537408605218
652,py,0,plain,0.8587310216389596,0.14039111509919167,0.004166719503700733,0.022706590592861176
721,py,0,plain,0.45576977729797363,0.016332194209098816,0.03464629501104355,-0.05435018986463547
727,py,0,plain,0.9592793995980173,-0.0012504625774454325,0.0015902980230748653,-0.9949664239538833
751,py,1,release,0.6955505013465881,0.9945939731551334,0.005918040405958891,9.402207797393203e-05
780,py,0,plain,0.2513364106416702,0.005951621104031801,0.0033616777509450912,0.6462717484682798
848,py,0,plain,0.035709816962480545,-0.5091520063579082,-0.004725883714854717,0.0022828690707683563
868,py,1,bracket,0.10469939932227135,9.360420517623425e-05,0.008110425085760653,-0.2968154940754175
877,py,0,plain,0.7509484849870205,0.07009371370077133,0.023433332098647952,0.004692198126576841
1000,py,1,bracket,0.9692906574346125,-0.029804587364196777,0.01800555587396957,0.5963215306401253
1037,py,0,plain,0.6006703963503242,0.0037038876325823367,0.04344278294593096,-0.39013734087347984
1089,py,0,plain,0.04090685397386551,-0.29661668883636594,0.0110835941741243,0.201187402009964
1133,py,0,plain,-0.48954838514328003,-0.7487054993398488,-0.5999326668679714,0.01867410191334784
1167,py,0,plain,0.8046669675968587,0.5649157245643437,0.012401359097566456,0.778211216442287
1170,py,0,plain,-0.0065949708223342896,-0.01731121353805065,0.0004303202003939077,-0.030888487119227648
1216,py,0,plain,-0.9888424780219793,-0.004916417878121138,-0.04291335120797157,-0.8635875029722229
1229,py,0,plain,0.9158329535275698,0.013216831954196095,0.00031041866895975545,0.9789735675731208
1446,py,0,plain,-0.02383372187614441,0.9920979453454493,0.9377275351434946,0.9568353638751432
1557,py,0,plain,-0.6222606673836708,0.0024023919249884784,0.06368371844291687,-0.553027868270874
1625,py,0,plain,-0.0038292258977890015,0.025460208576987498,0.13547094909881707,0.2918395203887485
1779,py,0,plain,0.20435859262943268,0.030231501907110214,0.005540484591620043,-0.00030428729951381683
1820,py,0,plain,0.23717697337269783,-0.4184218216687441,0.06221431083395146,0.7475622817873955
1898,py,0,plain,0.3786163777112961,-0.04784327745437622,0.009736895561218262,0.3384744133800268
2199,py,0,plain,0.6844637412577868,-0.199029803276062,0.005347780104784761,0.19084545969963074
2204,py,0,plain,-0.008715696632862091,0.05827081948518753,-0.03550746105611324,-0.23336876928806305
2250,py,0,plain,-0.6953035742044449,0.040213033818872645,0.013445262797176838,0.047546446323394775
2252,py,0,plain,-0.9855853863991797,-0.9977968107850756,-0.20743621047586203,-0.15954060479998589
2599,py,0,plain,0.4143400490283966,-0.6094139700289816,-0.08332124352455139,-0.5215836986899376
2701,py,0,plain,0.13814890384674072,-0.042564140632748604,0.01361714769154787,-0.9983904016262386
2702,py,0,plain,0.5441430807113647,-0.00751083716750145,0.012462579179555178,0.23737284541130066
2760,py,0,plain,0.6110953341703862,0.011453822458861396,0.02985510279540904,0.8224417427554727
2820,py,0,plain,0.1236531138420105,0.05741918121930212,0.003928866142814513,0.007613422814756632
2822,py,1,bracket,0.6739577958360314,-0.027163675986230373,0.02273559814784676,0.013904865831136703
2832,py,0,plain,0.4154551066458225,0.8527022169437259,0.0037599061615765095,0.6358916396275163
2971,py,0,plain,0.9316547755151987,-0.11450362112373114,0.0025632091565057635,-0.4656291678547859
2997,py,0,plain,0.7402912639081478,0.6589371114969254,-0.2926844358444214,-0.037776485085487366
3058,py,0,plain,0.49272348592057824,-0.007019447162747383,-0.93624397367239,-0.8493990302085876
3086,py,0,plain,0.40285085141658783,-0.9987974074902013,0.0007473130681319162,-0.0368235120549798
3132,py,0,plain,0.06784343346953392,0.9029374085366726,0.9255333314649761,0.0027828776073874906
3138,py,0,plain,0.6038750633597374,0.4870320074260235,0.8884095527464524,0.8469377048313618
3160,py,0,plain,-0.1497892439365387,0.6228599213063717,0.019513064995408058,0.3222793936729431
3206,py,0,plain,-0.04236822575330734,-0.10096248984336853,0.03793430421501398,-0.5841340497136116
3243,py,0,plain,0.2935869380016811,-0.006540410686284304,0.5770884556695819,0.8941383217461407
3257,py,0,plain,0.815191606990993,0.9892418606905267,0.014693028701003641,0.9947434968780726
3422,py,0,plain,0.10476680099964142,-0.0722993016242981,-0.05807802174240351,0.08402315247803926
3659,py,0,plain,0.9923849074402824,0.0007872122805565596,0.11224212968954816,0.008725096238777041
3671,py,0,plain,0.8194206655025482,-0.06244855187833309,0.001570458902278915,-0.23450188664719462
3677,py,0,plain,-0.9553943396313116,0.024785855901427567,0.007585693732835352,-0.79882722068578
3699,py,0,plain,0.6696733343414962,0.14594921842217445,0.06118661165237427,-0.30941182374954224
4101,py,0,plain,0.11475005745887756,-0.8221475416794419,-0.21283585112541914,-0.8520163311623037
4111,py,0,plain,0.6691089496016502,0.013641775585711002,0.010577488341368735,-0.026653209701180458
4135,py,0,plain,0.9844068578095175,-0.08644419815391302,0.03441376693081111,-0.960523821413517
4159,py,0,plain,-0.10535746812820435,0.002673684502951801,-0.0011724682990461588,0.07460188562981784
4216,py,0,plain,0.23895375430583954,-0.7930292449891567,0.167705113068223,0.0185982808470726
4378,py,0,plain,0.08198404964059591,-0.06194863375276327,0.06584668764844537,0.02109905332326889
4469,py,0,plain,-0.29339781403541565,-0.5315235573798418,-0.008782475255429745,0.2723343074321747
4605,py,0,plain,0.9860431602573954,0.0886235450161621,0.6175419471692294,0.03488550893962383
4664,py,0,plain,0.08918171655386686,0.07160554686561227,0.007354325061896816,-0.1626572161912918
4675,py,0,plain,0.35245317593216896,-0.01840895356144756,-0.0719094816595316,-0.004031199845485389
4793,py,1,revert,-0.3969554901123047,0.35502779169473797,-0.9754067283356562,-0.00876268744468689
4856,py,0,plain,-0.990721529291477,-0.43626783415675163,-0.5431122705340385,-0.9758738889358938
4875,py,0,plain,0.9417873159982264,0.9456963466363959,0.30075979325920343,0.014894694089889526
4918,py,0,plain,0.4811247084289789,0.2745187319815159,-0.6757933553308249,0.02778785693226382
4923,py,0,plain,0.10458295047283173,0.03172622947022319,9.406165918335319e-05,0.003135846694931388
4930,py,0,plain,-0.3029879331588745,-0.5828564688563347,0.06189034087583423,-0.597343273460865
4960,py,0,plain,0.8368434105068445,0.0008545124510419555,0.0014476433134404942,-0.10113461036235094
5068,py,0,plain,-0.10665878094732761,0.0004892314318567514,0.005391782120568678,0.1726230140775442
5125,py,0,plain,0.7086825482547283,0.11092722229659557,0.08515976119088009,-0.07296343892812729
5206,py,0,plain,-0.39032216742634773,-0.5692720394581556,0.0012063505128026009,0.3180759698152542
5224,py,0,plain,0.17461325228214264,-0.9100730670616031,-0.41398843936622143,-0.9023100771009922
5336,py,0,plain,0.8441960923373699,0.008827604127873201,-0.01571466028690338,0.009286691201850772
5338,py,0,plain,0.08521666377782822,-0.5512524247169495,-0.13197728991508484,-0.5102871274575591
5509,py,1,"ticket,hotfix",-0.17172007262706757,-0.6006184853613377,0.01743120141327381,0.003388109616935253
5510,py,0,plain,0.06724723055958748,-0.132229239679873,-0.0011205999180674553,-0.0022420622408390045
5538,py,0,plain,0.9919476312934421,0.990086086676456,0.001795642907381989,0.8612095390562899
5668,py,0,plain,-0.24366991966962814,0.012254380621016026,0.5804021432995796,0.010761454701423645
5762,py,0,plain,-0.005099207162857056,0.0023487046419177204,-0.014391685370355844,0.017144805286079645
5795,py,0,plain,-0.8098722547292709,0.8460293468669988,0.03588523843791336,0.23348925588652492
5865,py,0,plain,-0.9947833954647649,0.022420226596295834,-0.02064759097993374,-0.9229441788047552
5909,py,0,plain,-0.7112961187958717,0.12902067508548498,0.1982692163437605,0.7899785563349724
5913,py,0,plain,0.14758871495723724,-0.43444376811385155,0.0026619983837008476,0.5351528897881508
5919,py,0,plain,0.13604117929935455,0.3647774379933253,0.022941351868212223,0.8270097374916077
6191,py,0,plain,0.9557954268530011,0.0018313857144676149,0.0015797987580299377,0.015357647789642215
6194,py,0,plain,-0.5455700866878033,-0.5176944807171822,0.05478847026824951,-0.8082423768937588
6240,py,0,plain,0.42583567649126053,0.07254643575288355,0.006250095320865512,-0.30724482983350754
6284,py,0,plain,-0.029584191739559174,-0.10993409901857376,0.0002507923491066322,-0.0035721923341043293
6287,py,0,plain,0.3776458017528057,-0.3852902054786682,-0.10143029736354947,-0.11017274856567383
6302,py,0,plain,0.035083599388599396,-0.822488124947995,-0.0011832681484520435,-0.20049793273210526
6382,py,0,plain,0.8149260729551315,0.003240300575271249,0.0012411608913680539,-0.9484797099139541
6432,py,0,plain,-0.2754556853324175,-0.46153226494789124,0.007353768218308687,0.37270380556583405
6478,py,0,plain,0.36861494183540344,0.12472913155215792,0.07126459437131416,0.030607980908825994
6533,py,0,plain,0.08778649568557739,-0.0211722357198596,0.002347697562072426,-0.06359618529677391
6646,py,0,plain,0.00799997802823782,-0.011971675790846348,-0.031243325676769018,-0.616510322317481
6692,py,0,plain,0.0017516019870527089,0.9947181980824098,0.09640364832011983,0.00236574648442911
6711,py,0,plain,-0.01664942502975464,0.1051978780888021,0.02493843180127442,-0.03820395469665527
6716,py,0,plain,0.18384647369384766,0.00022592395544052124,-0.7337166015058756,-0.4986249804496765
6897,py,0,plain,0.05535997450351715,-0.49783378653228283,0.06736309407278895,-0.04703504592180252
7021,py,0,plain,0.9064928740262985,0.03403456282103434,0.008934764890000224,0.10084269195795059
7139,py,0,plain,-0.007721390575170517,-0.13993948698043823,-0.12008899450302124,-0.09223317354917526
7172,py,0,plain,0.7638570461422205,-0.52770905662328,3.925638156943023e-05,0.0004702916194219142
7228,py,0,plain,0.10012966860085726,0.9809186260681599,0.30629561142995954,-0.02046915888786316
7349,py,0,plain,-0.9877642611972988,-0.5321297910995781,-0.5823896308429539,-0.9777134671458043
7483,py,0,plain,0.6175583004951477,-0.06257260963320732,0.006648169830441475,-0.29431915283203125
7526,py,0,plain,-0.004227945581078529,0.05363212781958282,-0.1766712050884962,0.12627834361046553
7573,py,0,plain,0.5018655136227608,0.8010619329288602,0.5222099826205522,0.016169366892427206
7684,py,0,plain,0.11322755226865411,-0.9944792631722521,0.0008106265449896455,0.05540415516588837
8029,py,0,plain,0.3519991731736809,0.36037791054695845,0.03660364999086596,0.9648824804462492
8054,py,0,plain,-0.6119040623307228,0.001325472243479453,0.001070265017915517,0.6517454767599702
8104,py,0,plain,0.002667585271410644,0.5039506610482931,0.008912291843444109,-0.957052068784833
8194,py,0,plain,-0.8156760782003403,0.014420457184314728,-0.9083915473893285,-0.138240784406662
8347,py,0,plain,0.1728518344461918,-0.2025484461337328,0.008363596643903293,-0.5197867378592491
8396,py,0,plain,0.057156812865287066,-0.017167687183246017,-0.0035906508564949036,0.007007697771769017
8465,py,0,plain,0.9216598232742399,0.001555520691908896,0.007256841563503258,0.006326348317088559
8754,py,1,release,0.7142569264397025,0.9745408724993467,0.7070466801524162,-8.749077096581459e-06
8822,py,0,plain,0.8048653723672032,-0.195698581635952,-0.04675108939409256,-0.8790454715490341
8874,py,0,plain,-0.9695136277005076,0.13335539936088026,0.2506936900317669,0.353625550866127
9073,py,0,plain,-0.13708457350730896,0.9364551424514502,0.6490621883422136,0.33132675290107727
9098,py,0,plain,-0.35265523195266724,-0.0025394558906555176,-0.21833586692810059,-0.2264124257490039
9181,py,0,plain,0.0012903574388474226,-0.008430713089182973,-0.024609006475657225,0.046224769204854965
9194,py,0,plain,0.8883639499545097,-0.0016519911878276616,0.0035919485380873084,0.00214191060513258
9297,py,0,plain,0.9861949905753136,0.49532876888406463,0.7267693573376164,0.9936050791293383
9335,py,0,plain,-0.004461231757886708,-0.774541424587369,0.0023284750059247017,-0.3105797991156578
9348,py,0,plain,-0.8785982728004456,-0.21868404746055603,0.015259230392985046,-0.9222723068669438
9401,py,0,plain,0.16184407472610474,0.004787476849742234,0.0045349025167524815,0.14679257571697235
9655,py,1,bracket,-0.018735915422439575,0.0022220257378648967,-0.0005337678594514728,0.0006661359511781484
9820,py,0,plain,-0.04526720568537712,0.002686765044927597,-0.002411315217614174,-0.04017409309744835
10020,py,0,plain,0.29114975221455097,0.0017781491333153099,-0.0004248666955390945,-0.025748277781531215
10135,py,0,plain,0.8337630424648523,0.9583459977875464,0.011024905950762331,0.015413049084600061
10138,py,0,plain,0.08062204346060753,-0.5583103895187378,0.018139634281396866,0.5273488163948059
10190,py,0,plain,0.21156379580497742,0.13504788023419678,0.12668506801128387,-0.0021638236939907074
10320,py,0,plain,-0.6937784403562546,-0.35294174402952194,0.023262964328750968,0.020512282848358154
10352,py,0,plain,-0.49951978772878647,-0.0033988291397690773,0.017529207165353,0.11450042016804218
10450,py,0,plain,-0.2521885931491852,0.012214374728500843,0.12913154016132466,0.7384989087004215
10490,py,0,plain,0.0370350182056427,0.0032068817818071693,-0.08229298889636993,0.00061472366360249
10737,py,0,plain,-0.9505425617098808,-0.9057054381701164,-0.2166343778371811,-0.9565004283795133
10825,py,0,plain,0.15365560073405504,-0.29710478335618973,-0.1412215419113636,0.2855639010667801
10889,py,0,plain,-0.511415708810091,0.1715380770037882,0.15030527242925018,0.0658960904693231
10925,py,0,plain,-0.05243232101202011,0.03371121920645237,-0.00014544006262440234,0.929797038435936
11069,py,0,plain,-8.380413055419922e-05,0.0053204532887320966,-0.0765756331384182,0.003950580314267427
11547,py,0,plain,-0.4145098477602005,-0.2624476910568774,-0.8650012221187353,-0.8774251770228148
11615,py,0,plain,0.03234730660915375,0.06843972252681851,-0.0031468570232391357,0.3056417708285153
11781,py,0,plain,-0.08502011001110077,-0.9762904251692817,-0.03656003950163722,0.22334670089185238
11861,py,0,plain,-0.014887593686580658,0.7049586027860641,-0.058969476260244846,0.1172281801700592
12098,py,0,plain,0.8214793549850583,0.1585407555103302,0.0016275590169243515,0.09661949053406715
12145,py,0,plain,-0.015896453987807035,0.7854068856686354,0.09540972160175443,0.09586453600786626
12148,py,0,plain,0.037173688411712646,-0.06964219082146883,0.004468131810426712,0.6477196458727121
12379,py,0,plain,0.0899413600564003,-0.011976985959336162,0.048410236835479736,0.3620509559987113
12462,py,0,plain,0.1522890329360962,-0.030746320262551308,-0.014858580194413662,-0.272473506629467
12601,py,0,plain,0.3229042458697222,-0.021663494408130646,0.5786791657010326,-0.12226241268217564
13042,py,0,plain,-0.2698228135704994,0.11238738894462585,-0.21324382349848747,0.11857046186923981
13127,py,0,plain,-0.7659909669309855,-0.17906053364276886,-0.029514232650399208,-0.9868320620153099
13368,py,1,bracket,0.41945127211511135,0.012720542377792299,0.3902512907516211,0.024410690180957317
13515,py,0,plain,0.0037593882298097014,-0.3183967527002096,0.006533365813083947,-0.008840061724185944
13578,py,0,plain,0.7522610202431679,0.12935762596316636,0.06597996782511473,0.3698596954345703
13804,py,0,plain,-0.0003229323774576187,0.0005364333628676832,0.00012952286488143727,0.02592443861067295
13968,py,0,plain,0.001974664628505707,-0.0005988948978483677,-0.004669600166380405,-0.582054041326046
14244,py,0,plain,0.05460469052195549,0.043221816420555115,-0.028869396075606346,0.88701411196962
14280,py,0,plain,0.9054131490411237,0.9238537575001828,8.315156446769834e-05,0.6172111630439758
14301,py,0,plain,0.3516928106546402,0.017690721484541427,2.700742334127426e-05,0.00431196711724624
14316,py,0,plain,0.6943970505381003,0.7624425659887493,0.001048338832333684,0.016825438244268298
14322,py,0,plain,0.3424509782344103,-0.10261768265627325,-0.003702146001160145,-0.97518088913057
14324,py,0,plain,0.42595197539776564,-0.0022201722022145987,-0.00011536412057466805,-0.01649254554649815
14336,py,0,plain,0.7203547696117312,0.9424843630986288,-0.05624444503337145,0.6755931749939919
14368,py,0,plain,0.1789338761009276,0.001084711286239326,0.007904188707470894,0.026884348830208182
14444,py,0,plain,0.4175873026251793,0.038486987352371216,-0.44814904034137726,-0.14495600014925003
14546,py,0,plain,0.8208409156650305,0.0001898512346087955,0.012539506191387773,-0.0395352435298264
14610,py,0,plain,0.7774052708409727,-0.14337186142802238,0.005747904069721699,0.5253117457032204
14660,py,0,plain,0.7996301939710975,0.022880825214087963,-0.010392296127974987,0.04680261667817831
14666,py,0,plain,-0.34378592669963837,-0.0037627005949616432,-0.7429019282571971,-2.6512891054153442e-05
14688,py,0,plain,0.026924975216388702,-0.9367769069503993,-0.33490227721631527,-0.8262419425882399
14756,py,0,plain,0.5372698307037354,0.04237773455679417,0.6469523757696152,0.8544023893773556
14847,py,0,plain,0.1616280898451805,-0.051856692880392075,0.05928724101977423,-0.15158122777938843
14963,py,0,plain,0.001604246033821255,0.03496350976638496,-0.061073968186974525,-0.38162724673748016
15176,py,0,plain,-0.3581116199493408,-0.05268222093582153,-0.07615522108972073,-0.22386829555034637
15206,py,0,plain,-0.16390755772590637,0.00035737582948058844,0.06856599450111389,0.6307126842439175
15330,py,0,plain,-0.8695765752345324,0.024376658257097006,-0.0034302938729524612,-0.9724248287966475
15412,py,0,plain,0.6813373044133186,0.0062177181243896484,-0.13000818341970444,-0.03690464049577713
15579,py,0,plain,-0.9388086579274386,-0.01186523400247097,-0.025172340916469693,-0.3586130393669009
16076,py,0,plain,0.12965060025453568,0.09088970720767975,-0.0017597242258489132,0.2573349252343178
16201,py,0,plain,0.284050767775625,0.0010039990884251893,0.0022123937378637493,0.007685547025175765
16314,py,0,plain,0.2013253327459097,0.9253545976243913,0.0024542176397517323,0.7012577019631863
16386,py,0,plain,0.650712613016367,0.011111129075288773,0.010321264155209064,0.13186370581388474
16550,py,0,plain,0.8254877552390099,0.011312617352814414,0.004826854157727212,0.03939117048867047
16728,py,0,plain,0.29808708745986223,0.0008811098523437977,0.6616802630014718,0.6620306624099612
16729,py,0,plain,0.7974029248580337,0.0776330903172493,0.0009881173027679324,0.06129627954214811
16861,py,0,plain,0.4386115074157715,0.0008324608206748962,0.01777695503551513,0.02344270097091794
17246,py,0,plain,0.18217775225639343,0.0116836100933142,0.1597229060716927,0.521205302211456
17624,py,0,plain,0.22091607004404068,-0.8918702974915504,0.31484901987278135,-0.7286709025502205
17969,py,0,plain,0.007047820836305618,0.7166945958160795,0.18371406383812428,0.7524361272808164
18020,py,0,plain,0.989441968704341,0.12852874398231506,-0.804905123077333,-0.996129984036088
18068,py,0,plain,-0.7177622132003307,-0.1153954416513443,0.06158676207996905,-0.6795224994421005
9,rust,0,plain,0.07892253692261875,0.1239881101064384,0.6544496568385512,0.8030603975057602
23,rust,0,plain,0.08558298065327108,0.33671646914444864,0.1402688268572092,0.9383541606366634
24,rust,0,plain,0.055054664611816406,0.00958384433761239,0.0055615181336179376,0.002677364827832207
38,rust,0,plain,0.3910948634147644,0.9778225680347532,0.9638400501571596,0.0031177430355455726
63,rust,0,plain,0.0960681363940239,0.012547655496746302,-0.7432771101593971,0.27995430352166295
70,rust,0,plain,0.23144094925373793,0.06332594202831388,0.011327940883347765,0.10810264106839895
75,rust,0,plain,0.4290849072858691,-0.026385927107185125,-0.22266910411417484,0.006125655025243759
102,rust,0,plain,0.18909233808517456,-0.08058433933183551,-0.0011271029943600297,-0.049237070605158806
118,rust,0,plain,0.01727760973153636,0.9915981093072332,0.9222912406039541,0.02762346062809229
127,rust,0,plain,0.030596168711781502,-0.006311355973593891,0.08845225005643442,-0.04979323409497738
130,rust,0,plain,0.4224329423159361,0.0038814498111605644,0.0025454917922616005,-0.5067568644881248
139,rust,0,plain,-0.02185577154159546,0.006581587716937065,0.0646900231949985,0.13318469980731606
144,rust,0,plain,-0.25983893731608987,0.005390816135331988,0.7909001102671027,0.17913001729175448
148,rust,0,plain,0.9870257105212659,0.03204310848377645,0.2784188315272331,0.16411262471228838
164,rust,0,plain,0.7668249160051346,0.009709682781249285,0.014461204875260592,-0.24578657746315002
170,rust,0,plain,0.661631628870964,0.007506980560719967,0.008731028239708394,-0.6079837828874588
174,rust,0,plain,-0.34066395834088326,-0.00032248813658952713,0.0007952236919663846,0.4042808413505554
186,rust,0,plain,0.5026914328336716,0.01825355552136898,0.0028707797173410654,-0.15974595211446285
213,rust,0,plain,0.31946978345513344,-0.0010046758688986301,-0.013693376909941435,-0.13627565652132034
228,rust,0,plain,0.009701934410259128,-3.9015780203044415e-05,0.03960414696484804,0.44638925208710134
272,rust,0,plain,-0.7951871454715729,0.010980184888467193,-0.18387119472026825,0.07685042172670364
279,rust,0,plain,-0.2764608711004257,-0.06569454912096262,-0.02109305514022708,-0.031454116106033325
289,rust,0,plain,-0.9842806399828987,0.021507940255105495,0.12030959874391556,0.3821626976132393
297,rust,0,plain,-0.9725878504104912,-0.016086285933852196,0.0006378822727128863,-0.04676240496337414
309,rust,0,plain,-0.6005939766764641,-0.09027739614248276,0.019049100345000625,-0.03300173580646515
327,rust,0,plain,-0.07515928149223328,0.3466752232052386,0.007870071567595005,-0.9996080621895089
336,rust,0,plain,0.03952030465006828,0.11151604738552123,-0.01871759258210659,0.02899298258125782
355,rust,0,plain,-0.006744049489498138,0.0879701126832515,0.031436970573849976,0.07521598320454359
364,rust,0,plain,0.13963129138574004,0.3236780755687505,0.6684538854751736,0.9807931704563089
390,rust,0,plain,0.9534435856621712,0.002372481510974467,0.06367182545363903,0.01675984263420105
494,rust,0,plain,-0.45894472301006317,0.14374088775366545,0.5457396693527699,0.5883766540791839
515,rust,0,plain,0.15098818205296993,-0.002977977506816387,0.028936717659235,-0.0752059817314148
517,rust,0,plain,0.699413925409317,0.10467733442783356,0.018387272488325834,-0.03285675426013768
728,rust,0,plain,0.12859904766082764,-0.018957193940877914,0.04074955731630325,-0.02631331980228424
752,rust,0,plain,-0.9928057640790939,0.11404974572360516,-0.00021815020591020584,-0.026847106404602528
753,rust,0,plain,-0.9035896304994822,-0.004565299255773425,-0.020949344150722027,-0.012695715297013521
759,rust,0,plain,-0.7244404330849648,0.01920370094012469,0.23436324391514063,0.013621874386444688
781,rust,0,plain,0.9890643044491298,0.8419795902445912,0.4454251103452407,0.9501115635503083
785,rust,0,plain,-0.5269079282879829,-0.142560712993145,0.010041695059044287,-0.8403842486441135
789,rust,0,plain,-0.9539908701553941,0.9524846510976204,0.056686623487621546,-0.45536939799785614
849,rust,0,plain,0.054260045289993286,-0.008076933096162975,0.0069279136369004846,0.06518608797341585
853,rust,0,plain,0.9646438763375045,0.014103179215453565,0.04739010124467313,0.6258377954363823
871,rust,0,plain,-0.43654313683509827,0.02913179458118975,0.0069947754964232445,0.07924648001790047
877,rust,0,plain,0.22860174626111984,0.003262541489675641,0.061539176851511,-0.13621678203344345
909,rust,0,plain,-0.532924223691225,-0.08057376742362976,0.14495466649532318,-0.0003814585506916046
913,rust,0,plain,-0.9854743764735758,0.035080235451459885,-0.00048229412641376257,-0.09604103118181229
921,rust,0,plain,0.11154901096597314,-0.9355204366147518,0.896829157602042,0.9819407553877681
928,rust,0,plain,0.3192338887602091,0.05266717076301575,-0.3992718541994691,-0.9875417668081354
944,rust,0,plain,0.9918845464126207,-0.9902290119789541,0.13520463445456699,0.25307172629982233
1021,rust,0,plain,0.7871932695852593,-0.013619035482406616,0.0059203193814028054,0.7737303748726845
1048,rust,0,plain,0.010950243100523949,0.012825144454836845,0.006514871449326165,0.04823572747409344
1076,rust,0,plain,-0.44427061080932617,-0.6450907699763775,0.0708819217979908,-0.4655785411596298
1086,rust,0,plain,-0.03611922264099121,0.00216692965477705,0.037468265858478844,-0.00407062005251646
1090,rust,0,plain,-0.5206437231972814,-0.03314329870045185,0.00035772286355495453,-0.007142148911952972
1101,rust,0,plain,0.7718973234295845,0.9176398108247668,0.2015241285553202,0.16162343695759773
1129,rust,0,plain,0.6601008968427777,0.16489573603030294,0.011621421377640218,0.16216162499040365
1131,rust,0,plain,0.6453066766262054,-0.07828295975923538,0.0008217847207561135,0.06134561076760292
1156,rust,0,plain,0.01383550651371479,0.004712502472102642,0.002347041037864983,0.02994394674897194
1173,rust,0,plain,-0.47377970069646835,-0.546748285240028,-0.7434694431722164,0.038953563664108515
1210,rust,0,plain,-0.007419690489768982,-0.14219054207205772,0.001771806739270687,-0.9347236324101686
1236,rust,0,plain,0.22400612686760724,0.20244472799822688,0.9964403258054517,-0.036630477756261826
1237,rust,0,plain,0.8176019426900893,0.9599260634859093,0.0749666802585125,0.4366558976471424
1262,rust,0,plain,0.6223880592733622,0.07474484771955758,0.0177439758554101,0.11313094943761826
1275,rust,0,plain,0.19965589744970202,0.0006058206781744957,0.014844552730210125,-0.03463804675266147
1276,rust,0,plain,0.3078221343457699,-0.5498844534158707,0.004188921302556992,-0.003243134473450482
1321,rust,0,plain,0.6029271669685841,-0.1050325520336628,-0.3500521257519722,-0.7494372073560953
1346,rust,0,plain,-0.18728402676060796,0.12208135053515434,-0.17364467307925224,0.03260535001754761
1362,rust,0,plain,0.008747264742851257,0.0010375767014920712,-0.03599325614050031,-0.515012658201158
1370,rust,0,plain,0.9522165686357766,0.5406448617577553,0.027042197063565254,0.025804776698350906
1388,rust,0,plain,0.5503299639094621,-0.2502755573950708,-0.028431677259504795,-0.03963937796652317
1449,rust,0,plain,0.321317195892334,0.05335350940003991,0.023834727704524994,0.028975993627682328
1461,rust,0,plain,0.672846551053226,0.09047198726329952,0.07627073675394058,0.23704194044694304
1475,rust,0,plain,0.7118815395515412,0.00358140078606084,0.00513876904733479,0.009696248802356422
1548,rust,0,plain,0.9868442321021575,0.07497291639447212,0.008418418699875474,0.16470421105623245
1619,rust,0,plain,0.02751947194337845,-0.047368316212669015,0.019880535546690226,-0.9117974238470197
1628,rust,0,plain,0.07041584211401641,-0.10406043869443238,-0.691332102229353,-0.8105023391544819
1671,rust,0,plain,0.3636859357357025,-0.9270003829151392,0.14275304600596428,0.9514533441979438
1682,rust,0,plain,0.5872584180906415,0.43462819047272205,0.02996085211634636,-0.0344267413020134
1754,rust,0,plain,0.3766835853457451,-0.10853147506713867,-0.9525107009685598,-0.0027745328843593597
1783,rust,0,plain,0.4871476190164685,0.0010110939911101013,0.00045422175389830954,-0.5114399902522564
1799,rust,0,plain,0.6697640642523766,-0.9880573722766712,-0.006862921640276909,-0.012570053339004517
1808,rust,0,plain,0.03764941543340683,0.07232299586758018,0.06335273920558393,0.005184764275327325
1810,rust,0,plain,0.2663868237286806,0.02760143345221877,-0.42778927087783813,-0.042079485952854156
1832,rust,0,plain,-0.01934143155813217,-0.1199444099329412,-0.14900462329387665,-0.045178841799497604
1834,rust,0,plain,0.07348590716719627,0.48522163555026054,0.9348575872718357,0.05360436253249645
1837,rust,0,plain,-0.7148325107991695,0.020665694028139114,0.07192772583221085,-0.2516917437314987
1863,rust,0,plain,-0.5477300956845284,-0.640222224406898,0.01477951864944771,0.33718459983356297
1869,rust,0,plain,0.9908031728118658,0.9524529261980206,-0.017831528559327126,0.16391181387007236
1888,rust,0,plain,0.946189156267792,0.4506859128596261,0.0061940018786117435,0.16967354714870453
1919,rust,0,plain,0.32544006779789925,0.021558416076004505,0.004641794876079075,0.01776167959906161
1928,rust,0,plain,0.21924638375639915,0.0032380370394093916,0.25776680558919907,0.005426310686743818
1933,rust,0,plain,0.00930385384708643,0.1153621836565435,0.11828798661008477,0.16815354488790035
1968,rust,0,plain,-0.09841452538967133,0.340568206156604,0.02506335638463497,0.010421826969832182
1992,rust,0,plain,0.969353765132837,0.29057862085755914,0.15294202660152223,0.05546962935477495
1993,rust,0,plain,0.7431315744761378,0.5026135817170143,0.6206118948757648,0.2497196332551539
2001,rust,0,plain,0.5626880563795567,0.026994463056325912,0.01369736879132688,-0.5534916399046779
2007,rust,0,plain,0.9527218285948038,0.026587505533825606,0.00347769632935524,0.0025256089284084737
2021,rust,0,plain,0.09415498888120055,0.06465812120586634,0.025851283222436905,0.06092941015958786
2028,rust,0,plain,0.8214605983812362,0.22393705454305746,-0.044828461948782206,-0.11945897806435823
2064,rust,0,plain,-0.06612247228622437,0.3038599747233093,0.4180342892650515,-0.6343048997223377
2065,rust,0,plain,-0.02440313994884491,-0.24097740277647972,4.188297316431999e-05,-0.2814158499240875
2085,rust,0,plain,0.7796104440931231,0.03382475487887859,-0.04248388111591339,0.41519753634929657
2090,rust,0,plain,0.3250049208290875,-0.017166732344776392,-0.4544262271374464,-0.8037100359797478
2094,rust,0,plain,-0.765060774050653,0.005486886482685804,-0.0035918131470680237,0.004462289449293166
2125,rust,0,plain,0.3607686571776867,0.028079016134142876,0.44804318249225616,0.17195332620758563
2141,rust,0,plain,-0.16441702842712402,-0.50386081635952,0.12077364418655634,-0.4914785511791706
2160,rust,0,plain,0.011686736368574202,0.0001852448913268745,0.006771164713427424,-0.13640503957867622
2166,rust,0,plain,-0.8060064390301704,0.005052877124398947,-0.08468201570212841,-0.2456348016858101
2191,rust,0,plain,-0.19557343423366547,-0.08345194905996323,-0.2734445706009865,-0.0005357414484024048
2208,rust,0,plain,0.9638280327781104,0.952964592637727,0.9738524485728703,0.09418438468128443
2210,rust,0,plain,0.743413700722158,-0.5439270213246346,-0.1663677589967847,-0.09000349882990122
2212,rust,0,plain,0.05664867162704468,-0.4465548153966665,-0.317577188834548,-0.9182795286178589
2219,rust,0,plain,0.9457038563414244,0.018573925830423832,-0.13255831226706505,-0.00539187528192997
2240,rust,0,plain,-0.8519528657197952,-0.6869411170482635,-0.003440085332840681,-0.09596876427531242
2241,rust,0,plain,0.7005563776474446,-0.980496282922104,-0.0024526806082576513,-0.9743083595531061
2262,rust,0,plain,-0.9940727648499887,0.0011452951293904334,0.009598553471732885,0.027204155165236443
2275,rust,0,plain,0.019456876907497644,0.08860856294631958,-0.007488487754017115,-0.8183280825614929
2287,rust,0,plain,-0.14288419391959906,0.06345715140923858,-0.06680739345028996,-0.3625635653734207
2310,rust,0,plain,-0.008878998458385468,-0.021129626780748367,0.018039000759017654,-0.06979502737522125
2333,rust,0,plain,-0.6919905245304108,0.013928564032539725,0.010797115508466959,0.056892572436481714
2350,rust,0,plain,0.9862454944523051,0.12193836970254779,0.9931215488468297,0.005951930594164878
2392,rust,0,plain,0.0046790773631073534,-0.001389587763696909,0.0005987701588310301,0.002907565823988989
2462,rust,1,release,-0.06457255408167839,-0.9898727954714559,-0.09070350602269173,-0.12619709968566895
2464,rust,0,plain,-0.4536823108792305,0.05888519692234695,0.2685537289362401,0.7070329152047634
2492,rust,0,plain,0.5422796234488487,0.0056003425270318985,0.002765035373158753,0.1470689345151186
2524,rust,1,bracket,-0.8085597306489944,0.5184876620769501,0.006879240274429321,0.11607371270656586
2557,rust,1,bracket,0.5577520579099655,-0.07621437823399901,0.024442933034151793,-0.14030657336115837
2741,rust,1,bracket,0.07545942440629005,-0.7207718752324581,-0.94702328920539,0.6105941571295261
2750,rust,1,bracket,0.059606343507766724,-0.002407735417364165,0.41902340948581696,0.7131814248859882
2863,rust,0,plain,0.011562640778720379,0.003936814231565222,0.35619778744876385,0.05844339728355408
2894,rust,0,plain,0.07351383287459612,0.4217276960844174,0.0009597623720765114,-0.05226651951670647
2988,rust,0,plain,0.2946483790874481,0.784793789498508,0.003380496345926076,-0.3725902736186981
2992,rust,0,plain,-0.005381190334446728,-0.9677913631312549,-0.0327795036137104,-0.6925701461732388
2997,rust,0,plain,-0.4314641887322068,-0.4334395574987866,-0.001781665487214923,-0.9938658216269687
3009,rust,0,plain,0.12305036932229996,0.036742374300956726,0.07054137485101819,0.055489830672740936
3051,rust,0,plain,0.21224821358919144,-0.8579713306389749,0.04588313901331276,-0.9260643105953932
3119,rust,0,plain,0.4527818039059639,0.03287747502326965,0.0027376355137676,0.16326996544376016
3164,rust,0,plain,0.4550045095384121,-0.07564967218786478,-0.49932628497481346,-0.0029742643237113953
3183,rust,0,plain,-0.08189966529607773,-0.03236094303429127,-0.027355846017599106,0.03304812591522932
3203,rust,0,plain,-0.2292461395263672,-0.030094541609287262,0.02410807937849313,0.5369798596948385
3235,rust,0,plain,0.03174250014126301,-0.8114733248949051,-0.011413207277655602,-0.7781375590711832
3261,rust,0,plain,-0.30298979207873344,-0.0033876652305480093,-0.0011110194027423859,-0.028807451017200947
3273,rust,0,plain,0.4917885400354862,0.04474811255931854,0.023084105923771858,0.4444641531445086
3297,rust,0,plain,0.9614235807675868,0.06296155659947544,-0.9547671171312686,0.467867074534297
3306,rust,0,plain,0.2640709653496742,0.07569566834717989,-0.027922295033931732,0.013175245374441147
3322,rust,0,plain,-0.7327700881869532,-0.7992748161777854,0.007749985903501511,-0.9906000377959572
3355,rust,0,plain,-0.38828717172145844,-0.9662666541989893,-0.9600483500398695,2.538040280342102e-05
3389,rust,0,plain,0.05227497220039368,0.009224623907357454,0.015615779906511307,-0.020215168595314026
3390,rust,0,plain,-0.9655576500226744,0.02773677301593125,0.078754294780083,0.9524181876331568
3401,rust,0,plain,0.5981402099132538,0.1717348787933588,0.0014579531271010637,0.026357796974480152
3406,rust,0,plain,0.03303155303001404,-0.19553094846196473,-0.5679976064711809,-0.3935280293226242
3414,rust,0,plain,0.929599684139248,0.015892308147158474,0.022105083568021655,0.10518363118171692
3425,rust,0,plain,-0.9215447325259447,0.5317607223987579,-0.20075248181819916,-0.3368889391422272
3432,rust,0,plain,-0.5025498745962977,-0.15758404973894358,-0.02955218404531479,-0.5481889806687832
3437,rust,0,plain,-0.46738425735384226,-0.981466778088361,-0.4591609202325344,0.061257652938365936
3467,rust,0,plain,0.3684360571205616,-0.05408500193152577,-0.9644382395781577,0.07386422902345657
3489,rust,0,plain,0.07113862223923206,0.006629183888435364,0.02891437942162156,0.18845805898308754
3496,rust,0,plain,0.005143682938069105,0.00038127449806779623,-0.6987076550722122,0.0012102479813620448
3505,rust,0,plain,-4.610801988746971e-05,0.1289496097015217,0.0014807207917328924,-0.04660576581954956
3512,rust,0,plain,-0.4230917077511549,-0.03737187897786498,-0.022947052493691444,-0.5295005068182945
3672,rust,0,plain,0.05715165939182043,-0.1224648579955101,-0.5500076487660408,-0.6829619109630585
3673,rust,0,plain,0.08674366027116776,0.026359016075730324,0.06928037572652102,0.09101420780643821
3763,rust,0,plain,0.11912689823657274,0.9287238395772874,0.13728481391444802,0.010061213048174977
3813,rust,0,plain,0.04759184457361698,-0.3375603915192187,0.002022206550464034,-0.006052419543266296
3822,rust,0,plain,0.027950900606811047,0.03213622444309294,0.0010470068082213402,-0.025174979120492935
3832,rust,0,plain,0.0383994011208415,-0.07859084848314524,-0.01724660024046898,-0.32932566851377487
3850,rust,0,plain,-0.08500854671001434,-0.9934211441141088,-0.34849352948367596,-0.011911314446479082
3874,rust,0,plain,-0.8836543001234531,9.21044556889683e-05,0.3504946078173816,0.9776733117178082
3933,rust,0,plain,0.10102859325706959,0.2482355199754238,0.01396258728345856,0.014758828794583678
3997,rust,0,plain,0.006575968116521835,-0.14517819322645664,0.00595681369304657,-0.2787459958344698
4000,rust,0,plain,0.5085881880950183,0.006390732014551759,0.028294393327087164,0.03471185371745378
4028,rust,0,plain,0.032238008454442024,-0.17786507308483124,0.09954752842895687,0.5580818089656532
4138,rust,0,plain,-0.0339532196521759,-0.03895052429288626,0.00030490930657833815,0.011810928583145142
4196,rust,0,plain,0.019509266363456845,0.0009185493836412206,-0.019343164283782244,0.0027390122413635254
4209,rust,1,bracket,0.11604398395866156,0.07554958388209343,-0.003461720421910286,-0.666780723258853
4227,rust,0,plain,0.07599612139165401,0.009402204304933548,-0.0006839102134108543,0.01337873749434948
4359,rust,0,plain,0.908061821013689,0.14822232112055644,0.5202144449576735,0.6272492650896311
4376,rust,0,plain,-0.1653260886669159,0.6644660234451294,-0.9852960726711899,0.1625993847846985
4392,rust,0,plain,0.12511048093438148,0.7948743747547269,0.7602904494851828,-0.27751123905181885
4405,rust,0,plain,-0.68479273468256,0.9675791556946933,-0.00031824514735490084,0.9102779817767441
4406,rust,0,plain,-0.17366847395896912,-0.10505224019289017,0.31672943849116564,0.20072592049837112
4428,rust,1,bracket,0.6270771063864231,0.03780800319509581,0.05308064725250006,-0.02685602381825447
4496,rust,0,plain,-0.1672488022595644,-0.0420134998857975,0.03670984972268343,0.31017433234956115
4507,rust,0,plain,-0.14086062088608742,0.030498381704092026,0.010219655930995941,-0.42075200006365776
4521,rust,0,plain,0.22131787240505219,-0.02035214751958847,0.08649753965437412,0.07609483040869236
4554,rust,0,plain,0.3903827276080847,0.0031706467270851135,-0.6173546928912401,0.008463017642498016
4558,rust,0,plain,-0.574953630566597,-0.10835372656583786,-0.7263430431485176,-0.2926139533519745
4566,rust,0,plain,0.6419817917048931,-0.2542181999888271,-0.8478265404701233,-0.20948881655931473
4591,rust,0,plain,-0.10962842870503664,-0.005005338229238987,-0.00013897661119699478,-0.20227042771875858
4606,rust,0,plain,0.2685527801513672,0.54816784709692,0.08275260077789426,0.2618726044893265
4692,rust,0,plain,-0.0611109584569931,0.006762012839317322,0.005826547741889954,-0.002790655940771103
4717,rust,0,plain,0.06663554906845093,-0.2919151782989502,-0.013481339439749718,0.07174614816904068
4727,rust,0,plain,0.17959698662161827,0.5777155971154571,0.04880958655849099,0.19714810699224472
4745,rust,0,plain,0.3529805988073349,-0.0029681469313800335,0.0017094237264245749,-0.9243507017381489
4747,rust,0,plain,0.3612067438662052,0.9394847037037835,0.008686770685017109,0.0010889749974012375
4749,rust,0,plain,0.21873967163264751,-0.012301701121032238,-0.00229693204164505,-0.8738906476646662
4758,rust,0,plain,0.6072988584637642,0.7146343132480979,0.42087656352669,-0.2071549892425537
4768,rust,0,plain,-0.2509125769138336,-0.9728410788811743,0.035073885694146156,0.14309946447610855
4773,rust,0,plain,0.3544151410460472,-0.2625766098499298,-0.28560657426714897,-0.7549952138215303
4774,rust,0,plain,0.24442717991769314,-0.29436783911660314,0.011622906080447137,-0.990640267089475
