diff_id,language,gen_intent,nli_signed_gold→gen_intent,nli_signed_diff→gen_intent,gen_content,nli_signed_gold→gen_content,nli_signed_diff→gen_content,gen_baseline,nli_signed_gold→gen_baseline,nli_signed_diff→gen_baseline
84,cpp,Finalize type check for nominal type decls.,-0.11268984340131283,0.9875900757033378,The diff changes the code in the `finalizeType` function by adding two lines of code.,0.0021136992145329714,0.6885451970156282,Fix static void finalizeType in TypeCheckDecl.cpp.,-0.1950437817722559,0.0685494989156723
148,cpp,Update prevector tester to use ConsumeIntegralInRange instead of ConsumeIntegral.,-0.06278581358492374,0.10821937024593353,"The diff changes the behavior of the `test_one_input` function by modifying the `prevector` class's `insert`, `erase`, and `reserve` methods.",-0.0036822051042690873,0.5174710936844349,"""Fix prevector tester to use ConsumeIntegralInRange""",-0.6063806544989347,-0.26671983301639557
170,cpp,"Update API and behavior of imgui.cpp, add API breaking changes and tips.",0.0009534958298900165,0.2699586935341358,"The diff changes the behavior of the ImGui library, specifically the way it handles font scaling, clipboard text, and memory allocation. It also renames some functions and removes some parameters.",1.8423248548060656e-05,0.933412972241058,"Update imgui.cpp: API breaking changes, bug fixes, and improvements.",0.00798130119801499,0.6206477284431458
227,cpp,Fix tool change to respect extruder temperature limits.,0.0166428463999182,0.21937892958521843,Changes the active extruder to the specified value if the hotend is not too cold to extrude.,0.06872805138118565,0.9151636767201126,Fix tool change function to check for hotend temperature.,-0.05598799139261246,0.1671983152627945
624,cpp,Fix stereo rendering for RENDER_STEREO_VIEW_RIGHT.,-0.49278400279581547,0.2662592357955873,"The diff changes the way the video is rendered in a stereoscopic mode, specifically by flipping the video in the y-axis for a certain format.",-0.5558922812342644,0.40353667829185724,Fix stereo rendering in BaseRenderer.cpp.,-0.38174285599961877,0.08072412910405546
634,cpp,Update active frame number from Lua argument.,0.04789082519710064,0.8563279304653406,The diff changes the way the active frame is set in the `App_set_activeFrame` function.,0.015821961220353842,0.7471183300949633,Update active frame number in App_set_activeFrame(),0.017499812645837665,0.7873799831140786
679,cpp,Add expiration option to benchmark transfer subcommand.,0.9198342286981642,0.9839944783598185,"The diff changes the code to add a new option to the ""transfer"" subcommand, ""expiration"", which sets the expiration time for the transaction.",0.021569170843577012,0.7298776423558593,Add transfer subcommand to benchmark command.,0.2666807919740677,0.98330138460733
932,cpp,Update help message for init.cpp.,-0.004250421188771725,0.9038593415170908,"The diff changes the string ""strUsage"" in the code, adding or modifying lines that contain the string.",0.11731677129864693,0.9287245091982186,Update help message for init.cpp.,-0.004250406287610531,0.9038593415170908
997,cpp,Fix manifest and add ignore_apk_file function for APK export.,-0.010127202607691288,0.8744110716506839,"The diff changes the way the Android export process handles APK files, adding a new function `ignore_apk_file` and modifying the `export_project_files` function to use it",-0.002290017786435783,0.6959366528317332,Fix manifest and add ignore_apk_file function for APK export.,-0.010127083398401737,0.8744110716506839
1118,cpp,Refactor: Improve performance by using const SequenceId assignedSequenceId = GetAssignedSequenceId() only once.,-0.005946047604084015,0.02879421878606081,"The diff changes the way the `GetAssignedSequenceId()` function is called and used in the code, adding a check for the sequence ID before calling the function and using a constant variable instead",-0.07604042021557689,0.0011859741061925888,Refactor: Improve performance by using early returns and avoiding unnecessary code execution.,-0.015918582677841187,0.07514870446175337
1359,cpp,Add UpdateControls and m_pImplData->Update() to CATLAudioObject.,-0.009913817513734102,0.9537462356965989,"The diff adds a new method `UpdateControls` and calls it from `Update`, and also adds a new line to the `Update` method.",-0.000510909128934145,0.18480159807950258,Add UpdateControls and Update methods to CATLAudioObject.,-0.039723812602460384,0.9105323578696698
1361,cpp,Add check for missing dbg.declare for AllocaInst.,-0.7848907262086868,0.7853748686611652,"The diff adds an include statement for ""llvm/IR/IntrinsicInst.h"" and modifies a condition in the ""emitDbgIntrinsic"" function.",0.00016892224084585905,0.6509792325086892,Add missing include for IntrinsicInst.h in IRGenDebugInfo.cpp.,-0.0023859234643168747,-0.024933770298957825
1392,cpp,"""Refactor type loc checking to use TypeRepr instead of TypeLoc""",0.41914026252925396,-0.29528915137052536,"The diff changes the implementation of the `performTypeLocChecking` function in the `SILParser` class. The original function takes a `TypeLoc` object as its first argument,",0.004823658615350723,0.005977639928460121,"""Refactor and improve type resolution in SILParser""",0.37488012574613094,0.024060986703261733
2189,cpp,Update ImGui style colors for dark and light themes.,0.021741145756095648,0.7535800603218377,The diff changes the colors used in the ImGui style for the dark and light color schemes.,0.0014510455075651407,0.8801997657865286,Update ImGui style colors for dark and light themes.,0.021741187432780862,0.7535800603218377
2297,cpp,Update pruning blockchain settings and add reindex options.,-0.0007731029763817787,0.8943968198727816,"The diff changes the default value of the ""prune"" argument in the ""SetupServerArgs"" function, from 0 to 1, and adds two new arguments: ""reindex""",-0.0031605598342139274,0.9305208215955645,Update blockchain pruning and reindexing options.,0.02280210331082344,0.8543747924268246
2427,cpp,Add album cover image to music library.,0.8844661880284548,0.838716437574476,The diff changes the code in the MusicDatabase.cpp file to add an album cover image to the album items.,0.05049462034367025,0.49544700887054205,Refactor GetAlbumsByWhere() in MusicDatabase.cpp.,-0.1453841459006071,0.1315836925059557
2472,cpp,Update shadow map texture name to use a consistent naming convention.,0.0032935129129327834,0.24398721754550934,The diff changes the name of a texture used for shadow mapping in the code.,0.008980739017715678,0.820550337433815,Refactor: Renamed CachedShadowMap to ShadowMapCached and updated texture creation.,0.03127794712781906,0.3388475999236107
2737,cpp,Infer 'dynamic' for variables and accessors.,-0.011231943964958191,0.9372787959873676,The diff changes the behavior of the `inferDynamic` function in the `TypeChecker` class. It adds a new `if` statement to check if the function is a class member,-0.00034808641066774726,0.011631274595856667,Infer 'dynamic' for class members and add 'dynamic' attribute.,-0.268854764290154,0.11520847678184509
2909,cpp,"""Refactor SDLState initialization to use std::thread""",0.007496212609112263,0.09567975625395775,"Changes the implementation of the SDLState class, specifically the constructor and the poll_thread member variable.",0.2044411227107048,0.1320269845891744,Refactor SDLState constructor to use std::thread.,-0.0017269225791096687,0.12010174989700317
3002,cpp,Update driver output mode based on command-line options.,0.6867671234067529,0.7698869034647942,The diff changes the way the `OutputMode` is determined based on the command-line arguments passed to the compiler.,-0.0008167829364538193,0.10489754378795624,Update driver output mode handling,0.9829776636324823,0.3955293223261833
3149,cpp,Add debug visualization of keypoints to SimpleBlobDetector::detectImpl.,0.039242231752723455,0.9543896103277802,The diff adds a debug window to display keypoints in the SimpleBlobDetector::detectImpl function.,0.0032610874623060226,0.9685328609775752,Add debug visualization for keypoints in SimpleBlobDetector::detectImpl,0.027829365571960807,0.960089486790821
3169,cpp,Update font import plugin to use correct file extension.,0.054152527591213584,0.07980852946639061,"The diff changes the file extension of a font file from "".fnt"" to "".fnt"" in the `EditorFontImportDialog` class.",0.021116639487445354,0.5009955801069736,Fix font import plugin to handle file extension correctly.,-0.02817206084728241,0.04177799075841904
3229,cpp,Fix reference count issue in CGUIPythonWindow::OnAction and CGUIPythonWindow::OnMessage.,-0.1264554774388671,0.014148611575365067,The diff changes the reference count of the `pCallbackWindow` member variable in the `CGUIPythonWindow` class.,0.0034037745208479464,0.18086927384138107,Refactor: Improve Python callback handling in XBMC.,0.005139247281476855,0.2066791169345379
3431,cpp,"""Refactor send_transaction() and send_transaction_large() to use a transaction object instead of a raw buffer""",-0.7683006576262414,0.0212872177362442,"The diff changes the way the `send_transaction` function is defined, by removing the `code` and `action` parameters and adding a new `receiver` parameter. It also changes",-0.009097895585000515,0.03608446568250656,"""Refactor test_transaction functions to improve readability and reduce code duplication""",-0.878480187151581,0.02208353439345956
3519,cpp,"""Refactor player configuration to use modern C++ features""",0.0075926873832941055,-0.02447571698576212,"The diff changes the way the player values are read and saved in the configuration file. The old code reads the values from the configuration file using the `QSettings` class, while the new code",0.00024052243679761887,-0.02764572948217392,Refactor player configuration settings to use a more modern and efficient approach.,0.03548795357346535,0.03123963624238968
3745,cpp,Update TBD validation mode based on compiler invocation and target platform.,0.19530714815482497,0.8736997661180794,Changes the behavior of the `validateTBDIfNeeded` function in the `FrontendTool` class.,-0.043794574681669474,0.6349434470757842,Update TBD validation mode in FrontendTool.cpp.,-0.06203302927315235,0.4930916167795658
3892,cpp,"""Fix CUDA context leak in GPU transpose""",-0.0967702865600586,-0.04360325634479523,"The diff changes the code to use the CUDA Driver API to create and manage multiple GPU contexts, and to execute a calculation on each GPU in parallel using the `parallel_for_",0.14683245541527867,0.019710581749677658,"""Fix CUDA driver API error handling and add context destruction""",-0.7724161725491285,0.03856841428205371
3948,cpp,Add horizontal scroll mode to data table and query result table view.,-0.2539872005581856,0.9141371920704842,Changes the scroll mode of a QTableWidget and a QTreeView to ScrollPerPixel.,0.010307924589142203,0.7957627065479755,Add horizontal scroll mode to data table and query result table view.,-0.2539901901036501,0.9141371920704842
4117,cpp,Remove redundant stores based on load availability.,0.2259397655725479,0.9856266328715719,The diff changes the code to remove redundant stores by checking if the loaded value is available in the load list and if the destination address is the same as the loaded address.,0.03514108993113041,0.9707869237754494,Remove redundant stores using load-store forwarding.,0.8288010153919458,0.9880645889497828
4183,cpp,Update RPC help for getpeerinfo to include connection_type and deprecate banscore.,0.0009767450828803703,0.5907024126499891,The diff changes the output of the `getpeerinfo` RPC command by adding a new field `connection_type` and changing the type of the `startingheight` field.,0.0026400205679237843,0.8793047205545008,Update RPC help for getpeerinfo to include connection type and ban score.,0.0024984217016026378,0.8152649058029056
4287,cpp,Add conditional breakpoint action to the GUI.,0.6908470941707492,0.8965635746717453,The diff changes the implementation of the `makeCommandAction` function in the `MainWindow` class.,0.0008789888815954328,0.6853301492519677,"Add conditional breakpoint to ""TraceIntoConditional"" action.",0.053754306863993406,0.8206627462059259
4475,cpp,"Update icon images for ""thumb"" and ""fanart"" in CGUIDialogVideoInfo::OnGetArt and CGUIDialogVideoInfo::OnGetFanart.",-0.5568481348454952,0.9437943792436272,"The diff changes the image used for the ""None"" option in the ""Thumb"" and ""Fanart"" sections of the ""Video Info"" dialog.",-0.00590069405734539,0.6744469618424773,Update GUIDialogVideoInfo to use DefaultPicture.png for fanart and thumb.,4.1600316762924194e-05,0.37763485684990883
4496,cpp,Update path validation for Linux and Xbox.,-0.04230238334275782,0.7790386532433331,"The diff changes the behavior of the `validatePath` function, which was previously only useful for Linux and the Xbox, to now also work on Windows and the Xbox.",0.0026462458772584796,0.6395491533912718,"""Fix slash problems in XBMC module""",-0.9789187258575112,0.6713363351300359
4538,cpp,Update notifications manager to use new quiet hours API.,-0.007391283928882331,0.021188750863075256,"The diff changes the implementation of a function called ""useQuietHoursRegistryEntry"" which was previously defined as a boolean value, but now it is defined as a function that returns a",0.033821930177509785,0.8914639027789235,Update notifications manager to use new quiet hours API.,-0.007391283928882331,0.021188750863075256
4759,cpp,"""Fix round-tripping of DBRefs""",-0.5967232584953308,-0.46934254467487335,"The diff changes the code to use the `DBPointer` type instead of the `DBRef` type in the `bson` method, and to use the `DBRef` type instead",-0.8928806805051863,-0.7648370265960693,"""Fix round-tripping of DBRefs and DBPointers""",0.8388830572366714,-0.15284880995750427
4859,cpp,"""Refactor DataDistributionTracker to use SafeAccessor instead of GetTracker""",0.06560618430376053,0.12734003085643053,The diff changes the implementation of the `trackShardBytes` method in the `DataDistributionTracker` class. The original implementation uses a `GetTracker` functor to access,-0.003128169570118189,0.09066462516784668,"""Refactor DataDistributionTracker to use SafeAccessor instead of GetTracker""",0.06560618430376053,0.12734003085643053
4883,cpp,"""Add support for window.xml parameter in TranslateSingleString""",0.07221803069114685,-0.28975968062877655,"The diff changes the code by adding new variables and functions, and modifying existing ones. It also adds new functionality to the code, such as the ability to handle new types of window and control properties",0.0012441359285730869,0.16326263872906566,"""Add support for new window properties""",0.5219933250918984,-0.14786189794540405
4905,cpp,Update wait times for replica queue and log processing.,0.033871496096253395,0.8793596611358225,"The diff changes the way the StorageReplicatedMergeTree class waits for events, specifically the wait() method, from tryWait() with a timeout to wait() with no timeout.",-0.0016462845960631967,0.0773671381175518,Refactor: Improve performance of StorageReplicatedMergeTree by reducing unnecessary waits.,-0.2349759191274643,0.22871829755604267
5010,cpp,Fix unhandled conditional requirements in getMemberForBaseType.,0.0035777203738689423,0.5417019035667181,The diff changes the code in the `getMemberForBaseType` function by removing an `assert` statement and adding a `return` statement.,0.001950762583874166,0.7970604011788964,Fix static Type getMemberForBaseType() method in AST/Type.cpp.,-0.1132756951265037,0.39282919466495514
5032,cpp,"""Update field offset vector for class metadata""",-0.026159271597862244,0.8777251876890659,"The diff changes the implementation of the `emitInitializeMetadata` function in the `IRGen` module. The function now takes an additional `isVWTMutable` parameter, which is used",0.001174392644315958,0.15324658155441284,"""Fix static field offset vector initialization in IRGen""",-0.5526638198643923,0.03791332244873047
5150,cpp,Update spin control labels with localized strings.,0.11001059412956238,0.4772420972585678,"The diff changes the way the ""replace"" variable is used in the code, from using it as a string to using it as a boolean.",-0.6364829912781715,0.3820495530962944,Refactor GUIDialogAddonSettings::CreateControls to use std::string replace.,-0.830092077376321,0.5161372451111674
5271,cpp,Refactor TaichiLLVMContext constructor to use llvm::ExitOnError.,-0.15139117371290922,0.04395252466201782,The diff changes the code in the file taichi_llvm_context.cpp by removing a return statement and adding three new lines of code.,0.00012945666094310582,0.20748834032565355,Refactor TaichiLLVMContext constructor and add LLVM initialization.,-0.07975115347653627,0.1534714698791504
5391,cpp,Fix scrollbar size calculation in CalcSizeAutoFit().,0.032674529240466654,-0.06831525266170502,"The diff changes the calculation of the size of a window when it is auto-sized, adding a scrollbar and adjusting the size accordingly.",0.723723019938916,0.7192414128221571,Fix scrollbar size calculation in CalcSizeAutoFit().,0.032674529240466654,-0.06831525266170502
5400,cpp,Update SVMImpl class to support >= 2 classes.,0.009328776970505714,0.3151562660932541,"The diff changes the condition for the if statement in the function ""SVMImpl::read"" from ""class_count > 2"" to ""class_count >= 2"".",-0.011799143627285957,0.18527401983737946,Update SVM implementation to support multi-class classification.,0.06812066398561001,0.13615309447050095
5424,cpp,Refactor RowLoader::process to emit fetched event for all rows.,0.020834923314396292,0.23663927614688873,The diff changes the behavior of the `process` method in the `RowLoader` class by removing a line of code that emits a signal.,0.01239321194589138,0.5515853436663747,Refactor RowLoader::process to emit fetched event.,0.02673525220598094,0.745607253164053
5436,cpp,Add for loop to drop collections in sharded output.,-0.5067155584692955,0.7945997273782268,Adds a for loop to drop collections in a set of servers.,-0.7914719134569168,0.977821743581444,Add for loop to drop collections in shardedOutputCollection.,-0.8385259304195642,0.8017386336578056
5697,cpp,Add new SIL pass options for printing and verifying the SIL before and after each pass.,-0.28073014924302697,0.36665310245007277,"The diff changes the behavior of the SILPassManager::runFunctionPasses() function by adding three new options: SILPrintBefore, SILPrintAfter, and SILPrintAr",0.004092399263754487,0.09656673762947321,"Add SILPrintBefore, SILPrintAfter, and SILPrintAround options to the SILPassManager.",0.0007530000293627381,0.2040776910725981
5898,cpp,Refactor JSON parser to use pre-allocated buffer.,0.09854166861623526,0.37908724043518305,The diff changes the memory allocation and deallocation of a buffer in a JSON parser.,0.05178419221192598,0.9323039429727942,Refactor JSON parser to use pre-allocated buffer.,0.09854166861623526,0.37908724043518305
5971,cpp,Update prior for sparse linear kernel.,0.08796751499176025,0.8937935479916632,"The diff changes the inclusion of the ""map"" header file and adds a new function called ""test_prior_sparse"" which uses the ""sparse_linear_kernel"" class",0.003186490561347455,0.8310494726756588,Update sparse linear kernel to use map instead of vector for sparse features.,-0.49582138378173113,0.17720841523259878
6385,cpp,Update CrystalHD.cpp to use NV12 format on Windows.,0.13532319106161594,0.017719552852213383,Changes the condition for copying a picture buffer as NV12 format in the CMPCOutputThread class.,-0.015810225158929825,0.835651554283686,Update CrystalHD.cpp for Windows compatibility.,0.11250115931034088,0.02817944623529911
6547,cpp,Add support for System.Drawing.Imaging.,-0.9661764206830412,0.2289649397134781,"The diff changes the code to use the `System.Drawing.Imaging` namespace, which is not used in the original code. It also adds two new methods: `BitmapToMat`",-0.0019297963008284569,0.41587452590465546,"""Add support for System.Drawing.Imaging namespace""",-0.9751255817245692,-0.3348309248685837
6584,cpp,Fix race condition in shutdown handling.,-0.018429101444780827,0.09330470114946365,Adds an if statement to check if the server is shutting down before starting a new request.,0.12989145109895617,0.9029912235710071,Fix race condition in DBResponse::startRequest(),0.00045940838754177094,-0.07300703227519989
6610,cpp,"""Update DocumentSourceCursor::serialize() to include explain information""",0.26774085871875286,-0.09134072065353394,The diff changes the code in the `DocumentSourceCursor` class to add an `extractInfo` function that extracts information from a `TypeExplain` object and returns it as a `,0.012898148503154516,0.19062994420528412,"""Fix issue with DocumentSourceCursor serialization for explain""",0.0065596625208854675,-0.25656288117170334
6723,cpp,Update import statements to use generated file names.,0.05727794021368027,0.7704333765432239,The diff changes the import statement in the JsGenerator class to use a prefixed import path based on the file name.,0.011123821488581598,0.8807220351882279,Refactor: Improve import path generation for generated files.,-0.1924271211028099,0.41101172333583236
6840,cpp,Refactor coercion of SuperRefExpr to refine type and avoid derived-to-base conversion.,0.19809307157993317,0.7286482458002865,The diff changes the type of a SuperRefExpr from a subclass to a superclass.,-0.010404052445665002,0.6288379281759262,Refactor coercion of SuperRefExpr to improve type refinement.,0.37650343775749207,0.5593987181782722
7422,cpp,Refactor Rss splitter state to use consistent naming convention.,0.16174004646018147,0.25254298001527786,Changes the name of a variable and its corresponding getter and setter functions in a Qt5 application.,0.004596026847139001,0.49151894822716713,Refactor Rss splitter state methods to use consistent naming convention.,0.06587856914848089,0.2901945002377033
7572,cpp,Add visual debug hint for material effect search.,0.66440674290061,0.9532303954474628,"The diff adds a new else block to the GetEffectId function, which checks if the effect ID is valid and logs a warning if it is not.",0.01973880094010383,0.3484053364954889,Fix material effects search in XML file.,-0.020042451098561287,0.148267962038517
7590,cpp,Add PIE support for Linux targets.,-0.6301199264125898,0.0036998987197875977,"The diff changes the invocation of the linker on Linux to include the ""-pie"" option.",-0.20454125478863716,0.669578404398635,Add PIE support for Linux targets.,-0.6301199264125898,0.0036998987197875977
7640,cpp,"""Emit local variable with cleanup for uninitialized temporary""",-0.4062007460743189,0.8923545870929956,"The diff changes the code to use a new class called `LocalVariableInitialization` to initialize a local variable, and to use a new method called `emitLocalVariableWithCleanup`",-0.0616649619769305,0.20682222489267588,Refactor local variable initialization and deallocation.,0.04712078347802162,0.5500413831323385
8146,cpp,Fix canDeleteForEveryone() to allow revoke for media messages.,-0.36169542372226715,0.31972581520676613,The diff changes the behavior of the `canDeleteForEveryone` method in the `HistoryItem` class.,0.0024823180865496397,0.8792961060535163,Fix bug in HistoryItem::canDeleteForEveryone(),0.00014655524864792824,0.023002299363724887
8290,cpp,"""Update EmbeddingBag native function to handle empty bags correctly""",-0.8334619365632534,0.05723003204911947,The diff changes the implementation of the `apply_bag_size` function in the `EmbeddingBag` class. The original implementation uses `at::max` to compute the maximum value,-0.0012623663060367107,0.00441359356045723,"""Fix EmbeddingBag backward pass to handle empty bags correctly""",-0.3683335408568382,0.5702558434568346
8313,cpp,"""Reset start offset of this item if necessary""",0.6216354370117188,0.9897024977835827,The diff changes the start offset of an item in a playlist.,0.7971128467470407,0.8311363157117739,Refactor PlayListPlayer::Play to reset start offset of item.,0.33508310676552355,0.9570010704919696
8360,cpp,Refactor: Instrumenter::transformDeferStmt to handle implicit defer statements.,0.01354021206498146,0.45103246718645096,The diff changes the implementation of the `transformDeferStmt` function.,0.06874067522585392,0.7997956965118647,Refactor: Instrumenter class and transformDeferStmt method.,-0.25691742449998856,0.605852629058063
8386,cpp,"Fix popup frame key handling to close window on ESC, ENTER, and ENTER_PAD.",-0.044234976172447205,0.35614521941170096,The diff changes the behavior of the `onProcessMessage` function in the `PopupFrame` class.,0.0012213864974910393,0.7253746245987713,Fix issue with popup frame message processing.,0.5365266697481275,0.5414695334620774
8509,cpp,"""Fix OpenCL buffer allocation and deallocation""",-0.7450793702155352,-0.10780318826436996,The diff changes the way the OpenCL buffer is created and mapped in the code. The original code creates the buffer with the `clCreateBuffer` function and then maps it with the `cl,9.949132800102234e-05,0.2731044739484787,"""Fix OpenCL buffer pool memory allocation""",-0.9942845471668988,-0.29891597479581833
8543,cpp,"""Add support for C++11 rvalue references and move semantics in GenericValue""",0.011876820004545152,0.24283109977841377,"The diff changes the code to add support for C++11 move semantics, specifically for the `Value` class in the RapidJSON library.",-0.013869255781173706,0.11800748854875565,Add support for C++11 rvalue references and move semantics in RapidJSON.,-0.4593079900369048,0.34571431763470173
8735,cpp,Add message to indicate importing blocks.,0.9866618413943797,0.9859504804189783,The diff changes the code in the `AppInit2` function to add a message to the user interface when the `-loadblock` command line argument is specified.,0.018427054048515856,0.8507831914466806,Add message to display while importing blocks.,0.9893356764805503,0.9645154565805569
8875,cpp,Update reorder pinned logic to account for opened folder.,0.0399792455136776,0.9808814314019401,The diff changes the implementation of the `updateReorderPinned` method in the `InnerWidget` class.,0.001960454508662224,0.8095348016358912,Update reorder pinned logic in dialogs_inner_widget.cpp.,0.018467264715582132,0.974117363919504
8886,cpp,Add debug counter for resource allocation.,-0.5226824916899204,0.9819965537171811,The diff adds a debug statement that measures the time it takes to allocate resources.,-0.5085226828232408,0.07061407156288624,Add debug statement to allocate resources.,0.03166351839900017,0.9820527713745832
8924,cpp,"""Refactor semaFuncExpr to use a new function validateAndConsumeFunctionTypeAttributes""",0.04564598575234413,0.011971058323979378,"The diff changes the function `semaFuncExpr` in the `DeclChecker` class, which is responsible for checking the attributes of a function declaration. The function now takes a `",0.017463471740484238,0.41427262127399445,"""Refactor: Consolidate function type attribute validation and consumption""",0.17724845744669437,0.1257204981520772
8982,cpp,"""Refactor: Prepare archetype callee for indirect calls""",0.2183011770248413,0.34401459619402885,The diff changes the implementation of the `prepareArchetypeCallee` function in the `SILGenApply` module. The function now uses a new class called `Archet,0.04167649708688259,0.44883648306131363,Refactoring: Improve performance by using lowered addresses for indirect calls.,0.009741594549268484,0.1555996686220169
9058,cpp,Update instance check for Stringish and Awaitable classes.,0.0210226490162313,0.8322019670158625,"The diff changes the name of a constant string from ""HH\Awaitable"" to ""Stringish"" and adds a new if statement to check if the string is ""Stringish"" before",0.006117470562458038,0.14528129622340202,Update instance check for Stringish and Awaitable classes.,0.021022604312747717,0.8322019670158625
9122,cpp,Fix incorrect loop iteration in DVDTSCorrection.cpp.,-0.43604480288922787,-0.028878211975097656,"Changes the type of the variable ""i"" from ""int"" to ""size_t"" in a for loop.",-0.18641388532705605,0.9628762734355405,Fix incorrect frame duration calculation in DVDTSCorrection.cpp.,-0.18067770823836327,0.06147316098213196
9196,cpp,Update subtitle file paths to redact sensitive information.,0.12499410100281239,0.542860634624958,"The diff changes the path of a subtitle file in a vector, and adds a redacted version of the path to the log.",-0.016760224476456642,0.8311905218288302,Update subtitle file paths for privacy.,0.17979003908112645,0.046357616782188416
9568,cpp,Add OStreamWrapper class for testing PrettyWriter with generic PutN() function.,-0.00036463490687310696,0.9147494018543512,The diff adds a new class `OStreamWrapper` and a new test case for the `PrettyWriter` class.,-0.293292592279613,0.2739663776010275,Add OStreamWrapper class for PrettyWriter test.,-0.9882710141246207,0.9331665177014656
9827,cpp,Add LLVM Statistic for Constraint Solver.,-0.026758648455142975,-0.08103787899017334,"The diff adds an include statement for ""llvm/ADT/Statistic.h"" and defines a new variable ""NumDiscardedSolutions"" for tracking the number of solutions disc",0.033926982374396175,0.4231833405792713,Add LLVM Statistic for Constraint Solver.,-0.026758739724755287,-0.08103787899017334
9868,cpp,"""Update BBState to track MemLocations and update GenKillSet""",0.13081951066851616,0.4101700186729431,"The diff changes the implementation of a data structure called ""BBState"" in the GlobalDeadStoreElimination pass of the SIL compiler.",0.0006048088471288793,0.7081473097205162,"""Update global dead store elimination to use bit vectors for memory locations""",0.0987575352191925,-0.18294862285256386
9873,cpp,Update ACTOR Future getActivePrimaryDC to use READ_SYSTEM_KEYS instead of ACCESS_SYSTEM_KEYS.,-0.6160033717751503,0.11346681974828243,Changes the access mode of a transaction to read system keys.,0.003796335542574525,0.9379797406727448,Update ACTOR Future getActivePrimaryDC() method.,-0.5616543963551521,0.6860140785574913
9934,cpp,Refactor transaction participant prepare and commit methods to handle fail points.,0.009329060092568398,0.33153775334358215,"The diff changes the way the `prepareTransaction` and `commitPreparedTransaction` methods handle exceptions, by crashing instead of returning an error.",-0.5254300097003579,0.6891451422125101,Refactor transaction participant prepare and commit methods to handle fail points.,0.00932895578444004,0.33153775334358215
9952,cpp,"Add if statement to check if process class is ClusterController and if so, call monitorLeader instead of clusterController.",-0.4461665457347408,0.4079384580254555,"The diff changes the behavior of the `clusterController` function in the `Worker` actor, adding a new condition to determine whether to call `monitorLeader` or `clusterController",-0.0006144708022475243,0.2982178367674351,Add if statement to check if process class is ClusterController and add error handling for NeverAssign.,-0.7622146250214428,0.9247508160769939
10103,cpp,"Update confirmation box to include ""Pin for other"" option.",-0.023831964703276753,0.37623637542128563,The diff changes the code to add a new checkbox to the confirmation box.,0.025064639747142792,0.4689880916848779,Update confirm box to include pinning for other users.,-0.12465430749580264,0.4799913316965103
10309,cpp,Fix assertion for totalAvailableOutputSurfaces > 0 in ConfigVDPAU.,-0.11988220736384392,0.18819648027420044,The diff changes the code in the CVDPAU::ConfigVDPAU function by removing an assert statement and adding two new lines of code.,0.020863867830485106,0.43299129139631987,Fix assertion in CVDPAU::ConfigVDPAU().,-0.2637069970369339,0.08527365326881409
10454,cpp,Fix playlist player stopping issue by resetting current item and stopping playing if necessary.,0.14482074684929103,0.8834174219082342,The diff changes the code in the OnMessage function to reset the current item in the playlist and stop playing if the playlist player has stopped.,0.01468053791904822,0.9139933223486878,Fix playlist player stop issue in XBMC.,0.005708566081011668,0.5242595203453675
10504,cpp,Update contact friction based on velocity and slope climb.,-0.0022024326026439667,0.8671887260861695,"The diff changes the condition for calling the `Awake` method on a collider, and adds a new friction calculation based on the velocity and slope climb.",-0.15471194742713124,0.21107096690684557,Improve collision detection and response for living entities.,-0.12494345754384995,0.12215813808143139
10728,cpp,"Adjust bottom panel height for ""Expand Bottom Dock"" icon.",0.004224945208989084,0.9962242170440732,The diff changes the minimum size of a HBoxContainer in the bottom panel of the editor.,-0.0029746098443865776,0.6712379175005481,Add custom minimum size to bottom panel HBoxContainer.,0.04936066083610058,0.8925792237278074
10742,cpp,"""Refactor auxiliary data and global invariants for testing support""",-0.8984169783070683,0.4422299265861511,"The diff changes the code to use a custom deterministic schedule (DSchedCustom) for testing atomic operations, specifically the atomic_add operation. The code adds a new class (Atomic",-0.0034712576307356358,-0.03812941163778305,"""Refactoring auxiliary data and global invariants for testing support in DeterministicSchedule""",0.050304973497986794,0.9211038500070572
10964,cpp,Refactor verifyAttrOperatorSerializable and verifyAttrTypeSerializable to verifyAttrSerializable.,0.06611406803131104,-0.06598427891731262,"The diff changes the name of a function from ""verifyAttrOperatorSerializable"" to ""verifyAttrSerializable"" and adds a new function called ""verifyAttrSerializable"".",0.058774412609636784,-0.3774152621626854,Refactor verifyAttrSerializable to use a single switch statement for all attribute kinds.,-0.7701094038784504,-0.05949973687529564
11034,cpp,Detect internet connection by checking for existence of www.google.com and fallback to www.w3.org if not found.,-0.0010921478969976306,0.9267330615548417,The diff changes the URL used in the IsInternet() function to detect internet connectivity.,0.24647092795930803,0.8464933466166258,Fix detection of internet connection.,0.10739928483963013,0.8526193173602223
11091,cpp,Update music navigation window with new directory and filter.,0.12082945834845304,0.8775860106106848,The diff changes the code in the `CGUIWindowMusicNav` class to update the list of files in the music library.,0.0025789794308366254,0.5080725164152682,Update music navigation window to display files.,0.217668651137501,0.8493571486324072
11139,cpp,Add option to show singles in album view.,-0.23942894488573074,0.9841397111886181,The diff changes the behavior of the GetAlbumsByYear function in the MusicDatabase class.,0.0007534406613558531,0.6794694005511701,Refactor GetAlbumsByYear to use a more efficient query.,-0.10107751563191414,0.10831413883715868
11174,cpp,Fix outstanding reads for adaptive minibatch.,-0.837306298315525,0.9693789675366133,The diff changes the behavior of the StartDistributedMinibatchLoop method in the ReaderShim class by adding a prefetch task to ensure that there are no outstanding reads.,0.06074824486859143,0.8861030919943005,Fix issue with adaptive minibatching in ReaderShim.,0.10260777175426483,0.7008296725107357
11263,cpp,"""Update register set predicate decoding""",0.4762626513838768,0.24582956172525883,"The diff changes the implementation of the `DecodeRegisterSetPredicate` function in the `ShaderIR` class, adding a new `using` directive and changing the way the function is",0.031501937191933393,0.14657556265592575,"""Update register set predicate decoding""",0.4762634187936783,0.24582956172525883
11358,cpp,Add same-type constraint between potential archetypes.,0.9552230394328944,0.9937959841336124,The diff adds a new potential archetype to the equivalence class and adds a same-type requirement between the new and existing potential archetypes.,0.005475055426359177,0.9813045485061593,Add same-type constraint between potential archetypes.,0.9552229190594517,0.9937959841336124
11378,cpp,Update print function to use empty() instead of next() for nullptr check.,0.00030349125154316425,0.3150887154042721,Changes the implementation of the `print` function in the JIT compiler.,0.001742556196404621,0.6075903819873929,Update print function to use empty block instead of next block.,-0.00021733716130256653,0.3693171590566635
11466,cpp,Add check for recursive method import.,0.8682622206979431,0.9602691708132625,The diff changes the code to check whether a method has already been imported and returns the existing import if it has.,-0.045366086065769196,0.9014385743066669,Fix import of ClangImporter::ImportDecl methods.,0.007209131610579789,0.890423770993948
11564,cpp,Update Matcher object to use shared_ptr.,-0.0005208165384829044,0.7414809036999941,Changes the way a Matcher object is created and stored in the _matchers map.,-0.15762707591056824,0.40032898634672165,Refactor: Initialize new Matcher object (s) in namespace mongo.,0.0003782822750508785,0.7870286358520389
11954,cpp,Update prewarp value based on user input.,0.4341279095970094,0.7011842764914036,Changes the behavior of the `calibrate` function by adding a `break` statement.,0.010942097753286362,0.9659804830153007,Fix formatting in calibrate.cpp.,-0.434572571888566,0.37538379058241844
12096,cpp,Add SILVerifier::verify() method to verify SILModule.,-0.09176282724365592,0.9222376111429185,The diff changes the implementation of the `SILModule::verify` method.,0.057864800095558167,0.878147330135107,Fix SILVerifier.cpp to allow for scopeless instructions.,-0.9029040890745819,0.1350294128060341
12187,cpp,Update frontend and subsystem flags for Swift module documentation generation.,0.0187225304543972,0.8349991417489946,"The diff changes the way the frontend arguments are passed to the driver, adding support for subsystem flags.",0.008456326089799404,0.9323210690636188,Update frontend argument passing and add subsystem flags.,0.056769126327708364,0.9895801189122722
12213,cpp,"""Fix invalid notice_message and close connection""",-0.056135259568691254,0.3464433290064335,"The diff changes the behavior of the `sync_manager::recv_notice` function, specifically the handling of the `known_blocks` field in the `notice_message",0.0062973168678581715,0.18714877916499972,"""Fix invalid notice_message and close connection""",-0.056135259568691254,0.3464433290064335
12345,cpp,Remove unnecessary code and delete copy constructor and assignment operator.,-0.9941478233085945,0.9016887478064746,"The diff changes the definition of the `Callee` class, adding a new field `Constant` and modifying the existing fields `IndirectValue` and `SelfValue`.",-0.8728275904431939,0.5704365670681,Refactor: Move and delete copy constructors and assignment operators.,-0.9956173609825782,0.8816882548853755
12371,cpp,Add transaction proposal to eosio.msig contract.,-4.1644787415862083e-05,0.14570970833301544,The diff changes the code to add a new variable `trxperm` and use it instead of `transaction_perm_var` in the `propose` action.,0.012987339869141579,0.7359732240438461,Add transaction proposal to eosio.msig contract.,-4.1644787415862083e-05,0.14570970833301544
12398,cpp,Add topmost() function to print topmost element of stack.,0.00036744202952831984,0.9541038875468075,Adds a new function `topmost()` and a new line of code to the `show()` function.,0.0007349559746216983,0.9493625833420083,Add topmost() function to print topmost element.,-0.0001518341014161706,0.9436556245200336
12419,cpp,Update folder thumb and video art to new thumbs.,-0.013173260260373354,0.9468902896624058,"The diff changes the way the ""thumb"" image is set for a movie item, using the ""SetArt"" method with a map parameter instead of a string parameter.",-0.00033971050288528204,0.9700285408180207,Update video art and folder thumbs.,-0.1488690860569477,0.9567250395193696
12518,cpp,Add namespace tests and remove pdfile tests.,-0.944554247049382,0.5937441140413284,Removes a line and adds a comment.,-0.003934953361749649,0.3949210196733475,Add namespace tests and pairing tests.,-0.9733444340672577,0.9908260190859437
12541,cpp,Register ObjC classes and extensions added.,0.0038012599106878042,0.9470609165728092,"The diff adds a new function call to register Objective-C classes and extensions, and removes a loop that registers Swift protocols.",-0.0013544972753152251,0.6270707324147224,Register ObjC and Swift protocols and classes.,-0.028775389422662556,0.9921470663975924
12838,cpp,Update LLVM used list to only contain definitions.,-0.981387716718018,0.38632469344884157,The diff changes the use of `std::all_of` to `std::for_each` in the `emitGlobalLists` function.,0.00025739980628713965,0.30814421782270074,Fix assertions in IRGenModule::emitGlobalLists.,0.00027192640118300915,0.3296597208827734
12889,cpp,Refactor shard query to use getFilter instead of getQuery.,0.020064276177436113,-0.09640784561634064,Changes the query filter in the `doQuery` function.,0.0003698444925248623,0.8306569773703814,Fix real sharding query logic.,-0.2616686522960663,0.33988622203469276
13049,cpp,Update font family to QFontInfo for consistent font handling.,0.08995122503256425,0.22363677877001464,Changes the return value of the getSettingsDefaultValue function in the PreferencesDialog class.,-0.6459404416382313,0.8947991556487978,Refactor getSettingsDefaultValue to use QFontInfo.,0.013204368820879608,0.2507790271192789
13295,cpp,Add WebSocket delegate to constructor.,-0.10172536503523588,0.963191699469462,Changes the constructor of the JSB_WebSocketDelegate class to check if the second argument is not void.,-0.00281917629763484,0.8134685849072412,Refactor WebSocket constructor to use JSB_WebSocketDelegate.,-0.008826844394207,0.6686522359959781
13296,cpp,Add support for shape paddings in DocExporter::layoutSamples().,-0.16129855811595917,0.9734969965647906,"The diff changes the implementation of the `layoutSamples` method in the `DocExporter` class, adding a new `PackingRects` object with the specified border and shape p",-0.00534963421523571,0.5255126669071615,Add support for shape paddings in DocExporter::layoutSamples,-0.3186733238399029,0.972717507975176
13313,cpp,Update CRC-32C computation using Intel hardware instruction.,-0.20282895117998123,-0.09190073609352112,The diff changes the implementation of the `shift_crc` function to use the SSE4.2 instruction set.,-0.04394139954820275,0.8613664675503969,Improve CRC-32C computation using SSE4.2.,-0.19973323121666908,0.41857416089624166
13505,cpp,Fix: Ignore function-like macros in ClangImporter.,0.027608035219600424,0.5300399214029312,Changes the condition for ignoring macros in the ClangImporter.,0.029251072090119123,0.8792731030844152,Fix bug in ClangImporter by ignoring function-like macros.,0.0023817202309146523,0.05976707395166159
13516,cpp,Update poll painting to show correct/incorrect status.,0.3556488167960197,0.9316011229529977,Changes the color of the poll bar based on the user's selection and the correctness of the answer.,0.5581670169485733,0.6551934941671789,Update paintFilling method in history_view_poll.cpp.,-0.007553473114967346,0.35230842139571905
13639,cpp,Fix SILGenConformance linkage for serialized witnesses.,-0.48719213157892227,0.8289149296469986,Changes the linkage of a witness table to public if it has a specific linkage and is serialized.,0.5757582625374198,0.9859782540006563,Fix SILGenConformance witness linkage to be public if necessary.,-0.0023942291736602783,0.9791597210569307
13657,cpp,Resolve type witness via derivation and check for missing requirements.,0.5140018276870251,0.366450410336256,The diff changes the code to add a new class called `ScopeGuard` and a new macro called `SCOPE_GUARD` to help with cleaning up resources.,-0.0612950399518013,0.8684027729323134,Resolve type witness via derivation and check for missing requirements.,0.5140018276870251,0.366450410336256
13887,cpp,"""Refactor AllocBoxToStack: Move getParameterForOperand to SILFunction and add support for generics""",0.0010213078930974007,-0.21256285719573498,"The diff changes the implementation of the `operandEscapesApply` function, which determines whether an operand to an apply instruction can be promoted to a stack location.",0.0010780037846416235,0.00837436318397522,"""Refactor AllocBoxToStack: Simplify getParameterIndexForOperand and getParameterForOperand""",0.02081015007570386,-0.04125946760177612
13940,cpp,"""Update SIL instruction parsing to support new opcode""",0.05483555421233177,-0.05126146040856838,"The diff changes the code to allow for the parsing of specific SIL instructions, including their result values and debug locations.",0.009268506430089474,0.7213232167996466,"""Update SIL instruction parsing to support new opcode""",0.05483555421233177,-0.05126146040856838
14102,cpp,"""Refactor: Simplify and optimize SpeakingAnimation::paint() and SpeakingAnimation::PaintIdle() methods""",0.003725331276655197,0.015086793340742588,"The diff changes the implementation of the `SpeakingAnimation` class, specifically the `width` and `paint` methods. The `width` method now uses a different calculation for the width",0.00041439541382715106,-0.0005764681845903397,"""Refactor SpeakingAnimation class to improve performance and reduce code complexity""",0.00856180302798748,-0.010288196615874767
14126,cpp,"""Add support for generating missing launch screens and icons for iOS""",0.9051365591585636,-0.046975575387477875,"The diff changes the code to generate additional launch screens for the iOS platform, including landscape and portrait orientations, and adds options to generate missing icons and launch screens.",0.007609782391227782,-0.022428840398788452,"""Add support for generating missing launch screens and icons for iOS""",0.9051365591585636,-0.046975575387477875
14160,cpp,"""Update rename dialog preview with new search and replace text""",0.10879618627950549,0.05172259360551834,"The diff changes the text of several labels and line edits in the `RenameDialog` class, adding a colon after the text of some labels and removing the placeholder text of some line ed",-0.00012572819832712412,0.007994052022695541,"""Update preview and substitute buttons based on search and replace text""",0.030638870666734874,0.2099979007616639
14324,cpp,Fix incorrect escape analysis for alloc_stack and other allocations.,-0.0001750286901369691,0.09441354870796204,The diff changes the implementation of the `isNonEscapingLocalLSLocation` function in the `SILValueProjection` class.,0.00030510383658111095,0.37061470933258533,Fix issue with non-escaping local alloc_stacks in SILValueProjection.,-0.007222026586532593,0.8593091459479183
14381,cpp,Update IRGen::emitBuiltinCall to use the correct calling convention and attributes for the builtin function.,0.0028147491975687444,0.3038183003664017,"The diff changes the way the `BUILTIN_RUNTIME_CALL` macro is defined, adding a cast to a `llvm::Function` pointer and using the function",0.0019918913021683693,0.32548781111836433,Update BUILTIN_RUNTIME_CALL to use cast instead of reinterpret_cast.,-0.007086765952408314,0.12587369978427887
14418,cpp,Fix incorrect calculation of total rows in text edit scrollbars.,0.012569331738632172,0.2226358875632286,The diff changes the calculation of the total number of rows in the text edit widget.,0.008509860141202807,0.8193939584307373,Fix text edit scrollbar calculation.,0.00953581277281046,-0.0880594551563263
14436,cpp,Add primary key check for UnsortedMergeTree.,-0.32721972465515137,0.685595590621233,The diff changes the behavior of the `alter` method in the `StorageMergeTree` class.,0.00029934634221717715,0.9066828601062298,Fix unsupported primary key for unsorted MergeTree.,-0.029595864936709404,0.8798496252857149
14515,cpp,Refactor deferred transaction test to use new API.,0.03798279631882906,0.278457947075367,The diff changes the line `control->applied_transaction.connect(...)` to `auto c = control->applied_transaction.connect(...)`.,0.022217250429093838,0.8098791353404522,Fix deferred transaction test case.,0.22791367769241333,0.9398168218322098
14584,cpp,Add explicit emission of irreversible block on replay.,-0.006203304044902325,0.9759566666325554,"The diff changes the behavior of the `accept_block_header` method in the `controller` class, specifically by adding an explicit emission of the `irreversible_block` signal",0.005613348155748099,0.6637396332807839,Add explicit emission of irreversible block event in replay mode.,-0.0023318403400480747,0.9602503350470215
14649,cpp,Update restart message to reflect changes to editor settings.,0.21000051544979215,0.8353270019870251,Changes the text of a label and adds a spacer to a horizontal box container.,-0.0004798993468284607,0.32610505167394876,Update project settings editor to reflect changes in editor restart behavior.,0.12295787408947945,0.2630451410077512
14741,cpp,"""Add support for Dropout and GlobalAveragePool operators""",-0.7468188442289829,0.38187675923109055,"The diff changes the code to add a new if statement that checks if the operation is ""Dropout"" and if so, adds the output name to a set and continues to the next node.",-0.0010251819621771574,0.6111465161666274,"""Add support for Dropout and GlobalAveragePool operators""",-0.7468188442289829,0.38187675923109055
14813,cpp,Add paused flag to PipelineProfiler.,0.0476760680321604,0.881409302353859,"The diff changes the initialization of a member variable ""m_paused"" to false.",0.005564364953897893,0.9020836438867263,Add m_paused flag to CRenderPipelineProfiler.,0.02067631483078003,0.5612407373264432
14908,cpp,Update Effect3D bindings with new JSObject toObjectOrNull method.,-0.38520366698503494,0.2579145859926939,The diff changes the way the `toObjectOrNull` method is called in the `js_cocos2dx_EffectSprite3D_setEffect3D` function,0.002229020930826664,0.09768301621079445,Update bindings for Effect3D and Effect3DOutline.,-0.6474045477807522,0.278113778680563
14946,cpp,Add log statement to refresh directory provider.,0.9320795563980937,0.9320338519755751,"The diff adds an include statement for ""utils/log.h"" and adds two new lines of code to the end of the function ""Update"".",0.0021055302931927145,0.5877836234867573,Add log statement to CDirectoryProvider::Update() to debug refresh.,0.011250599171034992,0.848212985903956
15433,cpp,Fix GetCursorPos() and GetCursorPosX() to use GetCurrentWindowRead() instead of GetCurrentWindow().,0.0008865470299497247,0.07275326922535896,"Changes the function signature of ImGui::GetCursorPosX and ImGui::GetCursorPosY, adding a read-only accessor to the current window.",0.10024709184654057,0.3189501687884331,Fix GetCursorPosX and GetCursorPosY functions in imgui.cpp.,-0.05777298845350742,0.04169950867071748
15505,cpp,"""Fix endianness issues in drawing functions""",-0.9033415396697819,0.03168053110130131,"The diff changes the implementation of the `opencvLittleToHost16`, `opencvLittleToHost32`, `ICV_HLINE_2`, `ICV",-0.006958418758586049,0.4377222880721092,"""Fix alignment issues in drawing functions""",-0.915481120813638,0.04759549326263368
15525,cpp,Update ListTransactions to include a new parameter for long format.,-0.05232188105583191,0.07546022161841393,"The diff changes the signature of the `ListTransactions` function, adding a new parameter `fLong` and modifying the return value to include a `details` array.",0.00339540874119848,0.16775552835315466,"""Update ListTransactions to include long format""",0.40226616710424423,0.0018747299909591675
15599,cpp,Add definite initialization check for local variables.,-0.9151461678557098,0.8644607029855251,The diff changes the behavior of the `TypeCheckDecl` class in the `Sema` module of the `lib` directory.,0.0011323308572173119,0.6205038751941174,Fixes issue with definite initialization rules for local variables.,-0.8351233908906579,0.8546977604273707
15619,cpp,Bump fee and return new transaction's txid and fee.,-0.8851810283958912,0.9934737417497672,The diff changes the code in the `bumpfee` function to update the fee of a transaction and return the new transaction's txid and fee.,0.07131163566373289,0.9169384523993358,Bump fee and get new transaction's txid.,-0.16707153618335724,0.996193070022855
15695,cpp,Update stack limits for MemoryIdler.,-0.04037025757133961,0.7180310334078968,The diff changes the inclusion of a new header file (< folly / synchronization / CallOnce . h >) and adds a new line of code (LOG ( WARNING ) < <,-0.04037800803780556,0.9214068502187729,Update stack limits for MemoryIdler.,-0.04037025757133961,0.7180310334078968
15777,cpp,Add exception translator registry for CATCH_CONFIG_DISABLE_EXCEPTIONS.,-0.14222087478265166,0.8934468682855368,The diff changes the implementation of the `tryTranslators` method in the `ExceptionTranslatorRegistry` class.,0.0012779537355527282,0.5382310133427382,Add exception translator registry for CATCH_CONFIG_DISABLE_EXCEPTIONS.,-0.14222087478265166,0.8934468682855368
15899,cpp,"""Refactor GUIControlFactory::Create() to use a switch statement instead of if-else chain""",0.9850951951520983,0.12218587065581232,The diff changes the creation of a `CGUIControl` object in the `GUIControlFactory` class.,0.3468223409727216,0.7539676455780864,"""Refactor GUIControlFactory::Create() to use a switch statement instead of if-else chain""",0.9850951951520983,0.12218587065581232
15930,cpp,Update translation registry with new functions.,-0.2633660063147545,-0.5868659466505051,"The diff changes the way the translation functions are stored and accessed, from using a raw pointer to a SmallVector, and adds a new function to reserve the required capacity upfront.",0.00046798193943686783,0.4418858392164111,Update translation function wrappers for MLIR translation.,-0.0006196773611009121,0.4339398741722107
16490,cpp,Add window/window_controller.h and core/application.h for background window management.,-0.03112574853003025,0.6740252692252398,The diff adds two includes and a new function call to the code.,0.00664349109865725,0.8344222486484796,Add window/window_controller.h and core/application.h to Telegram's Linux specific_linux.cpp.,-0.14901970140635967,0.240734301507473
16492,cpp,Update GenericSignature::getSubstitutionMap to populate parent map.,-0.025900389533489943,0.9099728227593005,The diff changes the implementation of the `getSubstitutionMap` method in the `GenericSignature` class. The method now uses a new `populateParentMap` function to populate,-0.0014612344093620777,0.09904547780752182,Update GenericSignature::getSubstitutionMap to use a new method for populating the parent map.,-0.003186494577676058,0.25516556203365326
16532,cpp,Add GUID to SEnteringSignal and SLeavingSignal to fix sensor volume component issue.,-0.003112956415861845,0.05772754270583391,The diff adds a parameter to the `ProcessSignal` method call in the `OnSensorEvent` method.,0.0026076890935655683,0.3202491346746683,Update sensor volume component to include entity GUID in signals.,-0.05165327154099941,0.054817911237478256
16603,cpp,Update PVRGUIInfo.cpp to use localized date format.,0.01563208847073838,0.11230715690180659,The diff changes the formatting of a date string in a C++ file.,0.009099438786506653,0.4684075778350234,"""Fix formatting of GetListItemAndPlayerLabel method in PVRGUIInfo.cpp""",0.04516311129555106,-0.011346876621246338
16727,cpp,Add ObjC ivar initializer and destroyer methods.,0.9562736544758081,0.8990050759166479,"The diff changes the way the destructor is generated for a class, adding a check for non-triviality and a new variable to track whether the destructor is non-trivial.",-0.1854166416451335,0.41766860894858837,Fix formatting of ObjC ivar initializer and destroyer methods.,0.9282392282038927,-0.30156509578227997
16815,cpp,Fix invalid thread priority check in CreateThread.,0.00888837082311511,0.5912899598479271,Changes the priority check in the CreateThread function to log an error message with a different format and return a different error code.,0.0010970254661515355,0.8773974000941962,Fix invalid thread priority check in CreateThread.,0.00888837082311511,0.5912899598479271
16836,cpp,"""Update MongoDB plugin queues and add hot start option""",-0.637076273560524,-0.0037333033978939056,The diff changes the implementation of the `mongo_db_plugin` to use a queue instead of directly pushing transactions to the MongoDB database.,-0.2320830449461937,0.12860193848609924,"""Update MongoDB plugin queues and add new features""",0.2588740400969982,0.029138967394828796
17047,cpp,Refactor: Use vector instead of list for shardConns and futures.,-0.2817519959062338,0.8005038034170866,Changes the data structure used to store shard connections and futures from a list to a vector.,-0.013633237220346928,0.9690478390548378,Refactor: Use vector instead of list for shardConns and futures.,-0.2817519959062338,0.8005038034170866
17049,cpp,Update material shader code to support new features.,-0.03792554326355457,0.2644497789442539,"The diff changes the code in MeshAssimp.cpp to use a new function called ""shaderFromConfig"" to generate a shader based on a MaterialConfig object.",-0.14532010536640882,0.6887760267127305,Update MeshAssimp.cpp to support new material config options.,-0.10206173965707421,0.04853120353072882
17076,cpp,"""Replace with branch scene and undo/redo""",0.9511507423594594,0.9755690469173715,The diff changes the implementation of the `_replace_with_branch_scene` function in the `SceneTreeDock` class. It adds a new undo/redo action to the,0.16312500461935997,0.46340037137269974,"""Refactor: Replace with branch scene and add undo/redo actions""",0.4084436488337815,0.9454526620684192
17086,cpp,Update MmapAllocator to use MAP_PRIVATE instead of MAP_SHARED.,-4.247110337018967e-05,0.07912515290081501,Changes the memory mapping flags in the `mmap` call to use `MAP_PRIVATE` instead of `MAP_SHARED`.,0.019847708754241467,0.5392240565270185,Refactor MmapAllocator to use MAP_PRIVATE instead of MAP_SHARED.,0.0015752858016639948,0.06497015804052353
17174,cpp,Add support for VersionedCollapsingMergeTree storage engine.,0.16123225912451744,-0.020540516823530197,"The diff changes the way MergeTrees are registered in the StorageFactory, adding new storage types and removing old ones.",-1.6410747775807977e-05,0.007944263517856598,Update storage factory to register new merge tree storage types.,-0.07695725560188293,0.08282767608761787
17525,cpp,Update about window with new design.,0.0767805278301239,0.0943007841706276,"The diff changes the code to use a new `Frame` class instead of a `Window` class, and adds a new `Grid` widget to organize the layout of the about dialog.",-0.00027556123677641153,-0.08847375214099884,"""Update About dialog with new layout and design""",0.6909614624455571,0.014453595504164696
17531,cpp,Add Windows-specific library loading logic.,0.09082117676734924,0.42917401157319546,Adds a conditional statement to load a different shared library based on the platform.,0.02319846674799919,0.19828497245907784,Add Windows support for loading Swift runtime library.,-0.00815920066088438,0.1159244105219841
17822,cpp,Add session ID to AirPlayServer for authentication.,-0.016249802662059665,0.5706762038171291,Adds a session ID to the AirPlayServer class if it is not already set.,-0.0014884263509884477,0.2614452801644802,Fix AirPlayServer authentication issue.,-0.1031072735786438,0.1642480327282101
18064,cpp,Refactor tryRemoveGlobalAlloc to check for safety before removing global allocs.,0.08981806109659374,0.2357916384935379,"The diff changes the behavior of the `tryRemoveGlobalAlloc` method in the `SILGlobalOpt` class. It adds a new condition to the method's return value, which",0.0021645617089234293,0.2752631548792124,Refactor: Remove unnecessary code from SILGlobalOpt::tryRemoveGlobalAlloc(),0.012161572463810444,0.14831424597650766
18193,cpp,Update document file name and save in background.,0.13171028718352318,0.9791138449218124,Changes the document file name and saves the document in the background.,-0.4466381333768368,0.9864863422117196,Refactor SaveFileBaseCommand to use ContextWriter and update screen for document.,-0.24890803918242455,0.555783249437809
18200,cpp,Add public_abi_override to ABI tag entries.,0.36819709464907646,0.8461600341834128,"Adds a new ABI entry for the ""public_abi_override"" feature and the ""head"" ABI entry if the ""use_head_version"" build option is set to",-0.0005520883132703602,0.4899274157360196,Add public_abi_override support to vcpkg build.,0.0028801757725887,0.804455578327179
18246,cpp,Fix invalid entity IDs in GameVolumesManager::ResolveEntityIdsFromGUIDs.,0.3056750651448965,0.8976607441436499,The diff changes the behavior of the `ResolveEntityIdsFromGUIDs` method by adding a check for a specific case where the entity ID is not found and continuing the loop instead,0.00041948258876800537,0.7268633565399796,Fix issue with invalid entity IDs in GameVolumesManager.,0.9007818177342415,0.9517964678816497
18369,cpp,Update QString argument to fromUtf8() in cvAddText() to support UTF-8 text.,0.0030495726387016475,0.05217045429162681,Changes the function signature of cvAddText to use QString::fromUtf8 instead of QString(text).,0.4472125223837793,0.9479175106389448,Update QString argument in cvAddText to use fromUtf8.,0.3151927551953122,0.7872978283558041
18385,cpp,"""Fix indentation of lines after '{' and '}'""",0.002504565811250359,0.08303530234843493,"The diff changes the indentation of lines in the code by removing a block of code that calculates the indentation of a line based on the previous line's indentation, and replacing it",0.00280896935146302,0.06795655004680157,"""Refactor Notepad++ indentation logic""",0.06615006364881992,0.05960830207914114
18742,cpp,Fix self.name usage in getter and setter.,0.9063140274956822,0.8135615959763527,The diff changes the code in the `_parse_expression` function in the `GDCompiler` class to check for the use of `self` in getters and setters.,0.0031990552379284054,0.7870360016822815,Fix self usage in getter and setter.,0.9730536621063948,0.7557973079383373
18767,cpp,"""Refactor 3DProcessBlock to FastProcessBlock and remove unnecessary parameters""",-0.06662121415138245,-0.06645496189594269,"The diff changes the name of the function from ""Precise3DProcessBlock"" to ""PreciseProcessBlock"" and from ""Fast3DProcessBlock"" to ""F",-0.075259227771312,-0.24767117947340012,"""Refactor 3DProcessBlock and Fast3DProcessBlock functions to use a single function for both unswizzling and swizzling""",-0.989002264890587,-0.02148277685046196
18873,cpp,Refactor TypeSubCloner to handle CheckedCastKind::ArchetypeToArchetype and CheckedCastKind::ExistentialToArchetype.,-0.9251002529636025,0.1421857476234436,"The diff changes the implementation of the `visitCheckedCastBranchInst` method in the `TypeSubCloner` class, adding a new case for the `CheckedCastKind::",-0.016972621902823448,0.9153788350522518,Refactor TypeSubCloner to handle CheckedCastKind::ArchetypeToArchetype and CheckedCastKind::ExistentialToArchetype.,-0.9251001323573291,0.1421857476234436
18904,cpp,Remove disc cache and cleanup orphaned items after removing a source.,0.061538223177194595,0.9851234216184821,"The diff changes the code in the OnRemoveSource function of the CGUIWindowMusicBase class, specifically by removing a line of code that adds a disc cache and adding a line of code that",-0.0038406001403927803,0.04132348299026489,Remove disc cache and cleanup orphaned items in GUIWindowMusicBase.,0.4736749976873398,0.986240032754722
18966,cpp,Update Tesseract dependencies for Windows target.,-0.3921075835824013,0.6846127989701927,Changes the library dependencies and build settings for the Tesseract library.,-0.03749336861073971,0.917162410216406,Update library dependencies for Windows build.,0.018473057833034545,0.6386719029396772
19017,cpp,Optimize AllocBox and AllocStack instructions by promoting alloc_box ' s to the stack and removing alloc_stack ' s that are only stored to.,0.06151040270924568,0.8211556510068476,"The diff changes the code to add a new function `optimizeAllocStack` that removes alloc_stack instructions that are only stored to, if they are artificial allocations.",0.073726543225348,0.2628767229616642,Optimize AllocBox and AllocStack instructions.,0.5864137951284647,0.2487112209200859
19063,cpp,"""Update rescan logic to handle user abort and blockchain rescan errors""",0.008244970493251458,0.1167030269280076,"The diff changes the way the wallet rescans the blockchain for transactions, adding a check for whether the rescan was aborted by the user and a check for whether the rescan",0.21487899124622345,0.41711029410362244,"""Fix rescan issue in wallet RPC methods""",0.004549376608338207,0.06609137752093375
19353,cpp,Refactor script editor debugger to load resources more efficiently.,-0.04717251658439636,0.5757022704929113,"The diff changes the way the script editor loads resources, specifically the ""Script"" hint.",-0.11828798241913319,0.8986847554333508,Refactor script editor debugger to load resources more efficiently.,-0.047172725200653076,0.5757022704929113
19806,cpp,Fix chunks out of order error in DBCommands.cpp.,-0.34766633436083794,0.4884104682132602,"The diff changes the way the ""data"" field is accessed in the BSONObj owned by the ClientCursor.",-0.0004666296299546957,0.8952927434584126,Fix out-of-order chunks in DBCommands.,-0.04138031601905823,0.7386529264040291
19882,cpp,Update wallet options and fee settings in help message.,0.011660789648885839,0.7365473131649196,"The diff changes the formatting of the help message for the Bitcoin wallet, adding new options and changing the formatting of existing options.",0.0013610688038170338,0.5515749955084175,Update wallet options in help message.,0.7879829811863601,0.8011277802288532
20035,cpp,Update NLKind and ResolutionKind for lookupQualified in DeclContext.,0.027141503989696503,0.35911209136247635,The diff changes the way the `lookupQualified` function in the `NameLookup` class handles the `ResolutionKind` parameter.,0.009333608206361532,0.1483637224882841,Update NameLookup to handle qualified lookups with resolution kind.,0.2363316211849451,0.6454032994806767
20290,cpp,Update ApplyInstMap to use MapVector instead of DenseMap.,-0.1598432818427682,0.2833482511341572,The diff changes the type of the ApplyInstMap member from DenseMap to MapVector.,-0.1133480560965836,0.35919018276035786,Update SILSpecializer to use MapVector instead of DenseMap.,-0.1380226444453001,0.2287413850426674
20346,cpp,Update shell history and prompt string.,0.10359303653240204,0.9381116742733866,The diff changes the prompt string used in the shell's readline loop.,0.005345473415218294,0.8701568474061787,Update shell/dbshell.cpp to include prompt variable.,0.025548136793076992,0.5126682110130787
20365,cpp,Refactor checkbox and radio button rendering to use a single bounding box.,-0.7804128838470206,0.03354330360889435,"The diff changes the way the checkbox is rendered, adding a new bounding box that includes the text, and changes the way the hover and click detection is done.",-0.053733604960143566,0.1467227516695857,Refactor checkbox and radio button rendering to improve performance and reduce code duplication.,0.0008247130317613482,0.09151832386851311
20689,cpp,Merge point lists for edges pstart - pend.,-0.8987897764891386,0.9827190389623865,The diff changes the order of the edges in the ith edge associated list.,0.0032960595563054085,0.19796264171600342,Merge point lists for edges pstart - pend.,-0.8987901993095875,0.9827190389623865
20726,cpp,Add block-based placement for mass spring system.,-0.3309361254796386,0.8146962197497487,"The diff changes the code to use a new variable ""fork3"" and a new function ""place_blocked"" to replace the use of ""place_fixed"" in the code.",0.0035411992575973272,0.9664583523990586,Add support for blocked placement of mass springs.,-0.13595304638147354,0.9078193649183959
20865,cpp,Add callback to MENU_MULTIPLIER_ITEM_EDIT for BED temperature.,0.07233855011872947,0.9839373021386564,The diff changes the code to add a callback function to a menu item.,0.01719978218898177,0.7400664766319096,Update temperature targeting for bed in Marlin.,0.005733674392104149,0.9015596960671246
20958,cpp,Fix address book name for new key.,-0.78849982842803,0.1011371910572052,The diff changes the name of the default address in the wallet.,0.01988792046904564,0.6158244796097279,Refactor: Simplify key generation and address book management.,-0.1261962354183197,0.18394068535417318
20994,cpp,Encode string as number using fixed-width encoding.,-0.7116978205740452,0.9629810974001884,The diff changes the implementation of the `EncodeStringAsNumber` function in the `Compression` class. It replaces the use of `APInt` with `uint64_,-0.0010942590306513011,0.15795380622148514,Enhance string encoding to use 64-bit numbers.,-0.7188480608165264,0.7499486429151148
21182,cpp,Refactor AutoloadMap initialization to avoid performance issues.,0.4134240238927305,0.6621163785457611,"The diff changes the way the AutoloadMap is loaded in the HPHP compiler, by using GetMapC and GetMap instead of Bind.",-0.010219060815870762,0.825687934178859,Refactor Option::Load to use GetMapC and GetString for AutoloadMap.,-0.0005161679582670331,0.6914444305002689
21282,cpp,Add string and send methods to TWIBus class.,0.006075846031308174,0.989501665259013,The diff changes the code by removing a line and adding a new line.,0.013149727135896683,0.6239977739751339,Add string and send methods to TWIBus class.,0.006075879791751504,0.989501665259013
21431,cpp,Fix out-of-bounds SigOpCount in AcceptToMemoryPool() and ConnectInputs() during initial blockchain download.,-0.03104210295714438,-0.8832178115844727,The diff changes the return value of the function CTransaction::AcceptToMemoryPool() from true to false if the transaction has a SigOpCount greater than nSize/34 or less than,0.0015524695627391338,0.39773067086935043,Fix out-of-bounds SigOpCount in AcceptToMemoryPool() and ConnectInputs(),-0.01368219219148159,-0.17162833362817764
21522,cpp,Refactor: Simplify CFunctionAsMethodType and CXXMethodType printing.,0.12941943667829037,0.11029442306607962,"The diff changes the behavior of the `print` method of the `AbstractionPattern` class, specifically the way it handles the `CXXMethodType` and `CurriedCXX",0.007011434354353696,0.46198576455935836,Refactor: Simplify AbstractionPattern::print() logic.,0.2634576503187418,0.12889964785426855
21556,cpp,Refactor: Improve performance by caching metadata and using a more efficient algorithm for highlighting files.,-0.04596996516920626,0.032370757311582565,The diff changes the behavior of the `showToolTip` function in the `PiecesBar` class.,0.0035210003843531013,0.5540414247661829,Refactor: Improve performance of PiecesBar::showToolTip() by caching QApplication::keyboardModifiers() and using a const bool variable for showDetailedInformation.,-0.1657035646494478,0.14199341740459204
21832,cpp,Add unique index for actor_link table.,0.0535638676956296,0.9238329194486141,"The diff changes the code to add a new index to the ""actor"" table and a new unique index to the ""actor_link"" table.",0.00594038050621748,0.7458373242989182,Add unique index to actor_link table.,0.04934090096503496,0.8877815194427967
21996,cpp,Update SigNetParams with new seed nodes and update consensus parameters.,0.016533645568415523,0.2952325940132141,"The diff changes the value of the vSeeds vector in the SigNetParams class, adding a new element and removing an existing one.",0.004121560254134238,0.7873670035041869,Update seed nodes for SigNet.,0.03322043642401695,0.36340951547026634
22139,cpp,"Ignore close tag, processing instructions, and comments in autocompletion.",0.024311087967362255,0.9152499381452799,The diff changes the behavior of the getCloseTag function in the AutoCompletion class.,-0.012856184970587492,0.8063930566422641,Ignore close tag and processing instructions in AutoCompletion.,0.5261005903594196,0.9663365017622709
22303,cpp,Add size calculation to incoming transaction queue size limit check.,0.0007069478742778301,0.9391360329464078,"The diff changes the way the `add` and `add_front` methods of the `producer_plugin_impl` class handle incoming transactions. In the original code, the `add",0.1918315887451172,0.4514300934970379,Add front to pending incoming transactions in producer plugin.,0.009200312313623726,0.9495724681764841
22407,cpp,Remove unused flush_mutex and simplify MongoFile::flushAll(),0.015483605675399303,0.1876347386278212,Removes a static mutex variable and replaces it with a scoped_lock.,-0.23825746402144432,0.9886078420095146,Refactor: Remove unused variable and simplify code.,0.21477235294878483,0.5177156608551741
22498,cpp,Add connection and editable path information to resource format text saver.,0.5136886090040207,0.9023870798991993,The diff changes the formatting of the code in the file `resource_format_text.cpp` by adding or removing whitespace and indentation.,-0.0086903041228652,0.1989172287285328,Refactor resource format saver to use modern C++ features.,0.014163176296278834,-0.031202614307403564
22549,cpp,Refactor LexerTest to use SourceMgr instead of llvm::MemoryBuffer.,-0.6401664079166949,-0.10250668227672577,The diff changes the name of the `SourceMgr` parameter in the `tokenizeAndKeepEOF` function from `SM` to `SourceMgr`.,-0.022611698135733604,0.07007073424756527,Update LexerTest to use SourceMgr instead of SM.,-0.9514059176435694,0.13171585276722908
22618,cpp,Refactor: Use m_musicDatabase to get album/artist paths instead of URIUtils.,0.003696439554914832,0.41884782910346985,"The diff changes the way the code handles nfo files, specifically the path to the nfo file is now determined using the `m_musicDatabase` object.",0.06825942452996969,0.12386800348758698,Refactor: Improve NFO file handling in MusicInfoScanner.,0.23509742435999215,0.21696488186717033
22666,cpp,Disable animation player editor plugin controls when no animations are selected.,0.3398547703400254,0.26575911045074463,Disables certain animation player editor tools when the animation list is empty.,0.48429962305817753,0.8036430738866329,Fix animation player editor plugin to disable unused features.,0.025021376786753535,0.087266705930233
22699,cpp,"""Update HID service to use NGLOG instead of LOG""",-0.6193680390715599,-0.2700269930064678,The diff changes the logging statements in the code from using the `LOG_DEBUG` and `LOG_WARNING` macros to using the `NGLOG_DEBUG` and `NGLOG,0.09980092570185661,0.17657074332237244,"""Update HID service logging""",-0.11043719947338104,-0.8954824488610029
22745,cpp,Update block height and hash for checkpoint lockin.,0.005204413086175919,0.3561547230929136,"The diff changes the value of the constant variables `nTotalBlocksEstimate` and `nInitialBlockThreshold`, and adds a new condition to the `AcceptBlock()` function.",-0.0028163452516309917,0.08879932761192322,Update blockchain parameters for better performance.,-0.02375705912709236,0.1134758151602
22746,cpp,Add developer mode support for reading broken .ase files.,0.9912787664216012,0.8665803156327456,"The diff changes the code to allow developers to open any .ase file, even if it has a different magic number.",0.004272314719855785,0.33926790952682495,Fix broken .ase file reading by adding devmode support.,0.6592249859240837,0.6074816528707743
22838,cpp,"Reject 'final' on global functions, protocols, structs, enums, etc.",-0.7087139459326863,0.9912733652163297,"Removes the ""final"" keyword from a global function, protocol, struct, enum, etc.",-0.1091697197407484,0.9878654188942164,"Remove 'final' from global function, protocol, struct, enum, etc.",-0.5839977194555104,0.9857762524625286
22999,cpp,Update RPCExecutor to handle JSON errors in a more user-friendly way.,0.0022045967052690685,0.10845410777255893,The diff changes the way the RPCExecutor class handles errors in its request method.,-0.0820065476000309,0.4907129369676113,Refactor RPCExecutor::request to use JSON spirit library.,-0.6174373272806406,0.35770775377750397
281,cs,Refactoring: Moved string Url declaration and login check outside of the if statement to improve readability and reduce code duplication.,-0.2490232177078724,0.03263950429391116,The diff changes the URL used for the search query and adds a new line to the code.,0.0014492706395685673,0.09302027197554708,Refactor: Simplify TransmitheNet indexer query URL construction.,-0.8370712604373693,0.4224155191332102
354,cs,Add support for Ubuntu 16.04 runtime fallbacks.,0.02669332269579172,0.9705535641405731,Adds a new RuntimeFallbacks instance to the DependencyContext.,-0.03840692155063152,0.9737246301956475,Add support for Ubuntu 16.04 runtime fallbacks.,0.02669327985495329,0.9705535641405731
427,cs,"Add timeout for multi-threaded toplevels and check if fromTopStillKnowFirstIsRunning, fromTopStillKnowSecondIsRunning, and fromFirstStill",-0.04862766060978174,0.2516047805547714,The diff adds a new variable `fromTopStillKnowFirstIsRunning` and sets its value based on the condition `count1 > 13 & & count < 15,0.0005670663085766137,0.9420708887046203,Add support for multi-threaded toplevels in Application.MainLoop.,-0.010067665949463844,0.8963737260783091
461,cs,Update target frameworks for .NET Core 3.0 and 5.0.,0.15135563164949417,0.10306297615170479,"Changes the default core configuration for the benchmark runner, adding support for target frameworks netcoreapp3.0 and netcoreapp5.0.",0.06816137582063675,0.9288821138907224,Update target frameworks in DefaultCoreConfig.,0.0991529393941164,0.9611289015738294
742,cs,Update TouchPanelCapabilities to check for touch device presence and maximum touch count on Windows Store and Windows.,-0.007962415926158428,0.4518755916506052,The diff changes the code to check for touch input on Windows Store apps and sets the maximum touch count based on the number of touch devices and their maximum contact count.,0.0006747066508978605,0.8725889776833355,Update TouchPanelCapabilities to check for touch device presence and maximum touch count.,0.0008981595747172832,0.9077595446724445
884,cs,Update error handling in ViewPageBase to include response status and stack trace.,0.09199219848960638,0.37487051356583834,The diff changes the implementation of the `ExecuteService` method in the `ViewPageBase` class.,-0.5753587242215872,0.2775155659765005,Refactor ViewPageBase.cs to improve error handling and rendering.,0.05727852834388614,0.047913345508277416
1012,cs,Update VSTypeScriptContainedDocumentWrapper to use new interfaces.,-0.018742866814136505,0.10346465185284615,"The diff changes the definition of the `VSTypeScriptContainedDocumentWrapper` class, adding a new `AbstractProject` property and an `IVisualStudioHostDocument` property,",-0.10625394433736801,0.5742202335968614,Refactor: Remove obsolete code and simplify API.,0.6692952690646052,0.4944217149168253
1072,cs,Add KVO observer for property change notifications.,-0.5692398031242192,0.8338123522698879,The diff adds a new using statement for System.Runtime.InteropServices and adds a line of code to allocate a GCHandle for the BlockObserveValueDelegate.,-0.9214695405680686,0.7802324034273624,Improve KVOObservableForProperty by using System.Runtime.InteropServices and GCHandle.Alloc.,-0.4868133068084717,0.22344636172056198
1332,cs,Add HTTP GET endpoint for deleting an album.,0.9947220133035444,0.9608000654261559,"The diff adds a new method ""Delete"" with a single parameter ""id"" and a return type of ""IActionResult"".",-0.4125081729143858,0.8352277847006917,Add HTTP GET method for Delete action in StoreManagerController.,0.14739253534935415,0.8409122312441468
1971,cs,"""Refactor DESCore.Permutation() to use int[] instead of byte[]""",-0.05094594741240144,0.015265300869941711,"The diff changes the type of the permutation table from `byte[]` to `int[]`, and changes the way the permutation table is initialized and used.",-0.0006247983255889267,0.10989894159138203,"""Refactor DESCore class to use int instead of byte for permutation table""",-0.21560055122245103,0.026316452771425247
1999,cs,Add DebuggerDisplay attribute to class or struct if missing.,-0.0035995622165501118,0.3096133768558502,The diff changes the code to add a new refactoring that suggests adding the `DebuggerDisplay` attribute to a class or struct if it does not already have it.,-0.003732636570930481,0.4406463261693716,Add DebuggerDisplay attribute to class or struct if missing.,-0.0035995568614453077,0.3096133768558502
2034,cs,"""Add support for WWW.PostWWW and WWW.PostWWW with headers""",0.07456829026341438,-0.12624303996562958,The diff changes the method signature of `GetAndGetBytes` and `PostAndGetBytes` in the `ObservableWWW` class. The new methods `GetWWW`,-0.04645533859729767,-0.1940145492553711,"""Add support for fetching WWW objects with progress reporting and cancellation""",0.5199192066211253,0.580825855024159
2376,cs,Improve performance of GenerateNodes by ignoring symbols that can't be referenced by name and are private.,0.007984129711985588,0.12401896034134552,"The diff changes the condition for generating nodes in the `GenerateNodes` method, from checking if any symbol can be referenced by name and all symbols have private accessibility, to checking if all",-0.00884644128382206,0.8844382744282484,Improve performance of GenerateNodes by ignoring symbols that can't be referenced by name and are private.,0.007984209805727005,0.12401896034134552
2521,cs,Add SwitchSection transform to extract all cases and add them to the values list.,-0.965782099403441,0.9767237126943655,The diff changes the behavior of the SwitchOnStringTransform method by adding a new case for empty strings and null values.,-0.9456353052519262,0.3619767241179943,Refactor SwitchOnStringTransform to improve performance.,-0.960127308499068,-0.04654047638177872
2656,cs,Update FrozenUnderFogInfo to include IRulesetLoaded and add a check for empty bounds.,-0.04598734341561794,0.663392526563257,"The diff changes the `FrozenUnderFogInfo` class to implement the `IRulesetLoaded` interface, and adds a new method `IRulesetLoaded.Ruleset",-0.01771606132388115,0.717093862593174,Update FrozenUnderFogInfo to include IRulesetLoaded interface.,-0.09331619739532471,0.5829012915492058
2747,cs,Remove Animation from UITestCategories.,0.03617298975586891,-0.9922925748396665,"Removes the ""Animation"" constant from the ""UITestCategories"" class.",-0.10806751251220703,-0.9970751951332204,Remove Animation from UITestCategories.,0.03617299348115921,-0.9922925748396665
2901,cs,Move cursor up/down/page up/down and mark/unmark rows.,7.554632611572742e-05,-0.0073271989822387695,"The diff changes the behavior of the `ProcessKey` method in the `ListView` class. It adds new cases for the `Key.ControlV`, `Key.PageDown`, and `",-0.00525306910276413,0.40927164256572723,Refactor ListView.cs to improve keyboard navigation and add new features.,0.0024629877880215645,0.021032024174928665
2971,cs,"""Update SqlServerDbFunctionsExtensions to throw InvalidOperationException for DataLength function on client""",0.0055658696219325066,0.021837213542312384,The diff changes the return type of the `DataLength` method from `long?` to `int?` in all overloads.,0.02536389123997651,-0.010016137734055519,"""Refactor: Move SqlServerDbFunctionsExtensions to a separate file""",0.011335834860801697,-0.04761381261050701
3033,cs,Update service descriptor to expand environment variables in tags.,0.006124627776443958,0.6432525981217623,The diff changes the method `AppendTags` to expand environment variables in the `arguments` string.,7.952726446092129e-05,0.8242692900821567,Refactor AppendTags method to use Environment.ExpandEnvironmentVariables.,0.07657497748732567,0.5524990037083626
3130,cs,Update test to skip 1008057.,-0.9790012654848397,0.03391077741980553,Changes the maximum stack size of the `EditAndContinueTests` class from 1 to 1008057.,-0.1990204146131873,0.18298636749386787,Fix test for EditAndContinueTests.cs,0.00024445197777822614,-0.02434554696083069
3493,cs,Refactor ResponseCallback to use a GetAccessTokenResponse object and handle RefreshTokenExceptions.,0.2157321646809578,0.8075326792895794,The diff changes the way the `RefreshToken` is handled in the `ResponseCallback` method. It adds a new `try-catch` block to handle the `WebException` that may,0.0018119446467608213,0.08923120610415936,Refactor ResponseCallback method to use new GetAccessTokenResponse type and handle refresh token exception.,0.16124997194856405,0.701091704890132
3750,cs,Update lighting values to default to 1 if not set.,0.6061618290841579,0.2799969017505646,"Changes the default value of the ""Red"", ""Green"", ""Blue"", and ""Ambient"" properties of the ""LightingGlobal"" class from 0 to 1.",0.0388085322920233,0.4904433488845825,Improve lighting flashing behavior in OpenRA mod.,-0.29192184656858444,0.37811700627207756
4034,cs,Add internal member dd_pressed to handle clicks on DropDown arrow.,0.9971520758117549,0.996032033173833,The diff changes the copyright notice and adds an internal member variable to handle clicks on the DropDown arrow.,0.008680853759869933,0.9726682557666209,Add internal member dd_pressed to handle clicks on DropDown arrow.,0.9971520723775029,0.996032033173833
4252,cs,Improve task fitness check and add aggressive mode for unlocking the situation.,-0.8247644603252411,0.7136506051756442,"The diff changes the behavior of a method called ""WorkerMethod"" in a class called ""ThreadWorker"" in the ""System.Threading.Tasks"" namespace. The method now uses a more",0.017303182743489742,0.2096775695681572,Improve task fitness check in ThreadWorker.,-0.21917781233787537,0.506367173162289
4401,cs,Update Dequeue method to throw InvalidOperationException if queue is empty.,0.9941981290321564,0.4844829812645912,"The diff changes the behavior of the `Dequeue` method in the `Queue` class, making it throw an `InvalidOperationException` instead of returning `null` when the queue is empty",0.17430583806708455,0.8926993976347148,Improve Queue.Dequeue() method to throw InvalidOperationException when queue is empty.,0.9746294867945835,0.14268317259848118
4445,cs,Improve TreeView mouse wheel scrolling behavior.,-0.01617519184947014,0.2767794029787183,The diff changes the value of the `vbar` variable in the `MouseWheelHandler` method.,0.0004319160943850875,0.8013839740306139,Update TreeView scrollbar behavior on mouse wheel.,-0.019028110429644585,0.48740979842841625
4647,cs,Pace out Redis socket creations to avoid glitches.,-0.028408991172909737,0.6204689876176417,Changes the sleep time from 500 to 250 in the GetServer method.,0.00036831997567787766,0.9811491988948546,Improve Redis test performance by pacing out new socket creations.,0.000590769574046135,0.3850015632924624
5020,cs,Migrate older imports to use skin.ini for skin information.,-0.01947203278541565,-0.2628108710050583,The diff changes the `SkinManager` class to use a `SkinConfiguration` object instead of a `SkinInfo` object to populate the `SkinInfo` objects.,-0.033509450033307076,0.14077474176883698,Migrate older imports to include skin.ini.,0.25485368072986603,-0.18022742867469788
5185,cs,Update MsbuildGenerator to use profile_4_x instead of profile_4_5.,0.032727105979574844,0.03557814145460725,The diff changes the value of the `profile_4_x` constant from `profile_4_5` to `profile_4_x` in the `MsbuildGenerator`,0.006989517831243575,0.2753186668269336,Update MsbuildGenerator class to support .NET 4.x profile.,0.3566493083490059,0.0050751036033034325
5221,cs,"""Refactor WithSpriteTurret to use protected virtual TurretOffset""",0.8143934374675155,0.9218009433243424,The diff changes the visibility of the `TurretOffset` method from public to protected virtual.,0.6325954152271152,0.9579076429072302,Refactor WithSpriteTurret to use protected virtual TurretOffset method.,0.6781287321355194,0.880746679729782
5384,cs,"""Refactor PictureService to use SixLabors.ImageSharp for image processing and resizing""",-0.16782161919400096,-0.27210887894034386,The diff changes the implementation of the `GetPictureUrlAsync` method in the `TestPictureService` class. It adds a new implementation that uses the `SixLabors.ImageSh,-0.0059764389880001545,0.05739369988441467,Add support for SixLabors.ImageSharp in NopCommerce,-0.44325733045116067,0.07949216663837433
5431,cs,Refactor: Improve performance of RegisterMultiple by using LINQ to detect duplicate implementation types.,-0.08383316919207573,0.0840824656188488,The diff changes the implementation of the `RegisterMultiple` method in the `TinyIoC` class.,-0.3941481621004641,0.632341768592596,Refactor: Improve error handling for RegisterMultiple method.,0.029318411834537983,0.3545024923514575
5469,cs,Update chat link test cases to use new channel manager.,0.010153960436582565,0.26645376393571496,The diff changes the way the chat manager is cached and the way the chat overlay is cached.,-0.2770891198888421,0.7982309926301241,Update chat link test cases to use new ChatOverlay.,-0.016389619559049606,0.2620379738509655
5763,cs,Update file seek and truncate functions for Linux.,0.0027420558035373688,0.6465840712189674,"The diff changes the implementation of the `FileStream` class in the `System.IO` namespace, specifically the `SetLength`, `Flush`, and `Seek` methods.",0.004002014175057411,0.5093654468655586,Refactor file I/O methods to use `lseek` and `ftruncate` instead of `fseek` and `fflush`.,-0.003902195021510124,0.5478779654949903
5857,cs,"""Update TypeScript generator to support generic types""",0.1496083401143551,-0.0346505232155323,The diff changes the code in the `TypeScriptGenerator` class to use TypeScript's `interface` syntax instead of TypeScript's `type` syntax for defining interfaces.,-0.4755743443965912,0.24127217009663582,"""Refactor TypeScriptGenerator.cs to use TypeScript's generic type notation""",-0.06932806223630905,-0.17050455510616302
5869,cs,Introduce using declarations for ambiguous type names.,-0.14230763912200928,0.9540576105937362,The diff changes the code to add using declarations for namespaces that are imported in the code.,0.0028181313537061214,0.7577805547043681,IntroduceUsingDeclarations: Add using declarations for ambiguous type names.,-0.24439314007759094,0.9245073837228119
5983,cs,Add units at enumerator and enumerable classes for GetUnitsAt method.,0.06076999846845865,0.6691410355269909,"The diff adds a new method ""GetUnitsAt"" to the ""ActorMap"" class, which returns an enumerable collection of actors at a given position and subcell.",0.03244657383766025,-0.16426725685596466,Refactor: Improve performance of GetUnitsAt method by using a sealed class for the enumerator and using LINQ to simplify the logic.,-0.11177699861582369,0.060370024759322405
6059,cs,Refactor: Move comment refetching to separate method.,0.025473114801570773,0.05794678255915642,The diff changes the method `ShowComments` to call `refetchComments` instead of `Sort.TriggerChange()`.,-0.14460411667823792,0.8798536723479629,Refactor: Use refetchComments instead of Sort.TriggerChange.,-0.6908235251903534,0.8939400324597955
6112,cs,Add MVC localization services with null check for unit testing.,-0.19899588264524937,0.9731510006822646,"The diff changes the way the `AddLocalization` method is called, adding a null check and a conditional statement to call the method with a different signature.",5.355784378480166e-05,0.3712914071511477,Fix null reference in MvcLocalizationServices setupAction.,-0.10985946469008923,0.31481895223259926
6208,cs,Update default vocabulary with new plural and singular forms.,0.848076930269599,0.299411054700613,The diff changes the pluralization and singularization rules for words in the Humanizer library.,0.004520656308159232,0.2059352407231927,Update plural and singular forms for vocabulary.,0.8193716923706234,0.6501619182527065
6414,cs,Update download progress dialog to display correct size.,0.9062635216978379,0.09010062366724014,The diff changes the calculation of the download progress and adds a check for a negative total byte count.,-0.00024830648908391595,0.16953566996380687,Update download progress dialog to display correct size.,0.9062638190225698,0.09010062366724014
6449,cs,"""Refactor FilterSearcher to use FixTypeName for type name matching""",0.6851912327110767,0.2694377079606056,"The diff changes the way the `FilterSearcher` class searches for types, methods, fields, and properties in the `dnSpy` codebase. It adds a new `Fix",0.08360252645798028,0.09561721608042717,"""Refactor FilterSearcher to use FixTypeName for matching""",0.6624206863343716,0.14104848355054855
7248,cs,Implemented sorting by album artist for audio items.,-0.03657940961420536,0.9616518495604396,"The diff changes the implementation of the GetValue method in the AlbumArtistComparer class, adding a new if statement to check if the item is an audio file and returning the album artist",-0.037432942539453506,0.7088832724839449,Implemented using System.Linq and MediaBrowser.Controller.Entities.,-0.005439326167106628,0.9172414056956768
7328,cs,Add filename pattern support for file uploads.,-0.8261095359921455,0.9435794135497417,The diff changes the filename of a download task in ShareX.,0.0429220050573349,0.9276627198560163,Refactor worker task creation to use name pattern for uploads.,0.006580173605470918,0.3086763359606266
7425,cs,Update encoder path to use new method with recursive parameter.,-0.0014728144742548466,0.18732049316167831,"The diff changes the way the FFmpeg path is set and logged, and adds a new parameter to the `GetEncoderPathFromDirectory` method.",0.00010102023952640593,0.06239805743098259,Update encoder path and enable ffmpeg validator.,-9.111850522458553e-05,0.9854697280097753
7533,cs,Update player pinger to handle single-player connections.,0.01879909634590149,0.2912941826507449,The diff changes the behavior of the `Tick` method in the `PlayerPinger` class. It adds a new condition to the `foreach` loop that checks if the client is a,-0.004401459824293852,0.03429269976913929,Improve player pinger to handle single-player connections.,0.10828114673495293,0.16642242204397917
7766,cs,Add EndianSwap method for double type.,0.08328383043408394,0.6696945130825043,The diff changes the implementation of the `IsWhiteSpace` method in the `CharUnicodeInfo` class.,-0.03354255296289921,0.24735159799456596,Add support for double-precision floating-point numbers in CharUnicodeInfo.,0.0114503288641572,-0.030504927039146423
8050,cs,Update CatchPerformanceCalculator to use new difficulty calculation method.,-0.029086817055940628,0.10038849711418152,"The diff changes the calculation of accuracy, total hits, successful hits, and combo hits in the CatchPerformanceCalculator class.",-0.00010186305735260248,0.7561760442331433,Update CatchPerformanceCalculator.cs with new copyright and license.,0.023102126666344702,0.23936334997415543
8251,cs,Update image list for options page list view and add options pages to list view.,-0.21867549046874046,0.8566279402002692,"The diff changes the code to use the `mRemoteNG.App` namespace and the `mRemoteNG.UI.Forms.OptionsPages` class, and adds a new `SetImage",-0.06020910292863846,0.0872344821691513,Update image list for options page list view and add options pages to list view.,-0.21867568232119083,0.8566279402002692
8262,cs,Add try-catch block to register NzbDroneLogger to handle NLog exceptions.,-0.01446487382054329,0.9153832131996751,"The diff changes the way the NzbDroneLogger is registered, adding a try-catch block to handle any exceptions that may occur.",-0.1324805673211813,0.77614885289222,Improve NLog exception handling in NzbDrone.Console.ConsoleApp.,-0.05186186730861664,0.25562674179673195
8374,cs,Update tracked downloads with new download client item.,-0.10425492376089096,0.6437885649502277,The diff changes the code in the TrackedDownloadService class to log changes to the TrackedDownload objects and update the cache with the new TrackedDownload objects.,0.006111760041676462,0.512643363326788,Update TrackedDownloadService to handle new downloads and update existing downloads.,0.1149647980928421,0.42026997171342373
8462,cs,Refactoring compound assignment expressions to handle nullable types.,0.9585862843086943,0.9288209625519812,The diff changes the code to handle compound assignment operators for nullable types.,0.8699221370043233,0.8452579169534147,Refactoring: Improve nullable type handling in compound assignment expressions.,0.9274592260480858,0.37596287578344345
8527,cs,Refactor Application_Error to handle 404 errors more efficiently.,0.032828046823851764,0.1350996196269989,The diff changes the way the application handles 404 errors by using a different controller and action to handle the error.,0.0027743873361032456,0.40650181099772453,Improve 404 error handling in NopCommerce by using a common controller and route data.,-0.0014458823716267943,0.08304891618900001
8543,cs,Add support for deserializing nullable enum values.,0.9775736755254911,0.9850485747447237,The diff changes the code to add a new class `ClassWithNullableEnum` and a new test method `DeserializeNullableEnum`.,0.017832773504778743,0.9384122379124165,Add support for deserializing nullable enum values.,0.9775736761803273,0.9850485747447237
8735,cs,Add input event capture for column lighting.,-0.06643961742520332,0.9930296428938163,"The diff changes the way input events are captured for the column lighting, by adding a new `InputTarget` class to capture input events before the notes.",0.015296302502974868,0.9787485166016268,Add input event capture for column lighting.,-0.06643929332494736,0.9930296428938163
8858,cs,Update SuggestedActionsSource to include applicableSpan in SuggestedActionSet.,0.036711647000629455,0.09543494135141373,"The diff changes the method `OrganizeRefactorings` to accept an additional `Span` parameter, which is used to determine the applicable span for the refactorings.",0.0032417147886008024,0.10950982943177223,Improve refactoring suggestions by considering the selected span.,0.909299710765481,0.1594773184042424
8878,cs,Refactor LegacyScoreParser to use RulesetStore and BeatmapManager.,0.0561303241411224,0.5702317617833614,"The diff changes the way the `LegacyScoreParser` class parses scores, by using a new method to retrieve the ruleset and beatmap instead of using the `Ruleset",0.02069426327943802,-0.08756612986326218,Refactor LegacyScoreParser to use virtual methods for Ruleset and Beatmap retrieval.,0.2921615899540484,0.18055975437164307
8952,cs,Update PDF service to use customer language if available.,0.9262278496753424,0.22821524366736412,"The diff changes the way the language is retrieved and used in the code, specifically by using a null check and a ternary operator to set the language.",-0.001742722641211003,0.3713512597605586,Refactor: Improve PDF generation for packaging slips.,0.7201239606365561,0.18165040761232376
9374,cs,Add host analyzer support for non-compilation languages.,-0.16262878477573395,0.9868071237578988,The diff changes the behavior of the GetOrCreateStateSet method in the DiagnosticIncrementalAnalyzer.StateManager class.,-0.0003548364620655775,0.456892404705286,Update DiagnosticIncrementalAnalyzer.StateManager to handle non-compilation projects.,-0.2976665198802948,0.1333375722169876
9802,cs,Add SSH key and test connection functionality to FormRemotes.,-0.9804875272384379,0.8976499820128083,The diff changes the code in the LoadSshKeyClick and TestConnectionClick methods to use a new SSH URL format.,0.002434738678857684,0.28588590770959854,Update FormRemotes.cs to load SSH key and test connection.,-0.05081750359386206,0.55358861759305
9927,cs,Update SQL query for retrieving user roles by ID.,0.624289421364665,0.5512708239257336,"The diff changes the implementation of the `GetUserRolesById` method in the `AppUtils` class, adding a new overload that takes an additional `sqlGetUserRoles`",0.021696074167266488,0.04014982096850872,Update IdentityUserRolesByIdSql and add GetUserRolesById method.,0.05972774390829727,0.17811983916908503
9979,cs,Update ShowMoreButton to TestButton and add new color properties.,-0.6592031973414123,0.31712954491376877,"The diff changes the type of the ""button"" variable from ""ProfileShowMoreButton"" to ""TestButton"", and adds a new class ""TestButton"" that inherits from ""ShowMore",-0.00400692131370306,0.5854313280433416,Refactor ShowMoreButton to TestButton and add background dependency loader.,-0.09440472815185785,0.5850514052435756
10213,cs,"Update GetAsn1StringBytes, GetX509Thumbprint, GetX509NameRawBytes, and GetX509PublicKeyParameterBytes to use Get",-0.06974607706069946,0.21979474369436502,"The diff changes the implementation of several methods in the NativeCrypto class, including GetAsn1StringBytes, GetX509Thumbprint, GetX509NameRaw",-0.1242716908454895,0.4680040921084583,"Refactor GetAsn1StringBytes, GetX509Thumbprint, GetX509NameRawBytes, and GetX509PublicKeyParameterBytes to use",-0.1917593302205205,0.2124033742584288
10329,cs,Refactor: Improve performance by caching the result of the `ShowAsync` method.,-0.07989023067057133,0.15034250169992447,"The diff changes the way the `Alert` method is implemented, adding a new `s_currentAlert` field to keep track of the current alert and a new `ShowAlert` method to",0.0029012728482484818,0.4793269522488117,Refactor: Improve performance of alert dialogs.,0.2729833445046097,0.3014447195455432
10489,cs,Update LoggedTestBase to use ExceptionDispatchInfo.Capture() for initialization exceptions.,-0.6201125457882881,0.05398552864789963,The diff changes the code to use the `ExceptionDispatchInfo` class to capture and rethrow any exceptions that occur during the initialization of the `LoggedTestBase` class.,-0.03448980301618576,0.08093658462166786,Update LoggedTestBase to use System.Runtime.ExceptionServices.,-0.18400675058364868,-0.48528021574020386
10547,cs,Refactor: Improve null check for generated value in cache.,0.05852722376585007,0.0703019704669714,"The diff changes the condition for checking if the generated value is not null, from `generatedValue != null` to `!EqualityComparer<TValue>.Default.Equals(generated",-0.04792027175426483,0.5681636221706867,Improve null value handling in cache retrieval methods.,-0.10478441417217255,0.14308675681240857
10601,cs,"Add enum OperationKind with values AddressOfExpression, PointerIndirectionReferenceExpression, and IncrementExpression.",-0.09500441048294306,0.9712226786650717,"The diff changes the value of the enum member ""IncrementExpression"" from 0x205 to 0x206.",-0.01974904164671898,0.8301281109452248,Update OperationKind enum with new values.,0.037049923092126846,0.46483972668647766
10786,cs,Generate key pair for SparkleShare.,-0.00036167504731565714,0.8832568116486073,"The diff changes the way the `GenerateKeyPair` method generates a key pair by using the `Process` class to execute the `ssh-keygen` command, rather than using the",0.014594016596674919,0.18409202992916107,GenerateKeyPair: Improve key generation process by using a new file name and adding a debug message.,0.0008941581472754478,0.19112222141120583
11254,cs,Add group name and selected value properties to RadioButtonGroup.,0.9947100564604625,0.790942957624793,"The diff changes the code for the `RadioButtonGroup` class, adding a new `SetGroupName` method and a new `SelectedValueProperty` bindable property.",0.48904082365334034,0.8718271031975746,Add group name and selected value properties to RadioButtonGroup.,0.9947100564604625,0.790942957624793
11334,cs,Update bitmap content height and width properties to be protected and throw ArgumentOutOfRangeException if value is less than or equal to 0.,0.0017506099538877606,0.29726478923112154,Changes the accessibility of the Height and Width properties in the BitmapContent class.,0.808277478441596,0.5376852778717875,Update bitmap content height and width properties.,0.9724571377737448,0.4882910270243883
11402,cs,Add CORS feature with whitelist support.,0.9936699985992163,0.9205098222009838,"The diff adds a new constructor to the `CorsFeature` class that takes an `IList<string>` of allowed origin whitelist, and modifies the `Register` method to",0.0013424939243122935,0.31157713383436203,Add CORS feature with whitelist support.,0.9936699985992163,0.9205098222009838
11411,cs,Add assertion to ensure that the node is empty or its children do not end with a semicolon.,-0.0869690515100956,0.992885280327755,The diff changes the code to check if the last child of a node ends with a semicolon.,0.04832262173295021,0.8834203213918954,Fix missing semicolon in CompleteStatementCommandHandler.cs.,-0.0205728467553854,0.4336329698562622
11554,cs,Refactor HandleQueuedCallback to use a switch statement instead of if-else chain.,-0.6921977251768112,0.39837382873520255,The diff changes the implementation of the `HandleQueuedCallback` method in the `SslState` class.,-0.011430074460804462,0.3676612442359328,Refactor: HandleQueuedCallback method to use try-catch block.,-0.012399319559335709,0.45716679096221924
11883,cs,Add support for relative path comparison.,0.9897394560684916,0.9854305532644503,Adds a new method to the SparkleHelpers class that calculates the relative path of two hierarchical absolute paths.,0.005749346397351474,0.9662792963790707,Add support for regular expressions in SparkleHelpers.,-0.040643887128680944,0.7313808579929173
11990,cs,Add handlers for PuttySessionsCollectionChanged and ConnectionTreeModel.PropertyChanged to refresh tree objects.,0.0738659081980586,0.9758775683585554,The diff changes the code in the SetModelUpdateHandlers method to add event handlers for the CollectionChanged and PropertyChanged events of the ConnectionTreeModel.,0.01823984261136502,0.9423540645511821,Refactor SetModelUpdateHandlers to use lambda expressions.,-0.5367657858878374,-0.0694708451628685
12026,cs,Align health bar with accuracy counter for legacy skins.,-0.41825952380895615,0.9913712911074981,The diff changes the position of the health bar in the game's HUD overlay.,0.0009471210651099682,0.8444581541698426,Align health bar with accuracy counter for legacy skins.,-0.41825952380895615,0.9913712911074981
12307,cs,Add owner to DataContextProperty for Application class.,-0.26426878571510315,0.9753399910405278,"The diff changes the definition of the `DataContextProperty` static readonly field in the `Application` class, adding an owner to the `StyledElement.DataContextProperty` field.",-0.28054094314575195,0.8973156409338117,Update Avalonia.Controls.Application to use StyledElement.DataContextProperty.,-0.8636596407741308,-0.023110419511795044
12597,cs,Transfer local beatmaps across to ensure we have Metadata available.,-0.024261751677840948,0.9857795068528503,"The diff changes the behavior of the CopyFrom method in the Room class, specifically in how it handles the Playlist and Participants collections.",-0.0038001840002834797,0.6245136242359877,Update room state and playlist after copying from another room.,-0.00019941851496696472,0.9709466828498989
12622,cs,Refactor DatePickerRenderer to use protected virtual method for creating DatePickerDialog.,-0.09830068051815033,0.5955024797003716,The diff changes the method signature of `CreateDatePickerDialog` from `internal override void OnFocusChangeRequested` to `protected virtual DatePickerDialog CreateDatePickerDialog`.,0.0009960416937246919,0.8546527388971299,Refactor DatePickerRenderer to use protected virtual methods for creating and showing the DatePickerDialog.,-0.1354106366634369,0.6813302236841992
12708,cs,Update SQL adapter dictionary with Postgres and SQLite adapters.,0.41506505012512207,0.8650772874243557,"The diff changes the implementation of the `Insert` method in the `SQLiteAdapter` class, adding a new parameter `commandTimeout` and changing the way the `IDbConnection` is",-0.0011499364045448601,0.007275104522705078,Refactor: Improve performance of SQLiteAdapter.Insert() method.,0.001845234539359808,0.05005387216806412
12749,cs,Add temporary file extension to APIDownloadRequest.,0.26637668535113335,0.8895431412383914,The diff changes the file extension of the file outputted by the API request.,0.38669661711901426,0.8476042717229575,Update API request to set file extension and move temp file.,0.040248364210128784,0.9504385234322399
13043,cs,Fix non-boolean user-defined equals in SwitchExpression.,-0.24841883312910795,0.6268853042274714,The diff changes the logic for determining whether a non-boolean user-defined equals method is allowed in a switch expression.,0.0001131382305175066,0.6497446061111987,Fix non-boolean user-defined equals in SwitchExpression.,-0.24841883312910795,0.6268853042274714
13397,cs,Update test method attributes to skip on GitHub issue 13433.,0.002713731664698571,0.7458521947264671,The diff changes the method signature of `TestRecoverableSyntaxTreeCSharp` and adds a new method `TestRecoverableSyntaxTreeVisualBasic`.,0.019579877145588398,0.39235094375908375,Update test method annotations to skip test on Roslyn issue.,-0.002171165309846401,0.5646391226910055
13649,cs,Add sealed class _Order to support Order implicit operator.,0.19002007134258747,0.8930841768160462,The diff adds a new class named `_Order` and a new implicit operator to convert it to an `Order` class.,0.02472825365839526,0.4269149183528498,Add sealed class _Order and implicit operator Order.,0.3343827724456787,0.8562707710079849
13757,cs,Update PropertyBinding to use new Expression types.,-0.153669573366642,0.0495191253721714,"The diff changes the signature of the Bind method in the PropertyBinding class, adding a new type parameter TVMProp and a new type parameter TVProp, and changing the types of the vmProperty",-0.0033663753420114517,0.03289669752120972,Refactor property binding to use generics and simplify code.,-0.09309680387377739,0.13288286328315735
13783,cs,"Add new MIME types for ics, idc, ief, iefs, mme, mny, mod, mov, mp2, mp3, mp4, and",-0.9847768238687422,0.8614022471010685,"The diff adds a new mime type ""ics"" and modifies the mime type ""mov"" to ""video/quicktime"".",-0.0005035293870605528,0.7705464288592339,Add new MIME types and remove old ones.,-0.9491131147369742,0.4992199242115021
14096,cs,Refactor WriteAsync and EndAsync methods to use TaskAsyncHelper.,0.03029130445793271,0.4494506986811757,The diff changes the implementation of the WriteAsync and EndAsync methods in the AspNetResponse class.,0.05907817551633343,0.8731431318446994,Refactor SignalR.AspNet.AspNetResponse.WriteAsync and EndAsync methods.,0.0476917615160346,0.34974545799195766
14447,cs,Add IsDebugBuild method to Assembly reflection extensions.,-0.01351635716855526,0.6319122184067965,"The diff adds a new method ""IsDebugBuild"" to the ""ReflectionExtensions"" class, which uses reflection to check if the assembly is a debug build.",-0.010618888540193439,0.7573818955570459,Add IsDebugBuild method to Assembly reflection extensions.,-0.01351635716855526,0.6319122184067965
14540,cs,Add commit message to menu for previous commits.,-0.5086710695177317,0.9807852822123095,The diff adds a new ToolStripItem array to the commitMessageToolStripMenuItem's DropDownItems collection.,-0.2899458557367325,0.6212627254426479,Add commit message to menu.,-0.6929733175784349,0.9727157284505665
15062,cs,Refactor TaskFactory.ContinueWhenAny to use TaskCompletionSource.,0.20818118751049042,0.43379858136177063,"The diff changes the implementation of the `ContinueWhenAny` method in the `TaskFactory` class, replacing a `Task` with a `TaskCompletionSource` and modifying the continuation",0.019420066149905324,0.2677093520760536,Refactor TaskFactory.ContinueWhenAny to use TaskCompletionSource.,0.20818118751049042,0.43379858136177063
15344,cs,Refactor: Improve performance of CopyTo method by using a more efficient algorithm.,-0.19792900793254375,0.008585331961512566,"The diff changes the implementation of the `CopyTo` method in the `Dictionary<TKey, TValue>` class. It adds a new `CopyKeys` method and replaces the existing",-0.0031339828856289387,0.04615557938814163,Add CopyKeys and CopyValues methods to Dictionary class.,-0.0012872641673311591,0.7840861901640892
15362,cs,Fix incorrect concatenation of form action in BeginForm overload.,0.014033709652721882,0.2229228289797902,The diff changes the way the `formAction` variable is constructed in the `GenerateDisplayText` method.,0.00116329436423257,0.2456599660217762,Fix incorrect formatting of HtmlHelper.GenerateDisplayText method.,0.06714729219675064,0.024220094084739685
15711,cs,Add support for receiving positional input at the ManiaPlayfield level.,-0.20698917098343372,0.9666813779622316,The diff changes the implementation of the `ReceivePositionalInputAt` method in the `ManiaPlayfield` class.,0.0004950955044478178,0.7510095676407218,Refactor ManiaPlayfield to use Linq and improve performance.,-0.1388445645570755,0.04891065205447376
16048,cs,Refactor: Filter out explicit event add/remove methods and append implemented members.,0.012791668064892292,0.8147462978959084,The diff adds two new variables and a new method call to the `BuildMemberLists` method.,-0.009875085030216724,0.7080283537507057,Refactor: Filter out explicit event add/remove methods and improve performance.,0.012316585751250386,0.25313495844602585
16117,cs,Update animation speed and rectangle size based on mouse wheel input.,0.023641329258680344,0.12065938487648964,"The diff changes the implementation of the `ScreenTearingTestForm` class, adding a new `drawTimer` field and a new `OnMouseWheel` method, and modifying the",0.01684594340622425,0.05235330807045102,Update ScreenTearingTestForm to include animation speed and rectangle size adjustments.,0.04395413585007191,0.45913077984005213
16341,cs,Add support for disabling request stream switching.,-0.9394627059809864,0.9796226745238528,"The diff changes the code level by adding a new property ""DisableRequestStreamSwitching"" and a new class ""Caching"" with a private static bool property ""enableRuntimeViewDiscover",-0.24501734226942062,0.8020659387111664,Add support for disabling request stream switching.,-0.9394627059809864,0.9796226745238528
16366,cs,Update ManiaPlayfield to support 9 columns.,0.9650236607994884,0.7439266575383954,"The diff changes the code to add a new class called ""ManiaPlayfield"" and a new method called ""TriggerKeyDown"" to the ""Column"" class. It also adds a new",0.05158104607835412,0.504966776818037,Update ManiaPlayfield to support 9 columns.,0.9650236607994884,0.7439266575383954
16542,cs,"Refactor: Rename ""OpenFolder"" to ""OpenFile"" and update logic to handle both files and folders.",-0.0772351510822773,-0.0005557052791118622,"The diff changes the method signature of `OpenFile` from `public static void OpenFile(string filePath)` to `public static void OpenFile(string filepath)`, and adds a new",0.028001658618450165,0.0422871382907033,Refactor: Improve file opening and folder navigation.,0.6037540000979789,0.12515233270823956
16961,cs,Refactor switch analysis to improve performance.,-0.8680616458877921,0.09740889631211758,The diff changes the code to check if the block has two instructions and if the input values are a subset of the true values.,0.011448991252109408,0.6347524847369641,Improve switch analysis by optimizing branch analysis.,-0.9767018268175889,0.07896868046373129
17126,cs,Add private class AnyTypeList to support open generic types.,-0.501155948266387,0.938552642473951,"The diff changes the code to add a new class called ""AnyTypeList"" that implements the ""IEnumerable<object>"" interface, and adds two new methods to it: ""Add"" and",-0.0019195303320884705,0.7679174970835447,Add private class AnyTypeList to System.Linq.Expressions.ListInitExpressionTests.cs,-0.26909445971250534,0.35257263481616974
17161,cs,"""Update TdsComm class to support big-endian byte order""",-0.5263266647234559,-0.038037738762795925,"The diff changes the code level by adding a new field ""lsb"" of type ""bool"" to the ""TdsComm"" class, and changing the order of the fields in the class",-0.0008605238399468362,0.2870708741247654,"""Refactor TdsComm class to optimize buffer management and add support for TDS 7.0""",-0.8489501597359776,-0.15512189315631986
17339,cs,Fix assertion for ConcurrentRecordingObjectBinder.Record() method.,-0.6159593039192259,0.4030860364437103,"The diff changes the code in the `Record` method of the `ConcurrentRecordingObjectBinder` class, specifically the `HasConstructor` method call and the `typeMap` dictionary",-0.0016285236924886703,0.26766879949718714,Fix assertion in ConcurrentRecordingObjectBinder.Record(),-0.4709205459803343,0.35087671130895615
17340,cs,Update VideoPlayer to use new Video class and add IsLooped property.,-0.5846056127920747,0.2809527777135372,"The diff changes the code to use the `MonoTouch` namespace instead of the `Microsoft.Xna.Framework` namespace, and to use the `MPMoviePlayerController` class instead",-0.011548532638698816,-0.5064267814159393,Refactor VideoPlayer to use Microsoft.Xna.Framework.Media.Video instead of MonoTouch.MediaPlayer.,-0.2873967532068491,-0.230445995926857
17461,cs,Refactor: Release cancelled items and dispose of async tokens.,0.0027489233762025833,0.8879763633012772,"The diff changes the implementation of the `ForegroundNotificationService` class, adding a new method `ReleaseCancelledItems` and modifying the `ProcessAsync` method to use a `Linked",0.020581722259521484,0.46157078072428703,Refactor: Improve performance of ForegroundNotificationService by releasing cancelled items outside the lock.,0.035723202396184206,0.3875083648599684
18093,cs,Add nullability checks to TagHelperContent methods.,0.9454902643337846,0.7597278542816639,"The diff changes the method signature of the `AppendFormat` method in the `DefaultTagHelperContent` class, adding the `[NotNull]` attribute to the `format` parameter and changing the",0.3033601604402065,0.23167271353304386,Add nullability checks to TagHelperContent AppendFormat methods.,0.9759926715632901,0.7365967631340027
18370,cs,Update VSS excluded writers to default to exclude the System State writer.,0.8946401936700568,0.7431969149038196,"The diff changes the default value of the ""excludedWriters"" variable from an empty array to an array containing a single Guid representing the System State writer.",0.0013338346034288406,0.704926117323339,Update VSS excluded writers to use new syntax.,0.06347221694886684,0.2468789666891098
18378,cs,Add support for location-based S3 hosts.,0.9772295009461232,0.9779626866802573,"The diff changes the way the S3 backend is initialized, adding a new `DEFAULT_S3_LOCATION_BASED_HOSTS` array and using it to set the S3",0.04968620277941227,0.13677265122532845,Add support for EU-based S3 buckets and location-specific endpoints.,0.0016262765420833603,0.9145001709694043
18514,cs,Add DSC schema store validation for Linux.,-0.48098835349082947,0.5502790957689285,"The diff changes the code to check if a directory exists before attempting to use it, and throws an exception if it does not exist.",-0.4024079404771328,0.6911365864798427,Update DSC schema store path and import resource base file.,-0.33128149900585413,0.901242601685226
18609,cs,Update connection pooling test to fix hanging issue.,-0.22846268536522985,0.7277866710210219,The diff changes the implementation of the `Dispose` method in the `ManagedHandler_HttpClientHandler_DefaultProxyCredentials_Test` class.,0.024557669181376696,0.45658979285508394,Fix connection pooling issue in ManagedHandler_HttpClientHandler_DefaultProxyCredentials_Test and ManagedHandler_HttpClientHandler_MaxConnectionsPerServer_Test.,-0.11236665025353432,0.1247340701520443
19067,cs,Move copyToClipboardToolStripMenuItem to the end of the DropDownItems list.,-0.30466027557849884,-0.8354519279673696,"The diff changes the order of items in the ""copyToClipboardToolStripMenuItem"" drop-down menu.",0.13596134167164564,0.631937962025404,Refactor InitializeComponent to improve copyToClipboardToolStripMenuItem.,-0.08703909069299698,0.09290792793035507
19102,cs,Update tier prices for product service.,0.047767238691449165,0.5710166655480862,"The diff changes the method signature of GetTierPrices() in ProductService.cs, adding a new parameter and changing the order of the existing parameters.",-0.0007873614958953112,0.2713664397597313,Refactor GetTierPrices to use new methods.,0.06544247269630432,0.22221775725483894
19369,cs,Update ICodeModelInstanceFactory to use IProjectCodeModel.GetOrCreateFileCodeModel.,-0.23973320797085762,-0.15361841022968292,"The diff changes the method signature of `TryCreateFileCodeModelThroughProjectSystem` in `ICodeModelInstanceFactory`, changing the return type from `EnvDTE.FileCode",0.024316487833857536,0.2717116177082062,Refactor ICodeModelInstanceFactory to use IProjectCodeModel.GetOrCreateFileCodeModel.,-0.04610999673604965,-0.306572362780571
19565,cs,Refactor DefaultJavaScriptProxyGenerator to use GetMethods instead of GetMethods with BindingFlags.DeclaredOnly.,-0.9858907086309046,-0.0018673241138458252,"The diff changes the way the `DefaultJavaScriptProxyGenerator` class generates JavaScript code for SignalR Hubs, by using a different method to get the list of methods and by adding a new",0.03989650309085846,0.14830968622118235,Refactor DefaultJavaScriptProxyGenerator to use GetMethods instead of GetMethods.,-0.3575685750693083,-0.17936742305755615
19833,cs,Refactor: Use custom metadata templates if enabled.,0.7089501190930605,0.43907032534480095,"Changes the way the templates are loaded, using a custom path if set in the config.",0.009118273039348423,0.933009902422782,Refactor: Use custom metadata templates in HTML templates.,-0.010801992379128933,0.44186000153422356
20217,cs,Update consent page result to ensure absolute redirect URL.,-0.25194569677114487,0.4651472568511963,The diff changes the relative redirect path to an absolute one if redirecting to a different server.,-0.15661998186260462,0.961742389947176,Fix relative redirect path to absolute one in ConsentPageResult.,-0.6553971823304892,0.7128716907463968
20707,cs,"""Refactor ExpressionMainElement to use ExpressionElement class""",0.10827497020363808,0.029634535312652588,"The diff changes the code to use a new class called `ExpressionEquals` instead of the old `ExpressionMainElement` class, and adds a new constructor to the `ExpressionEquals` class that",-0.12195463199168444,-0.32864072918891907,"""Refactor namespace System.Data and add new class ExpressionMainElement""",-0.9671173715032637,-0.0413866862654686
20882,cs,Add Git command locations for Windows and Cygwin.,7.026508683338761e-05,0.856921061873436,The diff changes the code in the `GetWindowsCommandLocations` method to add new paths to the list of possible Git command locations.,0.00850516912760213,0.47260425984859467,Add Git command locations for Windows.,0.005526368389837444,0.6622745990753174
21208,cs,Update download and unpack logic to use alternate update URLs.,0.11538899689912796,0.9591028755530715,"The diff changes the way the update URLs are processed, adding support for alternate update URLs and using a temporary file to download the update package.",-0.07539460062980652,0.7669757595285773,Update download and unpack logic to use alternate update URLs.,0.11538899689912796,0.9591028755530715
21342,cs,"""Refactor catcher scaling and catch width calculation""",-0.003155727870762348,0.2294951230287552,The diff changes the implementation of the `Catcher` class in the `osu.Game.Rulesets.Catch` namespace. The changes include:,0.0024111871607601643,0.09666992723941803,"""Refactor catcher's catch width calculation and add a caught fruit to the catcher's stack""",-0.2894061300903559,-0.526395782828331
21655,cs,Add support for implicit resource dictionaries in Uno.UI.SourceGenerators.XamlGenerator.XamlFileGenerator.,-0.8571598455309868,0.7199078351259232,The diff changes the code in the `XamlFileGenerator` class to add a new method called `BuildTopLevelResourceDictionary` that generates a static resource dictionary for the top-level X,0.009572094306349754,0.11610996909439564,"""Refactor: Improve performance of BuildTopLevelResourceDictionary by using a dictionary to store resources""",-0.8488250952214003,0.09901245310902596
21874,cs,Fix download decision maker to use correct episode property.,0.5574727598577738,0.06025770306587219,The diff changes the line `remoteEpisode.DownloadAllowed = true;` to `remoteEpisode.DownloadAllowed = remoteEpisode.Episodes.Any();`.,-0.008732341229915619,0.9259375330293551,Fix download decision maker to use correct episode property.,0.5574727598577738,0.06025770306587219
21981,cs,Refactor MvcHtmlString to use System.Diagnostics.CodeAnalysis.,-0.2959257438778877,-0.5907510071992874,"The diff changes the type of the `MvcHtmlString` class from `class` to `sealed class`, adds a `using System.Diagnostics.CodeAnalysis;` directive, and",0.0010482901707291603,0.2730516269803047,Refactor MvcHtmlString to use System.Diagnostics.CodeAnalysis.,-0.2959257438778877,-0.5907510071992874
22167,cs,Add explosion for double strong hits in legacy skins.,-0.002006988041102886,0.9750426735263318,"The diff changes the way explosions are added to the playfield, adding a new method and scheduling it to be added to the container.",-0.00316191790625453,0.9072942696511745,Refactor: Schedule explosion addition for double strong hits.,0.07767162844538689,0.6196067640557885
22312,cs,Update MGCB search paths and add build process.,0.025601237313821912,0.8585995123721659,"The diff changes the way the `MGCB` executable is located and executed, by adding a new `FindMGCB` method that searches for the executable in a specific directory, and",0.0029610320925712585,0.1728590689599514,Update MGCB search paths and add build process handling.,0.034168976242654026,0.9078238919610158
22667,cs,Update TextBox to use new undo/redo helper and remove unnecessary code.,-0.14536546170711517,0.07080646231770515,"The diff changes the behavior of the `OnLostFocus` method in the `TextBox` control, adding a new line of code to hide the caret and removing a line of code to",-0.3303234204649925,0.6313557736575603,Refactor TextBox to use UndoRedoHelper and remove unnecessary code.,-0.722987113520503,0.09090284258127213
23109,cs,"""Added virtual node property to StaticFileHandler to keep default file contents in memory""",0.2735613016411662,0.9610536792315543,"The diff adds a new property ""VirtualNode"" of type ""IVirtualNode"" to the ""StaticFileHandler"" class.",0.007687516219448298,0.3750700056552887,Add virtual node property to StaticFileHandler to keep default file contents in memory.,0.06484831124544144,0.9630073657026514
23216,cs,Add unmapped folders to RootDir object.,0.9562655654735863,0.9561456257360987,"The diff adds a new property ""UnmappedFolders"" to the ""RootDir"" class and sets its value using the ""GetUnmappedFolders"" method.",-0.00934990681707859,0.5172913953429088,Add unmapped folders to RootDir and update FreeSpace and Id.,0.0003673308601719327,0.9509483767615166
23362,cs,Add sorting to DataGridPage.,-0.013266168301925063,0.8529666208196431,The diff changes the sorting of a DataGrid in a DataGridPage from ascending to descending.,0.0015490318764932454,0.267050642054528,Refactor DataGridPage.xaml.cs to use DataGridCollectionView and ReversedStringComparer.,-0.0007486059330403805,0.34064390137791634
23371,cs,Update LoggedTestBase to use System.Runtime.ExceptionServices.ExceptionDispatchInfo.Capture() for capturing exceptions during initialization.,-0.11998119950294495,-0.38369468599557877,"The diff changes the code to use the `ExceptionDispatchInfo` class to capture and rethrow any exceptions that occur during the initialization of the `LoggedTestBase` class, rather than simply",0.06359296292066574,0.03360748291015625,Update LoggedTestBase to use System.Runtime.ExceptionServices.,-0.024161629378795624,-0.7796607613563538
23725,cs,Add CatchComboDisplay for testing.,0.4368287657853216,-0.4128173738718033,"The diff changes the code in the file ""osu.Game.Rulesets.Catch.Tests.TestSceneComboCounter.cs"" by adding new lines, modifying existing lines",0.11364218313246965,0.4624258242547512,Add CatchComboDisplay to TestSceneComboCounter.,0.06539705756586045,-0.2879730984568596
23974,cs,Update TaikoModEasy description to include an exclamation mark.,0.0003797171521000564,0.0775237288326025,The diff changes the description of the TaikoModEasy mod in the osu! game.,0.0028011520917061716,0.06486602686345577,Update TaikoModEasy mod description.,0.9711725050583482,0.4215321410447359
24253,cs,Move browser control destruction code out of OnHandleDestroyed to prevent designer crash.,-0.010691547766327858,0.9803752902080305,The diff changes the code in the OnHandleDestroyed method to move the code out of the function and into a new method called OnHandleDestroyedInternal.,-0.018609575927257538,0.9582787507970352,Move browser control destruction code to a separate method to prevent designer crash.,-0.011470566038042307,0.9905183074406523
24347,cs,Update base and compare version strings for ListChangesHandler.,0.022643346339464188,0.9322997503913939,Changes the base and compare version strings in the ListChangesHandler.cs file.,0.011231956304982305,0.9522614511079155,Update base and compare version strings.,-0.16518299281597137,0.9466274650767446
24356,cs,Refactor ProcessOutput to use IList instead of IEnumerable for output and error lines.,-0.000517548993229866,0.06996165215969086,The diff changes the type of the `OutputLines` and `ErrorLines` properties from `IEnumerable<string>` to `IList<string>`.,0.0019375401898287237,0.08030739240348339,Refactor ProcessOutput class to use IList instead of IEnumerable.,0.00036645110230892897,-0.09280882030725479
24390,cs,Update TFS API call to include API version parameter.,0.5265105488942936,0.4508984535932541,Changes the API version used in a HTTP request from 1.0 to 2.0.,-0.0029261899180710316,0.42242905870079994,Fixes issue with TFS API helper not returning build definitions.,-0.001375618390738964,0.0071780504658818245
24750,cs,Fix reflection issue with passed by ref types.,-0.02176756225526333,0.6937579079531133,"The diff changes the way the reflection extension method `GetCorrectCSharpTypeName` handles types passed by ref, adding a check for the `IsByRef` property and a loop",0.00033041374990716577,0.054765349719673395,Fix reflection issue with passed-by-ref types.,-0.005601288750767708,0.5948748457012698
24834,cs,Increase maximum video memory size for textures and resources to 28 MB.,-0.0025843213661573827,0.7190489582717419,"The diff changes the default value of the MaxGpuResourceSizeBytes property from null to 1024 * 600 * 4 * 12, which is approximately",-0.00010047410614788532,0.38942740205675364,Update maximum GPU resource size to 28MB.,-0.0010006617230828851,0.6675822641700506
25096,cs,"""Update TaskHelpers to use Apache License 2.0""",-0.0029648554045706987,0.00757600087672472,"The diff changes the copyright notice and license information in the file, replacing the Microsoft-specific license with the Apache License 2.0.",-5.827828135807067e-05,0.38482145965099335,"""Refactor TaskHelpers to use Apache License 2.0""",0.0006975900614634156,-0.01616857945919037
25140,cs,Add completion text and progress bar to progress notification.,0.013547597918659449,0.9647452426142991,"Adds a new property ""CompletionText"" and a new method ""Completed"" to the ""ProgressNotification"" class.",0.0019633756892289966,0.6009224385488778,Add completion text and progress to ProgressNotification.,0.18385982513427734,0.9859709079028107
25376,cs,Add new examples to the CartesianExamples list and update the CartesianView.,-0.6107853231951594,0.6297587510198355,"The diff changes the list of examples in the `CartesianExamples` field, adding and removing examples.",0.0007173661142587662,0.33484130539000034,Update list of examples in MainWindow.xaml.cs.,-0.02374681830406189,0.8169425008818507
25609,cs,Update Body method to accept null contentType.,0.2499837465584278,0.1676776371896267,"Changes the method signature of `Body` to accept a `Stream` and an optional `string` parameter `contentType`, and modifies the method body to use the `contentType`",0.1372383483685553,0.9801208036078606,Update Body method to accept null contentType parameter.,0.05061834666412324,0.16213461384177208
25682,cs,Swap temporary file names.,-0.3793519549071789,0.9605172288138419,Changes the implementation of the `Dispose` method to include a `bool disposing` parameter and adds a `protected` modifier to the method.,-0.6535325152799487,0.9832996200711932,Swap temporary file instances.,-0.2591795325279236,0.9754664116771892
25979,cs,Update FacebookAuthProvider to use error_code instead of error.,-0.05682639591395855,0.047185301780700684,"The diff changes the name of the query string parameter from ""error"" to ""error_code"" in the FacebookAuthProvider.cs file.",0.002324489352758974,0.7236963473260403,Refactor FacebookAuthProvider.Authenticate to use error_code instead of error.,-0.020856516435742378,0.050245512276887894
25992,cs,"""Add import directives for syntax nodes""",-0.3437752090394497,0.806913647800684,"The diff changes the code to use the `IAddImportsService` interface instead of the `AddImports` method, and to use the `SyntaxGenerator` class to generate the import",-0.21207555755972862,0.03869357705116272,"""Refactor import adder service to use new APIs""",0.006471510976552963,-0.014625420793890953
26021,cs,Update CredentialCache to include thread token optimization.,-0.025416911114007235,0.770353527739644,"The diff changes the implementation of the `CredentialCache` class, adding a new field `_numbDefaultCredInCache` and modifying the `Add` and `Remove` methods to update",0.0008394655305892229,0.033436721190810204,Update CredentialCache to optimize thread token usage.,-0.03567421995103359,0.6699353829026222
26269,cs,Refactor ExpressionEvaluator to use a more efficient evaluation context.,0.0008583664894104004,0.041000112891197205,"The diff changes the implementation of the `ExpressionEvaluator` class, specifically the `GetItems` and `GetProperty` methods, and adds a new `EvaluatedTaskItems`",-0.0033083483576774597,0.022530166432261467,Refactor ExpressionEvaluator to use a more efficient evaluation context.,0.0008583664894104004,0.041000112891197205
26329,cs,"""Update Razor page resolution to use default layouts""",-0.9821671517565846,0.04411701112985611,The diff changes the method signature of `SetupAllLayoutFiles` to `SetupAllDefaultLayoutFiles` and adds a new test method `View_page_can_resolve_sibling,0.0014259344316087663,0.4167051650583744,"""Update Razor page resolution to use default layouts""",-0.9821671517565846,0.04411701112985611
26473,cs,"Fix null reference in ColorTranslator.FromHtml() by returning Color.Empty instead of Color.FromArgb(0, 0, 0, 0).",-0.003877316601574421,0.842377235647291,"Changes the method signature of ColorTranslator.FromHtml to return Color.Empty instead of Color.FromArgb(0, 0, 0, 0) when the",0.03185601904988289,0.4382993280887604,Fix bug in ColorTranslator.FromHtml() method.,0.0321234967559576,0.0067071616649627686
26624,cs,Update PInvoke3 test to use Marshal.PtrToStringAnsi.,-0.00466502271592617,0.28276608884334564,The diff changes the code to use a different method to marshal a string from an IntPtr.,0.00035231765650678426,0.4393832259811461,Update PInvoke3 test to use Marshal.PtrToStringAnsi.,-0.00466502271592617,0.28276608884334564
26656,cs,Update FakeMembershipProvider to use DateTime.Now instead of DateTime.FromBinary(10000),-0.0416280715726316,-0.05636987462639809,"The diff changes the way the `MembershipUser` object is created and populated, adding a `DateTime.Now` property instead of `DateTime.FromBinary(10000",-0.030367682222276926,0.06389029324054718,Refactor FakeMembershipProvider to use DateTime.Now instead of DateTime.FromBinary,-0.0006910739466547966,-0.20496732741594315
26739,cs,"""Update sparse folder set""",0.6040124595165253,-0.5687175914645195,"The diff changes the code to add a new option to the ""sparse"" verb, which allows the user to prune (remove) any folders that are not in the list of sparse folders",0.28009775886312127,0.8621189581463113,"""Update sparse folder set""",0.6040124595165253,-0.5687175914645195
26768,cs,Add background context for iOS framebuffer creation.,0.0032318647718057036,0.8564765080809593,The diff changes the code to use a new EAGLContext instead of the old one.,-0.10025202855467796,0.6871010409668088,Fix iOSGameView.cs to use new EAGLContext.,-0.2090686783194542,0.30998294055461884
26790,cs,Resize image using SkiaEncoder.,0.5622024051845074,0.9711285321973264,The diff changes the code to use a new kernel for resizing images.,0.0004347440990386531,0.7504746406339109,Refactor SkiaEncoder to use a kernel for image resizing.,-0.0675503306556493,0.4206892093643546
26882,cs,Update DebugOverlay to dim the world map with a 20-tick delay.,-0.09514377685263753,0.054894015192985535,"The diff changes the rendering of the world map in the OpenRA game, specifically the way the map is rendered and the colors used for the different layers.",0.0010505248792469501,0.17345069162547588,Update DebugOverlay.cs to optimize rendering of world quads.,0.0005228479858487844,-0.062375009059906006
27077,cs,Refactor ServerEventsFeature.cs to use a bool return type for Pulse() and add a null check for the subscription.,0.0053623401472577825,0.11325185000896454,"The diff changes the method signature of `Pulse` in `ServerEventsFeature` from `void` to `bool`, and adds a return statement to the method body.",0.02982803573831916,0.09251037705689669,Refactor ServerEventsFeature.cs to use a bool return type for Pulse method and add a new method for getting subscription.,0.00256284857459832,0.13425932079553604
27101,cs,Update product category and manufacturer mappings.,0.5542351463809609,-0.8722260855138302,"The diff changes the way the product categories and manufacturers are saved, by adding a new display order for each category and manufacturer, and by using the `showHidden` parameter in the",0.00809125229716301,0.5770873129367828,Refactoring of product controller to improve performance and reduce code complexity.,0.002744747791439295,0.02656576014123857
27246,cs,Refactor: Move primitive type logic to separate method.,0.0028510293923318386,0.2166181467473507,"The diff changes the code to add a new method called ""TryGetPrimitiveElementType"" and to modify the ""TryProcessPrimitiveTypeReference"" method.",-0.00136371364351362,0.48758991062641144,Refactor: Improve performance of TryGetPrimitiveElementType() method.,0.01675456392695196,0.13699242286384106
27284,cs,Update release volume factors based on torrent quality.,0.24339474737644196,0.5408514961600304,The diff changes the code to set the download and upload volume factors for a release based on the presence of certain images in the HTML.,0.0001202533021569252,0.47697852621786296,Update HDTorrents indexer to use newznab category mapping and set download and upload volume factors based on torrent type.,0.048173209419474006,0.427751861512661
27306,cs,"""Add or update plugin locale resource with optional language culture code""",0.0016968436684692279,0.9873349764384329,"The diff changes the signature of the `AddOrUpdatePluginLocaleResource` method, adding a new parameter `languageCulture` and changing the order of the existing parameters.",-0.0021534720435738564,0.06634767819195986,"""Refactor localization methods to use ILocalizationService and ILanguageService""",-0.45977939385920763,0.10265379585325718
27322,cs,Update LoggerInfo.cs to use LoadFrom instead of LoadFile for loading assemblies.,-0.1879574041813612,0.4125329814851284,Changes the way the logger type name is determined by changing the way the assembly is loaded.,0.2598055799026042,0.9834970724768937,Refactor LoggerInfo.cs to use LoadFrom instead of LoadFile or Load.,0.0347226697995211,0.521218815818429
27469,cs,"""Add support for ISupportInitializeNotification and ISupportInitialize interfaces""",0.9688507670070976,0.20853792130947113,"Adds a using statement for System.ComponentModel and adds two if statements to check if the toplevel is ISupportInitializeNotification and ISupportInitialize, and if so, calls",-0.0004985453560948372,0.35198585875332355,Update RunState to support ISupportInitializeNotification and ISupportInitialize.,0.08931367355398834,0.37495655566453934
27481,cs,Fix null reference exception in GetMacAddressesInternal.,-0.006010581040754914,0.23955314606428146,The diff changes the condition for selecting non-null and non-PhysicalAddress.None physical addresses.,0.5325744152069092,0.8699709065258503,Improve network interface detection in NetworkManager.,0.0008128598565235734,0.2066715294495225
27649,cs,Update Type cookType to support nullable types.,0.6653812173753977,0.508035717299208,"The diff changes the method ""ProtectedScripts.cookType"" to include an additional parameter ""isNullable"" and to return a nullable type if ""isNullable"" is",0.06585921719670296,0.7440263191238046,Refactor: Add nullable support to cookType method.,-0.1800226867198944,0.41069803945720196
27652,cs,Fix overload resolution for dynamic member access.,-0.7615326326340437,0.2975485846400261,The diff changes the behavior of the `OverloadResolutionResultIsValid` method by adding a new assertion and modifying the way the method handles the `funcPtrBuilder` array.,-0.013020716141909361,0.49693051632493734,Fix overload resolution for dynamic member access.,-0.7615318465977907,0.2975485846400261
27670,cs,Update ActiveDirectoryDeserializer to use RDP protocol.,0.00043630681466311216,0.25631170719861984,The diff changes the `Description` property of a `ConnectionInfo` object from `string` to `string` and adds a new `Protocol` property of type `ProtocolType.RDP,-0.046449240297079086,0.6694424268789589,Update ActiveDirectoryDeserializer to use RDP protocol.,0.00043630332220345736,0.25631170719861984
27673,cs,Add StartPosition and SavePosition methods to FormStatus.,-0.5109695121645927,0.9635539590381086,The diff changes the code in the FormStatus_Load method to add a StartPosition property and a protected override OnClosing method.,0.0007254021475091577,0.963010047446005,Add StartPosition and SavePosition methods to FormStatus.,-0.5109694842249155,0.9635539590381086
27709,cs,Log grain types found in SiloAssemblyLoader.,-0.6552974730730057,0.9202117566019297,The diff changes the way the grain types are logged in the SiloAssemblyLoader class.,-0.08999967202544212,0.5109643954783678,Update SiloAssemblyLoader to log grain types found.,0.2151376809924841,0.4495667517185211
27877,cs,"""Fix bug in Carryall trait, release carryable when not busy""",-0.037350788712501526,0.4128640592098236,"The diff changes the code to call a new method ""CarryableReleased"" instead of setting the ""IsBusy"" and ""Carrying"" variables to null.",0.0008356282487511635,0.7735466565936804,Refactor: UnreserveCarryable method to include CarryableReleased call.,-0.34722985327243805,0.5472970036789775
27882,cs,Refactor key command initialization and selection logic.,0.003942493349313736,0.34462451189756393,"The diff changes the behavior of the `InitializeKeyCommands` method, specifically the `if` statements that check if the results are from query results or not.",-0.17277240566909313,0.13007593154907227,Refactor: Improve performance by reducing unnecessary code and optimizing queries.,0.0431138570420444,0.12488201633095741
27893,cs,Update WatsonReporter to use RoslynServices.,-0.0036787427961826324,0.5774191580712795,"The diff changes the internal class WatsonReporter, adding a new static property SessionOpt and obsoleting the previous property Session, and adding a new static method IsUserMicrosoftInternal and ob",-0.05276389606297016,0.8379590213298798,Update WatsonReporter with new telemetry session and user check methods.,-0.05944787338376045,0.748228759970516
27924,cs,Update console logger formatter options.,-0.3672502189874649,0.8333500996232033,"The diff changes the implementation of the `CreateLogger` method in the `ConsoleLoggerProvider` class, adding a new `if` statement to check if the `FormatterName` property is null",-0.001175543642602861,0.49359840527176857,Update console logger formatter options.,-0.36725009232759476,0.8333500996232033
27998,cs,Update indexer service to use StringComparison.InvariantCultureIgnoreCase for name comparison.,-0.8723735604435205,0.19555341266095638,The diff changes the type of the `currentIndexers` variable from `List<IIndexerBase>` to `List<IIndexerBase>` and adds a new `Equals` method,-0.001886163605377078,0.008474746719002724,Update IndexerService to use StringComparison.InvariantCultureIgnoreCase for indexer name comparison.,-0.8735732305794954,0.16089997999370098
28141,cs,Update SparkleUI to update event log on idle.,-0.916382959112525,0.9664419025648385,The diff changes the code in the SparkleUI class to add a new method called OnIdle and a delegate to the Controller class.,0.00016708270413801074,0.7801311534130946,Update SparkleUI to use InvokeOnMainThread for event log updates.,-0.015360778197646141,0.857631141319871
28458,cs,Update NavLink component to support non-browser scenarios and improve performance.,0.24679295904934406,0.885292258913978,"The diff changes the implementation of the `NavLink` component in Blazor. It adds a new `IReadOnlyDictionary<string, object>` property called `_allAttributes` to store all",2.1961401216685772e-05,-0.04286790266633034,Update NavLink component to support non-browser scenarios and improve performance.,0.24679236090742052,0.885292258913978
28473,cs,Add TypeUtilTests for GetTypeConfigHost with SkipOnTargetFramework.,-0.8509039680939168,0.28555236756801605,"The diff changes the behavior of the `GetType` method in the `TypeUtilTests` class, specifically the handling of errors.",0.005677534732967615,0.2556405896320939,Refactor GetTypeConfigHost to use a lambda expression.,-0.15844550402835011,0.21784965693950653
28505,cs,Update project dependency graph after removing a project.,-0.010804606368765235,0.9355507288128138,"The diff changes the implementation of the `ComputeNewReferencesMapForRemovedProject` method, which is used to update the project dependency graph after a project is removed.",0.005454369587823749,0.7824602238833904,Update project dependency graph after removing a project.,-0.010804590885527432,0.9355507288128138
28513,cs,Add test cases for deserializing lists of simple types and nullable values.,-0.08434425503946841,0.9082988020963967,"The diff changes the code to add a new test method ""Can_Deserialize_Lists_of_Simple_Types"" and to modify the existing test method ""Can_Deser",0.025080603547394276,-0.13991746306419373,Update XmlDeserializer to handle lists of simple types and nullable values.,-0.05305179953575134,0.3989447243511677
28520,cs,Update import method to use mRemoteNG.Container and mRemoteNG.Tools.,-0.6377237774431705,0.09415534138679504,"The diff changes the import statements in the code, replacing ""Microsoft.VisualBasic"" with ""PSTaskDialog"" and adding a new namespace ""mRemoteNG.App"".",-0.020504938205704093,0.40316110104322433,Update import method to use mRemoteNG.Container and mRemoteNG.Tools.,-0.6377244740724564,0.09415534138679504
28544,cs,Add SendKeyEvent example for input instead of javascript.,0.012252288404852152,0.9796320605091751,"The diff adds a new method call to the `browser` object, `SendKeyEvent`, and a new `foreach` loop to iterate over the characters in a string.",0.0012883433955721557,0.16150885401293635,Add SendKeyEvent example for input instead of javascript.,0.012252296088263392,0.9796320605091751
28552,cs,"""Refactor diagnostic analyzer to use async/await and simplify code""",-0.25529526080936193,0.16324342414736748,"The diff changes the implementation of the `DiagnosticIncrementalAnalyzer` class, specifically the `AnalyzeDocumentAsync`, `AnalyzeProjectAsync`, `Analyze",-0.04802247695624828,0.5830062702298164,"""Refactoring: Improve performance of DiagnosticIncrementalAnalyzer""",-0.32327227108180523,0.02800320740789175
28601,cs,Update IsApiContractPresent to include minorVersion parameter.,0.005806652130559087,-0.06526170670986176,The diff changes the behavior of the IsApiContractPresent method by adding a new overload and modifying the existing one.,0.011796043952926993,0.45307769253849983,Update IsApiContractPresent method to include minor version.,0.3856349065899849,0.014285743236541748
28738,cs,Rename files to use consistent naming convention.,0.10329222492873669,0.5800276617519557,"The diff changes the names of several resource files in a .NET project, renaming them from ""LocalizationWebsite"" to ""StartupResourcesInFolder"" and from ""LocalizationSample",-0.23938939347863197,-0.04075878858566284,Rename files and directories to use consistent naming conventions.,0.0378508185967803,0.41062586149200797
28797,cs,Improve cancellation handling in foreground notification service.,0.0024594999849796295,0.4705336703918874,The diff changes the code to use a new method called `ReleaseCancelledItems` to immediately cancel and purge any work items that are already cancelled in the foreground notification service.,-0.0064092755783349276,0.19865236291661859,Improve cancellation handling in foreground notification service.,0.002459503710269928,0.4705336703918874
28817,cs,Add dry-run option to PurgeBrokenFiles test to verify issue #4379.,0.003996909566922113,0.8773719258606434,"The diff adds a new using statement for the Duplicati.Library.Main namespace, and adds two new methods to the PurgeBrokenFilesTest class: a dry-run method that",0.0031905202195048332,0.36484941467642784,Add dry-run option to purge broken files test.,0.9950684947543778,0.605246014893055
28883,cs,Update OnnxConverter to support ONNX-ML format.,0.8769941853825003,0.21420699218288064,"The diff changes the API for converting an ML.NET model to ONNX format by inspecting the transform pipeline from the end, checking for components that know how to save themselves as ONN",6.0421996749937534e-05,0.8302843347191811,Update OnnxConverter to support ONNX-ML format.,0.8769946924876422,0.21420699218288064
28924,cs,Update opacity mask implementation to use a stack for better performance.,-0.02707446599379182,0.06532589346170425,The diff changes the implementation of the `PushOpacityMask` and `PopOpacityMask` methods in the `DrawingContext` class.,0.0011273981945123523,0.8280384736135602,Refactor PushOpacityMask and PopOpacityMask methods in DrawingContext class.,-0.002502728719264269,0.15491506503894925
29189,cs,Update cache value info for hit and check released.,-0.6875131316483021,0.9812032459303737,The diff changes the code in the `GetProviderMetadata` method to add a check for the `ProviderMetadata` object being released before updating the cache.,-0.013642395846545696,0.4655422458308749,Update cache value info for hit in GetProviderMetadata method.,-0.7992232209071517,0.9832387154456228
29236,cs,Update local variable information for method mirror.,-0.5559031087905169,0.9089178084395826,The diff changes the code to add a new method to the `Mono.Debugger.Soft.MethodMirror` class.,-0.015170610509812832,0.6274065673351288,Update MethodMirror to include local variables and arguments.,-0.14777201134711504,0.8553649968816899
29537,cs,"""Update ScriptBlock.Create and ScriptBlock.GetPowerShell methods to use a new Language.Parser class""",-0.024775197554845363,-0.263769268989563,"The diff changes the way the `ScriptBlock` class creates and returns a `PowerShell` object, adding a new overload that takes a `Dictionary<string, object>` of variables and",-0.00018737243954092264,0.04802841320633888,"""Fix ScriptBlock.Create and ScriptBlock.GetNewClosure to use the correct ExecutionContext""",-0.002024207089561969,-0.014005735516548157
29730,cs,Refactor ClientWebSocketTest to use a single instance of ClientWebSocket.,-0.408572718501091,0.3114268183708191,"The diff changes the implementation of the `ClientWebSocket` class, adding a new `ClientWebSocket` field and a new `Setup` method, and removing the `ClientWebSocket`",-0.09230096451938152,-0.39994074404239655,Refactor ClientWebSocketTest to use a single instance of ClientWebSocket.,-0.40857359766960144,0.3114268183708191
29756,cs,Refactor XamlIlBindingPathHelper.Emit to use Avalonia.CompiledBindingPathBuilder.Ancestor instead of FindAncestor.,-0.1974430326372385,-0.2157779335975647,The diff changes the method `Emit` in the `XamlIlBindingPathHelper` class to use the `Ancestor` method instead of the `FindAncestor,0.003105398267507553,-0.4498380422592163,"Refactor XamlIlBindingPathHelper.Emit to use Avalonia.CompiledBindingPathBuilder.FindMethod(""FindAncestor"") and ""Ancestor""",-0.3459155447781086,0.4997544139623642
29766,cs,Add strong hit judgement and rim hit functionality to Taiko playfield.,-0.011010745540261269,0.29317974485456944,"The diff changes the way strong hits are judged in the taiko game mode, adding a new ""Strong"" judgement type and modifying the way strong hits are handled in the game",0.07655708282254636,0.16990435449406505,Refactor: Improve performance of Taiko hit object rendering.,0.028418531641364098,0.010653525590896606
29890,cs,Update session ID after authenticating user.,0.2615926265716553,0.9161354159004986,The diff changes the session ID after authenticating a user using Digest authentication.,0.23989835381507874,0.9536881358362734,Update DigestAuthProvider to use new session ID.,0.8834038292989135,0.2569316700100899
29951,cs,Add check for base availability before deploying MCV.,0.8199545642710291,0.7310826694592834,The diff changes the logic for determining the location of a Mobile Construction Vehicle (MCV) to prioritize the base if it is available.,0.011449624318629503,0.3855127114802599,Fix issue with MCV deployment restriction to base.,0.9045589491724968,0.9478132086223923
30017,cs,Refactor method to use MethodBuilder.GetToken() and ConstructorBuilder.GetToken() instead of manual token calculation.,0.012943933252245188,0.18240462243556976,The diff changes the implementation of the `Token` property in the `SourceMethod` class.,0.0019468042301014066,0.657964538782835,Refactor method to use a local variable for the token.,0.001204423955641687,-0.06538864970207214
30271,cs,"""Update TimeZoneInfo tests to include new TimeZoneInfo 's_strCatamarca' and 's_strLisbon'.""",0.0004322592867538333,0.031067761592566967,"The diff changes the code to use a different string for the ""Catamarca"" time zone, which was previously hardcoded as ""Argentina Standard Time"".",-0.006447634659707546,0.6209444084670395,"""Fix incorrect timezone ID for Catamarca""",-0.4250028682872653,-0.3364550657570362
30275,cs,"""Convert raw data files to a format suitable for analysis""",0.5673037767410278,0.4562692064791918,"The diff changes the code in the `Convert` method of the `PsychSignalDataConverter` class. It adds a new `tempRawFile` variable, which is used to",-0.007638770621269941,0.22766145318746567,"""Convert from raw data files to CSV format""",-0.8566106259822845,0.14318661391735077
30289,cs,"Add support for listing actual signature files with the ""fh-dbpath"" option.",-0.5855426080524921,0.9354229895398021,"The diff adds an ""if"" statement that checks if the ""fh - dbpath"" option is set, and if so, prints an error message and returns 200.",-0.006371606606990099,0.7119529098272324,"Add support for listing actual signature files with the ""fh-dbpath"" option.",-0.5855431454256177,0.9354229895398021
30471,cs,"Update ComboBox to use System.Collections.Generic and System.Diagnostics, and add event for SelectedItemChanged.",-0.023490222170948982,0.2575747109949589,"The diff changes the use of the `System.Linq` namespace to the `System.Collections` namespace, and adds the `System.Collections.Generic` namespace. It also adds the",-0.0023934878408908844,0.4349226951599121,Update ComboBox to use System.Collections.Generic and System.Diagnostics.,-0.14423361979424953,-0.0016055852174758911
31190,cs,Update browser loading state and title in UI thread.,0.12933605536818504,0.5758690983057022,Changes the behavior of the OnBrowserLoadingStateChanged method.,0.0782661612611264,0.8732205405831337,Update browser loading state and title in UI thread.,0.12933585792779922,0.5758690983057022
7,go,Update DNS provider output to show only the first 10 characters of the provider name.,-0.28081642277538776,-0.003329753875732422,"The diff changes the output of the `fmt.Printf` statements in the `main` function, adding a dots to the end of the first line and adding a new line after the",-0.0017601661384105682,0.31072134152054787,Update DNS provider output to show only the first 10 characters of the status label.,-0.2907042959704995,0.21425677090883255
10,go,Update help message for `dnscontrol` command.,-0.017704281955957413,0.17397016938775778,The diff changes the formatting of the usage message in the `main` function.,-0.0030350107699632645,0.5413078805431724,Update command usage and formatting in main.go.,0.015425321413204074,0.546688168309629
65,go,"Implement Registrar, DNSServiceProvider, and DomainCreator interfaces for providers.",0.0019174180924892426,0.9659692549612373,"The diff changes the behavior of the `Registrar`, `DNSServiceProvider`, and `DomainCreator` interfaces by adding a new method to the `Registrar` interface and",-0.001924767391756177,0.11521795392036438,"Implemented Registrar, DNSServiceProvider, and DomainCreator interfaces.",-3.818678669631481e-05,0.977142205927521
112,go,Update Azure DNS provider to use ListAllByDNSZone instead of ListAllByDNSZoneComplete.,-0.0016567017883062363,0.04344075918197632,"The diff changes the way the `recordsClient.ListAllByDNSZoneComplete` method is called, adding a `for` loop to iterate over the results and appending the records",0.00022381421877071261,0.6926366772968322,Update Azure DNS provider to use new ListAllByDNSZone method.,0.0038647186011075974,0.09826778806746006
115,go,Update SRV w/ null target testgroup to require SRV support.,0.33599225617945194,0.6452937452122569,The diff changes the `requires` function call in the `testgroup` function to include the `providers.CanUseSRV` parameter.,0.003505051601678133,0.40570206474512815,Update SRV w/ null target testgroup to require CanUseSRV provider.,0.0052328407764434814,0.7350537475431338
131,go,Add rate limiting to Hetzner API requests.,-0.6146986172534525,0.7551388712599874,The diff adds a for loop before the request and removes a for loop after the request.,-0.015122239827178419,0.19729188084602356,Add for loop to handle rate limiting in hetznerProvider.request(),-0.17172118462622166,0.27658064663410187
151,go,"""Add debug logging for DNSMADEEASY provider initialization""",-0.030495956540107727,0.2229116316884756,"The diff changes the way the DNSMADEEASY provider is created, adding a new line to print the base URL being used.",0.022079288261011243,0.5348426417913288,"""Added debug logging for DNSMADEEASY provider initialization""",-0.03254120657220483,0.0374348578043282
170,go,Update TTLs for labels in records.,-0.485800638794899,0.8970782624091953,Changes the way the TTLs are collected for each label in the records.,-0.29841873049736023,0.49073908547870815,Update label TTLs in validate.go.,-0.13020680751651525,0.5651119807735085
221,go,"""Add support for IDNA conversion for hostname records""",-0.8603961113840342,-0.0674917995929718,"The diff changes the code to convert hostnames in the `GetDomainCorrections` function to Unicode using the `idna` package, which is necessary for DNS records that contain hostnames",0.0009777711820788682,0.16954151960089803,"""Add support for IDNA in Vultr DNS provider""",-0.8321691630408168,0.014355629682540894
234,go,Update DNSSEC options for domains with AutoDNSSec.,-0.010909385979175568,0.90176184871234,The diff changes the condition in the `if` statement from `existingAutoDNSSecEnabled == desiredAutoDNSSecEnabled == true` to `existingAutoDNSSecEnabled,0.30290382355451584,0.894417411647737,Update DNSSEC options for domains with AutoDNSSec.,-0.01090967282652855,0.90176184871234
276,go,"""Update KubeConfig loader to use client-go's clientcmd package""",0.6387215114664286,0.017978422343730927,The diff changes the import statements and the code inside the `Load` method of the `FSLoader` struct.,-0.09039846528321505,0.7486281474120915,Refactor kubeconfig loader to use clientcmd package.,0.44745630538091063,0.17255042493343353
296,go,Update stream command error logging to debug level.,0.030754689825698733,0.47373372642323375,"Changes the log level of an error message from ""error"" to ""debug"".",0.9623517218860798,0.8397105785552412,Update stream command logging level to debug.,0.014949958422221243,0.39948236756026745
316,go,Update API service startup to use KubeConfig from context.,0.015948578715324402,0.655754566192627,The diff changes the code in the `NewRunner` function to use a channel to receive the kubeconfig path instead of a global variable.,-0.38521127216517925,0.3229179596528411,Refactor: Simplify API initialization and start API service.,0.7106947882566601,0.5212641824036837
338,go,Refactor OplogTail to use a session for tailing the oplog.,-0.07190342247486115,0.4420983325690031,"The diff changes the implementation of the `tailQuery` method in the `OplogTail` struct, adding a new method `tailQuery` that takes a `session` parameter and returns",3.178720362484455e-05,0.23017093539237976,Refactor oplog tailing logic to use a new method and remove redundant code.,0.024826280772686005,0.1432023700326681
342,go,Add unmarshalling of oplog entry from BSON to tail() method.,0.051556785590946674,0.6642855755053461,"The diff adds 5 lines of code to the `tail()` function, including a new variable `oplog` and a new `if` statement.",-0.0015405454323627055,0.012061035202350467,Add unmarshalling of oplog entry from BSON to tail() method.,0.051556868478655815,0.6642855755053461
398,go,Remove unnecessary MongoDB authentication check.,0.8607128905132413,-0.5378363579511642,Removes 4 lines of code from the main function.,0.00014742981875315309,-0.003328690305352211,Remove unnecessary MongoDB authentication code.,0.7566932598128915,-0.3950621634721756
401,go,Update database connection and watchdog interval.,0.25806349515914917,0.2888212651014328,"The diff changes the value of the `dbPingInterval` variable from 60 seconds to 1 second, and adds a new `if` statement to check if the MongoDB session is",-0.0075617590919137,0.04679544270038605,Improve database connection management in grpc client.,0.05468609929084778,0.08949641603976488
434,go,Update backup function to use new storage type.,0.23504020832479,0.1222778744995594,The diff changes the code in the `backup` function to use a different storage type and endpoint URL.,0.012318146647885442,0.8280755613232031,Fix backup function to use correct storage type.,0.8777377924416214,-0.02821914106607437
437,go,Update Docker client version to 1.39.,-0.01273193210363388,0.04189677909016609,Changes the Docker client version from 1.40 to 1.39 in the `NewDocker` function.,-0.0007313364185392857,0.4712503950577229,Update Docker client version to 1.39.,-0.01273193210363388,0.04189677909016609
470,go,Refactor: Move penalty to failed node to after lock release.,-0.03374062664806843,0.7512633949518204,The diff changes the way the `pitr` function handles errors when streaming oplog data.,-0.006151597946882248,0.7297084592282772,Fix PITR stream error handling and add penalty to failed node.,0.921953845769167,0.5666236281394958
482,go,Add InsecureSkipTLSVerify option to S3 client to disable client verification of the server's certificate chain and host name.,0.006121856335084885,0.5211620866321027,"The diff adds a new field `InsecureSkipTLSVerify` to the `Conf` struct, which is used to disable client verification of the server's certificate chain and",0.001270848180865869,0.32974827848374844,Add support for InsecureSkipTLSVerify option in S3 client.,0.0019001716282218695,0.3102097138762474
502,go,Add security options to backup description.,0.9324178893584758,0.8646169996354729,The diff adds a new field `SecurityOpts` to the `bcpReplDesc` struct and adds a new if statement to the `describeBackup` function to handle the,0.001032042782753706,0.08687324612401426,Add security options to backup description.,0.9324178893584758,0.8646169996354729
503,go,"Update restore status handling to include ""PartlyDone"" status.",0.592214398086071,0.682969045417849,"The diff changes the status check in the `waitRestore` function from `case pbm.StatusDone` to `case pbm.StatusDone, pbm.StatusPartlyDone",-0.34128086268901825,0.9765649859327823,Update restore status handling in cli/restore.go,0.002252376638352871,0.42525293258950114
513,go,Update error handling in pbm_ctl.go.,-0.3599836304783821,0.5500240446999669,The diff changes the formatting of an error message in a Go function.,0.053783523151651025,0.7337775651249103,Fix restore error handling in pbm_ctl.go.,-0.597181174904108,0.20282155834138393
515,go,Update storage getter in PhysRestore init method.,0.1212533600628376,0.7924875922035426,The diff changes the argument passed to the `GetStorage` method from `r.log` to `l`.,0.0019045094959437847,0.678386447718367,Fix issue with GetStorage() in PhysRestore.,0.001993161073187366,0.2515162411145866
518,go,Update source backup multiplier map.,0.07418138161301613,0.5157865975052118,"The diff changes the code by adding a new line of code, `c = make(map[string]float64)`, and modifying the existing code by changing the `if` statement to",0.015462098643183708,0.6713452637195587,Fix backup source host multiplier calculation.,-0.3562794364988804,0.45760199800133705
524,go,Flush incremental backup history for base backup.,0.975562798557803,0.9743035684805363,"The diff adds 16 lines of code to the `doPhysical` function, including a new `else` block and several new lines of code inside it.",-0.00044663925655186176,0.009044392965734005,Flush incremental backup history for base backups.,0.9734941623173654,0.9660135062877089
538,go,Update NATS client flags to use placeholders for environment variables.,-0.00023773778229951859,0.2947016730904579,The diff changes the placeholders for the flags in the nats/main.go file.,-0.008465762250125408,0.18362058699131012,Update NATS CLI flags to include placeholders for environment variables.,0.02061996143311262,0.3151924330741167
571,go,Update SchemaValidator to use fmt.Sprintf for unknown schema type error message.,-0.005688764154911041,0.1320583529304713,Changes the way the error message is formatted in the `ValidateStruct` method.,0.002113919093972072,0.12211765302345157,Update SchemaValidator to use fmt.Sprintf for unknown schema type error message.,-0.005688764154911041,0.1320583529304713
605,go,"""Update server report command to include server name and cluster in connection overview""",0.9687816970981658,-0.022282499819993973,The diff changes the following at the code level:,0.03785585705190897,0.2548842681571841,"""Add support for string slices in server report command""",-0.3451012372970581,0.015899546444416046
727,go,Update server request command to use new event filter options.,-0.12208813056349754,0.15447837486863136,The diff changes the code in the `reqFilter` function to add a new `EventFilterOptions` struct and set its fields based on the `c` struct.,0.0015536998398602009,0.2191144172102213,Update server request command to include domain filter.,-0.057058004662394524,0.1699223667383194
729,go,Add support for request body and header in reply command.,0.968333451077342,0.9828474165697116,"The diff changes the code in the file ""cli/reply_command.go"" by adding 10 lines and changing 6 lines.",-0.002053444506600499,0.04728267132304609,Add support for request and reply subjects in NATS CLI.,0.002464302640873939,0.8212930198060349
746,go,Add expectedClusterSize variable to reportJetStream() to check if the cluster size is expected.,-0.16201531141996384,0.6614398418460041,The diff changes the code to add a new variable `expectedClusterSize` and to use it in the calculation of the number of up nodes required for JetStream operation.,-0.21193203143775463,0.7493306442629546,"""Added expectedClusterSize variable to reportJetStream function""",-0.07719831168651581,0.6145297158509493
748,go,Refactor server_check_command.go to use nagiosCode() instead of exitCode() for prometheus rendering.,-0.02885625115595758,0.07035902421921492,The diff changes the function name from `exitCode` to `nagiosCode` and adds a new function `exitCode` that calls `nagiosCode` if the `check,0.004429219290614128,0.10487490147352219,Refactor server_check_command.go to use nagiosCode() instead of exitCode() for prometheus rendering.,-0.02885625115595758,0.07035902421921492
749,go,Add subject mapping transform to stream source.,0.6781837288290262,0.8122444674372673,"The diff changes the code level by adding new lines of code, modifying existing lines, and removing lines of code.",0.021574724931269884,0.3972499184310436,Add subject mapping transform to stream source.,0.6781837288290262,0.8122444674372673
756,go,"""Update JetStream stats and account details for server report command""",0.047919403295964,0.1722104623913765,"The diff changes the way the code handles JetStream statistics, specifically the number of streams, consumers, messages, and bytes. It adds a new variable `jss` to store the Jet",0.007644886150956154,0.05727843567728996,Refactor JetStream report command to use new struct names and fields.,-0.049941420555114746,0.018778271973133087
774,go,Update registration URL in client.go.,-0.8889897204935551,0.2763661742210388,Changes the URL used for registration in the Discovery client.,-0.7542027905583382,0.8414028901606798,Fix redirect logic in disco/client.go,0.6633641687221825,-0.07799267023801804
819,go,Add error handling for unauthorized responses.,0.2840985171496868,0.8652221048250794,"The diff adds two new lines of code to the `sendRequest` and `cliJSON` functions, respectively, in the `cmd/rqlite/main.go` file.",0.00029081551474519074,0.49767056852579117,Add error handling for unauthorized responses in sendRequest and cliJSON functions.,-0.0028452975675463676,0.8131395268719643
854,go,Refactor HTTP service to use new statement parsing logic.,0.025844315416179597,0.16133028268814087,"The diff changes the code level by adding new lines, modifying existing lines, and removing lines.",0.018413802608847618,0.19781974703073502,Refactor HTTP service to use new store API,0.0044371597468853,0.06292370706796646
857,go,Add support for backwards-compatibility in Raft commands.,0.8825664409960154,0.9824516864209727,The diff changes the code to support backwards-compatibility by adding a check for the presence of parameters in Raft commands.,0.3648371696472168,0.6807217479799874,Update subCommandToStatements to support backwards-compatibility.,0.2995063471607864,0.843601056461921
863,go,Update backup.go to use bytes.NewReader instead of io.Reader for restore request.,-0.02413272112607956,-0.06507565826177597,"The diff changes the type of the `restoreFile` variable from `io.Reader` to `[]byte`, and changes the way the `makeRestoreRequest` function is called.",-0.011716024950146675,0.2623320445418358,Fix backup.go to restore from a byte slice instead of an io.Reader.,-0.09709825552999973,-0.2896469980478287
871,go,Remove unused net package and code related to resolving TCP address.,0.10316070914268494,-0.5853643864393234,The diff changes the code to use the `addr` parameter instead of resolving the IP address from the `addr` parameter.,-0.2834551031701267,0.892853413708508,Fix join.go: remove unused net package and update addr formatting,-0.16171527933329344,-0.15454614721238613
874,go,Update usage message to include flags.,0.009364754194393754,0.8387981578707695,Changes the usage of the `main` function to use flags instead of positional arguments.,0.0006119636818766594,0.8118791077286005,Update command line flags for rqlited.,0.02213594038039446,0.7453082902356982
906,go,Add directory size to store stats.,0.9771447796374559,0.9272958086803555,The diff changes the code in the `Store.Stats()` method to include a new line of code to calculate the size of the Raft directory.,0.12052148464135826,0.6548204305581748,Add directory size to store stats.,0.9771447796374559,0.9272958086803555
913,go,Remove unnecessary GZIP writer and reset.,-0.06157081946730614,0.12412355840206146,"The diff changes the code in the `Marshal` function to use a new `gzip.Writer` instance instead of the previous one, and adds a new `gzw` variable to",0.001426622737199068,0.1953665390610695,Refactor gzip.NewWriterLevel to use a variable for the writer level.,0.005406179465353489,-0.2751266807317734
975,go,"""Add support for explicit redirects to leader node""",-0.008514298591762781,0.03673911839723587,"The diff changes the behavior of the `isRedirect` function, which was previously defined to return `true` if the `redirect` query parameter was set to `true`. The new version of",0.03618460753932595,0.12758202198892832,Add stats for remote executions and queries.,0.00587325356900692,0.9551363131031394
995,go,Update leader ID retrieval method in store tests.,-0.004822682589292526,0.5637401416897774,"The diff changes the implementation of the `LeaderID` method in the `Store` struct, adding a new `waitForLeaderID` function to wait for the leader ID",0.009818603051826358,0.2676240368746221,Refactor: Use `waitForLeaderID` instead of `LeaderID` to wait for the leader ID to be set.,0.058218514546751976,0.14110079035162926
1027,go,Update join addresses determination to include isNew parameter.,-0.46698369830846786,0.7551527805626392,The diff changes the behavior of the `determineJoinAddresses` function by adding a new parameter `isNew` and using it to determine whether to register with the Discovery Service or,0.0008747768588364124,0.4729819428175688,Update join addresses determination in rqlited main.go.,-0.542479494586587,0.8584764562547207
1032,go,Remove unnecessary parallelism from test functions.,0.9209955863771029,-0.20594346523284912,"The diff changes the number of lines in the code, specifically removing 8 lines and adding 6 lines in the `Test_Dump` function, and removing 7 lines and adding",-0.007965855300426483,0.37014129757881165,Remove unnecessary test code and parallelization.,0.7985911226132885,-0.24624547362327576
1046,go,"""Fix JSON marshaling of empty DB results""",0.03269204497337341,0.047737352550029755,Changes the JSON marshaling of a struct to return an empty list instead of an error.,-0.936371199786663,0.9303931491449475,Fix JSON marshaling of DBResults.,-0.215401329100132,0.11120136082172394
1094,go,Add error handling for unauthorized requests.,0.99393236960168,0.9690682211657986,"The diff adds 4 lines of code to the `execute` function, including an `if` statement and a `return` statement.",-0.004892061930149794,0.25625321827828884,Add error handling for unauthorized requests in HTTP service.,-0.8638813458383083,0.9586357380030677
1120,go,Fix store nodes error handling to return 503 for non-open store.,0.014781808713451028,-0.18016330897808075,"The diff changes the error handling in the `handleNodes` function to return a 503 status code if the store is not open, and a 500 status code otherwise.",0.0005812792369397357,0.04650635085999966,Fix store nodes error handling in HTTP service.,0.011056536808609962,0.2045944556593895
1157,go,Add state mutex to prevent race condition in collectd monitoring.,9.501824388280511e-05,-0.03532135486602783,"The diff changes the code level by adding a new mutex for the state variable, and changing the way the state is accessed and set.",0.00016610813327133656,0.1084600081667304,Add state mutex to Collectd struct for thread-safe state management.,-0.0007670742634218186,0.12221664935350418
1163,go,Add systemHealth and verbose flags to mesos plugin config.,-0.9796615827362984,0.9047483360627666,Adds two new fields to the `userConfig` struct: `SystemHealth` and `Verbose`.,0.9859504145570099,0.7498375060968101,Add systemHealth and verbose flags to userConfig struct.,0.9770497189601883,0.9553852925891988
1166,go,Update collectd config file with new plugins.,0.0013748143101111054,0.5304228700697422,"The diff changes the way the collectd configuration file is written, by using `os.Create` instead of `ioutil.WriteFile` and adding a `sync` call to ensure",0.0007370366365648806,0.081676559522748,Fix collectd config file creation and syncing.,0.7576575969578698,-0.06343355774879456
1173,go,Add nil check for restartDebouncedStop to prevent panic.,-0.9573359319474548,0.014528203755617142,"The diff changes the code to add a new line of code to the `runCollectd` function, which calls the `killChildProc` function and then sends a signal to the `sto",0.007526488043367863,0.21523683704435825,Fix collectd restart issue and add null check for restartDebouncedStop.,-0.3354904353618622,-0.010611578822135925
1174,go,Add restart delay and log messages for collectd child process.,-0.011327569372951984,0.5704376362264156,"The diff changes the code to add a restart delay of 2 seconds before restarting the collectd process, and to log a message when the process is stopped or dies unexpectedly.",-0.12119063688442111,0.5970236463472247,Update collectd child process management to handle unexpected deaths.,-0.5524975815787911,0.0814451789483428
1177,go,Remove unused Kubernetes namespace and node environment variables.,-0.804880638141185,-0.4126484990119934,The diff changes the behavior of the `watchPods` function in the `Observer` struct. It removes the `thisNamespace` and `thisNode` fields and replaces them with the,-0.06662392057478428,-0.0034233257174491882,Remove unused Kubernetes namespace and node environment variables.,-0.804880638141185,-0.4126484990119934
1179,go,Update hostname logic to use fqdn.Get() and fall back to os.Hostname() if necessary.,-0.02187661174684763,0.08188663423061371,"The diff changes the code in the `setDefaultHostname` function to use a different method to get the hostname, and adds a new line to set the hostname if it is not",0.0007482886430807412,0.16897924430668354,Update config.go to set default hostname.,0.0022939061746001244,0.6408218368887901
1188,go,Add CFS metrics to container CPU metrics.,0.9660957315936685,-0.30576522648334503,"The diff changes the code to add three new metrics to the `getContainerMetrics` function: `container_cpu_cfs_periods`, `container_cpu_cfs_",-0.06056111305952072,0.5524570271372795,Add CFS metrics to container metrics.,0.9373259078711271,0.02317589521408081
1200,go,Update datapoint and event send intervals to 1 second for faster agent performance.,0.00012155075091868639,0.12915912736207247,Changes the default values of two configuration parameters in the WriterConfig struct.,0.035029226914048195,0.9643927827710286,Update datapoint and event send intervals to 1 second.,-0.004864934599027038,0.4419497139751911
1207,go,"""Update container metrics to use current time instead of timestamp""",-0.8715555132366717,0.004210920538753271,"The diff changes the time used in the `now` variable in several places in the code, replacing it with `time.Now()` and using the new value in place of the old one.",0.006368104484863579,0.07147696055471897,"""Update time for datapoints in cadvisor collector""",0.07301962375640869,0.2431822195649147
1210,go,Add thread-safe copy of datapoints to cache.,-0.002296013874001801,0.9811032019788399,"The diff adds 12 lines of code to the function, including a for loop to copy the datapoints.",-0.00045135670370655134,0.7721875295974314,Add for loop to copy datapoints in AllDatapoints() method.,-0.026690300554037094,0.87785065206117
1225,go,Add time package to handle shutdown timeout.,0.02095111325616017,0.6768515859730542,Adds a time.After call to the shutdownComplete select case.,0.3624304533004761,0.9093604893423617,Add time package to handle shutdown timeout.,0.02095111325616017,0.6768515859730542
1227,go,Update container list and watch for changes in Docker containers.,0.4183855839073658,0.9341508131474257,"The diff changes the type of the `updateContainer` function from `func(id string)` to `func(id string) bool`, and adds a `return` statement to the end of",-0.0009406550088897347,0.0697651244699955,Refactor updateContainer function to return a boolean indicating whether the container was updated.,-0.0008796253241598606,0.3176279589533806
1228,go,Add envvar whitelist to prevent sensitive envvars from being exposed in logs.,0.00011643907055258751,0.01792312692850828,"The diff adds a new map called ""envVarWhitelist"" and a new if statement to check if the envvar is in the whitelist before setting it as an environment variable.",-0.010738668031990528,0.3662660224363208,Add envvar whitelist and unset unwhitelisted envvars in config preprocessor.,-0.02188299037516117,0.9157604034990072
1237,go,Remove unused Dimension field from Solr monitor configuration.,-0.015062289778143167,0.13373488187789917,"The diff changes the number of lines in the `Config` struct, removing two lines and adding one line.",-0.05839135963469744,0.18723838962614536,Refactor: Remove unused Dimension field from Solr monitor config.,0.0006771421758458018,0.09214338287711143
1254,go,Add smart agent version as a tag to spans.,0.9724145531654358,0.9808604647405446,The diff adds a new line to the `SignalFxWriter` struct and adds a new tag to the `span.Tags` map.,0.004466592625249177,0.8847900468390435,Add smart agent version as a tag to spans.,0.9724145531654358,0.9808604647405446
1258,go,Update pod tolerations and service tags.,-0.9985577799525345,0.6706318110227585,Removes 11 lines and replaces them with 6 lines.,-0.0013732898296439089,0.39025369921000674,Refactor tolerations and services to improve performance in pod metrics.,-0.14096238277852535,0.10252928803674877
1268,go,Add synchronous span shipping to SignalFxWriter.,-0.26693591475486755,0.9418621906079352,The diff changes the way the `SignalFxWriter` sends spans to SignalFx by adding error handling and logging.,0.515288399066776,0.8659404629725032,Refactor SignalFxWriter.sendSpans to add error handling and logging.,0.41910911560989916,0.2729081865400076
1274,go,Add container image dimension to kubelet metrics.,0.9793890020810068,0.6605084054172039,"Adds a new dimension ""container_image"" to the container metrics.",0.9206968749058433,0.6646200437098742,Update container metrics to include container image.,0.9825460617721546,0.8319453774020076
1275,go,Refactor process handle and token management to avoid unnecessary deferring and improve readability.,0.08472609240561724,0.3503731992095709,The diff adds a defer statement to close a Windows handle after it is opened.,0.616487592458725,0.7639369294047356,Refactor: Defer CloseHandle(h) after successful handle opening.,0.5794172510504723,0.8872005515731871
1280,go,Add debug logging for powered off hosts and VMs.,-0.9069956727325916,0.6582576222717762,"The diff changes the code in the `inventory.go` file to add two new lines of code, one in the `followHost` function and one in the `followVM` function",-0.004265277646481991,0.7449036166071892,Add debug logging for powered off hosts and VMs in inventory service.,-0.9322754085296765,0.5626871483400464
1287,go,Add newline to end of text responses to fix parsing issue.,0.007586691528558731,0.06705016153864563,"The diff adds a new import statement for the ""strings"" package and adds a new line to the code to handle the case where the last line of a ""text"" response is missing a newline",-0.03909355588257313,0.8013631771318614,Fix missing newline in Prometheus exporter decoder.,-0.6193769574165344,0.8645165031775832
1288,go,"""Update default dimensions to add to spans for correlated environments""",0.0027498812996782362,0.6652596648782492,The diff changes the default dimensions to add as span tags for correlated environments from `apmtracker.DefaultDimsToSyncSource` to `DefaultDimsToAddToSpans,0.029730214271694422,0.8386428169906139,Remove unused dimensions from tracetracker.,-0.9634647658094764,-0.35441143810749054
1294,go,Remove unnecessary timestamp and datapoints from Prometheus exporter.,0.3318625249667093,-0.12195704877376556,Removes 4 lines of code from the `Configure` function.,6.739683158230036e-05,-0.0009016348049044609,Remove unnecessary lines from Prometheus exporter.,0.23693582136183977,0.2251821532845497
1297,go,Add cast functions for pod and node objects to handle type conversion in observer.,-0.0008027716539800167,0.39522772282361984,"The diff adds new functions `castPod` and `castNode`, and modifies the `watchPods` and `watchNodes` functions to use these functions to cast the objects to the",-0.0037821512669324875,-0.013704568147659302,Add cast functions for pod and node objects to observer.,-0.005502012558281422,0.8255723863840103
1423,go,Fix issue with empty polyline causing panic.,-0.0009830445342231542,0.0011120541021227837,The diff changes the behavior of the `polyline` function by adding a special case for one point and changing the behavior of the `getAndClearPoints` function.,5.293870344758034e-06,0.852452207240276,Fix issue with outlineEllipseArc and polyline functions.,-0.5231254622340202,0.07335245236754417
1434,go,Update WindowConfig to support fullscreen and undecorated options.,6.603446672670543e-05,0.15344497980549932,Changes the behavior of a Window in a Go program by adding or removing fields and methods.,0.002058689140540082,0.8657803994137794,Update WindowConfig struct to support fullscreen and undecorated options.,0.00031770241912454367,0.14896940533071756
1485,go,Update line height and tab width in Text struct.,0.003012262750416994,0.8177111821714789,Changes the line height and tab width of a text object in a Go program.,0.0002907402958953753,0.9443389472726267,Update text rendering to use new atlas line height and tab width.,0.02448021713644266,0.7780888986308128
1492,go,"""Add support for writing bytes and runes to Text struct""",-0.0008233437547460198,0.5032353866845369,"The diff changes the implementation of the `Write` and `WriteString` methods of the `Text` struct, adding a new `buf` field to store the bytes to be written, and",0.000822784160845913,0.15529451053589582,"""Refactor Text.Write* methods to use a buffer and drawBuf() function""",0.0034337827237322927,0.3592975288629532
1515,go,Refactor text.go to optimize performance by using Target's SetMatrix and SetColorMask methods.,0.04893356189131737,0.46225203573703766,The diff changes the behavior of the `Draw` and `DrawColorMask` methods of the `Text` struct in the `pixel` package.,0.0883239028044045,0.5498206689953804,Refactor text.go to optimize performance by reducing unnecessary matrix and color mask changes.,-0.7889655716717243,0.10164466314017773
1524,go,Refactor polyline() to use ijNormal instead of normal.,0.0004630634794011712,0.45930613577365875,"The diff changes the way the normal vector is computed for the first and last points of a polyline, and adds a new variable to store the normal vector for the last point.",-0.00037795305252075195,0.10126077011227608,Refactor polyline() method to use ijNormal instead of normal.,0.0008254563435912132,0.5517822615802288
1546,go,Fix speaker volume overflow bug.,-0.9840370864840224,0.016086142510175705,Changes the value of `valInt16` in the `Update` function.,-0.0002010110765695572,0.9836069909506477,Fix speaker volume overflow bug.,-0.9840370864840224,0.016086142510175705
1565,go,Add s.pos += int32(n) to update the decoder position.,0.0015510853845626116,0.03975356521550566,"The diff adds a line of code to the end of the `Stream` function, which increments the `pos` field of the `decoder` struct by the number of bytes read.",0.0008660273742862046,0.668099895818159,Add s.pos += int32(n) to update the decoder position.,0.0015510853845626116,0.03975356521550566
1620,go,Add ZR zero rectangle.,0.9856249615550041,0.7780382295604795,"Adds a new variable ZR to the Rect struct, with the value of a rectangle with zero width and height.",0.35374984540976584,0.7828012008685619,Add ZR zero rectangle to geometry.go.,0.01364983944222331,0.13552248603082262
1630,go,Add SwapBuffers and UpdateInput methods to Window.,0.3238295577466488,0.2239482095465064,The diff changes the code in the `Window` struct to add a new method `SwapBuffers` and update the `Update` method to call `SwapBuffers`,0.023837519926019013,0.46212741639465094,Add SwapBuffers and UpdateInput methods to Window.,0.3238295577466488,0.2239482095465064
1704,go,Add service account for kube-dns-autoscaler.,0.9943973133340478,0.784519812092185,"The diff changes the code to add a new service account, cluster role, and cluster role binding for the kube-dns-autoscaler.",0.3500393972499296,0.3208239283412695,Add service account and cluster role for kube-dns-autoscaler.,0.9938198196468875,0.7519570011645555
1800,go,Update SOAP roundtrip count in vsphere.go template.,-0.13241524994373322,0.09128664806485176,The diff changes the value of the `soap-roundtrip-count` variable in the `vsphere.go` template.,-0.2668352276086807,0.7352042567799799,Update SOAP roundtrip count in vsphere.go template.,-0.13241524994373322,0.09128664806485176
1810,go,Fix bastion host SSH key string and useSSHAgentAuth logic.,-0.6521748551167548,-0.024552658200263977,"The diff changes the behavior of the `privateKeyPath` function in the `dialer` struct, specifically by adding a new condition to check if the `useSSHAgentAuth`",0.17894324474036694,0.20441588573157787,Fix SSH key string handling in dialer.,-0.579402300529182,0.10488975467160344
1815,go,Refactor: Add error handling for etcd certificate parsing.,0.018327446770854294,0.39450628869235516,The diff changes the way the code parses the certificate and private key data from a Kubernetes secret.,0.0016852034023031592,0.38931435719132423,Update certificate parsing logic to handle missing certificate or key.,0.00642920023528859,0.36417605774477124
1822,go,Add extraArgs to NGINX Ingress controller deployment.,-0.005312164663337171,0.0876290830783546,Adds a range loop to the `spec` section of the `nginx-ingress.go` file.,-0.788914414588362,0.9634839785285294,Update NGINX Ingress controller configuration.,-0.16531073115766048,0.1149235526099801
1842,go,Add UDP port checks for network connectivity checks.,-0.9750163154676557,0.7471518095117062,The diff changes the UDP port scanning logic in the `checkPlanePortsFromHost` function to use the `-uzv` flags instead of `-uz` to log verbose output,0.0005779459606856108,0.9655675211979542,Fix UDP port checks in `checkPlanePortsFromHost` function.,0.027246760204434395,0.8776244308101013
1865,go,Add service account token key handling to fetch certificates from nodes.,0.8421156944241375,0.8223408609628677,Adds a new certificate object to the map if the service account token key is missing.,0.0043897533032577485,0.5462127970531583,Add service account token key handling to GetClusterCertsFromNodes.,0.03726972482400015,0.8531718937447295
1874,go,Add /run to KubeProxy binds.,-0.030864953994750977,0.8439174705417827,Adds a new bind mount to the KubeProxy process.,-0.09766395390033722,0.49629470938816667,Add bind mount for /run to kube-proxy container.,0.015314199961721897,0.2578686270862818
1882,go,Update architecture for etcd process based on host architecture.,0.12117987871170044,0.6587607366964221,The diff changes the value of the `architecture` variable in the `BuildEtcdProcess` function.,0.05907363165169954,0.907808659481816,Update architecture in BuildEtcdProcess(),0.030187277123332024,0.671827002428472
1883,go,Update etcd connection string to use internal address.,0.3401364845922217,-0.2598973214626312,The diff changes the import path for the `v3` package from `github.com/rancher/types/apis/management.cattle.io/v3` to `github,0.15988246351480484,0.7093122601509094,Update etcd connection string to use internal address.,0.3401364845922217,-0.2598973214626312
1890,go,Update log message to include error details.,0.027025080227758735,0.280673373490572,Changes the log message when fetching legacy cluster state from Kubernetes.,-0.3515175133943558,0.8730032525490969,Fix certificate error handling in ClusterInit(),-0.02902490273118019,0.11471781879663467
1910,go,Update Docker client configuration for host.,0.03733963705599308,0.8811206680256873,Removes a line of code from the file hosts/tunnel.go.,-0.0010451196576468647,-0.541594535112381,Fix Docker client initialization in tunnel.go.,-0.04937037592753768,-0.2448166310787201
1911,go,Add support for ignoring Docker version check.,0.5270336611429229,0.7516531683504581,"The diff changes the code to add a new condition to check if the Docker version is valid, and to log a warning message if it is not valid.",-0.0383775494992733,0.7087079519405961,Update Docker version check to ignore invalid versions.,0.13029952347278595,0.34711780957877636
1922,go,Add bind-address logic for cloud providers.,0.9838400374283083,0.9550701032858342,The diff changes the code in the `BuildKubeProxyProcess` function by adding a new `if` statement to set the `bind-address` command argument based on the `CloudProvider,0.30457340413704515,0.8175130451563746,Add support for cloud provider-specific kube-proxy bind address.,0.9918953665182926,0.972133728209883
1931,go,"""Update cluster certificates and save new state to Kubernetes""",0.41193862073123455,0.7490216344594955,"The diff changes the code in the `cmd/cert.go` file by adding a new import statement, a new function, and modifying the `rebuildClusterWithRotatedCertific",0.0419508540071547,0.789714795537293,"""Update certificates and save cluster state""",0.6745618581771851,0.7224061191082001
1938,go,"""Fix etcd permissions and remove unnecessary snapshot compression""",-0.0002430034219287336,-0.6541616320610046,"The diff changes the number of lines in two sections of the code, specifically the number of lines in the `const` section and the `func` section.",0.00047347485087811947,0.7766583524644375,"""Fix etcd permissions and remove unnecessary code""",0.001983447727980092,-0.4563353657722473
1954,go,Add flag to decide whether to use zero-downtime upgrade logic or not.,0.09580492228269577,0.9608746394515038,"The diff changes the variable `reconcileCluster` from a boolean to a boolean and a boolean, and adds a comment explaining the purpose of the change.",0.0010321412701159716,0.12591509614139795,Add flag to control zero-downtime upgrade logic.,0.48358748853206635,0.9596061827614903
1971,go,Update node deletion logic to handle cloud provider-specific node names.,0.08655320960679092,0.4552375548519194,The diff changes the logic for setting the node name in the DeleteNode function.,0.023326889611780643,0.8754342683823779,Update node deletion logic to handle cloud provider node naming.,0.06699524889700115,0.5657826326787472
1987,go,"""Add base64 encoding for S3 accessKey and secretKey in etcd snapshot and backup configuration""",0.6629815460182726,0.9811798161827028,"The diff changes the way the S3 access key and secret key are passed to the etcd container. In the original code, the access key and secret key are passed as command-line arguments",0.01670672744512558,0.3787146620452404,"""Add base64 encoding for S3 accessKey and secretKey""",0.9463523142039776,0.9637408833950758
1991,go,Refactor: Move file suffix check to separate function.,0.25204427167773247,0.04581009782850742,"The diff changes the condition for fetching certs from files in a directory, from checking for specific suffixes to checking for any "".pem"" file that does not have the ""-key.",0.04838643269613385,0.3186442665755749,Fix file suffix check in ReadCertsAndKeysFromDir to include .pem files.,0.032021731371060014,0.01782013475894928
1995,go,Update etcd and kubelet CSRs with new alt names.,-0.03838675655424595,0.34501155465841293,"The diff adds 4 lines of code to the `GenerateEtcdCSRs` function, specifically adding a new `etcdCsr` variable and a new `if`",0.0003602832730393857,0.2666724019218236,"""Generate etcd and kubelet CSRs and keys""",0.0036671962589025497,0.9170198957435787
2006,go,Update encryption configuration parsing to use JSON Unmarshal instead of runtime serializer.,-0.28004258684813976,0.7167194205103442,"Removes two lines of code related to the `runtime` and `serializer` packages, and replaces them with a single line of code using the `json` package to unmar",-0.011050261906348169,0.11741897650063038,Refactor encryption configuration parsing to use JSON Unmarshal instead of runtime serializer.,-0.054482415318489075,0.6255201952299103
2013,go,Rotate encryption key if updating an existing cluster with secret encryption enabled.,0.9927167221903801,0.9965410724980757,The diff changes the code to rotate the encryption key only when updating an existing cluster that has secret encryption enabled.,0.054846103448653594,0.4860851396806538,Rotate encryption key for existing clusters with secret encryption enabled.,0.9619033513590693,0.995497478346806
2020,go,Add Docker config file to kubelet container.,0.578253448009491,0.508135677780956,Adds a new bind mount to the kubelet container.,0.29605255275964737,0.23886300902813673,Add Docker config file bind to Kubelet container.,0.9278267584741116,0.5960444398224354
2022,go,Update NotAfter to duration365d in GenerateSelfSignedCertKey.,-0.0030596309225074947,0.25437717512249947,Changes the expiration date of a self-signed certificate from 1 year to 365 days.,-0.004742036107927561,-0.08607281744480133,Update certificate expiration to 365 days.,-0.06775751290842891,-0.05664474703371525
2027,go,Update log level for PSP resource check to debug.,0.0360190449282527,0.27785930037498474,"Changes the log level from ""warn"" to ""debug"" in the validation of Pod Security Policies.",0.0017712110420688987,0.6792257793713361,Update log level for PSP resource check.,0.08160828799009323,0.23891136376187205
2044,go,Add backup file check to installer options.,0.00046066347567830235,0.736219510436058,"The diff adds 10 lines of code to the `createInstallerOptions` function, including a check for the existence of a backup file and a check for write permissions.",0.0004327384231146425,0.34317060094326735,Add backup file check to installer options.,0.0004606656439136714,0.736219510436058
2047,go,Add namespace to webhook resources.,-0.23195172101259232,0.7583868955262005,"The diff changes the APIVersion and Kind of the resources from ""v1alpha1"" to ""admissionregistration.k8s.io/v1beta1"" and ""M",-0.012319810688495636,0.759220702573657,Add namespace to webhook resources.,-0.2319527044892311,0.7583868955262005
2048,go,Add tolerations for master nodes to webhook deployment.,0.08006123086670414,0.6500620674341917,Adds a toleration to the webhook deployment.,0.4626505525666289,0.7844605781137943,Add tolerations to webhook deployment.,0.13534363126382232,0.8076429613865912
2051,go,"""Update terraform worker configuration""",0.18200021982192993,0.3073141574859619,The diff changes the function signature of `Apply` in `pkg/terraform/config.go` from `func (c *Config) Apply(m *config.Cluster,0.021412963047623634,0.8476078510284424,"""Update KubeOne configuration to use Terraform worker configuration""",-0.17266127467155457,0.29103483259677887
2058,go,Update reset script to use sudo for kubectl commands.,0.18041116814129055,0.2416759878396988,The diff changes the command `kubectl` to `sudo kubectl` in the `resetNode` function.,0.060498060658574104,0.08059758320450783,Update reset script to use sudo kubectl commands.,0.07858892437070608,0.7428675331175327
2063,go,Update kubeadm join configuration to use host advertise address.,-0.8301164591684937,0.39331892784684896,The diff changes the `AdvertiseAddress` field in the `LocalAPIEndpoint` struct in the `InitConfiguration` and `JoinConfiguration` structs from `host.PrivateAddress`,-0.023379310965538025,0.42399684712290764,Update kubeadm config to use host advertise address.,-0.5911295749247074,0.10540398675948381
2095,go,Update root command to use terraform output in JSON.,0.13722147047519684,0.3625488430261612,Changes the description of the `TerraformState` flag in the `root` command.,-0.6871251929551363,0.894695358350873,Update root command flags for terraform output and credentials file.,-0.22593052685260773,0.7888283915817738
2129,go,Add support for initializing MachineDeployments during apply.,-0.07030326128005981,0.942684332258068,Adds a new line to the `apply` command to initialize MachineDeployments but not modify them by default.,0.06890019505226519,0.9687958071008325,Update apply command to support machine deployments.,0.8504515243694186,0.45015138387680054
2134,go,Add SSH tunnel support to proxy server.,0.5520910397171974,0.7067854860797524,"The diff changes the code to add a new import statement, add a new function, and modify existing functions to use a new ssh.Tunneler interface.",0.04066555202007294,0.46061505004763603,Add SSH tunnel support to proxy server.,0.5520906439051032,0.7067854860797524
2144,go,"""Add support for AWS and Azure CSI drivers in Kubernetes 1.23+""",-0.1591283455491066,0.19847574457526207,"The diff changes the code to add two new addons to the list of addons to deploy, CSIAwsEBS and CSIAzureDisk, and to add a new condition",0.04302561283111572,0.09574218839406967,"""Update addon collection for AWS and Azure""",-0.02024523913860321,0.21245494484901428
2148,go,Add KubeoneStaticWorkers interface{} to Config struct.,-0.007050324231386185,-0.154047429561615,Adds a new field `KubeoneStaticWorkers` to the `Config` struct.,-0.0074682291015051305,-0.3628307320177555,Add KubeoneStaticWorkers interface{} to Config struct in pkg/terraform/v1beta2/config.go,-0.0006950539536774158,-0.021105301566421986
2174,go,Update binary path and test for docker-app binary.,0.2449804488569498,0.9057191917672753,"The diff changes the code in the `getBinary` function by adding a new `findBinary` function, which is called if the `dockerApp` variable is not set. The `find",0.03985385783016682,0.2639051005244255,Update binary path and execute docker-app binary.,0.16284501180052757,0.6169772371649742
2179,go,Add missingkey=error option to yaml template.,0.039436784107238054,0.2530755400657654,"Adds a new option to the `yaml` template, `missingkey=error`, to the `Execute` method.",0.001218763180077076,0.5025252820923924,Add missingkey=error option to yaml template.,0.0394366099499166,0.2530755400657654
2205,go,Update app name to include extension for extraction.,0.07999220700003207,0.953596584207844,Changes the value of the `appname` variable in the `ExtractWithOrigin` function.,-0.32028426323086023,0.9118288714671507,Update app name to include extension for extraction.,0.07999236625619233,0.953596584207844
2229,go,Update test cases for `docker inspect` and `docker split` commands.,0.042654268559999764,0.33270499110221863,The diff changes the code in the `TestSplitMerge` function by adding an `Assert` call to the `icmd.RunCommand` calls for `merge` and `split`.,0.035713231191039085,0.40197193436324596,Update test cases for `docker inspect` and `docker split` commands.,0.042654334276448935,0.33270499110221863
2254,go,Add fmt.Println to print the merged parameters.,-0.006908251554705203,0.7309612297685817,Adds a new line of code to print the merged parameters.,0.0019490901759127155,0.13656309247016907,Add fmt.Println to print parameters in merge test.,0.0003272271133027971,0.8601943175308406
2259,go,Add metadata extraction from bundle.,0.9925541837001219,0.9565490547101945,The diff changes the code in the `types/metadata/metadata.go` file by adding two new lines and modifying two existing lines.,0.013512011617422104,0.24434950668364763,Add metadata extraction from bundle.,0.9925541847478598,0.9565490547101945
2265,go,Add named credential sets to credential store.,-0.1520218551158905,0.9865898409625515,The diff changes the code by adding 3 lines of code to the `addNamedCredentialSets` function.,-0.0003525875508785248,0.03860827483003959,Add named credential sets to credential store.,-0.15202273428440094,0.9865898409625515
2273,go,Remove unnecessary code from init function.,0.04144548624753952,0.27222542744129896,Removes 11 lines and adds 6 lines in the function Init.,-0.04033803450874984,0.19190960843116045,Remove unnecessary code from init.go,0.005393758416175842,0.1267564119771123
2277,go,"""Add support for tagging images in Docker App""",0.7371961288154125,0.6115062572062016,The diff changes the code to add a new function called `dockerAppImageTag` that takes two arguments and uses the `dockerCli` command to tag an image. The function is called,-0.29458980541676283,0.026088565587997437,"""Add support for tagging Docker App images""",0.6285376325249672,0.794214328750968
2279,go,"Add ""remove"" alias to ""rm"" command.",0.977003263309598,0.9584217702504247,"The diff adds an ""Aliases"" field to the ""rm"" command, with the value ""remove"".",0.6247353777289391,0.8967193134012632,"Add support for ""remove"" alias for ""rm"" command.",0.9848466036783066,0.9276033284841105
2286,go,Update init command to use a default compose file.,-0.001000348012894392,-0.008518800139427185,"The diff changes the long description of the ""init"" command in the ""internal/commands/init.go"" file.",0.05158104933798313,0.7735760603100061,Update long description for init command.,0.2223527766764164,0.16409240663051605
2300,go,Fix formatting issue in inspect command.,-0.1877712681889534,0.16254284232854843,The diff changes the code in the `runInspect` function by removing an argument from the `Run` method call and changing the error handling.,0.019243642687797546,0.33530903491191566,Fix formatting issue in inspect command.,-0.18776991590857506,0.16254284232854843
2304,go,Update annotation for experimental CLI flag.,0.11072349920868874,0.49640474654734135,"Changes the annotation name from ""experimental"" to ""experimentalCLI"" in the `runCmd` function.",-0.0032820001360960305,0.28888679877854884,Update annotation for experimental CLI flag in run command.,-0.004722571233287454,0.47531401738524437
2311,go,"""Add JSON output option and improve image list formatting""",0.05564936751034111,-0.3508422523736954,"The diff changes the code to support a new option for the ""list"" command, which is the ""--format"" or ""-f"" option. This option allows the user to specify a Go",0.0043556500459089875,0.4359756298363209,Add JSON template support to the `docker app image list` command.,0.02054856182076037,0.3785643093287945
2318,go,Add support for streaming build progress to the build command.,-0.16642567282542586,0.25687193125486374,"The diff changes the code to use a new function `getOutputFile` to create an output file, instead of directly using the global variable `_outputFile`.",-0.11766701191663742,0.9573131112847477,Fix build output file handling to prevent garbage collection and invalidation.,0.3363660331815481,0.9684589805547148
2320,go,"Update flag for ""force"" option in remove command.",0.903662349737715,0.45128871221095324,"Changes the flag for the ""force"" option in the ""remove"" command.",0.7856076918542385,0.949757587572094,"Update flag for ""force"" option in remove command.",0.9036620502592996,0.45128871221095324
2327,go,Add support for target-namespace and root-prefix flags.,-0.0068486398085951805,0.8202454601414502,The diff changes the behavior of the `start` command in the `machine-config-daemon` program by adding two new flags: `--target-namespace` and `--root-prefix`.,0.008368982467800379,0.44677319563925266,"""Add support for target-namespace and root-prefix flags""",-0.01491452008485794,0.35724660009145737
2331,go,Update machine state validation and trigger update logic.,0.2103055864572525,0.7497389130294323,"The diff changes the function name from ""validate"" to ""isDesiredMachineState"" and changes the function's behavior to check if the node is in the desired state instead of just valid",0.011600292637012899,0.16623240895569324,Refactor daemon.go to use isDesiredMachineState() instead of validate(),0.0008497809176333249,0.0629530381411314
2342,go,Update file ownership handling in daemon.,-0.980667358962819,0.9448263826780021,"The diff changes the way the ownership of files is determined, by using a new function `getFileOwnership` instead of the previous method.",-0.7202453911304474,0.332128768786788,Update file ownership logic in daemon update.,-0.8553894851356745,0.8755087568424642
2343,go,Update daemon to use new process() method for main loop.,0.001217567769344896,-0.32769422233104706,The diff changes the function `Run` in `pkg/daemon/daemon.go` to use a new function `process` instead of `syncOnce` for the main loop that,0.0017497146036475897,0.35791028290987015,Refactor daemon.go to use new process() method.,0.03196812351234257,0.024960875511169434
2355,go,Update OS image URL in daemon.,0.29715363681316376,0.9079561736434698,The diff changes the code to use a cached value for the booted OS image URL instead of calling `getBootedOSImageURL()` again.,0.12884103029500693,0.8673502937890589,Update OS image URL handling in daemon.,0.7571381744928658,0.9682242954149842
2362,go,Add special case for append files in Ignition.,-0.6768122991197743,0.9485803204588592,The diff adds 10 lines of code to the `reconcilable` function in `pkg/daemon/update.go`.,-0.0036457192327361554,0.0019880348118022084,Add special case for append files in Ignition.,-0.6768122991197743,0.9485803204588592
2363,go,"""Update systemd unit directories and files with default permissions""",-0.15369531884789467,0.014889374375343323,The diff changes the file mode for directories created by the `MkdirAll` function from `0655` to `0755` and from `0644,0.13893555849790573,0.8584671216085553,"""Update systemd unit and file permissions to 0755 and 0644, respectively""",-0.19620843790471554,-0.2458445057272911
2372,go,Add check for missing kind in old config in runOnce mode.,0.14304168708622456,0.6766506787389517,"The diff adds 6 lines of code to the `reconcilable` function, including a new `if` statement and a new `glog.Infof` call.",-0.00167833489831537,0.13045987696386874,Add check for missing kind in old config in reconcilable function.,-0.05281146243214607,0.7799709890969098
2378,go,Update daemon.New() to use startOpts.onceFrom if it's a valid file system path.,-0.012356666848063469,0.23392611742019653,"Changes the way the daemon is started, allowing for a different initialization path.",0.5697658658027649,0.429033849388361,Update daemon initialization to use new path validation.,0.12029915861785412,0.4816511534154415
2379,go,Update CA retrieval from configmap to handle non-base64 encoded values.,0.03023451246554032,0.47917159739881754,The diff changes the code in the `getCAsFromConfigMap` function by adding a new line of code to decode a base64-encoded string.,-0.0038079717196524143,0.7172878115670756,Update CA retrieval logic in operator.go,-0.0006656111218035221,0.3199734725058079
2380,go,Remove unused import and function for parsing Ignition config from file.,0.8586175669915974,0.19088023900985718,"The diff changes the code in the `Daemon` struct to remove the `resourceread` package and the `getMachineConfigFromFile`, `getIgnitionConfigFromFile",0.012720912753138691,0.4074084162712097,Remove unused imports and functions from daemon.go.,0.1973133790306747,0.14434677362442017
2382,go,Update ClientBuilder initialization in start.go.,-0.7211320828646421,0.31719496846199036,Changes the code in the `runStartCmd` function to use a new `ClientBuilder` instead of `common.NewClientBuilder`.,-0.0017976649105548859,0.3035842776298523,Update ClientBuilder initialization in start.go.,-0.7211320828646421,0.31719496846199036
2384,go,Add retry logic for getting MachineConfig in case of transient errors.,0.9917430775021785,0.9851141925828415,"The diff adds a new import statement for ""k8s.io/apimachinery/pkg/util/wait"" and adds a new function call to the `getMachineConfig",0.0023273732513189316,0.8820055150426924,Add retry logic for getting MachineConfig in case of transient errors.,0.9917430775021785,0.9851141925828415
2386,go,Update error logging in SetUpdateDegradedIgnoreErr to use errorf.,0.0252911364659667,0.708180945366621,Changes the log statement to use the `glog.Errorf` function instead of `glog.Error`.,-0.9300349596887827,0.6002041064202785,Update error logging in SetUpdateDegradedIgnoreErr to use glog.Errorf.,0.03246334195137024,0.8059315271675587
2387,go,Add event recorder for reboot events.,-0.047324261628091335,0.8602843624539673,"Adds a new function `reboot` to the `Daemon` struct, which logs a message and records an event if the `recorder` field is not nil.",-0.026623887824825943,0.7273038881830871,Add event recorder to reboot function.,-0.0030075274407863617,0.7296947594732046
2397,go,Update stale config storage files.,0.3898545503616333,-0.7316674962639809,Changes the path used in the `RemoveAll` function call from `path` to `f.Path`.,-0.17704330198466778,0.21086814999580383,Update file deletion logic in daemon update.,0.8971868427470326,0.9039696101099253
2399,go,Remove stale config and systemd units.,-0.9571277223876677,0.9325150297954679,The diff changes the code to remove unnecessary logging statements and to add a new logging statement.,-0.006673552095890045,0.135262843221426,Delete stale config and systemd units.,-0.07619413360953331,0.8600536566227674
2403,go,Update osImageURL and osVersion in RHCOS case.,-0.005891957902349532,0.8877719496376812,The diff changes the code to add a new variable `osVersion` and update the existing variable `osImageURL` to include the version information.,-0.0012983671622350812,0.34847423154860735,Update osImageURL and osVersion retrieval in New() function.,-0.006162800476886332,0.9368225743528455
2405,go,Add taint to node.,0.9565762649290264,0.7919603288173676,"The diff changes the code in the `pkg/daemon/writer.go` file by adding a new field `taint` to the `message` struct, and modifying the `Run",0.376496160402894,0.7654911689460278,Add taint to node,0.9021990783512592,0.5044879615306854
2406,go,Add logging statement to print node name.,0.9145932119572535,0.31235741823911667,Adds a new line of code to the function `NewClusterDrivenDaemon` in the file `pkg/daemon/daemon.go`.,-0.009197486797347665,0.5525599345564842,Add logging statement to manage node.,0.9473903262987733,0.8523553307168186
2408,go,Add glog logging for initial node config.,0.298971104901284,0.6849687173962593,"The diff changes the code by adding a new import statement, adding a new line of code to an existing function, and changing the number of lines in a function.",-0.028584155719727278,0.3938398251775652,Add glog logging for initial node config.,0.298971104901284,0.6849687173962593
2409,go,Add renderDelay constant for rate limiting MachineConfigPool updates.,0.11170782521367073,-0.2240878939628601,"The diff changes the `enqueueMachineConfigPool` function in the `Controller` struct, replacing the `enqueue` function with a new `enqueueDefault` function that calls the `",-0.23580609261989594,0.39495185017585754,Update render delay for MachineConfigPool controller.,0.31604925356805325,0.49322374165058136
2418,go,Add updateDelay constant for rate limiting MachineConfigPool updates.,0.19095022417604923,0.8837389722466469,"The diff changes the `enqueueMachineConfigPool` function in the `Controller` struct, replacing the `enqueue` function with a new `enqueueDefault` function that calls the `",-0.13406376726925373,-0.10225662589073181,Update controller to handle churn in MachineConfigs.,0.06172976829111576,0.9010156756266952
2424,go,Add kubeletconfig controller and node update controller to startControllers function.,-0.08570631872862577,0.24129393696784973,"The diff adds a new line of code to the `startControllers` function, which creates a new `go kubeletconfig.New` instance and runs it in a gorout",-0.0015436193789355457,-0.055112361907958984,Refactor machine-config-controller to use new renderer and node controller.,-0.006682703271508217,0.2420860305428505
2430,go,Increase timeouts for machine config pool sync and rollout.,0.04892626777291298,0.15116354823112488,"The diff changes the timeout values for various wait functions in the code, increasing the time allowed for them to complete.",0.005688546341843903,0.15612806752324104,Update poll intervals and timeouts for machine config pool sync.,-0.4428066536784172,0.4034433513879776
2442,go,Add k8s client-go library for kubernetes client.,-0.45421687327325344,0.20794892311096191,"The diff adds a new import statement, ""k8s.io/client-go/kubernetes"", and a new function, ""getNodesByRole"", which is used to retrieve a",0.0003343319986015558,0.056381069123744965,Add k8s.io/client-go/kubernetes import and fix machine config pool worker label selector.,-0.8450063550844789,0.7404628060758114
2444,go,Add test for in-cluster bring-up stay-on-error scenario.,0.9947204675117973,0.725688748061657,The diff changes the code in the `syncAll` function to add a new test case for the `inClusterBringup` variable.,0.009417160355951637,0.24757995828986168,Refactor inClusterBringup logic in syncAll function.,-0.740114426240325,-0.16679146885871887
2451,go,Add infrastructure image flag to bootstrap command.,0.5708193811587989,0.6411577314138412,The diff changes the code by adding a new variable `infraImage` and modifying the `bootstrapCmd.PersistentFlags()` method to include a new flag for it.,0.018557952367700636,0.5978655964136124,Add infrastructure image flag to bootstrap command.,0.5708193811587989,0.6411577314138412
2453,go,Add Ignition config validation to ensure validity.,0.49429312348365784,0.7202159371227026,"The diff adds a new line of code to the `reconcilable` function in the `Daemon` struct, which validates the Ignition config using the `validate` package.",0.03853949112817645,0.28416199516505003,Add Ignition config validation to reconcilable function.,0.15873375535011292,0.5814060512930155
2458,go,"""Update KubeletConfig status and add finalizer to KubeletConfig""",0.005222998559474945,-0.05963302403688431,"The diff changes the code level by adding new functions, modifying existing functions, and removing functions. It also adds new imports and changes the way the code is organized.",-0.0201689712703228,0.07159076631069183,"""Update KubeletConfig status and finalizers""",0.02233082987368107,-0.09775637090206146
2462,go,"""Update RpmOstreeClient to use exec.Command instead of dbus.NewSystemdConnection""",-0.5031754299998283,-0.06020047143101692,"The diff changes the way the `pivot` and `rpm-ostreed` daemon journal logs are followed. In the original code, the `sdjournal` package is",-0.03861789219081402,0.13375551998615265,"""Fix pivot service start and journal logging""",-0.0627474868670106,0.1264989674091339
2463,go,Add ctrlcommon package to get Ignition config.,-0.9918494248413481,0.4860866665840149,The diff changes the code by adding a new function `getMachineConfigsForPool` and a new variable `masterConfigs` to the `TestDoNothing` function. The function `,0.041743192821741104,0.23208476603031158,Add ctrlcommon to MachineConfigPool controller.,-0.7037659361958504,-0.07273143529891968
2473,go,Fix wait.Poll() error handling in MCD test.,-0.4777975380420685,0.0886286161839962,Changes the return value of `getNodesByRole` from `err` to `nil`.,0.28497518762014806,0.5592694893130101,Fix issue with worker node list in MCD test.,0.16016732901334763,0.08168862038291991
2492,go,Log node update completion for MCC aggregation.,0.8542514331638813,0.9914871865767054,"The diff adds 7 lines of code to the `updateNode` function, specifically logging when a node has completed an update.",-0.0008260953763965517,0.9203014409868047,Add logging for node update completion in MCC.,0.7030232013203204,0.9769425402482739
2503,go,Update daemon initialization to prevent panic on non-linux platforms.,-0.027330081909894943,0.848646117374301,The diff changes the code in the `TestDaemonOnceFromNoPanic` function by removing 38 lines and adding 6 lines.,-0.0005535616655834019,0.4670970302540809,Refactor: Simplify daemon initialization and remove unnecessary code.,0.18835166422650218,0.22142403514590114
2507,go,Fix error loading pending config by removing unnecessary log statement.,0.023664926295168698,0.045594718656502664,Removes a log statement and shortens the function by one line.,0.0020429645519470796,0.03606117516756058,Fix error loading pending config.,-0.006045185029506683,0.05539873242378235
2518,go,"""Update KubeletConfig controller to handle MachineConfigPool not found errors""",0.34711606428027153,0.5054473802447319,The diff changes the following at the code level:,0.03660525195300579,0.5590129420161247,"""Update KubeletConfig controller to handle MachineConfigPool not found errors""",0.34711606428027153,0.5054473802447319
2568,go,"""Update machine config renderer to handle invalid ignition configs and add test cases for validation""",0.9716617427766323,-0.505331926047802,"The diff changes the code in the `TestIgnValidationGenerateRenderedMachineConfig` and `TestUpdatesGeneratedMachineConfig` functions by adding or removing lines of code, changing the order",0.0007008658139966428,0.10043149068951607,Fix invalid ignition config version and add test for machine config with no ignition content.,0.06374270841479301,-0.9714004588313401
2572,go,"""Update controller config status conditions with new controller version""",0.6266867220401764,-0.7038730978965759,The diff changes the version number in the message of the `TemplateControllerRunning` condition from `0.0.0-was-not-built-properly` to `v0,-0.016864333301782608,0.23636764287948608,Update controller config status conditions to use the correct controller version.,0.22847461700439453,-0.17111541330814362
2583,go,Update health tracker to include success and failure thresholds.,-0.05328888539224863,0.5389514861162752,Adds a new field to the `healthTracker` struct.,-0.06620131433010101,0.1376219540834427,Add health tracker to run command.,-0.030890755355358124,0.9105623714858666
2617,go,Update node status check to include condition status in error message.,-0.024983957409858704,0.6649189591407776,The diff changes the error messages returned by the `checkNodeReady` function to include the status of the condition that is causing the node to be reported as not ready.,0.03644442558288574,0.8246196638792753,Update node status check to include condition status in error messages.,0.020753145217895508,0.6630055233836174
2629,go,"""Add test for checking worker nodes have realtime kernel""",0.007016915362328291,0.6017916072160006,"The diff changes the code to add a new test function `TestKernelType` that creates a new MachineConfig object with the `KernelType` field set to ""realtime""",0.008055773738306016,0.5012632645666599,Add test for kernel type.,0.9460663143545389,0.8313594665378332
2655,go,Update sort.SliceStable to ensure consistent ordering of MachineConfigs.,0.004895562306046486,0.046243567019701004,Changes the sorting algorithm used in the `MergeMachineConfigs` function from `sort.Slice` to `sort.SliceStable`.,-0.18321260437369347,0.11936138197779655,Improve performance of MergeMachineConfigs by using sort.SliceStable.,0.005645014112815261,0.03633868059841916
2685,go,Sync env vars and ports in container.,-0.004167492734268308,0.9120435828808695,"The diff changes the code in the `ensureContainer` function by adding a new `for` loop to sync the env vars, and adding a new `ensureEnvVar` function to handle the",-0.040888767689466476,0.7419506246224046,Sync env vars and container ports in core.go.,-0.25391084235161543,0.9625641561578959
2712,go,Update drop-in handling to remove empty defined dropins and maintain backwards compatibility.,0.318811456207186,0.9783130192372482,"The diff changes the behavior of a function that checks the contents of a file, allowing for backwards compatibility with existing code.",-0.25200125575065613,0.9632130386307836,Update drop-in handling to maintain backwards compatibility.,0.13780995644629002,0.9381817877292633
2718,go,Add related objects for on-prem services in static pods.,-0.0005382592789828777,0.8055059779435396,The diff adds 5 new related objects to the status of the operator.,-0.007223622873425484,-0.0044462105724960566,Add related objects for on-prem services in static pods.,-0.0005382592789828777,0.8055059779435396
2747,go,"""Update cloud provider configuration for external cloud providers""",0.6045900043100119,0.06859199143946171,"The diff changes the code in the `TestCloudProvider` function by removing the `res` variable and its initialization, and adding a new `res` variable and its initialization for the `platform",-0.007997693493962288,-0.22217807359993458,"""Update cloud provider configuration for external cloud providers""",0.6045900043100119,0.06859199143946171
2754,go,Update postConfigChangeAction constants to reflect new behavior.,0.039222076535224915,0.13783503090962768,"The diff changes the word ""None"" to ""none"" in the code.",0.4237582078203559,0.862385377753526,Update postConfigChangeActionNone and postConfigChangeActionReboot constants.,-0.41276210732758045,0.6904565263539553
2785,go,"""Update test cases for reconcilable and dropin checks""",-0.7158189956098795,0.4874122142791748,The diff changes the order of the elements in the `ign3types.Dropin` array in the `test.service` unit in the `ignCfg.Systemd.Units,-0.4860926792025566,0.18161538243293762,Update test cases for daemon update,-0.14569657109677792,0.2904074341058731
2797,go,Update drain controller to use a new CRD for coordination.,-0.002392872702330351,0.6281540502095595,The diff changes the code in the `syncNode` function by removing a line and adding a new line.,0.001203265506774187,0.1525540743023157,Update drain logic to use a new CRD for coordination.,0.008205452002584934,0.7940056985826232
2803,go,"Add RpmOstreeClientMock methods for GetBootedAndStagedDeployment, IsBootableImage, and RebaseLayered.",0.00015872204676270485,0.7393673325423151,The diff changes the code in the `RpmOstreeClientMock` struct by adding new methods and removing existing ones.,0.001540106168249622,0.4594878717325628,Add mock methods for RpmOstreeClient.,0.3657239843159914,0.7156715597957373
2804,go,Remove unnecessary code and improve decompression performance.,0.23117034882307053,0.3412931690691039,The diff changes the implementation of the `decompressPayload` function in the `helpers.go` file.,6.10831193625927e-06,0.8474329563323408,Refactor decompressPayload to use ioutil.ReadAll instead of io.Copy.,-0.3535765167325735,0.066786278039217
2808,go,Switch to real-time kernel and apply extensions for layered images.,-0.0005000261589884758,0.994395072455518,"The diff changes the code to allow switching to a real-time kernel when using layered images, and to handle extensions in the same way as non-layered images.",-0.0032604411244392395,0.8346873857080936,Switch to real-time kernel and apply extensions for layered images.,-0.0005000261589884758,0.994395072455518
2890,go,Add a check for NFS filesystems to avoid EvalSymlinks getting stuck.,0.48638772312551737,0.35466276947408915,"The diff changes the code to check if the device path exists before calling `Stat` on it, and to return an error if the device path does not exist.",0.004869743948802352,0.8814433114603162,Fix issue with EvalSymlinks on NFS filesystems.,0.022353902459144592,0.023835746571421623
2913,go,"""Update LV resize logic to support shrinking volume size""",0.40613980405032635,0.03673612326383591,"The diff changes the code to allow shrinking of a logical volume, previously disallowed.",0.03926331177353859,0.6219736263155937,"""Fix shrinking volume size check and add thinpool support""",0.12044164165854454,-0.09578770399093628
2963,go,Add error handling for empty subsets and addresses in proxy.go.,-0.38350233621895313,0.5310358759015799,The diff changes the code in the `Resolve` function of the `FunctionLookup` struct in the `k8s/proxy.go` file.,0.0011236051796004176,0.7889932174002752,Add error handling for empty subsets and addresses in k8s/proxy.go,-0.2589236441999674,0.3258609399199486
2971,go,Update log statements to use consistent capitalization.,0.3441916739102453,0.10745308175683022,"Changes the log message from ""waiting for openfaas CRD cache sync"" to ""Waiting for openfaas CRD cache sync"" and from ""cache sync complete"" to",-0.14894935581833124,0.3932943642139435,Update log statements to use consistent capitalization.,0.3441916739102453,0.10745308175683022
2974,go,Update deployment spec to enable service links.,0.03643565718084574,0.8143745810957626,"The diff changes the name of the `EnableServiceLinks` field in the `Deployment` struct from `isEnableServiceLinks` to `enableServiceLinks`, and adds a",-0.07620009034872055,0.21541669592261314,Update deployment spec to enable service links.,0.03643565718084574,0.8143745810957626
2993,go,Add logfile flag to allow logging to standard output.,-0.23814624547958374,0.8762491839006543,The diff changes the behavior of the `log` flag in the `caddy` command-line tool. It adds a new flag called `log` that allows the user to specify whether to,-0.0033061698777601123,0.21640223264694214,Update logging and add new flag for log file.,0.34632245264947414,0.7953786021098495
3008,go,Refactor Kubernetes handler to use middleware.,-0.11222996562719345,0.131199449300766,"The diff changes the code in the `ServeDNS` function of the `Kubernetes` struct, adding new lines and modifying existing ones.",0.021510847145691514,0.587442634627223,Refactor Kubernetes handler to use new variable declarations.,-0.33023147098720074,0.2420281618833542
44,java,"""Added monitor enter/exit for non-bytecode methods""",-0.7254734914749861,0.7325596967712045,The diff changes the code in the `execute` method of the `EspressoRootNode` class to add a new `monitorEnter` and `monitorExit` method calls.,0.001086267875507474,0.8465893366374075,"""Fix: register monitors on frames for non-bytecode methods""",-0.4644372686743736,0.5096615850925446
159,java,Fix symbol resolution order in LLVM linker.,-0.06234096363186836,0.6560153674799949,The diff changes the way the `resolveRenamedSymbols` method resolves symbols in the LLVM IR code.,0.026005027815699577,0.2529636826366186,Fix symbol resolution order in LLVM linker.,-0.06234096363186836,0.6560153674799949
253,java,Update TaskExecutorProcessUtils to generate default and total available resource profiles.,-0.11634786240756512,0.5143813956528902,Changes the method signature of generateDefaultSlotResourceProfile() and generateTotalAvailableResourceProfile() in TaskExecutorProcessUtils.java.,0.0009324159182142466,0.6317678443156183,Update TaskExecutorProcessUtils to generate default and total available resource profiles.,-0.11634786240756512,0.5143813956528902
269,java,Update MediaCodecVideoRenderer to support nullable DrmInitData.,-0.027897268533706665,0.3183537086006254,"The diff changes the type of the `drmInitData` variable from `DrmInitData` to `@Nullable DrmInitData`, and adds a null check to the `support",0.005852717673406005,0.6312483581714332,Refactor MediaCodecVideoRenderer to support nullable DrmInitData.,-0.04456001799553633,0.46400034986436367
407,java,"""Fix concat() method to prevent unsubscribing from observables running on the same thread""",-0.052915096282958984,0.04207565588876605,"The diff changes the method name from ""testMergeObservableOfObservables"" to ""testConcatObservableOfObservables"" in the ""ObservableOfObservables"" class.",-0.013778806431218982,-0.05439656972885132,"""Fix concat operator to prevent blocking calls""",-0.0725591778755188,0.021999995689839125
441,java,Refactor ZooKeeperUtils to use CuratorFramework instead of ZooKeeperClient.,-0.05268203839659691,-0.2998570203781128,The diff changes the method signature of `getZooKeeperEnsemble` and `createLeaderRetrievalService` in `ZooKeeperUtils.java,0.05178355798125267,0.376819534227252,Refactor ZooKeeperUtils to use CuratorFramework instead of ZooKeeperClient.,-0.05268203839659691,-0.2998570203781128
451,java,Update profiler task data to include thread name.,-0.03946943860501051,0.0688723623752594,"The diff changes the method `writeTask` in the `Profiler` class, adding a null check for the `data` parameter and changing the way the `eventType` variable is",0.0018611395498737693,0.5712513448670506,"""Fix null pointer exception in writeTask method""",0.00023816648172214627,0.05876903422176838
492,java,Update index metadata changed detection.,-0.5615752190351486,0.10714629292488098,Changes the return value of the indexMetaDataChanged method from false to true.,-0.08208315819501877,0.8361229114234447,Refactor: Simplify ClusterChangedEvent indexMetaDataChanged method.,-0.1446440163999796,0.28412506729364395
550,java,"""Update ResourceUsageAnalyzer to use new ASM API and support new resource types""",0.00015990038809832186,-0.0356772318482399,"The diff changes the import statements and adds new imports, as well as changes the package name and adds new classes and methods.",0.0007109349535312504,0.19319087360054255,"""Refactor ResourceUsageAnalyzer to use new static import syntax""",-0.0003389599733054638,-0.03095124289393425
731,java,Refactor: Add new property for metricsRollingPercentileWindowInMilliseconds and deprecate metricsRollingPercentileWindow.,-0.9819443057131139,-0.3210320807993412,"The diff changes the name of a variable from ""metricsRollingPercentileWindow"" to ""metricsRollingPercentileWindowInMilliseconds"" and adds a new variable """,-0.0009117359295487404,0.4706256799399853,Refactor: Improve HystrixCommandProperties initialization and deprecate metricsRollingPercentileWindow() method.,-0.11840590019710362,-0.07379009202122688
752,java,Update RemoteWebDriver to use new Selenium APIs.,-0.0011532492935657501,0.005966205149888992,The diff changes the import statements and adds a new method to the `RemoteWebDriver` class.,-0.002623440232127905,0.16815911745652556,"Add imports for Alert, Beta, By, Capabilities, Cookie, Dimension, HasCapabilities, HasInputDevices, JavascriptExecutor, Keyboard, Mouse, Platform, Point",-0.05017949268221855,0.8600452467799187
792,java,Add connectBrokerByUser and defaultBrokerId methods to DefaultLitePullConsumer.,0.9843424952123314,0.8905277524609119,"The diff adds a new method ""isConnectBrokerByUser"" and sets a new field ""connectBrokerByUser"" in the ""DefaultLitePullConsumer"" class.",0.017365376406814903,0.4779238833580166,Add connectBrokerByUser and defaultBrokerId methods to DefaultLitePullConsumer.,0.9843424929422326,0.8905277524609119
907,java,Fix inconsistent file length check in UpdateCenter.download(),-0.1687372629530728,0.0521281436085701,The diff changes the method `download` in the `UpdateCenter` class to add a check for inconsistent file lengths.,0.0002596103586256504,0.746834106859751,Fix inconsistent file length in UpdateCenter.download() method.,-0.44546434050425887,0.06216087192296982
945,java,Refactor: handle NoClassDefFoundError and TypeNotPresentException in processClass(),-0.8897818885743618,0.6768697202205658,The diff changes the handling of NoClassDefFoundError and TypeNotPresentException in the processClass method.,-0.09110384434461594,0.8037423563655466,Refactor: Improve reflection data builder performance by skipping classes with missing types.,-0.44421306252479553,0.3672965015284717
972,java,Add reminder for registration lock.,0.10910236090421677,0.9020020179450512,The diff adds an import statement for RegistrationLockReminders and sets two preferences.,0.012829426908865571,0.9813784215366468,Add reminder functionality to registration flow.,0.016082579270005226,0.9460479337722063
1059,java,Update CollapsingTextHelper to draw multiline transition with correct alpha.,-0.6000433173030615,0.3992273509502411,"The diff changes the way the collapsed text is drawn, adding an ellipsis and removing it for the cross-section animation.",-0.011442733695730567,0.9249269018182531,Fix multiline transition draw method to handle ellipsis correctly.,0.006369240349158645,0.0798337310552597
1123,java,Update unicast zen ping to add cloud hosts provider and use only unicast for example.,-0.9215597254224122,0.9937069484731182,The diff adds an if statement to check if unicastZenPing is null before updating it.,-0.4291690904647112,0.9014803444733843,Update unicast zen ping to add cloud hosts provider and use only unicast for example.,-0.9215606772340834,0.9937069484731182
1508,java,Refactor RocksDBKeyedStateBackend to use TtlTimeProvider for TTL management.,-0.07260206528007984,0.2204181533306837,The diff changes the import statements and adds a new import statement.,0.02873203530907631,0.5996851399540901,Refactor RocksDBKeyedStateBackend to use TtlTimeProvider for TTL management.,-0.0726019274443388,0.2204181533306837
1516,java,Refactor `doForValue` to use `Values` instead of `LIRInstructionClass`.,-0.04564644396305084,0.10919182375073433,"The diff changes the method signature of `doForValue` from `private static void doForValue(LIRInstruction inst, OperandMode mode, ValuePositionProcedure proc, Value",-0.08846255391836166,0.5587879307568073,Refactor `doForValue` method to use `Values` object instead of `LIRInstruction` class.,0.02920238208025694,0.13994663953781128
1571,java,Update onClose method to include timeout in MasterNotDiscoveredException message.,0.005002597521524876,0.43152722902595997,The diff changes the behavior of the `onTimeout` method in the `TransportMasterNodeOperationAction` class.,0.0008542480936739594,0.8359031726140529,Refactor: Improve error handling in TransportMasterNodeOperationAction.,0.03603470220696181,0.22786950832232833
1786,java,Update property editor width hint for text and combo controls.,-0.2248312160372734,0.9341968456283212,The diff changes the widthHint of a Text or Combo control in a TabbedFolderPageForm.,-0.0007100831717252731,0.9570995043613948,Update property editor UI to improve layout.,0.6606769412755966,0.14608929120004177
2040,java,Add logging cache decorator to cache builder.,-0.002954035997390747,0.9770093926927075,The diff changes the build method of the CacheBuilder class to add a new LoggingCache decorator if the cache is not already a LoggingCache instance.,-0.0021930309012532234,0.9032368962652981,Add logging cache decorator to cache builder.,-0.0029581785202026367,0.9770093926927075
2114,java,Update IdsQueryBuilder to use generics for type safety.,-0.00041899067582562566,0.022104285657405853,The diff changes the import statements and adds a new method to the `IdsQueryBuilder` class.,-2.0002873498015106e-05,0.8682108465582132,Refactor: Use wildcard import for consistency and readability.,-0.21374788507819176,0.36651594191789627
2139,java,Fix Hazelcast non-daemon threads preventing JVM exit.,0.05731375701725483,0.5869275061413646,"The diff changes the behavior of the `exit()` method in the `DefaultPlatformManager` class, causing it to call `vertx.clusterManager().leave()` instead of `System.",-0.12512753903865814,0.29376907646656036,Fix Hazelcast non-daemon threads preventing JVM exit.,0.05731341242790222,0.5869275061413646
2143,java,Refactor SmsMigrator to use TextUtils and Address.fromExternal().,-0.006220856681466103,0.4003807306289673,"The diff changes the way the `getContentValuesForRow` method retrieves and binds data from a cursor, by using the `TextUtils` class to convert the address from an external",-0.02920445054769516,0.2417774423956871,Refactor SmsMigrator to use TextUtils and Address.,0.024069279432296753,0.46425893157720566
2218,java,Add Stopwatch class for measuring time.,0.9923523713659961,0.8195270644500852,"The diff adds a new class named ""Stopwatch"" with a package declaration, import statements, and a constructor.",0.0031865716591710225,0.8550595687702298,Add Stopwatch class for measuring time.,0.9923523691250011,0.8195270644500852
2256,java,Add Dgraal.ShowDumpFiles=true to the compiler test suite.,-0.7910040095448494,0.6058584447018802,"The diff changes the value of the ""Dgraal.ShowDumpFiles"" property from ""false"" to ""true"" in several places in the code.",-0.011301515623927116,0.3163197208195925,Update test configurations for Truffle compilation.,-0.6986444294452667,0.5414161998778582
2315,java,Add support for multi-dimensional arrays.,0.5776087045669556,0.9020407872740179,The diff changes the implementation of the `newArray` method in the `Target_java_lang_reflect_Array` class.,0.14015200932044536,0.7803652314469218,Fix negative array size exception in newArray method.,0.42301174998283386,0.6893781218677759
2371,java,Add management port to EndpointWebMvcAutoConfigurationTests.,0.007627878338098526,0.6782300248742104,The diff changes the behavior of the EndpointWebMvcAutoConfigurationTests class by adding a new field to the EndpointHandlerMapping bean and modifying the behavior of the onDifferentPort method.,-0.00801249360665679,0.6885772752575576,Update EndpointWebMvcAutoConfigurationTests.java to use different port for management endpoint.,-0.001274322858080268,0.15985408052802086
2404,java,Update AzureStorageServiceImpl to set timeout interval in milliseconds.,-0.0019392104586586356,0.28345470130443573,Changes the timeout interval for Azure Storage requests.,-0.675066240131855,0.3733573704957962,Refactor AzureStorageServiceImpl to use timeout from AzureStorageSettings.,-0.3009878396987915,0.33966977894306183
2535,java,Add option to filter debug scope output based on method context.,0.1144524747505784,0.988606229366269,The diff changes the behavior of the `checkMethodFilter` method in the `GraalDebugConfig` class.,0.004764947225339711,0.4586742930114269,Add support for filtering debug scope output based on method context.,0.23089945688843727,0.977910251764115
2668,java,Refactor assertEqualDataBoundBeans to handle nested databound objects.,-0.19786032661795616,0.9573513344512321,The diff changes the logic of the `assertEqualDataBoundBeans` method by adding a new condition to the `if` statement.,-0.010531432926654816,0.7483262307941914,Refactor assertEqualDataBoundBeans to handle nested databound objects.,-0.19785733334720135,0.9573513344512321
2698,java,"""Added logging to SavepointITCase to debug checkpointing issues""",-0.9984606431171414,0.029809809988364577,The diff changes the implementation of the `snapshotState` and `restoreState` methods in the `SavepointITCase` class.,-0.015613359399139881,0.8382391931954771,Refactor SavepointITCase to use new snapshotState and restoreState methods.,-0.0018876802641898394,0.3354697139002383
2796,java,Add compile command exclusion for huge methods and skip @Snippets.,-0.010502876713871956,0.9899551436828915,The diff changes the code to check if a method can be compiled based on its size and whether it can be inlined.,0.022063330747187138,0.9653751545702107,Improve method compilation heuristics for better performance.,0.14288933528587222,0.3248201194219291
2801,java,Update RunMap to use SimpleDateFormat and ParseException.,-0.09519567200914025,0.499533879570663,"The diff changes the method `isCorrectDate` in the `RunMap` class, adding two new lines and removing two lines.",-0.00573264854028821,0.4712107004597783,Refactor RunMap to use SimpleDateFormat and ParseException.,-0.2174269249662757,0.4879523143172264
2803,java,Refactor: Simplify free and trim methods in PoolThreadCache.,-0.18015870451927185,0.3348994813859463,The diff changes the implementation of the `free` and `trim` methods in the `PoolThreadCache` class.,-0.03362237382680178,0.6440431112423539,Refactor: Simplify free and trim methods in PoolThreadCache.,-0.1801593154668808,0.3348994813859463
2829,java,Update ValidatorFactoryTests to use new HibernateValidator and JUnit 5.,-0.27595076709985733,0.05981730669736862,"The diff changes the code to use JUnit 5's `@Test` annotation and `Assertions` class for assertions, and adds a new test method `testSpringValidationFieldType",0.006585107184946537,0.21597968344576657,Refactor test cases to use JUnit 5's `@Test` annotation and `assertThat` method.,0.07428249344229698,0.1412284830585122
3127,java,"""Update DefaultIndicesResolver to handle IndicesAliasesRequest with wildcards""",-0.867407787591219,0.021764211356639862,"The diff changes the method `DefaultIndicesResolver.explodeWildcards` to use a different approach for resolving wildcards in IndicesAliasesRequest, which is the only",-0.020998245803639293,-0.03285147715359926,Add support for IndicesAliasesRequest to explode wildcards.,-0.9520081498194486,-0.11002159118652344
3200,java,Add NumberUtils import and fix Quaternion hashCode and equals methods.,9.842411964200437e-05,0.8380211009643972,"The diff changes the implementation of the `equals` method and adds a new `hashCode` method, using the `NumberUtils` class to convert the floating-point values to raw integer values",1.980797969736159e-05,0.34753801114857197,Refactor Quaternion class to use NumberUtils for floatToRawIntBits.,-0.002262260764837265,0.0921921581029892
3248,java,Update NodeEntry.java to mark dirty and changed.,0.15760341996792704,0.34123263973742723,Changes the method signature of NodeEntry.isChanged() to include a parameter and adds two new lines of code.,-0.27374706929549575,0.24151036888360977,Refactor NodeEntry.isChanged() to mark dirty and changed.,0.017282359302043915,0.5207242518663406
3349,java,Refactor AndroidAudio.java to remove unnecessary dispose() call.,0.05460045184008777,0.15922181867063046,The diff changes the method `resume()` and adds a new method `dispose()` to the `AndroidAudio` class.,0.01828383281826973,0.30670898919925094,Refactor AndroidAudio.java to remove unnecessary code.,0.04384720604866743,0.18561888486146927
3601,java,"""Update MultiTierCompilationTest to use new loop node""",0.017980389297008514,0.09725912380963564,The diff changes the code to add a new class called `MultiTierWithLoopRootNode` and a new method called `executeRepeatingWithValue` to the `MultiTier,0.009804601781070232,0.29050671122968197,"""Improve multi-tier compilation performance by reducing the number of compilation thresholds and increasing the first-tier compilation threshold""",0.029660962522029877,0.0006861453875899315
3819,java,Refactor AppendableLiteralSourceImpl to use StringBuffer for text concatenation.,-0.02962619625031948,0.41317008435726166,"The diff changes the implementation of the `AppendableLiteralSourceImpl` class, specifically the `getCode` and `appendCode` methods.",-0.2402905970811844,0.6592757869511843,Refactor AppendableLiteralSourceImpl to use StringBuffer instead of ArrayList.,-0.010211039334535599,0.22590429708361626
3866,java,Update GeckoDriverService to use the builder pattern.,0.9425185743020847,0.43039052933454514,"The diff changes the way the `GeckoDriverService` is created, by using a `Builder` instead of directly creating a new instance.",0.10479659028351307,0.6664968631230295,Refactor: Use builder pattern to create GeckoDriverService.,0.884636539965868,0.6211290434002876
3959,java,Update EmbeddedChannel constructor to check for null config.,0.003997834413894452,0.699064030777663,The diff changes the constructor of EmbeddedChannel to use ObjectUtil.checkNotNull() to check for null values in the config parameter.,0.0009629849228076637,0.8150858593871817,Refactor EmbeddedChannel constructor to use ObjectUtil.checkNotNull for config parameter.,-0.004127785563468933,0.5208913921378553
4166,java,Update remote server to handle requests for any path under /hub.,-0.0016473641153424978,0.2860286012291908,"The diff changes the path of the ""WebDriver remote server"" servlet from ""/hub"" to ""/hub/*"".",0.0065874033607542515,0.6979246865957975,Update remote server to handle requests for any path under /hub.,-0.001647335710003972,0.2860286012291908
4229,java,"""Refactor RemoteWebDriver constructor to handle different response types""",-0.011776841129176319,0.02583712339401245,The diff changes the behavior of the `RemoteWebDriver` constructor by throwing an exception if the `CommandExecutor` passed to it returns a response with a null value on an attempt to start a,-0.057365043088793755,0.502372813411057,"""Refactor RemoteWebDriverUnitTest to use mockito""",-0.0018335530767217278,-0.003144754096865654
4431,java,Update input discovery for actions that discover inputs during execution.,0.4316704198718071,0.9557575772050768,The diff adds an import statement for `ImmutableSet` and changes the variable `inputsDiscoveredDuringActionExecution` from a boolean to a `Set<Artifact>`.,-0.00918447645381093,0.39484478579834104,Update import statements and add discovered inputs to action execution value.,0.026365193538367748,0.7912710644304752
4471,java,"Add new publisher and trigger to project, remove existing publisher if active.",-0.10304347053170204,0.985078212339431,"The diff changes the method `addPublisher` and `removePublisher` in the `Project` class, adding a new parameter `collection` to the `addToList` and",-0.0071599651128053665,0.5769570656120777,"Add new build step and trigger to project, remove publisher if active.",-0.006731634959578514,0.9936765041202307
4630,java,Refactor ImmutableSortedMap to use ImmutableList.Builder for better performance.,0.02049755648477003,-0.016068294644355774,The diff changes the implementation of the `ImmutableSortedMap` class by using a new `ImmutableList.Builder` instance instead of the existing one.,0.19437719881534576,0.3981422819197178,Refactor ImmutableSortedMap to use ImmutableList.Builder.,0.6973675014451146,-0.19810502231121063
4762,java,"Add methods to get lat, lats, lons, and lon from ScriptDocValues.",0.0025567992124706507,0.564664714038372,"The diff adds new methods to the `ScriptDocValues` class: `getLat()`, `getLats()`, `getLons()`, and `getLon()`, which return different values based",0.0012766736326739192,0.06472263392060995,"Add methods to get lat, lats, lons, and lon from ScriptDocValues.",0.0025568166747689247,0.564664714038372
4790,java,Add import for ExceptionsHelper and update joinElectedMaster method to retry on illegal state.,0.007717891596257687,0.877446674508974,"The diff changes the method `joinElectedMaster` in the `ZenDiscovery` class, adding a new import statement for `ExceptionsHelper`, and changing the way the",-0.01184689998626709,0.6919291107915342,Add import for ExceptionsHelper and fix joinElectedMaster method.,-0.20218081027269363,0.7637832262553275
4825,java,"""Fix concurrent message buffer access in LocalTransportThreadModelTest""",3.9381993701681495e-05,-0.10069340839982033,The diff changes the method signature of `testConcurrentMessageBufferAccess` from `public void testConcurrentMessageBufferAccess()` to `public void testConcurrentMessageBufferAccess()` and adds,0.006351701449602842,0.04699730407446623,"""Fix concurrent message buffer access in LocalTransportThreadModelTest""",3.938097506761551e-05,-0.10069340839982033
4944,java,"""Refactor string partition method to use SkylarkSignature annotation and improve error handling""",-0.8930960260331631,0.20468089543282986,The diff changes the implementation of the `split` and `rsplit` methods in the `MethodLibrary` class. The `split` method is modified to use the `split` method of,-0.002995171584188938,0.12793435156345367,"""Refactor string partition method to use SkylarkSignature annotation""",-0.9534493992105126,0.7526696966961026
4972,java,Update JobLeaderIdService constructor to use new Time API.,-0.06990568665787578,0.08067123824730515,"Changes the constructor of JobLeaderIdService to include a new parameter ""jobTimeout"".",-0.21033410169184208,0.5324743543751538,Refactor JobLeaderIdService constructor to use Preconditions.,-0.016709987074136734,0.4794856160879135
5087,java,Refactor validation confirmation to be more generic and reusable.,-0.01752440258860588,0.014991872012615204,"The diff changes the method signature of `doValidationConfirmation` from `MockDataWizardPageSettings` to `IWizardPage`, and removes the unnecessary cast.",0.009527305694064125,0.0036718538030982018,"""Refactor doValidationConfirmation method to make it more generic""",-0.0590212419629097,-0.024740371853113174
5157,java,Update LLVMTruffleObjectMessageResolution to use LLVMObjectNativeLibrary.,0.4712730059400201,-0.40807240456342697,"The diff changes the implementation of the `LLVMTruffleObjectMessageResolution` class, specifically the `access` method, by adding new imports, new fields, and new methods",-0.0014448757283389568,0.09556898230221123,Update LLVMTruffleObjectMessageResolution to use LLVMObjectNativeLibrary.,0.4712738315574825,-0.40807240456342697
5315,java,Update copyright year and deprecate JExcelAPI.,-0.000493958592414856,-0.7116914987564087,"The diff changes the copyright year from 2012 to 2013, adds a new line to the license, and changes the import statements for the javax.servlet classes",-0.004747835511807352,0.5089628733694553,Update copyright year and deprecate JExcelAPI in AbstractJExcelView.,0.025950220762751997,-0.6742640063166618
5346,java,Refactor MetaUtil to use internalNameToJava for toJavaName and toClassName.,-0.013671845197677612,0.17758267745375633,The diff changes the method `toJavaName` in the `MetaUtil` class to add a new method `toClassName` and modify the existing method to return the type name in the same,-0.5276481956243515,0.8741530729457736,Refactor MetaUtil to use internalNameToJava() for toJavaName() and toClassName() methods.,-0.005721714347600937,0.16608264204114676
5591,java,Add cursor positioning and key handling to TextArea.,-0.15902411937713623,0.3939851485192776,"The diff changes the behavior of the `keyDown` method in the `TextArea` class, adding a new variable `result` and modifying the return statement.",0.09835538803599775,0.8356230382341892,Refactor setCursorPosition to use keyDown instead of keyTyped.,0.04087552335113287,0.419536080211401
5883,java,Add support for loading OBJ files with multiple faces and UV coordinates.,0.07898604869842529,0.2911611422896385,The diff changes the code in the `loadObj` method of the `ObjLoader` class. It adds a new `for` loop to parse the OBJ file and adds a new,0.008891859324648976,0.09339034277945757,Refactor ObjLoader to use a more efficient method for parsing OBJ files.,-0.17766003869473934,0.020970712415874004
6091,java,Refactor XStream2.java to use ConverterMatcher instead of Converter.,-0.8947386993095279,0.21560036204755306,"The diff changes the return type of the method ""newInstance"" from ""Converter"" to ""ConverterMatcher"" and adds a new ""SingleValueConverterWrapper"" class.",-0.04354938352480531,0.6207540035247803,Refactor XStream2.java to use ConverterMatcher instead of Converter.,-0.8947389391250908,0.21560036204755306
6182,java,Add support for MatrixProject in isModelWithChildren and isModelWithContextMenu.,-0.007734165759757161,0.9593415935523808,The diff adds an import statement for the MatrixProject class and adds two new static methods to the Functions class.,-0.4240717417560518,0.7235652932431549,Add support for MatrixProject in isModelWithChildren and isModelWithContextMenu.,-0.007734120939858258,0.9593415935523808
6241,java,Refactor Array#iterator to use ArrayIterator for nested or multithreaded iteration.,0.05538715049624443,0.8416135087609291,The diff changes the method `iterator()` in the `Array` class to use a new `ArrayIterator` class instead of the old `ArrayIterable` class.,-0.13080386817455292,0.4686967730522156,Refactor Array.iterator() to use ArrayIterator.,0.3248276375234127,0.24677668511867523
6334,java,"""Fix slow test for Issue1586, disable regression""",0.11960519710555673,0.9732154055091087,The diff changes the code in the `prepare()` method to add a new line of code and remove a line of code.,0.0017286636866629124,0.2806086838245392,Fix slow test for Issue1586.,-0.038295671343803406,0.8480595659930259
6376,java,"""Refactor: Migrate to SubstrateAMD64FrameMap for callee-saved register spilling""",-0.10378983244299889,-0.044784337282180786,The diff changes the implementation of the `emitCGlobalDataLoadAddress` method in the `SubstrateAMD64Backend` class. The method is responsible for emitting code,0.07690483913756907,0.13931056298315525,"""Refactor: Migrate to SubstrateAMD64FrameMap for callee-saved register spilling""",-0.10378996655344963,-0.044784337282180786
6558,java,Deprecate Source.fromAppendableText and Source.fromBytes methods.,-0.9515159614384174,-0.5287084728479385,The diff changes the behavior of the `Source` class by adding a new method `fromAppendableText` and deprecating the existing method `fromText`.,-0.956935016438365,0.5283524394035339,"Update Source API to use newBuilder() instead of deprecated fromText(), fromAppendableText(), fromReader(), and fromBytes() methods.",-0.38525320449844,-0.1905403435230255
6563,java,Add JMX registration and toString override for ServicedSession.,-0.0001536048948764801,0.9818614533287473,The diff changes the `toString()` method of the `ServicedSession` class to include the name of the service that is running the session.,0.0005397162749432027,0.4425663482397795,Add JMX registration to ServicedSession constructor.,-0.0030097283888608217,0.9486287394538522
6806,java,Add toString() method to RemoteLauncher to provide a more informative representation.,0.9671545082965167,0.29603074910119176,"The diff adds an override of the `toString()` method to the `RemoteLauncher` class, which returns a string representation of the object.",0.07484202488558367,0.8376495479606092,Add toString() method to RemoteLauncher class.,0.9283576725574676,0.5154372826218605
6834,java,Update NetworkFetchProducer to use protected notifyConsumer method.,-0.1685811933130026,0.1743962625041604,The diff changes the visibility of the `notifyConsumer` method from private to protected.,-0.1562866922467947,0.8452545244945213,Update NetworkFetchProducer to use protected notifyConsumer method.,-0.16858172602951527,0.1743962625041604
6916,java,Update web client to use latest browser version.,0.1064246310852468,0.40086324885487556,"The diff changes the constructor of the `HtmlUnitDriver` class, adding a new parameter `BrowserVersion version` and changing the way the `webClient` field is initialized.",-0.0016709656920284033,0.21009953692555428,Refactor: Add support for customizing the web client used by the HtmlUnit driver.,0.9546088417991996,0.49120666086673737
6927,java,Initialize builtin drawables for LINEAR and CIRCULAR types.,0.000627081491984427,0.9953225126373582,"The diff changes the code to initialize built-in drawables for the LINEAR and CIRCULAR types, and to throw an exception if the CUSTOM type is used.",0.00016058827168308198,0.9741117148369085,Refactor: Initialize builtin drawables for LINEAR and CIRCULAR types.,0.00031896925065666437,0.9518774745520204
7015,java,Add secure connection functionality to existing code.,0.9652842124924064,0.9336287803016603,"The diff changes the code to add a new class called SecureConnection, which establishes a secure connection using SSL/TLS.",0.019116259398288094,0.6798064798931591,Add SSL socket factory and secure connection to Baeldung's SecureConnection class.,0.0653910442488268,0.933537896402413
7120,java,Update test method to use Exception instead of IOException.,-0.008628327399492264,0.1992616020143032,The diff changes the method signature of `testDiscoveryStats()` from `public void testDiscoveryStats()` to `public void testDiscoveryStats()` and adds a new line,0.0027349420124664903,0.029986624605953693,Update test method to use Exception instead of IOException.,-0.008628327399492264,0.1992616020143032
7379,java,Add import for FileSystem and FileSystemNotFoundException to TruffleLanguage.java.,-0.0036309740389697254,0.7550770323723555,The diff changes the import statements and adds a new method to the `TruffleLanguage` class.,0.025430417619645596,0.020481236279010773,Refactor TruffleLanguage to use FileSystem instead of URI and FileSystemNotFoundException.,-0.3492957791313529,0.13042867928743362
7434,java,Add slow SQL logging and connection stack trace enablement.,0.24567948933690786,0.38141974434256554,"The diff changes the implementation of the `StatFilter` class, adding a new method `setSlowSqlMillis` and modifying the existing method `getSlowSqlMillis`.",0.1213424438610673,0.8678534158971161,Add slow SQL logging and connection stack trace enable methods to StatFilter.,0.4170659820083529,0.2520417836494744
7460,java,Add package and class for Message.,-0.48450027126818895,0.9949259608110879,"The diff adds a new Java class named ""Message"" with a single static method ""getString"" that returns null.",-0.01425706601003185,0.9791509654314723,Add package and class for Message.,-0.48450027126818895,0.9949259608110879
7565,java,Refactor: Use of `TypeToken` and `UnsafeAllocator` in `ReflectiveTypeAdapter`,0.01446744054555893,0.8935062310192734,The diff changes the import statements and adds a new method to the ReflectiveTypeAdapter class.,-0.003351636929437518,0.693299830891192,Refactor: Use more specific type for fieldValue in createBoundField method.,-0.012020491296425462,0.8497376590967178
7744,java,"""Refactor ProxyHandlerUnitTest to use JUnit 4 annotations and assertions""",0.0025503046708763577,-0.13731468468904495,"The diff changes the import statements and adds a new import for the JUnit framework, as well as changing the class name and adding a new method to the class.",0.00037983147194609046,0.24114069622009993,"""Refactor ProxyHandlerUnitTest to use JUnit 5 annotations and assertions""",0.0001688490156084299,-0.15473611280322075
7768,java,Update test cases and add disabled tests.,-0.10118640586733818,0.12189032603055239,"The diff changes the code in the WasmSuiteBase.java file by adding or removing lines, changing the order of lines, or changing the content of lines.",-0.0006248410791158676,0.41338744200766087,Update WasmSuiteBase.java with new test cases.,0.006838592700660229,0.08699280209839344
7782,java,Implemented Sieve of Eratosthenes algorithm to find prime numbers up to a given value.,0.08106930297799408,0.9917977313161828,"The diff adds a new Java file named ""FindingPrimes.java"" with a class named ""FindingPrimes"" that contains a method named ""SOE"" (Sieve of",0.006883671041578054,0.9452647059224546,Add Sieve of Eratosthenes algorithm for finding prime numbers.,0.9887550739222206,0.8615234484896064
7929,java,Refactor ResourceLinker to use aapt2 link command.,-0.1011757105588913,0.5945085547864437,"The diff changes the method signature of `link` in the `ResourceLinker` class, adding a new parameter `protoApk` of type `ProtoApk` and changing the",0.05302959447726607,0.17936945334076881,Refactor ResourceLinker to use aapt2 link command.,-0.1011757105588913,0.5945085547864437
8020,java,Update ApplicationPidFileWriter to log exception with stack trace.,0.003721539134858176,0.14811991900205612,The diff changes the way the `ApplicationPidFileWriter` class handles exceptions when writing the PID file.,0.04242022521793842,0.3290383198764175,Refactor ApplicationPidFileWriter to use try-with-resources.,-0.019861328415572643,0.02424715831875801
8121,java,"""Added compilation monitoring for HotSpotGraalCompiler""",-0.2867592400871217,0.7348951802123338,The diff changes the code to add a new class called `CompilationMonitoring` and a new static field called `RW_LOCK`.,0.002431269269436598,0.041191525757312775,"""Implemented compilation monitoring for HotSpotGraalCompiler""",-0.0033692442812025547,0.9668627160135657
8139,java,Update copyright and license information for NetworkInterface.java.,-0.014321568422019482,0.442150367423892,The diff changes the copyright notice and the license for the NetworkInterface class in the Selenium project.,-0.6513209277763963,0.5330384224653244,Update copyright and license information for NetworkInterface.java.,-0.014321568422019482,0.442150367423892
8180,java,Update ClusterSpecification to include TaskManagerOptions.NUM_TASK_SLOTS.,-0.09368059877306223,0.43013696372509,"The diff changes the code in the ClusterSpecification class by adding a new method ""fromConfiguration"" that creates a ClusterSpecification instance from a Configuration object, and by modifying the """,0.09847157448530197,0.585146451368928,Update ClusterSpecification to include TaskManagerOptions.NUM_TASK_SLOTS.,-0.09368059877306223,0.43013696372509
8221,java,Update representation parsing to support inband event streams.,-0.4219510927796364,0.7809528957586735,"The diff changes the way the `RepresentationInfo` class is constructed, adding a new constructor and modifying the existing one.",-0.0008623010944575071,0.09718693420290947,Refactor DashManifestParser to use new RepresentationInfo constructor.,-0.0244964137673378,0.19180345721542835
8487,java,Update disk cache initialization to use background executor.,-0.47386989975348115,0.27410491928458214,The diff changes the method `maybeDeleteSharedPreferencesFile` in the `DiskStorageCache` class.,0.02005108166486025,0.7756652664393187,Refactor: Remove unnecessary code and simplify logic in DiskStorageCache.,0.27513405005447567,0.10836057690903544
8522,java,Update ElementStack to collapse history for the start of the stack.,-0.7953296303749084,0.8275323589332402,"The diff changes the behavior of the `ElementStack` class by removing the second to earliest item if it is overflowing, effectively collapsing the history for the start of the stack.",-0.06928824447095394,0.9764398581610294,Improve ElementStack serialization and overflow handling.,-0.7893078289926052,0.20795668312348425
8525,java,Add visual scroll amount setter and getter methods.,-0.7003685459494591,0.7975559700280428,"The diff adds a new method ""updateVisualScroll"" and a new variable ""visualAmountX"" and ""visualAmountY"" to the ScrollPane class.",0.005225244822213426,0.3878077573608607,Add visual scroll amount setter and getter methods.,-0.7003685459494591,0.7975559700280428
8614,java,Update Maven server rule to use new server ID.,-0.04564877226948738,0.047171592712402344,"Changes the server name from ""my-server"" to ""my_server"" in the MavenServerRule class.",-0.012003249954432249,0.645557276904583,Update MavenServerRule to use my_server instead of my-server.,0.02028276026248932,0.06831780821084976
8686,java,Fix synthetic field check to only include String fields.,-0.6831265911459923,-0.33058908581733704,The diff changes the condition in a loop to check if a field is synthetic and has a type of String.,0.0051455742213875055,0.8945034091593698,Refactor assertConstantNameMatchesString to use isAccessible() instead of isSynthetic().,0.001396919135004282,0.981602078769356
8755,java,Add input and successor checks to newly created node.,0.826230080332607,0.9152255826629698,"The diff changes the behavior of the `initialize` method in the `Node` class, specifically the way it handles the `inputs` and `successors` collections.",0.0016504215018358082,0.40885777305811644,Refactor: Add null checks for inputs and successors in Node constructor.,0.001226161082740873,0.5865649282932281
8767,java,Refactor HttpObjectDecoder to use a StringBuilder for reading headers.,-0.46610798640176654,0.4253552705049515,"The diff changes the implementation of the `HttpObjectDecoder` class, specifically the `readHeader` method, by using a `StringBuilder` instead of a `String` to build the",-0.3102821297943592,0.06740621849894524,Refactor HttpObjectDecoder to use a StringBuilder for reading headers.,-0.46610798640176654,0.4253552705049515
8793,java,"""Fix null pointer exception in JDWP.createReply() by checking for null classLoader""",-0.08176608569920063,0.05473467940464616,"The diff changes the code in the `createReply` method of the `JDWP` class, specifically the `classLoader` variable and the `getInitiatedClasses` method",-0.0003407511976547539,0.561121478676796,"""Fix null pointer exception in JDWP.createReply()""",-0.024445840623229742,0.005636230111122131
8796,java,Add ContentDigests.java file with helper methods for computing ContentDigest messages for remote execution.,0.0015521853492828086,0.5532034002244473,"The diff changes the code to add a new class called ContentDigests, which contains helper methods for computing ContentDigest messages for remote execution.",0.0026227369671687484,0.07584388926625252,Add ContentDigests helper methods for remote execution.,-0.009415749460458755,0.533607367426157
8833,java,"""Update annotation cache and method tester requirements cache""",-0.0017860173247754574,0.8801040183752775,"The diff changes the type of the `annotationCache` map from `Map<AnnotatedElement, Annotation[]>` to `Map<AnnotatedElement, List<Annotation>>`,",0.0002039035316556692,0.06342477165162563,"""Refactor and optimize feature requirements cache""",-0.1746540516614914,0.06748446449637413
8922,java,Refactor ConditionalEliminationPhase to use a guarding node instead of a value anchor.,-0.01903039589524269,0.20552752166986465,The diff changes the code level by replacing a `CheckCastNode` with a `PiNode` and updating the `IfNode` usages.,0.003386150114238262,0.42159929126501083,Refactor ConditionalEliminationPhase to improve instanceof optimization.,0.04566191183403134,0.05043409205973148
8964,java,Update license header for SeleniumProtocolTest.java.,-0.001072784245479852,0.18596475571393967,Adds a license header to the file.,0.598446287214756,0.7344876620918512,Update SeleniumProtocolTest.java license headers.,-0.8995658908970654,0.2697519399225712
8985,java,Fix race condition in LocalChannel.releaseInboundBuffers() by asserting eventLoop() is null or inEventLoop().,-0.2548297047615051,0.22849124670028687,The diff changes the method `releaseInboundBuffers()` to assert that the event loop is in the event loop thread before releasing the inbound buffers.,0.2594572138041258,0.632769484538585,Refactor LocalChannel.java to use eventLoop.inEventLoop() instead of readInProgress.,0.028337440453469753,0.3049271274358034
9194,java,Refactor ShardingMetaDataLoader to use multiple threads to load meta data for different data sources.,-0.018514783587306738,0.10575557500123978,The diff changes the way the method `load` in the `ShardingMetaDataLoader` class loads the schema metadata for different data sources. It adds a new `ExecutorService` to execute,-0.0003172776196151972,0.000911640003323555,Refactor ShardingMetaDataLoader to use multiple threads for loading meta data for different data sources.,-0.0680310926400125,0.09602487832307816
9274,java,Add public WebDriver getUnderlyingWebDriver() method to expose the underlying WebDriver.,0.034952320653246716,0.8562785526737571,"The diff changes the method signature of `getUnderlyingWebDriver()` from private to public, and adds a new method `captureEntirePageScreenshot()` with a different implementation.",-0.0009141806222032756,0.31887485086917877,Add public WebDriver getUnderlyingWebDriver() method.,0.010934773396002129,0.27216845750808716
9389,java,Refactor CopyOnWriteStateMapTest to use JUnit 5 and Hamcrest.,0.01122518815100193,0.14308790117502213,The diff changes the import statements and adds a new import for the Matchers class from the Hamcrest library.,-0.042953310534358025,0.09775077179074287,Refactor: Improve CopyOnWriteStateMapTest by using Hamcrest matchers and JUnit assertions.,-0.04834284633398056,0.3331378912553191
9480,java,Refactor createSymlink to use Java 7+ API and handle FileAlreadyExistsException.,0.033847943937871605,0.514475155621767,"The diff changes the method for creating symbolic links in Java 7, adding a retry mechanism to handle race conditions.",0.0010407620284240693,0.1923855571076274,Improve symlink creation on Java 7 by using a loop and a sleep to avoid race conditions.,0.0007093169842846692,0.020389499142766
9513,java,Update Runtime.java to use setupModuleGlobals instead of registerModuleGlobals.,-0.00457730982452631,0.8905277727171779,"The diff changes the method signature of `setupModuleGlobals` from `public static void setupModuleGlobals(Environment env, Class<?> moduleClass)` to `public static void",0.21289396658539772,0.6996153965592384,Refactor: Deprecate registerModuleGlobals in favor of setupModuleGlobals.,0.0038138851523399353,0.8954177033156157
9522,java,"Add Safari to the list of ignored drivers for SVG interaction in HtmlUnit, Opera, and Opera Mobile.",0.0002677881275303662,0.3943880945444107,"The diff changes the @Ignore annotation on the SvgDocumentTest class, adding a new driver (SAFARI) to the list of ignored drivers and changing the reason for the ignore.",0.004825437092222273,0.4477497134357691,"Add @Ignore annotation to SvgDocumentTest class to skip tests on HtmlUnit, Opera, and Opera Mobile browsers.",-0.01933984481729567,0.7863559331744909
9528,java,Update search link to use HTTPS and trim whitespace.,0.5070813265629113,0.2597965933382511,"The diff changes the URL prefix used for searching in Google from ""http://"" to ""https://"" to ensure that the search is performed over a secure connection.",0.010683890664950013,0.0176497558131814,Update OpenLinkInWindowHandler to use HTTPS for Google search.,0.1777491862885654,0.0657712034881115
9587,java,Add discard callback to CompletedCheckpoint to support checkpoint discarding.,-0.05927739106118679,0.5763425622135401,The diff changes the `toString` method of the `CompletedCheckpoint` class to include the `job` field in the output string.,-0.32602715492248535,0.7662649471312761,Refactor CompletedCheckpoint toString() and equals() methods.,-0.008279062807559967,0.639775887131691
9960,java,Refactor: Move VM configuration to injected parameter and simplify array allocation size calculation.,-0.6533479895442724,0.1633052434772253,"The diff changes the method signature of `arrayAllocationSize` to include an additional parameter `config`, which is used to determine the object alignment requirement.",0.0011658910661935806,0.4555998188443482,Refactor: Improve performance of array allocation size calculation.,0.012889714678749442,0.04982968419790268
10067,java,Refactor BrowserLauncherFactory to use a constructor with a single String argument for the browser start command.,-0.3068524794653058,0.32125798612833023,"The diff changes the way the `createBrowserLauncher` method creates instances of `BrowserLauncher` classes, adding a new constructor and changing the arguments passed to the constructor.",-0.06089350813999772,0.2893464034423232,Refactor BrowserLauncherFactory to use a constructor with a single String argument for the browser start command.,-0.30685120914131403,0.32125798612833023
10072,java,Fix audio track release in MediaCodecAudioTrackRenderer.,-0.11340850591659546,0.4140335414558649,Changes the implementation of the `durationUsToFrames` method in the `MediaCodecAudioTrackRenderer` class.,0.0007476300961570814,0.7440346777439117,Refactor MediaCodecAudioTrackRenderer to release audio track in onDisabled.,-0.3763851970434189,0.5755221615545452
10147,java,Add support for web storage in FirefoxDriver.,-0.8501480389386415,0.7725910532753915,The diff changes the method signature of FirefoxDriver.extractProfile() to include a new parameter.,0.16701490827836096,0.2626867601647973,Update FirefoxDriver to extract profile from capabilities.,0.6125530563294888,0.16446161875501275
10293,java,Add ISO 8601 with offset format support to DashMediaSource.,0.006923791486769915,0.22883164696395397,The diff changes the format pattern used for parsing ISO 8601 timestamps in the DashMediaSource class.,0.003815774340182543,0.5396868586540222,Refactor DashMediaSource.java to use ISO 8601 format for parsing.,0.005070189479738474,0.2031802199780941
10305,java,Refactor AndroidFont to use a temporary Rect object for text measurement.,-0.5944832069799304,0.4785586763173342,The diff changes the implementation of the `getStringWidth` method in the `AndroidFont` class.,0.0033180929021909833,0.5205062199383974,Refactor AndroidFont to use a temporary Rect object for text measurement.,-0.5944806905463338,0.4785586763173342
10342,java,Add linkstamps to CcLinkParams builder.,0.985346193658188,0.9789437168510631,The diff changes the method signature of `addLinkOpts` in `CcLinkParams.java` from `public Builder addLinkOpts(NestedSet<LinkOptions>,0.019011791795492172,0.7976702526211739,Add support for linkstamps in CcLinkParams builder.,0.9844276252842974,0.9878830163506791
10355,java,"""Refactor AndroidObservable to use support library fragments and native fragments""",0.02033222676254809,-0.4738739989697933,"The diff changes the code to add support for observing observables from support library fragments, as well as native fragments.",0.005029770080000162,0.07070296257734299,"""Refactor AndroidObservable to use support library fragments""",0.02396400971338153,-0.4538527652621269
10373,java,Add Jesse Wilson as author for GsonBuilder class.,-0.5381770208477974,0.7511117048561573,The diff changes the author of the GsonBuilder class from Inderjeet Singh and Joel Leitch to Jesse Wilson.,-0.6657651173882186,0.7350969798862934,Add support for registering type hierarchy adapters.,0.9857969892327674,0.9175962870940566
10421,java,Refactor ClientCookieDecoder to use StringBuilder for better performance.,-0.055470896884799004,-0.03556220233440399,The diff changes the behavior of the `ClientCookieDecoder.decode()` method by adding a new `rawValue` variable and modifying the logic of the method to compute the raw value of the,0.012996605597436428,0.5211676750332117,Refactor ClientCookieDecoder.java to improve performance.,0.001585990539751947,0.031201921869069338
10515,java,Update FirefoxBinary to use a new method for starting the process.,-0.0009769713506102562,0.20518209040164948,The diff changes the method signature of `startFirefoxProcess` from `protected void startFirefoxProcess(CommandLine command) throws IOException` to `protected void startFirefoxProcess(Command,-0.05794206261634827,0.6346205472946167,Refactor FirefoxBinary to use protected method for process execution.,0.023196492344141006,0.5840428458759561
10643,java,Add animation flag for showing button before layout.,0.621312630479224,0.984666034928523,The diff changes the behavior of the `show()` method in the `ExtendedFloatingActionButton` class.,0.08934806217439473,0.4552307054400444,Add animation flag for showing button before layout.,0.6213125747162849,0.984666034928523
10900,java,Update lastThread to null in PolyglotContextImpl.java.,-0.8904382821638137,0.8909547883085907,The diff changes the implementation of the `isActive` method in the `PolyglotContextImpl` class.,-0.37139399722218513,0.7258676951751113,"""Fix synchronization issue in PolyglotContextImpl.java""",-0.8202851405367255,0.1967422291636467
10926,java,Update timezone offset in JSONScanner.,0.0033336151391267776,0.6007675565779209,Changes the timezone of a calendar object in a JSON parser.,0.0003314422210678458,0.9164563319645822,Refactor setTimeZone method in JSONScanner class to use SimpleTimeZone with offset.,0.010996280703693628,0.20056554302573204
11189,java,Increase execution count for CPU sampler test to 1000.,-0.8538294573081657,0.7317261779680848,"The diff changes the number of iterations in the for loops from 10,000 to 1000, and adds a final variable executionCount to store the new iteration count",-4.62255920865573e-05,0.26326428493484855,"""Fix stack overflow issue in CPU sampler""",-0.9265859425067902,-0.4640338411554694
11310,java,"""Refactor DataSet write methods to use a DataSink""",0.042539045214653015,0.2025725245475769,"The diff changes the method signature of `writeAsText` and `writeAsCsv` in the `DataSet` class, adding a return type of `DataSink` and changing the",0.05320573225617409,0.13484343886375427,"""Refactor DataSet write methods to use CsvOutputFormat""",-0.5903157759457827,0.11193686723709106
11548,java,Deprecate local and remote address getters and setters.,-6.608571857213974e-05,0.904400646686554,The diff changes the implementation of the localAddress and remoteAddress methods in the AbstractChannel class.,0.0029442942468449473,0.8941943095996976,Deprecate local and remote address getters and setters.,-6.608421972487122e-05,0.904400646686554
11621,java,Refactor JsonToWebElementConverter to use a dialect-specific element key.,-0.7290989155881107,0.16370292007923126,The diff changes the method signature of `apply` from `Object apply(Object result)` to `RemoteWebElement apply(Object result)` and adds a new method `setOwner(RemoteWeb,-0.03677031956613064,0.7188924066722393,Refactor JsonToWebElementConverter to use a more efficient data structure.,-0.1965543022379279,0.12924263253808022
11868,java,Update CppCompileActionBuilder to use header modules and prune modules.,0.011352913221344352,0.6453906423412263,"The diff changes the logic for determining the inputs of a C++ compile action, specifically the inclusion of transitive dependencies of a header module.",0.0030283236410468817,0.8668160085799173,Fix incorrect module inclusion in CppCompileActionBuilder.,-0.1105853021144867,0.7528705596923828
11993,java,Update ICU analysis bindings to use new tokenizer and token filter names.,0.005952366278506815,0.17771383374929428,The diff changes the names of the tokenizers and token filters used in the IcuAnalysisBinderProcessor class.,-0.0048476087395101786,0.5366428941488266,Update IcuAnalysisBinderProcessor to use new tokenizer and token filter names.,0.003047352656722069,0.04983313009142876
12149,java,Remove connector from pipeline and return future.,0.04425721615552902,0.9935736288316548,The diff changes the code in the `connect` method of the `ClientBootstrap` class by removing a line and adding two lines.,0.006536726839840412,0.5035079880617559,Remove connector from pipeline and return future.,0.04425717145204544,0.9935736288316548
12183,java,Refactor SkyframeExecutor to improve performance and memory usage.,0.03888438642024994,0.27143246587365866,The diff changes the implementation of the `getPerBuildSyscallCache` method in the `SkyframeExecutor` class.,0.0026641548611223698,0.6109099499881268,Refactor: Simplify SkyframeExecutor.newPerBuildSyscallCache() method.,-0.036556657403707504,0.19205626100301743
12259,java,Add new test cases for ImplicitCast2Node.,-0.5454955962486565,0.824691073037684,The diff changes the code in the ImplicitCastTest.java file by adding and modifying several lines of code.,0.001245547813596204,0.4793478958308697,Add new test cases for ImplicitCast2Node.,-0.5454970255959779,0.824691073037684
12616,java,Refactor MacroNode to use getSnippetGraph() or getSubstitutionGraph() for lowering.,0.036712681874632835,0.3846486546099186,The diff changes the method `getReturnType()` in the `MacroNode` class to include a new method `getSnippetGraph()` and a new method `getSubstitution,0.028766936622560024,0.508992150425911,Refactor MacroNode to use getSnippetGraph() or getSubstitutionGraph() for lowering.,0.0367127601057291,0.3846486546099186
12630,java,Add framebuffer viewport setting and unbinding methods.,0.11783107649534941,0.9335429649800062,The diff changes the framebuffer viewport to the dimensions of the framebuffer and the default framebuffer (window) viewport.,0.0009777727536857128,0.9626017203554511,Refactor FrameBuffer.java to use a consistent naming convention and improve code readability.,-0.2117112586274743,0.11825037933886051
12655,java,Add WatcherF main class to easily run Watcher from IDE.,0.010771911358460784,0.9870921381516382,"The diff changes the code to add a new file to the project, set properties for the Elasticsearch plugin, and add a main class to run the Watcher plugin.",0.007048648549243808,0.9475712368730456,Add WatcherF main class to easily run Watcher from IDE.,0.010771823930554092,0.9870921381516382
12904,java,Refactor FirefoxDriver to use LocalLogs and NeedsLocalLogs.,-0.9088195543736219,0.058683489449322224,"Removes import of Logs and adds import of LocalLogs, NeedsLocalLogs, and LoggingPreferences.",-0.8259053752699401,-0.9861615332774818,Refactor FirefoxDriver to use LocalLogs and LoggingPreferences.,-0.8890759933274239,0.05366659816354513
12961,java,Update error page template to include timestamp and trace.,0.014884896503644995,0.24684437923133373,"The diff changes the method signature of the `render` method in the `ErrorMvcAutoConfiguration` class, adding a new parameter `HttpServletRequest request` and changing the return type from `",0.010925550013780594,0.3314244747161865,Refactor ErrorMvcAutoConfiguration to use StringBuilder for rendering error page.,-0.022105814889073372,0.16648058593273163
12965,java,Fix race condition in Engine.shutdown() by acquiring Engine lock before removing callback.,-0.12535157427191734,0.7114738468080759,Changes the visibility of the EngineJob and ResourceCallback fields in the LoadStatus class from private to public.,-0.055341264232993126,0.8629872221499681,Refactor: Remove final modifier for mocking and add synchronized block to ensure atomicity of cancellation.,0.0009175999584840611,0.8571777811739594
13031,java,Remove task from TaskManager if process is missing and task exists.,-0.9815854937769473,0.9804137570899911,"The diff changes the behavior of the `killProcess` method in the `AutodetectProcessManager` class, specifically the branching logic that determines whether the task should be marked as",0.011849373346194625,0.1601238902658224,Fix issue with missing process in AutodetectProcessManager.,-0.6398408524692059,0.4603157043457031
13082,java,Refactor DominatorConditionalEliminationPhase to use a new DeoptimizeNode instead of a GuardNode.,-0.17241770029067993,0.40276337042450905,"The diff changes the method `processGuard` in the `DominatorConditionalEliminationPhase` class, replacing a `GuardNode` with a `Deoptimize",-0.4026416093111038,0.8484276793897152,Refactor DominatorConditionalEliminationPhase to use a more efficient algorithm.,0.11652286211028695,-0.004640981554985046
13219,java,Update lazy lock initialization to use ReentrantLock.,-0.3691505864262581,0.8473947108723223,Changes the type of the `lock` field from `Lock` to `ReentrantLock` in the `RootNode` class.,-0.8444105435628444,0.31456451630219817,Refactor: Replace `final Lock` with `final ReentrantLock` in `RootNode.java`.,-0.9154072378296405,0.28023525327444077
13593,java,"""Resolve localhost using InetAddress.getLocalHost() and fallback to hard-coded IPv4/IPv6 addresses""",-0.17008446855470538,0.9698130143806338,The diff changes the way the localhost address is determined by replacing the use of `InetAddress.getLocalHost()` with a hard-coded IPv4 address and a hard-coded IP,8.47834162414074e-05,0.19119331613183022,Update NetUtil to use the loopback interface and localhost address.,0.08191576972603798,0.3171923393383622
13668,java,"""Update ExecutionTool to use Throwables and fix build result printing""",-0.9949564337875927,0.14338053949177265,"The diff changes the import statement for ""Throwables"" from ""com.google.common.base.Throwables"" to ""com.google.common.base.Throws"".",-0.042735861614346504,0.6070119887590408,"""Update ExecutionTool to use Throwables and fix build result printing""",-0.9949564337875927,0.14338053949177265
13784,java,"""Refactor: Use TypeTable to resolve type variables""",-0.29557186365127563,0.5831148661673069,"The diff changes the implementation of the `resolveTypeVariable` method in the `TypeResolver` class. The original method uses a `TypeTable` object to resolve type variables, while the modified",0.015203270129859447,0.19645622000098228,"""Refactor: Improve performance of TypeResolver by caching resolved types""",-0.0005349516868591309,0.008824032731354237
13802,java,Refactor GenericSqlQuery to use InvalidDataAccessResourceUsageException instead of InvalidDataAccessApiUsageException.,0.01818691100925207,0.19007498025894165,The diff changes the exception thrown from InvalidDataAccessApiUsageException to InvalidDataAccessResourceUsageException.,0.00015991705004125834,0.49208277091383934,Refactor GenericSqlQuery to use InvalidDataAccessResourceUsageException instead of InvalidDataAccessApiUsageException.,0.01818691100925207,0.19007498025894165
13839,java,Add hex dump to log message if necessary.,-0.02915919991210103,0.9642472782870755,The diff changes the logging of channel events in the LoggingHandler class.,-0.0005509988404810429,0.7992555452510715,Refactor LoggingHandler to use hex dump for debugging.,-0.08618116052821279,0.34983005002141
13862,java,Update error handling in pre-synced flush to log exception and skip shard.,0.20353787019848824,0.9519734352361411,Changes the order of parameters in a method call.,0.48419165797531605,0.853612145408988,Refactor: Improve error handling in pre-synced flush.,0.17384162172675133,0.3864122754894197
13910,java,Refactor createFastPath to use createAssignExecuteChild and setValue.,0.02313254913315177,0.7980255130678415,"The diff changes the method `createFastPath` in the `NodeGenFactory` class, adding a new line of code to the `createAssignExecuteChild` method.",-0.004275493323802948,0.3705300148576498,Refactor createFastPath method to use createAssignExecuteChild.,0.010836698114871979,0.502258412539959
13998,java,Update SkyFunctions to be semi-hermetic.,-0.08207613229751587,0.6698537189513445,Changes the access modifier of a method from non-hermetic to semi-hermetic.,0.908696076949127,0.9916481164982542,Update SkyFunctions to be semi-hermetic.,-0.08207613229751587,0.6698537189513445
14244,java,Refactor Objects.java to use java.util.Objects instead of deprecated methods.,-0.06443028151988983,-0.0072917938232421875,The diff changes the method signature of Objects.equal() and Objects.hashCode() in the Google Guava library.,-0.0016276539536193013,0.8302064929157495,Refactor Objects.java to use java.util.Objects instead of deprecated methods.,-0.06443028151988983,-0.0072917938232421875
14439,java,Fix internal error handling during build.,0.24955549836158752,0.8865916023496538,The diff changes the code in the `execExclusively` method of the `BlazeCommandDispatcher` class to print a stack trace when an internal error is thrown during the build.,-0.08996580727398396,0.9257467930437997,Fix internal error thrown during build.,-0.15981034561991692,0.9114857148379087
14443,java,Refactor readField method to handle null elementType and add trace to exception.,-0.5195525006856769,0.07381387241184711,"The diff changes the method `readField` in the `Json` class, adding a new parameter `elementType` and modifying the logic of the method to handle the case where the element type",0.004348035901784897,0.3550708438269794,Refactor readField method to improve performance and error handling.,-0.7722457802155986,0.01765266340225935
14445,java,"""Added WebRtcCallService.isCallActive() check before starting call""",-0.0012967521324753761,-0.05915337800979614,The diff changes the way the `startVoiceCall` and `startVideoCall` methods in the `CommunicationActions` class handle the `WebRtcCallService` and,0.00029231852386146784,0.08977312967181206,"""Added support for video calls and improved call handling""",0.004183104727417231,-0.00186909269541502
14552,java,Remove transform task after internal index deletion.,-0.038559045642614365,0.9619926940649748,The diff changes the code in the testTaskRemovalAfterInternalIndexGotDeleted method by adding a line to delete the transform and another line to assert that the number of transform tasks is,-0.0001967045245692134,0.9817472451541107,Remove task after internal index deletion.,-0.7997880727052689,0.9279824998229742
14563,java,Add method for checking if a method is available and add method for adding a method.,-0.015961970668286085,0.9945236001804005,"The diff adds a new method ""isMethodAvailable"" and a new method ""addMethod"" to the ""WebDriverCommandProcessor"" class.",-8.545239688828588e-05,0.531085358816199,Add method to check if a method is available and add a method to add a method to the map.,-0.004737391718663275,0.9893535973969847
14791,java,Update foreign key page with unique key selection.,-0.6107639968395233,0.673843652009964,The diff changes the logic of the `handleRefTableSelect` method in the `EditForeignKeyPage` class.,-0.004560559755191207,0.5558618102222681,"""Refactor: Move foreign key selection logic to a separate method""",0.01865839958190918,0.01606021076440811
15062,java,Add package and interface for FizzBuzzOutputStrategy.,0.0006213872111402452,0.9943731686798856,The diff adds a new package and interface to the code.,0.009314280468970537,0.7626718667452224,Add package and interface for FizzBuzzOutputStrategy.,0.0006213872111402452,0.9943731686798856
15077,java,Refactor DeleteNodeCommand to use Acegi Security and Jenkins model.,-0.08721950743347406,0.2394343577325344,The diff changes the import statements and adds a new import statement.,-0.9314698060043156,0.5736158639192581,Refactor DeleteNodeCommand to use Acegi Security and Jenkins model.,-0.08721950743347406,0.2394343577325344
15153,java,Refactor: Move SashForm to top level and add SashForm.setWeights() to set the initial divider positions.,-0.0048226830549538136,-0.03067099303007126,"The diff changes the creation of a new `SashForm` widget and moves some widgets from a `Composite` to the `SashForm`, and adds a new `Grid",-0.000277308514341712,0.21143689006567,Refactor: Add SashForm to StreamProducerPageSettings to improve UI layout.,0.3322251586068887,0.2261071875691414
15471,java,UpdateCenter: Add neverUpdate property to disable version checking.,0.3309630680596456,-0.47697457671165466,The diff changes the implementation of the `isDue` method in the `UpdateCenter` class.,0.008490985492244363,0.8004290722310543,Refactor UpdateCenter to use a more efficient update check mechanism.,-0.18702929094433784,0.1442223433405161
15505,java,Wrap ExecutorService with SecurityContext to preserve security context during execution.,0.8537783892825246,0.4537501856684685,The diff changes the code to implement a custom ExecutorService that sets and restores the SecurityContext before and after executing a task.,0.059336295642424375,0.40343426913022995,"""Add SecurityContextExecutorService class to wrap ExecutorService with SecurityContext""",0.9807747024460696,0.7392565393820405
15536,java,Update RemoteProxy to handle new protocol type for grid.,-0.08959436044096947,0.06389488279819489,The diff changes the way the `SeleniumProtocol` enum is handled in the `RemoteProxy` class.,0.00044437061296775937,0.4653862975537777,Update RemoteProxy to handle new protocol type for grid.,-0.08959436044096947,0.06389488279819489
15564,java,Refactor CompositeShader to use @Override annotation.,-0.36562690883874893,0.565416119992733,The diff changes the method signature of `init` in `CompositeShader` from `private void init(Renderable renderable)` to `public void init()` and adds a `,0.15841640904545784,0.8366662065964192,Refactor CompositeShader to use @Override annotation.,-0.36562690883874893,0.565416119992733
15673,java,Update retention strategy to NOOP if node is null.,-0.008888183627277613,0.7712371330708265,The diff changes the return value of the `getRetentionStrategy()` method in the `SlaveComputer` class.,0.28696303721517324,0.8758312789723277,Refactor: Simplify SlaveComputer.getRetentionStrategy(),0.021853980608284473,0.12249179184436798
15696,java,Refactor initDb and initCachingPolicy methods to use cachingPolicy instead of CachingPolicy.,-0.8732251999899745,0.3211929649114609,Changes the shutdown hook for the cache store to use a lambda expression.,-0.9878392424434423,0.05418887734413147,Refactor AppManager to use CachingPolicy enum and add shutdown hook for flushing cache.,-0.43941591307520866,0.7238060683012009
15798,java,"""Fix PyCommon.java to include source file name in progress message""",-0.05186703335493803,-0.1926093976944685,The diff changes the progress message of a SpawnAction in the PyCommon.java file.,0.0030013280920684338,0.8875985622871667,Refactor PyCommon.java to use a SpawnAction.Builder.,-0.2300896169617772,0.3337306082248688
16088,java,Fix incorrect behavior in DocSets.and() method.,-0.9095928436145186,0.34215763211250305,"The diff changes the method signature of `and` in `DocSets` from `public static void and(FixedBitSet into, DocIdSet other) throws IOException` to `public",0.021953292191028595,0.4037784356623888,Fix incorrect behavior in DocSets.java.,-0.3246786231175065,0.27623429149389267
16189,java,Rename ImmediateEventExecutor to common/src/main/java/io/netty/util/concurrent/ImmediateEventExecutor.java.,0.0077804836910218,0.8914854070171714,Renames the ImmediateEventExecutor class from the transport package to the common package.,0.020600207266397774,0.9850093757268041,Rename ImmediateEventExecutor to common/src/main/java/io/netty/util/concurrent/ImmediateEventExecutor.java,0.042890890035778284,0.8164447378367186
16278,java,Add a new message bus instance to the Selenium grid.,-0.001140589825809002,0.16494645015336573,"The diff changes the code to implement a standalone instance of the message bus, which is a component of the Selenium Grid.",0.06189157685730606,0.0012853499501943588,Add MessageBusCommand to CliCommand,0.010887587442994118,0.09942061454057693
16399,java,Update SCM.java to deprecate _for(AbstractProject) and add _for(Job),-0.9238191192562226,0.10576901445165277,The diff changes the method signature of `nullify` and adds a new method `_for` to the `SCM` class.,-0.9959757041942794,0.5308611774817109,Refactor SCM class to use nullable return type and add deprecated method.,-0.918743196874857,0.5519705584738404
16447,java,Refactor ArithmeticOpTable to remove unnecessary floatConvert field and update hash code.,-0.0019718240946531296,0.501948089338839,The diff changes the hash code of the ArithmeticOpTable class by removing the floatConvert field and its initialization.,-0.00027633857098408043,0.47829561680555344,Refactor ArithmeticOpTable constructor to use Objects.hash(),-0.16135169379413128,0.28850411996245384
16581,java,"""Refactor ProtoApk to use a new interface for resource visitation""",-0.2276400476694107,-0.09198066219687462,"The diff changes the constructor of the `ProtoApk` class to accept a `URI` object instead of a `FileSystem` object, and adds a new `copy` method that",0.0031884642667137086,-9.868107736110687e-05,"""Refactor ProtoApk to use a new import for the Type class""",-0.7005275981500745,-0.010088790208101273
16589,java,"""Fix: Incorrectly excluded virtual nodes from usage recording""",-0.023070529103279114,0.07360920310020447,The diff changes the condition in the for loop from `node.recordsUsages()` to `node.isAlive() && node.recordsUsages()`.,-0.11086210235953331,0.8171813748776913,Fix issue with getCanonicalGraphString method in GraalCompilerTest.java.,0.4471651734202169,0.11375874280929565
16610,java,Add test for system environment property source.,-0.8627802392002195,0.9213972417637706,The diff changes the code in the method `applyToSystemPropertySource` by adding a new line of code and changing the value of a variable.,-0.01577487587928772,0.21434685215353966,Refactor: Add test for system environment property source.,-0.6004231325350702,0.4093117341399193
16621,java,Refactor debug info handling to avoid unnecessary runtime overhead.,0.1151580442674458,0.11433120351284742,The diff changes the code in the `SourceModel` class to remove unnecessary runtime overhead by avoiding duplicate `DbgValueInstruction` calls.,0.003428102791076526,0.0927251921966672,Refactoring: Removed unnecessary code and optimized debug intrinsic calls.,0.03111632016953081,0.16479725297540426
16729,java,Update enabled metrics and timers based on system properties.,-0.00010076863691210747,0.8293279763311148,The diff changes the behavior of the `Debug.metric()` and `Debug.timer()` methods by adding a check for a system property that enables or disables the metrics and timers.,0.001570538355736062,0.3094726474955678,"""Refactor DebugMetric and DebugTimer to use a single enabled flag""",-0.09429077804088593,-0.27625893242657185
16906,java,Add import for GraalError and update error handling for unsafeCast arguments.,-0.05582323996350169,0.3706868030130863,The diff adds an import statement for the `GraalError` class and changes the `throw` statement in the `else` block to use the `GraalError` class instead,0.003363574272952974,0.17381947115063667,Update TruffleGraphBuilderPlugins to handle unsafeCast arguments.,-0.05396497994661331,0.12276922538876534
17162,java,Add private final boolean stayClosed; and private volatile boolean closed; to DefaultChannelGroup.,0.021342935098800808,0.9657021664315835,The diff changes the behavior of the `DefaultChannelGroup` class in Netty. It adds a new field `stayClosed` and a new constructor that takes a boolean argument to control,0.0006652451120316982,0.029550399631261826,Add private final boolean stayClosed; and private volatile boolean closed; to DefaultChannelGroup.,0.021342935098800808,0.9657021664315835
17314,java,Update test to use ElasticsearchAssertions for assertions.,-0.5326025327667594,-0.054969996213912964,The diff changes the import statements and adds a new test method to the `UpdateSettingsTests` class.,-0.002521237125620246,0.20895707234740257,Update test for IndexMetaData and VersionConflictEngineException,-0.8780412767082453,0.828349033370614
17410,java,Add generic delete and configure permissions to Permission class.,0.0002844097325578332,0.9654705858556554,The diff adds two new static final fields to the Permission class: DELETE and CONFIGURE.,-0.0308315041474998,0.8998780753463507,Add generic delete and configure permissions to Permission class.,0.0002844097325578332,0.9654705858556554
17420,java,"""Update NativeFunctionInterfaceTest.java to use new FFI API""",-0.0311992596834898,-0.11433148197829723,"The diff changes the code to use the Graal compiler instead of the Java compiler, and to use the Graal runtime library instead of the Java runtime library.",-0.39994646701961756,0.09090578556060791,"""Update NativeFunctionInterfaceTest.java with new imports and functions""",0.030542956199496984,0.02985013648867607
17470,java,Refactor TraceLinearScanLifetimeAnalysisPhase to use a more efficient allocator.,-0.9710618093959056,0.025881757959723473,The diff changes the private Analyser class in the TraceLinearScanLifetimeAnalysisPhase.java file by adding a private void analyze() method and a private boolean sameTrace(),-0.01081005297601223,0.933229407935869,Refactor TraceLinearScanLifetimeAnalysisPhase to use a more efficient allocator.,-0.9710618093959056,0.025881757959723473
17476,java,Add backward compatibility for UpstreamCause constructor.,0.1910376395098865,0.983051042072475,"The diff changes the code in the `Cause` class to add a new constructor and a new field, and to modify the `getShortDescription` method.",0.006613683886826038,0.13703015353530645,Refactor Cause.java to improve backward bytecode compatibility.,-0.5091307274997234,0.651430684607476
17487,java,Update Rectangle.java to use x and y parameters instead of x0 and y0.,-0.019377898890525103,0.044011857360601425,The diff changes the parameter names of the `set` method from `x0` and `y0` to `x` and `y`.,0.00020336220040917397,0.026375234127044678,Refactor set method to use x and y parameters.,-0.013788094744086266,0.06753554940223694
17635,java,Refactor AbstractLazyLoadRunMap to make subclassing more restrictive.,0.09769899025559425,0.24623508611693978,"The diff changes the visibility of the `Index` constructor from `private` to `protected`, and adds a new constructor with the `@Restricted` annotation.",7.106779958121479e-05,0.8601099910447374,Refactor AbstractLazyLoadRunMap to make subclassing more restrictive.,0.09769899025559425,0.24623508611693978
17687,java,Add nanotime check for entriesExpireAfterAccess and entriesExpireAfterWrite.,-0.005873699905350804,0.9300106107257307,The diff changes the implementation of the `now()` method in the `Cache` class.,-0.00923116086050868,0.5156120965257287,Refactor setRemovalListener to use System.nanoTime for relative time.,0.2736940085887909,0.7981625392567366
17966,java,Add WebSocket08FrameDecoder to pipeline after handshake.,-0.04972534812986851,0.9560283932369202,"The diff changes the method `finishHandshake` in the `WebSocketClientHandshaker08` class, adding a new line to set the `handshakeComplete`",-0.1022859625518322,0.8157903534010984,Refactor WebSocketClientHandshaker08 to use a WebSocket08FrameDecoder.,0.06259391084313393,0.9357940054032952
18046,java,Refactor testDecodeWithMultipleMessages to testDecodeWithXml with multiple frames.,0.09216044470667839,0.21581662259995937,The diff changes the method `testDecodeWithMultipleMessages` to `testFraming` and adds a new method `testDecodeWithSampleXml`.,0.0030070478096604347,0.13521181046962738,Refactor testDecodeWithMultipleMessages to use testDecodeWithXml with a list of XML frames.,0.017462246119976044,0.5294925016351044
18078,java,Update GroovyCommand to load script from stdin or file.,0.00905581345432438,0.43936794251203537,"The diff changes the way the script is loaded, allowing it to be read from stdin or a file.",0.001334070460870862,0.775879476685077,Update GroovyCommand.java to load script from stdin or file.,0.002480779352481477,0.2437838837504387
18146,java,Update copyright year and add SpringProperties import.,0.013222157955169678,0.7689295001327991,"The diff changes the copyright year in the file JndiLocatorDelegate.java from 2012 to 2016, adds a new import statement, and adds",-0.0071535008028149605,0.8426656022202224,Update copyright year and add SpringProperties import.,0.013222157955169678,0.7689295001327991
18180,java,"""Fix SkyFunction to tolerate different dep sequences after restart""",0.9349855394102633,-0.23109864443540573,"The diff changes the behavior of a SkyFunction that declares different sequences of deps each restart, which is not desired but Bazel - on - Skyframe does indeed do this.",-0.0006099318852648139,0.9775612216908485,Fix SkyFunction to tolerate different dep sequences after restart.,0.7825635466724634,0.08316491544246674
18205,java,"""Update AndroidLocalTestBase to use Java 7 and TWR""",-0.14590547501575202,-0.029691641684621572,"The diff changes the code of the `AndroidLocalTestBase` class, which is a base class for the `android_local_test` rule in Bazel. The changes include adding",0.052172484109178185,0.03897982160560787,Add AndroidLocalTestBase.java to the project.,0.022121041460195556,0.7793795764446259
18431,java,Fix issue with LocalGateway reset method not disabling state persistence.,0.28096194204408675,0.7791411445650738,"The diff changes the code in the `reset()` method of the `LocalGateway` class, specifically the `clusterChanged()` method, by adding a check for the `disableStatePers",0.08782091923058033,0.9081379824783653,Refactor LocalGateway.java to improve performance.,-0.057185565354302526,0.041868758387863636
18838,java,Update SingleRequest to log at more verbose log levels if the user has set a fallback drawable.,-0.9110700432211161,0.8707208125852048,"The diff changes the behavior of the `onLoadFailed` method in the `SingleRequest` class, specifically the way the `GlideException` is logged.",-0.004285125527530909,0.7571750022470951,Improve null model handling in Glide's SingleRequest.,0.005434990511275828,0.30701623065397143
18994,java,Add Mac-specific code for TextField.,-0.07503267284482718,0.8418390639126301,"The diff changes the import statements and adds a new static boolean variable ""isMac"" to check if the system is a Mac.",-0.016128791496157646,0.8054779601516202,Refactor TextField to use isMac instead of SharedLibraryLoader.isMac,0.2721054656431079,0.116658054292202
19035,java,Update FirefoxChromeLauncher to use baked-in TestPrompt.html.,0.030543506145477295,0.7495970334857702,The diff changes the code in the `FirefoxChromeLauncher` class to use the Chrome browser instead of Firefox.,0.07125542312860489,-0.08896653354167938,Update FirefoxChromeLauncher to use baked-in TestPrompt.html.,0.030543506145477295,0.7495970334857702
19083,java,Fix race condition in Jenkins project directory creation.,-0.3132183444686234,0.4059925675392151,"The diff changes the way the ""projectsDir"" variable is created and checked for existence.",0.0010804496705532074,0.9117616415023804,Fix issue with Jenkins project directory creation.,-0.2375623732805252,0.795592830516398
19093,java,Add ROUTER_ROLE to configurable roles in Hub command.,0.722018051543273,0.7441920553101227,The diff adds a new import statement and modifies two methods in the Hub class.,-0.009478828869760036,0.7944573632557876,Add ROUTER_ROLE to configurable roles in Hub command.,0.722018051543273,0.7441920553101227
19192,java,Add HTTP headers for prerendering and follow-only-when-prerender-shown.,0.9781829053245019,0.9826543900417164,Adds a new constant field to the HttpHeaders class: FOLLOW_ONLY_WHEN_PRERENDER_SHOWN.,0.9013177198794438,0.8331472501158714,"Add new HTTP headers: Expect, From, Follow-Only-When-Prerender-Shown, Host, If-Match.",-0.5055444857571274,0.7327071721665561
19280,java,"""Refactor: Ensure SSL handshakes are completed before writing data""",-0.17529819905757904,-0.11988046951591969,The diff changes the code in the `SecurityNetty4Transport` class to use the `SecurityClientChannelInitializer` class instead of the `SecurityServerChannelInitializer` class for initial,0.010400766506791115,0.010698358528316021,Refactor: Improve SSL handshake handling in SecurityNetty4Transport.,-0.559427447617054,-0.018019884824752808
19437,java,Refactor FastImage to use a Sprite instead of creating a new one every frame.,-0.06628222484141588,0.36870957585051656,"The diff changes the FastImage class by adding a private Sprite variable, removing a private boolean variable, and changing the updateSprite method.",3.1562987715005875e-05,0.8112352937459946,Refactor FastImage to use a Sprite instead of a TextureRegion.,-0.04768863786011934,0.6975713260471821
77,js,Fix pull() with arrays of Mixed.,-0.611692713573575,0.392733559012413,The diff changes the code to add a test for the `pull` method of the `Mixed` type in MongoDB.,0.0031823748722672462,0.2665963750332594,Fix pull() method to work with arrays of mixed types.,0.10277816141024232,0.4862162172794342
121,js,Update launchEditor.js to add workspace to arguments if exists.,-0.004343850072473288,0.8350517404032871,Changes the function `getArgumentsForLineNumber` to add a workspace to the arguments if it exists.,0.00040118396282196045,0.8464039184618741,Refactor getArgumentsForLineNumber to use addWorkspaceToArgumentsIfExists.,-0.003423709888011217,0.32571396231651306
305,js,Add permission checks for creating and deleting rooms.,0.0007984221447259188,0.9656674783036578,Adds a `canBeCreated` and `canBeDeleted` method to the `RoomTypeConfig` class.,-0.06634750170633197,0.9799668459891109,Add canBeCreated and canBeDeleted methods to RoomTypeConfig class.,-0.05222663818858564,0.9185423621966038
432,js,Update webpack config to improve performance by reducing the number of chunks and enabling optimizations for React.,0.010762746096588671,0.930397446922143,Changes the webpack configuration to optimize the number of chunks and adds a few global variables.,0.006403797306120396,0.971782763619558,Update webpack config to improve performance.,0.05774416006170213,0.7181983180344105
502,js,Add fold detection and expansion to session.,-0.031017164699733257,0.888147471472621,The diff changes the code by adding a new line of code and removing two lines of code.,0.001955091953277588,0.6074099875986576,Fix folding behavior in JavaScript file.,0.04522198485210538,0.3599609723314643
613,js,Update router bind function to emit 'router:bind' event.,0.48346076905727386,0.7206480763852596,Changes the function bindFunction in file bind.js to add a new parameter and change the order of parameters.,-0.09487302717752755,0.08678582916036248,Refactor bindFunction to use sails.emit.,-0.8886180557310581,0.6283998563885689
815,js,Refactor emitEvent to use options[type] if it's a string.,0.1256483243778348,0.7525100614875555,The diff changes the `emitEvent` function to use a more efficient method of calling the event handler if it is a string.,0.0030689997947774827,0.38743008486926556,Fix issue with emitEvent function in react-sortable-mixin.js.,0.0015936643758323044,0.40369801968336105
871,js,Update C++ highlighting rules to include new keywords and types.,0.08004394546151161,0.10276719834655523,"Changes the definition of the `c_cppHighlightRules` function, adding new variables and modifying existing ones.",0.07009854447096586,0.59288817550987,Update C++ highlighting rules for Ace editor.,-0.12578785046935081,0.2938289176672697
951,js,"""Refactor lodash.mixin to use a reset function to delete wrapper properties""",-0.023991893976926804,0.7312328647822142,"The diff changes the code to use a new function called `reset` to delete properties from the `wrapper` object and its prototype, and to reset the `Wrapper` function to its original state",0.003625187382567674,0.23713531345129013,"""Refactor lodash.mixin to use a function wrapper""",0.05029458552598953,0.3990393802523613
1923,js,"""Fix formatting issues in JavaScript code""",-0.02919650822877884,0.05902387946844101,"The diff changes the code to add two new functions, `warn` and `error`, and to modify the `Stream` constructor to use these functions instead of `console.log` and `",-0.0010467851534485817,0.8286050194874406,"""Add support for parsing hex strings and names in PDF files""",-0.8413974097929895,-0.1409875899553299
2485,js,Refactor castBulkWrite to use decideModelByObject and addDiscriminatorToObject.,-0.17606490850448608,0.6657813936471939,The diff changes the code in the `castBulkWrite` function to add a discriminator to the filter object if it is not already present.,-0.0037224777042865753,0.5863773310557008,Refactor castBulkWrite to use a more efficient approach.,0.010187999345362186,0.15650564432144165
3024,js,Update CSS build configuration for new release.,0.05367923923768103,0.015210522338747978,The diff changes the order of CSS files in the Gruntfile.js.,0.002377851400524378,0.558875035494566,Update CSS build configuration for <pkg.name>,0.00429224967956543,0.13248560577630997
3027,js,Refactor MongooseArray casting to use schema.path().cast(),-0.05462903901934624,0.4435235895216465,Changes the function `convertTo_id` in the `lib/model.js` file to use a different method to convert an array to an object ID.,-0.00921185128390789,0.7873242988716811,Refactor: Simplify MongooseArray conversion.,0.06903336942195892,0.4675098308362067
3155,js,Update type parsing to support TypeScript namespace and abstract keywords.,0.02474676724523306,0.573695182800293,The diff changes the behavior of the `typeprop` function in the `javascript` mode of the CodeMirror editor.,0.0016473372816108167,0.7008552430197597,Refactor JavaScript mode to support TypeScript syntax.,0.9145165178924799,0.2605700045824051
3433,js,Update members list with labels and created_at.,0.08160733385011554,0.6905783540569246,The diff changes the code in the `members.js` file by adding two new members to the `members` object and modifying the `return` statement.,-0.0433843657374382,0.6546769344713539,Update members.js to include created_at field in CSV read.,0.12251633405685425,0.8109716875478625
3604,js,Update cordova-plugin-splashscreen dependency to latest version.,0.14582629967480898,0.06715907668694854,Updates the `cordova-plugin-splashscreen` dependency to use a specific commit hash from a GitHub repository.,0.01451283716596663,0.38596665440127254,Update cordova-plugin-splashscreen dependency to latest version.,0.14582629967480898,0.06715907668694854
4016,js,Update Babel compiler to use simpler presets and plugins for Node 8.,0.011666242076898925,0.9812100327690132,The diff changes the code in the `processOneFileForTarget` function to add a conditional statement that sets the `extraFeatures` object's `nodeMajorVersion` property,0.004602819448336959,0.9657929898239672,Update Babel compiler to support Node 8 and improve compatibility in older browsers.,0.012426811517798342,0.9406957761966623
4368,js,Normalize usage of request() function in lib/app/request.js.,-0.23335578758269548,0.8996713802916929,The diff changes the behavior of the `request` function in the `lib/app/request.js` file by adding a new `if` statement to check if the request method is `,-0.0061291977763175964,0.25714344158768654,Normalize usage of request() function in lib/app/request.js.,-0.23335578758269548,0.8996713802916929
4412,js,Fix issue with getFiberIDForNative() in Agent class.,-0.9572002869099379,0.6915644370019436,The diff changes the code to use a try-catch block to handle errors when finding the fiber ID for a native node.,0.011238500330364332,0.8083545190747827,Refactor: Improve performance of `getFiberIDForNative` by caching the result.,-0.9450386234093457,0.018046341836452484
4510,js,"""Refactor Application#boot to handle destroyed and destroying states""",0.019638193771243095,0.12188762053847313,"The diff changes the behavior of the `Application` class in Ember.js, specifically the `boot` method, which was previously synchronous but is now asynchronous. It also adds new methods",-0.0001649755286052823,0.0013077771291136742,"""Refactor Application#boot to use a Promise""",-0.18876149132847786,-0.4157724529504776
4885,js,Update local template options for member subscriptions.,0.14054941525682807,0.936683067586273,"Changes the `updateLocalTemplateOptions` function in the `middleware.js` file to update the `localTemplateOptions` object with the `email`, `name`, and `sub",-0.0009764058049768209,0.8667396227829158,Update local template options in middleware.js.,0.007611185312271118,0.9620085398200899
4918,js,Fix touch locking for HTML5AudioSound pause method.,-0.18488947302103043,0.17677640914916992,The diff changes the implementation of the `pause` method in the `HTML5AudioSound` class.,0.01356665583443828,0.9090516259893775,Fix HTML5AudioSound pause method to check for touch lock.,-0.13870789110660553,0.2581781428307295
5132,js,Update marked options with new defaults.,0.04708890616893768,0.8874911966267973,Changes the `marked` function to set options and returns the `marked` function.,0.8207083512097597,0.9845212765503675,Update marked.js options with new defaults.,0.041755018290132284,0.6475831200368702
5144,js,Refactor `lodashAssign` to use `lodash.assign` with multiple sources.,-0.2997932508587837,0.5574801750481129,Changes the `lodashAssign` function in the `perf` module to use a different object as the source for the assignment.,0.06925763189792633,0.4242843193933368,Refactor lodash assign benchmarks to use multiple sources.,0.10810822993516922,0.6068834662437439
5639,js,Refactor HTML5AudioFile loader to use for loop for better performance.,0.006320102605968714,0.1145845539867878,The diff changes the way the HTML5AudioFile class loads audio files by using a for loop to load multiple audio files instead of a single audio file.,-0.23151769116520882,0.4458267167210579,Refactor HTML5AudioFile.js to use new Class syntax and for loop.,-0.04419292230159044,0.37190148641820997
5736,js,Refactor renderView method to use arrow function syntax.,-0.038819149136543274,0.031846463680267334,"The diff changes the way the `render` method is called in the `res.render` function, from using an object with `sails.config.views.engineOptions` as the",-0.022706283256411552,0.1268230639398098,Refactor: Simplify view rendering logic.,0.6539672459475696,0.6712267203256488
5757,js,Update QUnit test to use `cloneDeepWith` instead of `cloneDeep` to provide `stack` to `customizer`,-0.7191589223220944,0.06367173790931702,The diff changes the number of assertions in a QUnit test from 10 to 12.,0.002117272961186245,0.9285405136179179,Refactor `cloneDeepWith` to use `stack` for customizer calls.,-0.47754533030092716,0.10505600273609161
6081,js,Refactor `toPairs` and `toPairsIn` methods to create string keyed arrays of key-value pairs.,-0.23388426285237074,0.389426963403821,"The diff changes the way the `toPairs` and `toPairsIn` methods are implemented in the code, specifically by adding a new variable `isToPairs` and using",-0.025642309337854385,0.10073105990886688,Refactor `toPairs` and `toPairsIn` methods to create a two dimensional array of key-value pairs.,-0.3379230971913785,0.3646133169531822
6174,js,Update FindInFiles dialog to use current query instead of selected text.,0.26745860325172544,0.8674395247362554,"The diff changes the way the initial search query is determined, by copying it from an existing modalBar instead of using the passed-in selected text.",-0.06582569191232324,0.9144867095164955,Update FindInFiles dialog to use current query instead of selected text.,0.26745860325172544,0.8674395247362554
6517,js,Update Interactor to log success message on ready event.,0.05347559042274952,0.8795567713677883,Changes the debug statement to a console.log statement in the Interact object.,-0.20895731449127197,0.2932388484477997,Refactor Interactor.js to use console.log instead of debug.,-0.0014997413381934166,-0.28473123349249363
6876,js,Refactor dropdown module to handle search selection and allFiltered state.,0.051819976419210434,0.5409680604934692,"The diff changes the behavior of the `dropdown` function by adding a new condition to check if the module is in search selection and all filtered, and returning early if it is.",0.000514213927090168,0.7541294471593574,Refactor dropdown.js to improve performance and reduce code complexity.,0.005908450344577432,0.14276519045233727
6985,js,Adjust cursor position and show code hints for property values.,0.00645581231219694,0.9918770282529294,The diff changes the code to skip over the leading whitespace in a property name before locating the colon following it.,0.044023990631103516,0.9710105779813603,Adjust cursor position and show code hints for property values.,0.00645581231219694,0.9918770282529294
7250,js,Update AgentInfo component to use new UserStatus component and remove unnecessary imports.,-0.07101131044328213,0.25967458775267005,The diff changes the import statement for the `UserStatus` component from `import * as UserStatus` to `import { UserStatus } from '../components/basic/UserStatus'`.,0.0035218168050050735,0.6206507771275938,Refactor AgentInfo component to use new import syntax and remove unnecessary code.,-0.03269941546022892,0.2638157159090042
7261,js,Update CognitoUserPool index.js to use GetAtt for triggerSource.,-0.5332044772803783,0.14538150280714035,"The diff changes the way the `cognitoUserPool` index.js file is compiled, specifically by adding a new object to the `result` object and changing the `triggerSource`",-0.000607386464253068,0.33592917770147324,Refactor AWS Cognito User Pool events to avoid lint errors.,-0.6771655045449734,0.8781742334831506
7355,js,Add support for third argument in `sails generate` command.,0.06114405393600464,0.8871325805666856,The diff adds a new variable `id` and changes the logic of the `interpretArguments` function.,-0.013733400031924248,0.5469445481430739,Add support for third argument in `sails generate` command.,0.06114405393600464,0.8871325805666856
7960,js,Normalize key descriptor string and add modifier check.,0.0386824244633317,0.930091111920774,"The diff changes the way the modifier ""ctrl"" is defined in the function `normalizeKeyDescriptorString`, adding a new parameter `origDescriptor` and using it in the log message.",0.00029964299756102264,0.6801627986133099,Normalize key descriptor string: fix modifier defined twice issue.,0.4931701123714447,0.9085233235964552
8063,js,Refactor God.js to use async.timesLimit instead of async.times.,-0.839138625189662,0.31420233845710754,"The diff changes the number of instances for the `async.times` function from 1 to 1, and adds a new `async.timesLimit` function with a limit of 1",-0.02422850951552391,0.9550865339115262,Update God.js to use async.timesLimit instead of async.times.,-0.8670436413958669,-0.2545643150806427
8116,js,"""Add support for 'd0' and 'd1' operators in Type3 fonts""",-6.251208833418787e-05,0.5508880668785423,"The diff changes the code level by adding new functions and properties to the `CanvasGraphics` object, as well as modifying existing ones. It also adds new operators and functions to the `CanvasGraphics",0.6893301354721189,0.948745267058257,"""Refactor CanvasGraphics class to use modern JavaScript syntax and improve code readability""",-0.361492158845067,-0.01910421857610345
8174,js,Add fixtures for relation: Adds fixtures for a relation by iterating over the entries and adding the corresponding permissions for each role.,-0.001097480533644557,0.9867557634133846,"The diff adds a new function `addFixturesForRelation` and a new variable `common` to the file, and modifies the existing `models` and `baseUtils`",2.7744972612708807e-05,0.18039174377918243,Add fixtures for relation: Add support for new roles in permissions migration.,-0.03131561726331711,0.9577647470869124
8349,js,Refactor contentscript.js to use a more efficient selector.,0.015224868344375864,0.17431244626641273,The diff changes the implementation of the `transpose` function in the `PSelectorSpathTask` class.,-0.018336743116378784,0.6945605929940939,Refactor contentscript.js to use a more efficient selector.,0.015224868344375864,0.17431244626641273
8630,js,Update CordovaRunner class to include displayName property.,-0.3082903556060046,0.28090476989746094,Changes the constructor of the CordovaRunner class to add a title property and a getter method for it.,-0.5592487566173077,0.8894490620878059,Refactor CordovaRunner class to use constructor injection.,-0.08583712857216597,0.10813788324594498
8672,js,Refactor parser to use a single function for all token types.,-0.3679844317957759,-0.3980608880519867,"The diff changes the behavior of the `lex` function in the `parser` module, specifically the way it handles the `tokens` variable and the `assignment`, `functionCall`,",-0.04699990153312683,0.7363906146492809,Refactor parser to use lexer for tokenization and improve error handling.,-0.2644103951752186,0.39369459683075547
8779,js,Refactor WebSocket parser to use new error handling mechanism.,0.4823615747736767,0.16014843434095383,"The diff changes the behavior of the WebSocket parser by adding a new ""error"" event listener and removing an existing ""ping"" event listener.",-0.5335296206176281,0.3674442768096924,Fix WebSocket ping/pong handling in hybi-07-12.js.,0.00030471215723082423,0.3785211592912674
9378,js,Refactor debounce function to use Promise.resolve().then().bind() instead of setTimeout.,-0.08178258291445673,0.2231234461069107,The diff changes the implementation of the `debounce` function in the `Component` prototype.,0.019392079673707485,0.9152951715514064,Refactor debounce function to use Promise.resolve().then().bind() instead of setTimeout.,-0.08178258291445673,0.2231234461069107
9557,js,Update lodashStable.escape to use `this` binding in wrapped function.,-0.05982118099927902,0.20142829045653343,Changes the use of `_.escape` to `lodashStable.escape` in the `wrap` function.,0.0018497654236853123,0.010668158531188965,Update lodash escape function to use stable version.,0.750400170654757,0.16270800679922104
9599,js,Update ReactFabric and ReactNative imports to use require() function.,0.015076345764100552,0.554283857345581,The diff changes the way the ReactFabric and ReactNative modules are imported and used in the renderApplication function.,0.018781529739499092,0.9266777355223894,Refactor renderApplication to use ReactFabric and ReactNative.,0.005640260875225067,0.7573167663067579
10097,js,"""Added inputEnableChildren property to Group class to enable automatic inputEnabled = true on children added to the Group""",-0.6463756673038006,0.26959269493818283,"The diff changes the behavior of the `add` method in the `Group` class in Phaser. It adds a new parameter `index` to the method, which allows the user to specify",0.10740801540669054,0.07605797052383423,Adds a new child to the group and sets its properties.,0.010284875985234976,0.907880860439036
10487,js,Update DOM accessors to handle empty strings.,0.20040038268780336,0.09017488360404968,The diff changes the behavior of the `getAccessor` and `setAccessor` functions in the `src/dom/index.js` file.,-0.09427232900634408,0.9367215649690479,Refactor getAccessor and setAccessor functions to handle class and style attributes.,0.0033232392743229866,0.32203835621476173
10553,js,Remove unnecessary keybindings and menus for code folding.,-0.9976489635555481,0.9658446867833845,"The diff changes the keybindings for the CodeFolding extension, removing some and adding new ones.",0.021859658882021904,0.9212437768001109,Refactor code folding keybindings and menus.,0.07209868426434696,0.8219255656003952
10573,js,Fix bug in CodeMirror.js by removing unnecessary else block.,-0.00441986508667469,0.007794231758452952,The diff changes the code at the line level by adding a new line and changing the indentation of the existing lines.,-0.13196304440498352,0.0658339224755764,Fix issue with CodeMirror regex match.,-0.5817171335220337,0.4638289771974087
10783,js,Add callback to async function if not provided on client.,0.027051037817727774,0.7552612638100982,"The diff changes the last argument of a function call to be a function if it is not already a function, and adds a new argument to the end of the argument list.",0.010979652404785156,0.5326661225408316,Improve error handling in Meteor's `extend` function.,0.02051622758153826,0.5352689856663346
11171,js,Refactor template rendering to improve performance.,-0.03401124570518732,0.10530020948499441,The diff changes the behavior of the `onRendered` function in the `app-body.js` file.,0.0055760582908988,0.8233657241798937,Refactor app-body.js to improve performance and reduce code complexity.,-0.009069615975022316,0.055112927802838385
11217,js,Refactor Socket server shutdown to use async.series.,0.012123126536607742,0.889377752551809,"The diff changes the code to emit a 'lower' event instead of a 'lowering' event, and adds a call to process.removeAllListeners().",0.06139379320666194,0.9362713730661198,Refactor: Defer Socket server shutdown and remove all listeners.,0.14977304637432098,0.9469259413890541
11349,js,Update cookie settings for private blogging middleware.,-0.09104753285646439,0.35580127872526646,Changes the `signed` and `sameSite` properties of the `session` middleware in the `private-blogging` library.,-0.026534413918852806,0.9469053198117763,Update cookie middleware to set sameSite to 'none',-0.058482155203819275,0.1527943699620664
11629,js,Add app running message to run log.,-0.6429528221487999,0.9732991000637412,The diff changes the code in the `run` method of the `Runner` class to add a log message and a warning message for Windows users.,0.005392769235186279,0.07684913766570389,Improve app startup logging for better user experience.,-0.2797739189118147,0.12584065017290413
11713,js,Merge in legacy `sails.config.express` object for backwards compatibility and add default middleware order if not specified.,-0.0029936637729406357,0.9965318978356663,The diff changes the default middleware order in the `sails.config.http` object.,0.007768939656671137,0.974242648575455,Update HTTP middleware order for backwards compatibility.,0.0175487466622144,0.9567711728159338
12545,js,Refactor Class.extend to use a factory function to create the new prototype.,-0.7632306665182114,0.9490333199501038,"The diff changes the implementation of the `extend` method in the `Class` class, adding a new `F` function to create a new prototype and inheriting the parent's statics",0.0001154678757302463,0.923970892035868,Refactor Class.extend() to use a new prototype object.,-0.19692418724298477,0.9854236637474969
12904,js,Refactor: Move login handler logic to separate function to improve readability and maintainability.,-0.996854383207392,0.017599395476281643,"The diff changes the implementation of the `Accounts.createToken` method, adding a new function called `_runLoginHandlers` that tries all registered login handlers until one of them returns a",-0.014268755912780762,-0.49475463666021824,Refactor: Improve login handler performance by using `apply` instead of `call` to call login handlers.,0.01105085015296936,0.005036691203713417
12942,js,Update test to make it more useful.,0.9767877468839288,0.9795257063087774,The diff changes the test code to add a TODO comment and change the test case to use a more useful assertion.,0.0424745362251997,0.600512022501789,"""Fix test for starting sails server with lift""",-0.00722589367069304,0.556234946474433
12947,js,Update Cordova project error handling to include Cordova error message.,0.4133607998373918,0.6476424466818571,The diff changes the error message and stack trace output in the Cordova project.,0.009967237419914454,0.952538285695482,Update Cordova project to handle CordovaError.,0.17736101543414406,0.3759486274793744
12989,js,Update ListViewDataSource to use $ReadOnlyArray for dataBlob and rowIdentities.,-0.12388543225824833,0.46012019738554955,The diff changes the `cloneWithRows` function in the `ListViewDataSource` class to use a read-only array instead of an array.,-0.2750226277858019,0.38677817583084106,Refactor ListViewDataSource to use ReadOnlyArray.,-0.7816303349100053,0.4231361150741577
13040,js,"""Add HTML5AudioSoundManager class to manage HTML5 audio sounds.""",-0.8958463906310499,0.7456948312465101,The diff changes the code in the HTML5AudioSoundManager.js file by adding a new variable `_mute` and changing the `initialize` method.,0.037506724416743964,0.832987240049988,Refactor HTML5AudioSoundManager to use Class instead of BaseSoundManager.,-0.3062080442905426,0.7854430738370866
13215,js,Optimize internal dispatch function for triggering events.,0.13492164853960276,0.9817375373677351,"The diff changes the internal dispatch function for triggering events in Backbone.js, optimizing it to handle the most common case of 3 arguments.",0.001127366442233324,0.8820721132215112,Optimize internal dispatch function for triggering events in Backbone.js.,0.01277685514651239,0.9707082060194807
13323,js,Refactor AWS stack removal to use provider naming convention.,0.0027498307754285634,0.11879822611808777,Changes the way the stack name is retrieved in the AWS plugin.,0.004900659652776085,0.20049050822854042,Refactor AWS stack removal to use provider naming convention.,0.0027498307754285634,0.11879822611808777
13364,js,Add support for Twig and other template languages.,0.08384352177381516,0.16423055669292808,"Adds ""tpl"" and ""twig"" to the list of file extensions for the ""html"" mode in the LanguageManager.",0.0411906378576532,0.8897783157881349,Add support for Twig and other template languages.,0.08384352084249258,0.16423055669292808
13465,js,Refactor initialParams.js to use lodash/rest and call the function with this as the context.,0.03192034107632935,0.7942553336033598,"Changes the way the `fn` function is called, from `fn(args, callback)` to `fn.call(this, args, callback)`.",-0.05369565635919571,0.9838101163040847,Refactor initialParams.js to use lodash/rest.,0.011570087168365717,0.8016428842674941
13554,js,Update Accounts configuration to allow for custom options.,0.37487939570564777,0.43974033184349537,The diff changes the behavior of the `Accounts.config` function by adding a check for the `forbidClientAccountCreation` option and throwing an error if it is set more than,-0.030118750873953104,0.955096835445147,Refactor accounts_common.js to use a config object.,0.031265280209481716,0.7118307240307331
13602,js,Update test to add files to reused window.,-0.0005168509669601917,0.09557967633008957,The diff changes the command line arguments passed to `atomApplication.launch()` in order to add a new file to the existing window.,-0.006626593880355358,0.10965178348124027,Update test spec to add new file paths to reused window.,0.0006344777066260576,-0.05729670077562332
13737,js,Fix browser startup issue in LiveDevelopment.,-0.0017539896070957184,0.6022035619826056,The diff changes the condition for opening the live browser in the LiveDevelopment module.,0.01571051374776289,0.8958574638236314,Fix browserStarted check in LiveDevelopment.js.,-0.5795890861190856,0.2808895669877529
13743,js,"""Refactor lodash.src.js to improve performance and reduce code size""",0.029043452814221382,-0.024636585265398026,The diff changes the code level by adding a new function `createFindIndex` that creates a `findIndex` function.,-0.2502014748752117,-0.5478730723261833,"""Refactor lodash.src.js to improve performance and reduce code size""",0.029043689370155334,-0.024636585265398026
13793,js,Refactor DOMManager to use hasElement.inDOM instead of inDOM.,-0.3447487698867917,0.5803281906992197,The diff changes the transitionTo method in the metamorph_view.js file to transitionTo 'hasElement.inDOM' instead of 'inDOM'.,-0.002253660000860691,0.8247537340503186,Update DOMManager to transition to 'hasElement.inDOM' state.,-0.0016491482965648174,0.7949481608811766
13862,js,Update background tokenizer in editor constructor.,-0.4888725131750107,0.2222474291920662,The diff changes the code in the `Editor` constructor to schedule a background tokenizer start if a session is provided.,0.05128543544560671,0.6221261236350983,Refactor Ace editor initialization to improve performance.,-0.07425275444984436,0.03426609863527119
13899,js,Update notarize-on-mac.js to use async/await syntax.,0.0009520002640783787,0.506359776481986,Changes the function signature of `notarizeOnMac` to include an `appleIdPassword` parameter.,-0.009360662195831537,0.9685351621301379,Refactor notarize-on-mac.js to use async/await syntax.,-0.00934881716966629,0.4464208148419857
14039,js,Update session cache on editor change to invalidate cached information.,0.6408981513231993,0.8486796822398901,"The diff changes the behavior of the `hasHints` function in the `JavaScriptCodeHints` module, specifically by adding a check for the `session` variable and updating the `c",0.047912077978253365,0.3119117170572281,Refactor JavaScriptCodeHints to improve hinting performance.,0.22674131975509226,0.04129477217793465
14096,js,Refactor utils.js to use hasOwnProperty and hasProperty functions.,0.015904728992609307,0.6203162190504372,"The diff adds a new function called `hasProperty` and exports it, and also adds a new property called `stringableFunc` to the `is` object.",1.3899989426136017e-07,0.525473905261606,Refactor utils.js to use hasOwnProperty and hasProperty functions.,0.015904786298051476,0.6203162190504372
14230,js,Update project tree container scroll event handler.,-0.6388831660151482,0.9429287957027555,"The diff changes the function `_fileViewControllerChange` in `ProjectManager.js` by adding a line `$projectTreeContainer.trigger(""scroll"");`.",-0.37622854486107826,0.807847220916301,Refactor ProjectManager.js to improve file view controller change handling.,-0.24763256404548883,0.3281813580542803
14396,js,Update cordova-plugins.js to use self-test.markStack() for checkCordovaPlugins() function.,-0.044685717672109604,0.11316215991973877,"The diff changes the function `checkCordovaPlugins` to use the `selftest.markStack` function instead of the `selftest.mark` function, and adds",0.0034841354936361313,0.2632274925708771,"""Update cordova-plugins.js to use self-test markStack""",-0.19715744256973267,-0.14804308861494064
14513,js,Add migration to escape HTML in messages.,-0.36360911279916763,0.9766383371315897,Adds a migration to update messages with a specific type and content.,0.18709242343902588,0.9864925168221816,Add migration to escape HTML in messages.,-0.3636073563247919,0.9766383371315897
14606,js,Refactor event dispatcher to use delegation and event manager.,0.5369961746037006,0.7022358626127243,"The diff changes the implementation of the `EventDispatcher` class in SproutCore, adding a new method called `_findNearestEventManager` to find the nearest event manager for a given",0.009513045893982053,0.35939766000956297,Refactor event dispatcher to use delegation and event manager.,0.5369960553944111,0.7022358626127243
14622,js,"""Fix filter() to work with Maps and Sets""",0.26809724420309067,-0.0330280102789402,"The diff changes the code to use `Map` and `Set` objects instead of plain objects, and to use the `matches` method from the `lodash` library to filter the",-0.00610467791557312,-0.006688214838504791,"""Fix filter() to work with Maps and Sets""",0.26809608936309814,-0.0330280102789402
14772,js,Update filtering logic to skip generic compiled content.,0.00026150932535529137,0.8418623730540276,The diff changes the implementation of the `skipGenericCompiledContent` and `skipCompiledContent` functions in the `FilterContainer` prototype.,0.00038455810863524675,0.6183447502553463,Refactor filtering logic in FilterContainer.,0.0001770532689988613,0.5762275420129299
14885,js,Add support for importing non-JavaScript files from node_modules in apps.,-0.0019561818335205317,0.9469203974003904,"The diff changes the behavior of the `find` function in the `isobuild` package, specifically how it handles node_modules directories.",0.019601925858296454,0.6990807000547647,Update package source to include node_modules directories.,-0.8050703178159893,-0.37712861597537994
14904,js,Update fileMap function to include new test file.,-0.3053642581216991,0.06897266209125519,"The diff changes the fileMap function in the s3ProjectConfig.js file, adding a new line to the function and removing several lines.",-0.002995068673044443,0.2311181672848761,Update fileMap function to include new test file.,-0.30536336125805974,0.06897266209125519
14907,js,Update extension metadata with disabled property.,0.003722459077835083,0.9821028382575605,"The diff changes the code to add a new variable `PreferencesManager` and require it in the function, and also adds a new line to the `disabledPromise` promise chain.",8.511706255376339e-06,0.10900113172829151,Refactor: Add PreferencesManager to loadMetadata function.,-0.015160256996750832,0.21779605746269226
14929,js,Refactor lodash.js to improve performance and readability.,-0.3267951961606741,0.17017197981476784,The diff changes the regular expression used to detect native methods in the lodash library.,0.0004168669693171978,0.9517353200353682,Refactor lodash.js to improve performance and readability.,-0.32679432071745396,0.17017197981476784
15090,js,Update culling bounds calculation for Tilemap layer.,0.8631645780988038,0.6101377308368683,"The diff changes the code to add two new functions, SnapCeil and SnapFloor, and to use them in the CullBounds function to calculate the bounds of the tiles",0.0014699958264827728,0.8310462890658528,Add CullBounds function to Tilemaps Components.,0.9306970073957928,0.5016017481684685
15095,js,Refactor readTree function to use a more efficient algorithm.,-0.11928600259125233,0.02357672620564699,"The diff changes the behavior of the `readTree` function by adding a new `if` statement to check if the `node` is an object, and if so, recursively call the",-0.00048010796308517456,0.1421453095972538,Refactor readTree function to improve performance and readability.,-0.05104776844382286,0.03354019112884998
15130,js,Update requireModule to use requirejs instead of require.,-0.20792324095964432,0.17639515083283186,"The diff changes the variable names and function names in the code, and adds a new function called ""requirejs"" that is used instead of ""requireModule"".",-0.01634553913027048,0.3699134640628472,Update requireModule function to include requirejs and require.,0.028456009924411774,0.27865937631577253
15131,js,Update Android bundle path and run Android tool with warehouse support.,-0.08544498682022095,0.9527459384407848,The diff changes the implementation of the `getAndroidBundlePath` function in the `cordova.js` file.,0.0021513449028134346,0.8158623524941504,Update Android tooling to support USE_GLOBAL_ADK.,0.04184073628857732,0.7985635363147594
15217,js,Hide elements with display: none and background-image: none.,0.010438643395900726,0.6300417631864548,"The diff changes the code to hide elements that match certain conditions, such as those with a certain CSS property or those that are a certain type.",0.020637623965740204,0.7356437221169472,"""Fix uBlock issue 1629 by hiding elements with display: none""",-0.3906959667801857,0.10385662689805031
15598,js,Update plugin uninstall function to handle tarball-based plugins.,0.6119658323004842,0.5595304816961288,"The diff changes the `uninstallPlugin` function to accept an additional parameter `isFromTarballUrl`, which is used to determine whether the plugin was installed from a tarball URL and",0.0013503942755050957,0.46123035810887814,Update plugin uninstallation to handle tarball-based plugins.,0.8115451764315367,0.7677748873829842
15619,js,Update Select component to support new props for clearable and clearAllText.,0.021044990979135036,0.7036264617927372,The diff changes the prop types and default values of the `Select` component in React.,0.0016755478864070028,0.4937747656367719,Refactor Select component to use React.PropTypes.oneOfType for clearAllText and clearValueText props.,0.0051735034212470055,0.33166033029556274
15629,js,Update MeshPipeline vertex capacity and add camera and fog uniforms.,-0.1945049399510026,0.05616665445268154,"The diff changes the value of the `vertexCapacity` property from 2048*8 to 8, and adds a new `renderer.setFloat3()` method",-0.04528749058954418,0.11793235503137112,Update MeshPipeline to use a smaller vertex capacity and fix a bug in the drawModel function.,-0.05311032244935632,0.010590869002044201
15797,js,Wrap manager in deprecation proxy to prevent access to non-factory properties.,-0.3346339464187622,0.8687269538640976,The diff changes the implementation of the `wrapManagerInDeprecationProxy` function in the `Container` class.,0.0002788721612887457,0.8882758193649352,Update container.js to use a deprecation proxy for the manager.,-0.3984580338001251,0.3693533055484295
15939,js,Update build tasks to support RTL language.,0.04461751272901893,0.9284373705741018,The diff changes the code to use Gulp instead of the original run-sequence library.,-0.37427469063550234,0.06036906875669956,Refactor build script to use gulp.start() for each task.,-0.19806702248752117,0.3249979391694069
16133,js,Update test list with failed tests and skipped tags.,0.014408531598746777,0.9714171119267121,"The diff changes the code to add a new property ""failedTests"" to the ""TestList"" class, and to modify the ""runTests"" function to handle failed tests.",0.003836560237687081,0.8359801726182923,Update test list with failed tests and skip counts.,0.007387431571260095,0.9755539537873119
16207,js,Update TilemapLayerGL to support resizing.,0.16362394392490387,0.7825163127854466,"The diff changes the width and height parameters of the PIXI.Texture constructor, and adds a new parameter to the PIXI.Tilemap.call method.",0.019473612308502197,0.4056860953569412,Refactor TilemapLayerGL to use PIXI.Texture instead of PIXI.BaseTexture.,-0.9679724083980545,-0.7198026739060879
16214,js,Update Meteor.bindEnvironment to use stack and message from error object.,0.014348395576234907,0.19818229600787163,Changes the `onException` function in `Meteor.bindEnvironment` to use `e.stack` or `e.message` instead of `e` as the argument.,-0.19991376157850027,-0.09045380353927612,Update Meteor.bindEnvironment to use stack and message from error object.,0.014348395576234907,0.19818229600787163
16433,js,"""Update source map for concatenated CSS file""",-0.8245538137853146,0.24182758666574955,The diff changes the code to add the contents of the input files to the source map of the new file.,0.07852181419730186,0.9645867438521236,Refactor minifier CSS plugin to use source maps.,-0.02401818335056305,0.35986588429659605
16453,js,Refactor Huffman decoding to use a more efficient algorithm.,0.931414854421746,0.07667916268110275,"The diff changes the code level by replacing a variable named ""node"" with a new variable named ""tree"".",-0.00011733733117580414,0.4626647215336561,Refactor JpegImageClosure to use a switch statement instead of if/else.,-0.20998599007725716,0.6796738479752094
16547,js,Add zoomReverse option to TileLayer class to reverse the zoom order.,0.0029368660179898143,0.6277978541329503,The diff changes the behavior of the `TileLayer` class in Leaflet.js by adding a new option `zoomReverse` and modifying the way tile coordinates are wrapped.,-0.05163607932627201,0.6984559146221727,Refactor TileLayer to use new zoomReverse option.,0.00792731111869216,0.21410657418891788
16558,js,Refactor consolidate.js to use ECT engine.,0.060926858335733414,0.7753020711243153,The diff changes the path to the ECT template engine in the Sails.js application.,0.001976350715267472,0.2887869970872998,Consolidate views in ECT template engine.,0.260856568813324,0.8644785503856838
16590,js,"""Update ProcessQueue to use EventEmitter3 and Events""",0.1305005680769682,0.23210414499044418,The diff changes the code to use the `eventemitter3` library and adds a new `Events` object to handle events. It also adds a new `removeAll` method to remove,0.2179481596685946,-0.002333240117877722,"""Refactor ProcessQueue to use EventEmitter3 and Phaser.Events""",-0.22474130243062973,0.21547575760632753
16655,js,Update package filter to include unmigrated packages and debug-only packages.,0.08458524709567428,0.5430542826652527,The diff changes the behavior of the `main.registerCommand` function by adding a new option to the `options` object and changing the logic of the `filterBroken` function.,-0.022976751904934645,0.8620235392590985,Refactor command registration to improve performance and reduce code complexity.,0.04141339659690857,0.14747288078069687
16804,js,"""Update inline editor height to handle adding/removing scrollbars""",0.10334241390228271,-0.22584524750709534,"The diff changes the code to add a new property `$related` to the `MultiRangeInlineEditor` prototype, which is an array of related items. It also adds a new method `",0.001960378373041749,0.08137319050729275,"""Add support for multiple ranges in MultiRangeInlineEditor""",-0.29951730370521545,-0.6084364354610443
16906,js,Update LayerData class to use Phaser.Tilemaps.Tile array.,-0.11025679111480713,0.3015257567167282,Changes the type of the `data` property from `number[]` to `Array<Array<Phaser.Tilemaps.Tile>>`.,0.017893299460411072,0.7637460008263588,Update LayerData class to use Array.,-0.20961874723434448,0.18311632610857487
17418,js,"""Update CodeMirror shift state for input event""",-0.879498515278101,0.7436464056372643,"The diff changes the behavior of the `CodeMirror` editor by adding a new `shift` property to the `display` object, which is used to track the state of the shift",-0.042156691662967205,0.18477823957800865,"""Update CodeMirror to support shift key for selecting text""",-0.728833332657814,-0.13446519151329994
17525,js,Refactor transition hooks to use a single callback for both enter and leave.,-0.03608763450756669,-0.08307203650474548,"The diff changes the enter and leave functions in the transition module to include a new `cb` parameter, which is used to cancel the transition if it is not user-controlled.",-0.0067273403983563185,0.2131790593266487,Refactor transition hooks to use a single function for both enter and leave.,-0.06313030794262886,0.0431639701128006
17596,js,Update multipart request to use new Error constructor.,-0.08587671723216772,0.6093444116413593,Changes the `multipart` function in the `request` module to use `new Error` instead of `Error`.,-0.08905826497357339,0.4632022501900792,Refactor request.js to use new Error() instead of Error().,-0.01396885234862566,0.3797015226446092
17678,js,Update error handling in `lift` to use `sails.log.silly` instead of `sails.log.error`.,-0.012303709983825684,-0.2196587175130844,Changes the default callback function for the `lift` method in Sails.js.,-0.016871416475623846,0.18518894352018833,Update lift function to use default callback if none provided.,-0.18836162984371185,0.5109862424433231
17694,js,Fix orientation state check in ScaleManager.,-0.7595887631177902,0.3857506066560745,The diff changes the code in the ScaleManager.js file by adding a new function called checkOrientationState and removing a line of code that called the refresh function.,0.0015151253901422024,0.8127910702023655,Refactor ScaleManager to use new prototype syntax.,-0.02614813856780529,0.2423295413609594
17875,js,Add Mailgun tag to bulk email index.js.,0.0012603221111930907,0.7215399742126465,Adds a Mailgun tag to the message data if the config object has a mailgun tag property.,0.008177806448657066,0.9746086167870089,Add Mailgun tag to bulk email index.js.,0.0012603221111930907,0.7215399742126465
17949,js,Update component state and context references.,0.47194151394069195,0.9679783860919997,"Changes the initialization of the component's state, props, and context.",0.0619671605527401,0.9483305641915649,Refactor: Update component state and context initialization.,0.19230234995484352,0.37523466534912586
18088,js,Update HTML5AudioFile.js to use dataset.name for debugging.,0.003736387938261032,0.11093965917825699,"The diff changes the way the HTML5AudioFile class is defined, adding a new property to the `dataset` object and changing the way the `name` property is set.",0.014067165553569794,0.3978589931502938,Refactor HTML5AudioFile class to improve debugging.,-0.0009746108553372324,0.125591610558331
18168,js,Refactor: Use `client.s.databaseName` instead of `client.s.options.dbName` for MongoConnection.,0.0030121542513370514,-0.12370553612709045,"The diff changes the way the database name is retrieved from the connection URL, using the `databaseName` property of the `s` object instead of the `dbName` property.",0.012290460639633238,0.9779921848094091,Refactor: Use `client.s.databaseName` instead of `client.s.options.dbName` to get the database name.,0.3788012517616153,0.2902383506298065
18231,js,Update ColdFusion syntax highlighting to include new keywords.,0.08307273127138615,0.1233969870954752,The diff changes the behavior of the ColdFusion mode in the Ace editor by adding new keywords to the list of ColdFusion-specific keywords and changing the way the editor handles the cursor,-0.10090983472764492,0.0031166868284344673,Update ColdFusion syntax highlighting in Ace editor.,0.006569504737854004,0.2131350077688694
18263,js,Refactor buildComponentFromVNode to use isDirectOwner instead of isOwner.,-0.366776579990983,0.2551613561809063,"The diff changes the way the `buildComponentFromVNode` function is called, by passing in a new `oldDom` parameter and using a different condition to determine if the component is the",-0.0006880629807710648,0.16750243119895458,Refactor buildComponentFromVNode to use isDirectOwner instead of isOwner.,-0.366776579990983,0.2551613561809063
18587,js,"""Refactor homepage example test to use new Ember testing helpers""",0.00871781213209033,0.1783696487545967,The diff changes the import statements and adds a new module for testing.,0.013499055639840662,0.661600224673748,"""Refactor homepage example test to use new Ember testing helpers""",0.00871781213209033,0.1783696487545967
18588,js,"""Update fullscreen target and handling for browser fullscreen API changes""",0.20010652393102646,0.14375555701553822,The diff changes the way the ScaleManager class handles fullscreen mode in the Phaser game engine. It adds a new method called `startFullscreen` that allows the game to request full,0.03621586412191391,-0.008205287158489227,"""Update fullscreen handling in ScaleManager""",0.09338115015998483,0.05385931534692645
18894,js,Add middleware to check for member token and exchange for session.,0.003430708442465402,0.9635647547547705,Adds a middleware function to the siteApp that checks for a token in the request URL and exchanges it for a member session.,0.001946150638104882,0.9636106645921245,Add middleware to handle member authentication.,0.051055505871772766,0.845701358281076
19069,js,Update relative CSS URL calculation to use `pathRelative` instead of `path.relative` to ensure correctness in Windows environments.,0.0003984866489190608,0.01361070480197668,The diff changes the function `rewriteRules` to use the `pathRelative` function instead of `path.relative` to calculate the relative path between two paths.,0.02143013710156083,0.9437748240306973,Update relative CSS URL calculation to use `pathRelative` function.,0.19457401055842638,0.9693024174775928
19668,js,Add route for channels.online and channels.open endpoints.,-0.02849608287215233,0.9563590558245778,"The diff adds a new route to the RocketChat API, specifically for retrieving the online users in a specific channel.",0.003967188880778849,0.9556762701831758,Add route for channels.online and channels.open,-0.332981139421463,0.7451711297035217
19953,js,Update CodeMirror focus state and blur handling.,0.3261386463418603,0.7858076095581055,"The diff changes the code to add a class to the CodeMirror wrapper element when the editor is focused, and to remove the class when the editor is blurred.",-0.005971837788820267,0.6968929581344128,Update CodeMirror focus state and blur handling.,0.3261386463418603,0.7858076095581055
20064,js,Update Cordova plugin dependencies for Meteor WebApp.,0.4845146653242409,0.40928249433636665,Updates the dependencies of the Cordova project.,0.9616762238438241,0.6487443884834647,Update dependencies for Cordova and Meteor webapp plugins.,0.6003377290908247,0.8150109951384366
20114,js,Fix incorrect mailUrl protocol check in makeTransport function.,-0.17024622671306133,0.9293419771129265,Changes the `makeTransport` function to add an SSL connection to the `smtp` protocol if the port is 465.,-0.001469307579100132,0.825968156568706,Fix mailUrlString check for 'smtp' or 'smtps' protocol.,0.12504012137651443,0.9511784138157964
20399,js,Update partial.js to use `partial` helper for rendering templates.,-0.020653074607253075,0.31477708555758,The diff changes the import statement in the partial.js file from 'htmlbars-runtime' to 'htmlbars-runtime'.,0.006453095469623804,0.6774172931909561,Update partial.js to use new import syntax.,0.04945908300578594,0.16349383257329464
20764,js,"Refactor scheduleInitialize to use Ember.run.schedule('actions', ...)",-0.12547303643077612,0.07632698863744736,The diff changes the implementation of the `scheduleInitialize` method in the `Application` class.,0.021486316807568073,0.8142496624495834,"Refactor scheduleInitialize method to use Ember.run.schedule('actions', ...)",-0.12547819688916206,0.11784204840660095
20896,js,Update Prism styles to use darker line highlight and more contrasting colors.,0.0755252568051219,0.08463155059143901,Changes the color scheme of the Prism code highlighter.,0.07447186205536127,0.17378984950482845,Update Prism styles to improve readability.,0.40199320763349533,0.08385638205800205
21122,js,Enable component generation feature in Ember template compiler.,0.000512704427819699,0.9834477279218845,The diff changes the code in the `test.js` file to enable a feature in the `ember-template-compiler` library.,0.04883147357031703,0.9624680320266634,Add support for enabling features in Ember template compiler.,-0.04836356546729803,0.9818892475450411
21444,js,Update SyncWorker to use new SyncMetricsReporter and NylasAPI.,0.001481923507526517,0.6412074519321322,"The diff changes the `SyncWorker` class, adding a new method `_onConnectionIdleUpdate` and modifying the `async _getAccount` method.",-0.0004485438112169504,0.6653355886228383,Refactor SyncWorker to use a more readable and maintainable code structure.,0.0030513781821355224,0.1294209035113454
21582,js,Add noop function to prevent unused vars warning in StaticRouter component.,-0.04647520696744323,0.8783943942980841,"The diff changes the implementation of the `StaticRouter` component, adding a `noop` function and modifying the `listen` method.",0.0006232867017388344,0.9507796660182066,Refactor StaticRouter to use a single handler for all static methods.,-0.10904399817809463,-0.24480991810560226
21591,js,Update package.js to use ecmascript and underscore.,0.006663639098405838,0.6126684807240963,The diff changes the order of packages used in the `Package.onUse` function.,0.00858967425301671,0.46004635840654373,Update package.js to use ecmascript and underscore.,0.006663639098405838,0.6126684807240963
21594,js,Update relative time formatting for Portuguese language.,0.40564770996570587,0.026658397167921066,Changes the relative time format in a JavaScript file.,0.019775982247665524,0.7228867395315319,Update relative time formatting for Portuguese language.,0.40564770996570587,0.026658397167921066
21676,js,Refactor DOM survey elements to use declarative selectors.,-0.13341191411018372,0.6154507845640182,The diff changes the way the code counts the number of matched elements in the DOM.,0.0017358821933157742,0.2079877112992108,Refactor DOM survey elements scriptlet to improve performance.,-0.005001716315746307,0.12340702675282955
21741,js,Add uniload.js dependency and define ConnectionTimeoutError for ServiceConnection.,-0.048391059041023254,0.7126914449036121,The diff adds a new variable `uniload` and a new function `ensureConnectionTimeoutErrorDefined` to the code.,-0.0032403175719082355,0.3627596069127321,Add uniload dependency and define ConnectionTimeoutError for ServiceConnection.,-0.03551924228668213,0.8987054601311684
21773,js,Update lodash methods to include new methods and remove deprecated methods.,0.11136815324425697,0.25352237187325954,"The diff changes the code in the file ""fp/_mapping.js"" by adding and removing lines, changing the order of lines, and changing the content of lines.",0.019048292189836502,0.6939220516942441,Update lodash methods in fp/_mapping.js.,0.657094169408083,0.7764293365180492
22007,js,Add augmentAttributes utility to Sync strategies.,-0.21002087742090225,0.7677157409489155,The diff changes the way the `augmentAttributes` function is required and used in the `sync` module.,0.0030282262596301734,0.708416651468724,Refactor sync.js to use augmentAttributes utility.,-0.019796282052993774,0.5419774278998375
22048,js,Add makeMain parameter to CameraManager.add() method.,0.8470876832434442,0.913229423109442,"The diff changes the `add` method of the `CameraManager` class to accept an additional parameter `makeMain`, which determines whether the added camera should be set as the main camera.",0.04425354252452962,0.5614459700882435,Add makeMain parameter to CameraManager.add() method.,0.8470876832434442,0.913229423109442
22052,js,Refactor eventChannel to use a buffered channel.,0.025530470069497824,0.7662410456687212,"The diff changes the behavior of the `eventChannel` function by adding a `closed` flag and a `close` function to the `chan` object, and modifying the `unsubscribe`",0.009001279482617974,0.7973417998291552,Refactor eventChannel function to improve performance and simplify code.,0.01390502271533478,0.1556816566735506
22085,js,Add filled Rectangle and Circle drawing methods to Phaser.BitmapData.,-0.0013165408745408058,0.6449165195226669,The diff changes the implementation of the `rect` method in the `BitmapData` class.,-0.03913069423288107,0.5994049608707428,Add methods for drawing filled Rectangle and Circle to BitmapData.,-0.006148250191472471,0.8778012995608151
22316,js,Update template settings for better performance.,0.3881486451718956,0.14704475179314613,"The diff changes the code to use a new RegExp object for matching the end of a template, and to use a different interpolation pattern.",0.0014488035812973976,0.7194165384862572,Update template settings for underscore.js.,-0.022856874391436577,0.7493881508708
22565,js,Update JSLint configuration and listeners.,0.043336370144970715,0.35380587354302406,"The diff changes the way the ""Go to First JSLint Error"" command is enabled or disabled, and adds a new function to load project-wide JSLint configuration.",0.007004902057815343,0.3591540101915598,"""Update JSLint configuration and listeners""",0.023166961735114455,0.11544851958751678
22710,js,Split layout props into inner and outer objects.,-0.14779756031930447,0.9796223254234064,The diff changes the code in the `splitLayoutProps` function by adding a new line of code and removing a line of code.,0.00029625953175127506,0.567642530426383,Refactor splitLayoutProps to improve readability and reduce complexity.,-0.10163798741996288,0.030828306917101145
22922,js,Configure KeyMaster to respond to all shortcuts and implement shortcuts hash.,-0.19140401436015964,0.9964237320818938,The diff changes the code to use the `ShortcutsRoute` mixin to register shortcuts for the `save` action.,0.012056339532136917,0.9619201038731262,Refactor shortcuts route to use Keymaster.,-0.002858270425349474,0.382581889629364
22944,js,Update file item preview with new file type icon and link to file upload result.,-0.15963436663150787,0.7610298678046092,"The diff changes the code for the `fileItem` component in the `Dashboard` plugin of the Uppy library, adding a new `edit` button and a new `copyLink",-0.0596693679690361,0.01767170918174088,Refactor DashboardItem component to improve performance and reduce bundle size.,0.01711302250623703,0.01598978042602539
22960,js,Add 'node' to command to invoke script using NodeJS on Windows.,0.015808834694325924,0.9854477569460869,"The diff changes the way the `serverless` executable is invoked, adding a `node` prefix on Windows platforms.",0.5044510959414765,0.9312274453404825,Update shebang in serverless.js to invoke script using NodeJS on Windows.,0.5990004297345877,0.7843169160187244
23100,js,Refactor UI field component to use getComponentData() for data retrieval.,-0.09703147411346436,0.5996948080137372,The diff changes the implementation of the `extend` function in the `UI.Component` class.,0.015119704883545637,0.9239041223190725,Refactor UI fields component to use a function factory.,-0.33566478453576565,0.19733096659183502
23299,js,Update product.save() to include numberAffected parameter in callback.,0.2546444982290268,0.1484701782464981,"The diff changes the signature of the `handleSave` function, adding a new parameter `numberAffected` to the callback function.",0.028364096768200397,0.8579831784591079,Update handleSave function to include numberAffected parameter in callback.,0.09999504685401917,0.08187899738550186
23336,js,Fix Bluebird Promise implementation feature detection in JavaScriptAppEngine.,-0.9723911047913134,0.4093496948480606,The diff changes the implementation of the `MutationObserver` feature detection in the `InitializeJavaScriptAppEngine` function.,0.005945513024926186,0.8141083521768451,Fix issue with MutationObserver in JavaScriptAppEngine initialization.,-0.6368350628763437,0.36066266521811485
23371,js,Refactor moduleFor to use RSVP.all for async beforeEach.,-0.9900631963973865,0.34079086780548096,The diff changes the `beforeEach` function in the `moduleFor` function to use the `assert` object instead of the `args` array.,-0.48570796474814415,0.3622053191065788,Refactor moduleFor to use RSVP.all for async beforeEach.,-0.9900631963973865,0.34079086780548096
23419,js,Update URL mappings from config file.,0.000497198780067265,0.9120354019105434,The diff changes the variable `urlMappings` by extending it with the values from `config.urlMappings` and `require(config.appPath + ' / config / mappings,0.031738558784127235,0.8242959240451455,Update URL mappings in router.js.,-0.0007185549475252628,0.6357190907001495
23512,js,Update WebPlayer.js to use React Native Web Player from npmcdn.,0.014857321279123425,0.30431547574698925,Changes the data-src attribute of a React component.,0.02654910832643509,0.9877607317175716,Update WebPlayer.js to use React Native Web Player.,-0.46491532400250435,0.35287303663790226
23597,js,Refactor MySQLAdapter test to use require() instead of var.,-0.00032290516537614167,-0.07954825460910797,Changes the order of require statements in a JavaScript file.,-0.11838970053941011,0.5879721054807305,Refactor MySQLAdapter test to use require() instead of var.,-0.00032290516537614167,-0.07954825460910797
23737,js,Add optimization transform to browserify bundle.,0.004133948707021773,0.8968280199915171,The diff changes the `babelify` transform in the `browserifyBundle` method of the `Packager` prototype.,-0.005483158864080906,0.9657560879131779,Update browserify bundle optimization settings.,0.02964777871966362,0.5899700568988919
23793,js,Normalize line endings in text modules.,-0.6407508831471205,0.9847432801034302,The diff changes the line endings of the code from CRLF to LF.,0.0006312588229775429,0.28752560913562775,Refactor: Normalize line endings in text modules.,-0.5700072422623634,0.9602974492590874
23968,js,Fix fuzzy filename comparison in ImportScanner.,-0.037922609597444534,0.6328499559313059,The diff changes the code by adding a new line of code and modifying an existing line of code.,0.018691256642341614,0.6150092259049416,Fix import scanner to handle different file names.,-0.10441424697637558,0.6031982712447643
24176,js,"""Update selection range and measure line heights for improved scrolling performance""",-0.0007083315867930651,0.0578928217291832,"The diff changes the way the `paddingLeft` function is calculated in the `CodeMirror` library. In the original code, the function calculates the padding left of a line by",0.013663842342793941,0.41879402846097946,"""Fix self-resetting timeout for poller""",-0.01346119784284383,-0.0342320054769516
24610,js,Add package dependencies to the project's indirect dependencies file.,0.027767371269874275,0.5946360733360052,"The diff adds a new variable ""failed"" and sets it to false, and then checks if it is true later in the code. It also adds a new if statement that checks if the package",0.00030388031154870987,0.15458817221224308,Update package dependencies and add new packages.,0.03955335239879787,0.2569858655333519
24643,js,Fix event propagation in Path.SVG.js.,0.05512538552284241,-0.149628683924675,"The diff changes the implementation of the `Path.SVG.js` class, specifically the `extend` method and the `_fireMouseEvent` function.",-0.008164542727172375,0.7274859661702067,Refactor: Simplify Path.SVG.js,0.07414319552481174,0.14046570658683777
25309,js,Refactor withRoot to use context.,-0.08912486955523491,0.0045271217823028564,Changes the `withRoot` function to pass down props to the `BaseComponent`.,0.005960805341601372,0.46273123286664486,Refactor withRoot function to use context.,-0.08669644966721535,-0.013881951570510864
25410,js,Fix invalid policy configuration by checking for default policy.,0.8868294149287976,0.959183921571821,The diff changes the condition for checking the default policy in the `runPolicy` function.,0.011820527404779568,0.9710295503027737,Fix invalid policy configuration by adding default * policy.,0.7700207547750324,0.1726088523864746
25513,js,Update styles regex to support multiline comments.,-0.40983094461262226,0.34877651929855347,The diff changes the regular expression used to extract the styles section from the source code.,-0.008691662922501564,0.8323773578740656,Refactor buildApi.js to use a more efficient regex pattern.,-0.5884661227464676,-0.020154282450675964
25643,js,Update ESLint config to ignore unused variables in React app.,0.009471072349697351,0.051483943476341665,Changes the value of the 'no-unused-vars' rule in the ESLint config file.,0.006397279248631094,0.6163429040461779,Update ESLint config to ignore unused variables.,0.11908356007188559,0.5776193351484835
25684,js,Update MultiAtlasFile with normal maps.,0.852167024393566,0.8618534451816231,"The diff changes the code to add a normal map to the MultiAtlasFile class, which was previously missing.",0.007642339507583529,0.3311334326863289,Refactor MultiAtlasFile class to use new Class syntax and add normal map support.,0.0020283296253182925,0.3670327430590987
25919,js,Update party selection logic to handle deleted parties.,-0.8294900709297508,0.7451903624460101,"The diff changes the behavior of the code by adding a check for the existence of the selected party before setting the ""selected"" session variable.",0.006333502242341638,0.6711424458771944,Update party selection logic to handle deleted parties.,-0.8294900709297508,0.7451903624460101
26531,js,Update ScaleManager to handle full screen mode on Android devices.,-0.008924779249355197,0.10365000367164612,"The diff changes the code for the ScaleManager class in Phaser, adding a new property and method to the prototype.",-0.08384047914296389,0.9138976421672851,Update ScaleManager to handle full screen mode on iOS and Android devices.,-0.005692313192412257,0.4774184599518776
26875,js,"""Refactor ScaleManager to use new utils/Class and math/Vector2 modules""",-0.9237388353794813,0.048246351070702076,"The diff changes the order of the `require` statements, adds new `require` statements, and changes the order of the `var` declarations.",-0.018105953582562506,0.18038800358772278,"""Refactor ScaleManager class to improve compatibility and performance""",0.008574273437261581,-0.009446636540815234
26950,js,"""Update helpers to use serial arguments instead of named parameters in Sails 1.0.0-44 prerelease""",-0.7068107076920569,0.3676130659878254,The diff changes the code to add a private variable `_prereleaseCompatWarning` and a function `configure` that sets the usage options for helpers to use named parameters and deferred execution,-0.0014014005428180099,0.8641296940622851,"""Update helpers to use serial usage and update sails dependency in package.json""",-0.7407872737385333,0.1955586038529873
27293,js,Add performance logger to React Native renderer.,-0.01921690348535776,0.7436536122113466,The diff changes the way the `performanceLogger` is created and used in the `renderApplication` function.,-0.02244855836033821,0.4376595700159669,Update renderApplication to use scopedPerformanceLogger.,0.7066005931701511,0.4120280146598816
27514,js,Add installation instructions for Cordova on the host platform.,-0.019153380300849676,0.008418247103691101,The diff changes the code to add a new function called `displayNameForHostPlatform` and to use it in the `createProjectContext` function.,-0.013720025308430195,0.92620772740338,Add installation instructions for Cordova on host platform.,-0.018022089265286922,0.06161405146121979
28432,js,Update require() statements to use path module for better code organization.,0.04678160510957241,0.2017093189060688,The diff changes the way the `require` function is called to use the `path` module instead of the `files` module.,0.06433137541171163,0.8399161100387573,Refactor require() statements to use path module.,0.07004272937774658,0.30888888239860535
28681,js,"""Refactor diffChildren to use newVNodeChildren and oldChildren instead of newVNodeChildren and oldVNodeChildren""",-0.5627129133790731,-0.7449425589293242,"The diff changes the function signature of `diffChildren` to accept an additional parameter `children` instead of `newVNodeChildren`, and changes the way the function diffs the children of a",0.016622069291770458,0.7626739186234772,"""Refactor diffChildren function to use newVNodeChildren and oldChildren arrays""",-0.09323863871395588,0.38170843571424484
29006,js,Update XML highlighting rules to include constant character entities.,0.06018890836276114,0.2577574336901307,"Changes the regex for token ""entity.reference"" to match constant character entities.",0.8547476698295213,0.6203958000987768,Update XML highlighting rules in Ace editor.,0.02280188351869583,0.4622762184590101
29146,js,Update Text function to handle wrapped text.,0.5309309842996299,0.9935255833552219,The diff changes the code in the `updateText` function of the `Text` class in the `Phaser` library.,0.0006929421506356448,0.9132550830836408,Update Text function in Text.js,0.051361304707825184,0.7653242824599147
29225,js,Refactor `repositoryForDirectory` to use `GitRepository` instead of `Repository`.,0.35561835672706366,-0.5679298117756844,The diff changes the method `repositoryForDirectory` in the `Project` class to use `GitRepository` objects instead of `Repository` objects.,0.004571254656184465,0.4159390479326248,Refactor `repositoryForDirectory` to use `Promise.all` and `atom.project.repositoryForDirectory`,-0.7817968670278788,0.06479918956756592
29510,js,Update Scope class to use undefined instead of null for new properties.,0.13302216853480786,-0.002099961042404175,"The diff changes the initialization of the `Scope` class in Ember's HTMLBars library, adding `undefined` values for the `_self`, `_blocks`, `_component`, `_",0.008659188752062619,0.7771170940250158,Refactor Scope class to use undefined instead of null.,0.012175451323855668,0.03321334719657898
29768,js,Refactor OperatorList to use a more efficient data structure for storing image data.,-0.04984644940122962,0.14318013563752174,"The diff changes the code in the `OperatorList` class to use a new `getTransfers` method to retrieve the transfers for the current chunk, rather than using the `flush`",0.0019661326659843326,0.6772085959091783,Refactor OperatorList to use a more efficient data structure for storing transfers.,0.027938402956351638,0.12665075808763504
30005,js,"""Refactor ReactMultiChildText to use a more efficient rendering strategy""",-0.03147582896053791,-0.26456380169838667,"The diff changes the implementation of the `ReactMultiChildText` component, specifically the way it renders and updates its children.",-7.254490628838539e-05,0.6605563750490546,"""Refactor ReactMultiChildText to use ReactTestUtils and reactComponentExpect""",0.015659666794817895,0.40027081966400146
30240,js,"Fix typo in `render` function, return `built` instead of `build`.",0.09034170815721154,0.2500017434358597,Changes the return value of the `render` function from `build` to `built`.,0.8002625182271004,0.9506319249048829,"Fix typo in `render` function, return `built` instead of `build`.",0.09034170815721154,0.2500017434358597
30655,js,Add element to callback object in select2.js.,-0.013202682137489319,0.8530969806015491,The diff changes the callback function in the select2.js file to include the element as an additional parameter.,0.010095308534801006,0.6479701111093163,Improve select2.js by adding element to callback object.,0.026471012504771352,0.39992715884000063
30838,js,Refactor relativeDate function to use moment.relativeDate array.,-0.6577221304178238,-0.11627441644668579,The diff changes the implementation of the `relativeDate` function in the `moment.js` library.,0.0032088682055473328,0.8471806799061596,Refactor relativeDate function to use moment.relativeDate array.,-0.6577221304178238,-0.11627441644668579
31446,js,Fix unit test for `ui_utils` to handle empty views.,-0.679114977363497,0.003720715641975403,"The diff changes the order of the `it` blocks in the `describe` block, and adds a new `it` block that tests the `getVisibleElements` function with the `",0.07009688392281532,-0.14545853435993195,Fix unit test for `ui_utils` to handle empty views.,-0.679114977363497,0.003720715641975403
31556,js,Add compatibility functions for requestAnimationFrame on Android and iOS.,0.00014454047777689993,0.7259519041981548,The diff changes the value of `PDFJS.compatibilityChecked` to `true` and adds a new function `installFakeAnimationFrameFunctions` to the `window` object.,-0.0037753955111838877,0.22261172684375197,Fix compatibility issues with requestAnimationFrame on Android and iOS.,0.0005000931196263991,0.5007181037217379
31636,js,Update static net filtering engine with new filter.,-0.838973134290427,0.4343027707654983,The diff changes the maximum token length for the static net filtering engine.,-0.9676591944880784,0.6289745620451868,Refactor: Improve performance of static net filtering engine.,-0.8971334504894912,0.10815898422151804
31702,js,Update MultiFile class to handle null or undefined files.,-0.46522217988967896,0.7471455186605453,"The diff changes the way the `files` property is initialized in the `MultiFile` class. It now uses a new variable `finalFiles` to store the cleaned up file entries,",0.007289092522114515,0.544072569347918,Refactor MultiFile class to handle null or undefined files.,-0.44578543305397034,0.5621684044599533
32022,js,Update script to run in new window with optional terminal.,0.19259383855387568,0.8813802725635469,"The diff changes the way the `startServerInNewWindow` function starts the packager server, by adding a new `terminal` variable and using it to spawn the server in a new",0.011091717053204775,0.08014842867851257,Update script to start server in new window on macOS and Linux.,0.1084428378380835,0.7290609870105982
32133,js,Refactor delayed callbacks and change events to use a single signal.,-0.009018391836434603,0.9376027921680361,"The diff changes the code to use a single signal for both ""change"" and ""changes"" events, rather than using separate signals for each.",-0.007959390059113503,0.8298443846870214,Refactor codemirror.js to improve performance and reduce code complexity.,0.002927434688899666,0.12551085371524096
32146,js,Fix assertion for already rendered views in Ember routing.,0.00024056309484876692,0.0042956918478012085,The diff changes the assertion message in the `render` helper function.,0.0030102221062406898,0.8128739618696272,Refactor render helper to use Ember.assert.,-0.0438833013176918,0.07855889201164246
32435,js,"""Update API response caching and error handling""",-0.041502293199300766,0.3676025504246354,"The diff changes the behavior of the `api` function by adding a `read` and `write` property to the `api` object, which are functions that read and write to a cache",0.026668088510632515,0.614819411188364,"""Refactor API request and caching logic""",0.2569748554378748,0.3006914258003235
32596,js,Add autocomplete functionality to Ace editor.,-0.7068472595419735,0.7440119837410748,"The diff changes the code in the ""Autocomplete"" function to add a new line of code that inserts a match into the editor's completer.",0.012211374938488007,0.890847398666665,Refactor autocomplete logic in Ace editor.,0.002950455527752638,0.18630893528461456
32983,js,Update cursor position and stream columns for better progress display.,0.024623983539640903,0.9193137001566356,Changes the number of columns used for indentation and status display in the `ProgressDisplayFull` class.,0.013593764510005713,0.9891167471068911,Update cursor position and stream columns in ProgressDisplayFull.,-0.11601533740758896,0.9779882475268096
33166,js,Add global exposure option to userconfig hook.,0.23627458547707647,0.9712835415266454,"The diff changes the behavior of the `sails.exposeGlobals()` function, which was previously called in the `userconfig` hook, to be called conditionally based on the",0.04814295470714569,0.22175513207912445,Add optional global exposure in userconfig hook.,0.14385060500353575,0.9889396363869309
33232,js,Refactor anime() function to improve performance and reduce code complexity.,0.019699882715940475,0.04812315106391907,The diff changes the `setAnimationsProgress` function call in the `anime` function.,0.0017120859411079437,0.8165994491428137,Refactor anime function to improve performance.,0.019463385455310345,0.06298086419701576
33731,js,Add a custom type for Infinity and NaN values.,-0.6508641328546219,0.9359766603447497,"The diff changes the implementation of the `EJSON` object, adding a `Map` data structure to store custom types and modifying the `toJSONValue` and `fromJSONValue` methods",0.01691051246598363,0.6351318079978228,"""Refactor EJSON custom type handling to use Map instead of object""",0.05068726174067706,0.2638469450175762
33735,js,Update RenderTexture class to use new TextureTintPipeline.,0.015980441123247147,0.2495773881673813,"The diff changes the code in the RenderTexture class to add a new method called ""destroy"" and a new internal method called ""preDestroy"".",0.883985657710582,0.9398874547914602,Update RenderTexture class to use new pipeline and add destroy method.,0.26705966755980626,0.6924033248797059
33779,js,Improve error handling for unknown helper names.,0.9937250562070403,0.82371691823937,"The diff changes the behavior of the `Handlebars.evaluate` function by adding a check for the `id` parameter to be an object, and throwing an error if it is not.",-0.0023601953871548176,0.6203783480450511,Improve error handling for unknown helpers in Handlebars.,0.0034861672029364854,0.6430021576816216
33808,js,Refactor underscore.js to use native Object.keys(),-0.25994467083364725,0.8061447204090655,The diff changes the implementation of the `keys` function to use the native `Object.keys` method if available.,0.0016653682105243206,0.8757927060360089,Refactor underscore.js to use native `Object.keys`,-0.11629964038729668,0.8153648669831455
34102,js,Add stats property to track collisions and optimize collision detection.,-0.022916472516953945,0.26879017101600766,"The diff changes the code to add a `stats` property to the `Phaser.Physics.Arcade` class, which is an object that collects statistics about the number of coll",-0.06585379876196384,0.3729311116039753,Add stats property to track collisions and optimize collision detection.,-0.022916472516953945,0.26879017101600766
34366,js,Refactor getAvailableChunks to use regex with negative lookahead.,0.00025659985840320587,0.0037468820810317993,The diff changes the regular expression used to extract the chunk name from the filename in the `getAvailableChunks` function.,0.0841909907758236,0.8994421558454633,Refactor getAvailableChunks function in utils.js,-0.031598810106515884,0.14436070155352354
34445,js,Reset keys and stop keyboard event listeners in preparation for shutdown.,0.0007667049067094922,0.7588590509840287,The diff changes the behavior of the `resetKeys` method in the `KeyboardPlugin` class.,0.40432747500017285,0.6529385484755039,Reset keys and stop keyboard event listeners in KeyboardPlugin.,-0.00013593200128525496,0.9907161677547265
31,php,Add HTTP response builder for feed-io package.,0.0044495039619505405,0.4539457615464926,"The diff changes the code in the `ResponseBuilder` class to add a `max-age` header to the response, and to set the `Cache-Control` header to `public`",-0.06411468237638474,0.25145774707198143,Add support for caching and public/private responses in ResponseBuilder.,0.0006258502835407853,0.043063743971288204
47,php,"Add ""content:encoded"" to Rss description rule set.",0.021724387537688017,0.9817934030143078,"The diff changes the order of rules in the Rss class, adding a new rule for ""content:encoded"" and removing the ""description"" rule.",-0.030033200979232788,0.7941015921533108,Update Rss standard to include content:encoded in description.,0.02055242715869099,0.656872815801762
138,php,Add serialization support to InjectionPoint class.,-0.08174114860594273,0.8311072301003151,"The diff adds a new method `serialize()` and `unserialize()` to the `InjectionPoint` class, which allows the class to be serialized and unserialized.",-0.1355257397517562,0.022123279981315136,Add serialization support to InjectionPoint class.,-0.08174114860594273,0.8311072301003151
204,php,Add filter to site_transient_update_plugins to include download offer in each item.,0.004088538174983114,0.39250466879457235,The diff changes the code to use a custom filter to modify the update package and version for each item being upgraded.,0.0065161396050825715,0.7412744704633951,Update bulk upgrade method to use download offer in each item.,0.0005685412324965,0.9852501647255849
218,php,"""Update plugin command descriptions and options""",0.5163759104907513,0.12834348529577255,"The diff changes the text of several comments in the code, specifically changing the word ""see"" to ""reveal"" in one comment and changing the word ""search"" to ""searches",-0.009139901958405972,0.7701829820871353,"""Update plugin command with improved functionality and documentation""",0.03594546020030975,-0.007141150534152985
219,php,Update theme documentation to reflect new functionality.,0.60131365142297,0.07142239809036255,"The diff changes the text of several comments in the code, specifically changing the word ""see"" to ""reveal"" in two places, changing the word ""search"" to ""searches",-0.12546363286674023,0.48200709372758865,Update theme command documentation.,0.7564672525040805,0.39463138580322266
224,php,Add `url` property to plugin or theme objects for WordPress.org.,-0.024854015093296766,0.9916458463849267,The diff adds two lines of code to the `CommandWithUpgrade` class.,-0.002477567410096526,0.8848104649223387,Add `url` property to plugin or theme objects in `CommandWithUpgrade` class.,-0.39739105477929115,0.9925423731547198
228,php,Update upgrade check to use `is_wp_error` and `get_many` methods.,0.032562397711444646,0.36072637513279915,The diff changes the condition for activating a plugin from `if ($result)` to `if (!is_wp_error($result) && !empty($this->fetcher->get_,-0.005366138182580471,0.8656867865938693,Update upgrade logic to check for WP_Error and non-empty fetcher result.,0.09838244621641934,0.1930444278405048
233,php,Update theme list with version and update information.,0.300454406067729,0.9619905576109886,The diff changes the code level by adding a new variable `$theme_version_info` and modifying the `get_item_list` method to include it in the returned array.,-0.0015088638756424189,0.38076769816689193,Update theme list to include update information and compare version with WP.org version.,0.03008795902132988,0.8467704087961465
244,php,Workaround to equalize folder naming conventions across Win/Mac/Linux.,0.9585797188337892,0.9420880335965194,"The diff changes the logic of the `get()` method in the `Theme` class, adding a workaround to equalize folder naming conventions across Windows, Mac, and Linux.",0.001341771028819494,0.7479359112330712,Workaround to equalize folder naming conventions across Win/Mac/Linux.,0.9585797188337892,0.9420880335965194
273,php,Update XliffLintCommand to use default name 'lint:xliff' and add new properties for format and display correct files.,0.0009575713193044066,0.6116745067702141,"The diff changes the name of the command from ""lint:xliff"" to ""lint:xliff"" and adds two new lines of code.",-0.011872011236846447,0.10994471423327923,Update XliffLintCommand to support default name and add new properties.,0.0067451667855493724,0.5480889724276494
279,php,Update Twig default path for debug and update commands.,-0.40224556624889374,0.20513933897018433,The diff changes the code in the `TranslatorPass` class by adding new lines and removing existing ones.,-0.010691371746361256,0.176969597581774,Update Twig default path in debug and update commands.,-0.29129885137081146,0.21379047818481922
282,php,Refactor XliffFileDumper to use shorter and more readable names for translation elements.,-0.002373716328293085,0.010278325295075774,"The diff changes the way the ""name"" attribute is set on the ""unit"" element in the ""XliffFileDumper"" class.",-0.005052713677287102,0.8415876927901991,Refactor XliffFileDumper to use shorter names for long source strings.,0.0003024957550223917,0.02586160763166845
292,php,"""Update translation status script to include verbose output and support for analyzing a single locale""",0.00018724496476352215,0.139463372528553,"The diff changes the code to add a new function called ""printTranslationStatus"" that prints the translation status of a single locale and all its missing translations.",0.00664542279264424,0.0507237184792757,"""Added translation status script to check translation status of all locales""",0.005029716616263613,0.6247604042291641
294,php,Update XliffFileLoader to use $resource instead of $xliffVersion.,0.008028857875615358,0.017526564188301563,Changes the variable name from `$xliffVersion` to `$resource` in the `InvalidResourceException` message.,0.05727137310896069,0.058787527959793806,Update XliffFileLoader to use $resource instead of $xliffVersion.,0.008028857875615358,0.017526564188301563
303,php,"""Add logging for when the locale of the translator changes""",-0.8799135338631459,0.7854022141254973,The diff changes the code to add a check for the previous locale and a debug message if it has changed.,0.004312294535338879,0.5197666180465603,Add logging for locale change in LoggingTranslator.,-0.5679589802166447,0.9085938370117219
313,php,Update file input handling to support piping file content to STDIN.,0.10190836200490594,0.40282413037493825,"Changes the way the command handles input files, allowing for piping file content to STDIN.",-0.6241093650460243,0.4813217157498002,Fix incorrect comparison of stdin input with empty array.,-0.5610694922506809,0.4515408892184496
320,php,Update message catalogue with new messages.,0.017999271862208843,0.22366513218730688,The diff changes the way the messages are stored in the MessageCatalogue class.,-0.02885908167809248,0.6977430176921189,Refactor MessageCatalogue to use foreach instead of array_replace.,-0.01940031093545258,0.05582923878682777
324,php,Add class_exists() call to help opcache.preload discover always-needed symbols.,-0.6848290711641312,0.9671432806644589,The diff adds 3 lines of code to the Translator.php file.,-0.09624628769233823,0.017621177015826106,Add class_exists() call to help opcache.preload discover always-needed symbols.,-0.6848290711641312,0.9671432806644589
354,php,Update TranslationPushCommand to use provider's locales config key.,0.02479352499358356,0.15502556134015322,The diff changes the exception message thrown when the translation provider is not enabled.,0.0031178276985883713,0.7038876637816429,Update TranslationPushCommand to use provider's locales config key.,0.02479352499358356,0.15502556134015322
355,php,"""Added option to only show incomplete languages and added functionality to find translation mismatches between trans-unit id and source""",0.01245688354538288,0.1389900598442182,The diff changes the behavior of the `translation-status.php` script by adding a new option `--incomplete` that only shows the translation status of incomplete or erroneous locales,-0.26058393623679876,0.8793942209449597,"""Update translation status command to include --incomplete option""",0.17076371610164642,0.8555576128419489
366,php,Update argument retrieval to use raw args and fix named argument handling.,-0.9489233177155256,0.026468925178050995,"The diff changes the way arguments are retrieved from a node, from using the `getArgs()` method to using the `getRawArgs()` method, and from using the `name` property of",0.009289015084505081,0.3572566844522953,Fix incorrect argument retrieval in AbstractVisitor.,-0.7698871530592442,0.11400367319583893
383,php,Update Mysql driver to use tenant's original username if dirty.,-0.27835290040820837,0.7756209559738636,"The diff changes the method signature of `configure` in the `Mysql` class, removing the `$checkDirty` parameter and changing the return type from `array` to `array",0.003142788540571928,0.37121690437197685,Refactor Mysql driver to use tenant configuration,-0.019323476124554873,0.4150928361341357
384,php,Add DeferrableProvider interface to TenantProvider.,-0.00914844055660069,0.4557736145798117,The diff changes the class `TenantProvider` to implement the interface `DeferrableProvider`.,-0.030862949788570404,0.8098510036652442,Add DeferrableProvider interface to TenantProvider.,-0.00914844055660069,0.4557736145798117
400,php,"Update config to use new key ""test"" instead of ""cool.test""",0.020701220724731684,0.010545321740210056,The diff changes the code in the `ConfiguresConfigTest` class to use the `test` config key instead of `cool.test`.,0.0015807357849553227,0.07720069773495197,Refactor config() calls to use direct call and event listener.,0.049655238166451454,0.6777077617589384
409,php,Add tenant connection configuration support.,0.2581518143415451,0.8229812615318224,"The diff changes the method `useConfig` in the `Configuring` class, adding a new method and modifying the `defaults` method.",0.006599810440093279,0.6599698450881988,Add tenant connection configuration support.,0.2581518143415451,0.8229812615318224
458,php,Update Mailgun configuration and return $this for chaining.,-0.0007705916650593281,0.6244479175657034,"The diff changes the code in the ConfigureMail class by removing a line, adding two lines, and changing the return type of several methods.",0.0016618986846879125,0.27644857903942466,Refactor ConfigureMail class to use dependency injection and return $this for chaining.,0.0006810278573539108,0.1636107973754406
506,php,Update MediaExtension class to use get_called_class() instead of get_class() to support PHP 5.5+.,0.003211617819033563,0.0007649025646969676,Changes the class name used in the `getTokenParsers` method from `get_class()` to `get_called_class()`.,0.00949523551389575,-0.009420273825526237,Update MediaExtension class to use get_called_class() instead of get_class(),0.7820156831294298,0.005231843329966068
512,php,Update variable names to match new class names.,-0.1842026636004448,0.273978341370821,"The diff changes the variable names from ""contextManger"" to ""contextManager"" and ""categoryManger"" to ""categoryManager"" in the code.",-0.0225005354732275,0.12627790123224258,"""Refactor: Update variable names to match new naming conventions""",-0.6192183308303356,0.27736296132206917
541,php,Update cdn_flush_identifier type from bool to string.,-0.000646150961983949,0.7830318649066612,Changes the type of the `$cdnFlushIdentifier` parameter from `bool` to `string`.,0.00011551007628440857,0.8424026577849872,Update MediaInterface setCdnFlushIdentifier method parameter type from bool to string.,-0.0006874052342027426,0.35443081660196185
545,php,Update media manager to use find() instead of findOneBy() to improve performance.,0.006296522682532668,-0.0021923957392573357,"The diff changes the method signature of `getMedium` from `findOneBy` to `find`, and the argument from `['id' => $id]` to just `$id`.",0.03610735014081001,0.07379528414458036,Update method to use find() instead of findOneBy() in MediaController.,0.0028463531052693725,0.018603675067424774
584,php,Update content-length header for compressed responses.,-0.011015790048986673,0.4654226377606392,The diff changes the calculation of the download size in the `MockResponse` class.,-0.0490317833609879,0.49655708065256476,Update content-length header handling in MockResponse.,-0.07243616040796041,0.9704477089690045
595,php,Disable verbose output for curl debug buffer.,0.00640901830047369,0.9326064472552389,The diff changes the value of the CURLOPT_VERBOSE option in the curl_setopt() function.,0.007071010186336935,0.7708747707074508,"Add curl_setopt($this->handle, CURLOPT_VERBOSE, false) to disable verbose output in CurlResponse.",0.012701857835054398,0.29086371965240687
615,php,Update no_proxy handling in NativeHttpClient.,0.9722793640394229,0.7683959128335118,"The diff changes the way the ""no_proxy"" option is handled in the NativeHttpClient class.",0.8883450782159343,0.7741987110348418,Update proxy handling in NativeHttpClient.,0.8224153132177889,0.8568156447727233
717,php,Add testRetryOnErrorAssertContent() to RetryableHttpClientTest.php to test retrying on error and asserting content.,0.16522920405259356,0.8123602533742087,"The diff adds a new test method ""testRetryOnErrorAssertContent"" and a new class ""RetryableHttpClient"" to the ""Tests/RetryableHttpClientTest.",0.013586402405053377,0.3868012111634016,Add testRetryOnErrorAssertContent() method to RetryableHttpClientTest.,0.012471215741243213,0.882241630111821
749,php,"Add ""sassafrass"" to the list of words in the Randomizer class.",0.0002330276183784008,0.9619202433968894,"The diff changes the list of words in the ""salt"" category in the Randomizer.php file.",-0.012952238321304321,0.7127596677746624,"Add ""sassafrass"" to the list of words in the Randomizer class.",0.0002330276183784008,0.9619202433968894
774,php,Add custom switches to settings panel.,0.00018663157243281603,0.5597173906862736,"The diff adds a new div element with a class of ""panel panel-success"" and a new div element with a class of ""panel-body"" to the file ""resources/views/",-0.0013279009144753218,0.8129096985794604,Add custom switches to settings panel,-9.392102947458625e-05,0.4638721849769354
782,php,"""Refactor dialog writing to use a single method""",0.3781919777393341,0.002637624740600586,The diff changes the code that writes dialogue strings to the ROM file.,0.03585604066029191,0.49999409541487694,"""Refactor text strings in Rom class""",-0.8661173284053802,0.20815793797373772
805,php,"""Fix typo in Zora NPC dialogue""",-0.14686453342437744,-0.06270991079509258,Changes the return value of a method in a PHP class.,0.002243290073238313,0.983222371636657,Fix typo in Zora NPC dialogue.,0.019471892970614135,0.013693530112504959
815,php,Add if statement to take any swords in the region.,0.5109160542488098,0.4640170179773122,Adds an if statement and two lines of code to the end of a method.,-0.024434559047222137,0.8997388751595281,Add if statement to take any items in Randomizer.php.,0.00920980074442923,0.7873785523697734
860,php,"""Fix enemy randomization and allow killable thief""",-0.8685834403149784,0.5807638391852379,"Changes the value of ""RandomizeEnemies"" from true to false in the Enemizer class.",0.004499439353821799,0.4036436602473259,Update Enemizer.php to randomize enemies and allow killable thief.,-0.019711927510797977,0.3869612643029541
894,php,Add sword check to Arrghus boss conditions.,-0.5743353273719549,0.8625831818208098,"Adds a new condition to the Boss constructor to check if the item placement is not basic and the mode is not swordless, and if the player has a sword.",0.0049528577364981174,0.1637027869001031,Update Boss.php to add a new condition for Arrghus.,-0.4290720745921135,0.40694621205329895
926,php,Add Bow and Bow And Arrows to random item pool.,-0.9264768725261092,-0.6974963620305061,Adds two new items to the list: 'Bow' and 'Triforce'.,0.9940238781709922,-0.7075612731277943,Fix downgrade of sword and add bow to random item pool.,0.0015030507347546518,0.07421723753213882
939,php,Fix issue with short description parsing.,0.5261584493564442,0.26897089526755735,Changes the way the short description is generated by modifying the logic of the while loop.,-0.00013030500849708915,0.9266488746507093,Fix issue with short description in command.php.,0.020290782500524074,0.3769505762029439
954,php,Add some functions to the default ExpressionLanguage.,-0.0032712379470467567,0.9846789342700504,"The diff changes the signature of the `ExpressionLanguage` class constructor, removing the `ParserCacheInterface` parameter and adding a new `$cache` parameter with a default value of `null`.",-0.00034340936690568924,0.07463912293314934,Refactor ExpressionLanguage class to use Symfony\Component\ExpressionLanguage\ParserCache\ParserCacheInterface.,-0.007122087525203824,0.7578361679334193
974,php,Add final keyword to Security class to prevent inheritance.,-0.7033095305087045,0.0030923678423278034,"The diff changes the class declaration from `final` to `class`, adds two new lines, and changes the number of lines in the class body from 8 to 10.",-0.472860143519938,0.0590054020867683,Add final keyword to Security class.,0.0014192562375683337,0.9407333153940272
976,php,Update type of $authChecker from \InvalidArgumentException to \TypeError.,0.006117579527199268,0.4510401599109173,"The diff changes the type of the third argument passed to the `ExpressionVoter` constructor from `AuthorizationCheckerInterface` to `AuthorizationCheckerInterface` or `null`, and replaces",0.011315010488033295,0.2627542018890381,Update type of $authChecker in ExpressionVoter constructor.,-0.5446430388838053,0.0845646858215332
1010,php,Implement AuthorizationCheckerInterface to enable authorization checks.,0.40010317717678845,0.8832161210011691,The diff adds a new use statement and changes the class name.,-0.006919423118233681,0.09728634753264487,Add AuthorizationCheckerInterface to Security class.,-0.05011698603630066,0.8914061048999429
1028,php,Update threshold count in TooManyLoginAttemptsAuthenticationException.,0.009815314202569425,0.45354275894351304,The diff changes the return value of the `getParameters` method in the `TooManyLoginAttemptsAuthenticationException` class.,-0.00669584795832634,0.3161773463943973,Update TooManyLoginAttemptsAuthenticationException to include count in message.,0.7285876292153262,0.10194939817301929
1082,php,"Add ""from"" sorting option and display it in the table.",0.023645753622986376,0.3586812922731042,"The diff changes the allowed sort keys and adds a new sort key for the ""from"" field.",-8.539785631000996e-05,0.2041179956868291,"Add ""from"" sorting option to mail.php",0.09811733849346638,0.23587908037006855
1165,php,Add OrderInterface type hint to FailedRefundPaymentFactory::createWithData() method.,0.0004977422649972141,0.22946424316614866,The diff changes the type of the `$order` parameter in the `createWithData` method from `string` to `OrderInterface`.,-0.015898058656603098,0.14014147641137242,Refactor FailedRefundPaymentFactory to use OrderInterface instead of orderNumber.,0.0003464550245553255,0.011945284903049469
1191,php,"Fix typo in MakeProjectorCommand, change 'sync' to 'qeueud'",0.027325119823217392,0.08577242051251233,Changes the condition in the `if` statement from `!$this->option('sync')` to `!$this->option('qeueud')`.,0.20473698596470058,0.8707088096998632,Fix typo in MakeProjectorCommand.php,0.016433001961559057,0.0028543565422296524
1215,php,Add static method to retrieve aggregate root by UUID.,-0.2107676505111158,0.9823215782234911,"The diff adds 3 new lines of code to the AggregateRoot class, including a new method ""retrieve"" and two new methods ""recordThat"" and ""persist"".",-0.18131692503811792,0.7077308497391641,Add methods to retrieve and persist aggregate root.,-0.023211579769849777,0.9092213769908994
1227,php,Update aggregate root retrieval method to use app() helper.,-0.04982263024430722,0.49559097073506564,"Changes the way the `AggregateRoot` class is resolved, from using the `resolve` helper to using the `app` helper.",-0.2882994133979082,0.8605914179934189,Update aggregate root retrieval method to use app() helper.,-0.04982263024430722,0.49559097073506564
1228,php,Update event sourcing configuration to use EloquentStoredEventRepository and EloquentSnapshotRepository.,0.06190215074457228,0.203476102091372,The diff changes the class name of the `stored_event_repository` and `snapshot_repository` from `\Spatie\EventSourcing\StoredEventRepository`,0.2831247840076685,0.43820350244641304,Update event sourcing configuration to use EloquentStoredEventRepository and EloquentSnapshotRepository.,0.06190215074457228,0.203476102091372
1230,php,Add JSDoc comments to AggregateRoot class.,-0.013345181941986084,0.11441933363676071,"The diff changes the method signatures of `retrieve`, `recordThat`, and `persist` in the `AggregateRoot` class, adding type hints and docblocks",0.011340323719196022,0.011702715186402202,Refactor AggregateRoot to use type hints and docblocks.,-0.045172104611992836,0.054223086684942245
1263,php,"Update EventSerializerTest to use assertEquals for account class, id, and amount.",-4.4716070988215506e-05,0.3567253383807838,The diff changes the code in the `EventSerializerTest` class by removing the `json_decode` function and replacing it with assertions that check the values of the `account` and `,0.0022340768482536077,0.6608953340910375,Refactor EventSerializerTest to use assertEquals() for better readability and maintainability.,0.0004209457547403872,0.011826999369077384
1293,php,Add HTML special characters to OAuthServerException hint.,-0.7834490463137627,0.6186039699241519,"The diff changes the way the `$scope` variable is formatted in the error message, from a plain string to an HTML-escaped string.",-0.004787084646522999,0.10608019458595663,Add HTML special characters to OAuthServerException hint.,-0.7834490463137627,0.6186039699241519
1300,php,Remove unused encryption key setter and error log.,0.0014579954004148021,-0.9133011028170586,The diff changes the code level by removing two lines of code related to setting an encryption key and adding a comment to the code.,0.0008924988796934485,0.19093412719666958,Remove unused encryption key and related methods from AuthorizationServer.,0.027671212679706514,-0.9785212760325521
1300,php,Remove unused encryption key setter and error log.,0.0014579954004148021,-0.9133011028170586,The diff changes the code level by removing two lines of code related to setting an encryption key and adding a comment to the code.,0.0008924988796934485,0.19093412719666958,Remove unused encryption key and related methods from AuthorizationServer.,0.027671212679706514,-0.9785212760325521
1304,php,Fix key file permissions to be 600.,0.9164895135909319,0.9658248413470574,The diff changes the code in the `CryptKey` class to use `trigger_error()` instead of `throw new \LogicException()` when the key file permissions are not correct.,0.03338685512426309,0.7244439809583127,Fix incorrect key file permissions.,0.6825643305201083,0.9871576546283904
1307,php,Add default scope to AuthorizationServer constructor.,0.057927760120946914,0.18060021102428436,The diff adds a new private property `$defaultScope` and a new constructor parameter `$defaultScope` to the `AuthorizationServer` class.,0.0018999695603270084,0.617148807272315,Add default scope to AuthorizationServer constructor.,0.057927760120946914,0.18060021102428436
1308,php,Add query delimiter to ImplicitGrant constructor.,0.00019863812485709786,0.9090482181636617,The diff adds a new parameter to the `ImplicitGrant` constructor and modifies the `queryDelimiter` property.,0.001179859391413629,0.20765689318068326,Add query delimiter to ImplicitGrant constructor.,0.00019863812485709786,0.9090482181636617
1334,php,"""Update user list to include total users and hide user names and email addresses based on access token scopes""",-0.06532852351665497,0.7619773681508377,"The diff changes the number of iterations in two for loops, and adds a new line to the code.",0.0002454653149470687,0.07614915817975998,Update user data to include total users and hide user names and email addresses based on access token scopes.,-0.34853093326091766,0.9057735760579817
1335,php,Update implicit grant encryption key and enable implicit grant with 1 hour token TTL.,-0.8188366796821356,0.9832000041933497,Removes a line of code that sets the encryption key for the server.,0.8817192119313404,0.544774129986763,Fix implicit grant encryption key and enable implicit grant.,-0.6317952014505863,0.44402457028627396
1347,php,Update OAuthServerException to include a hint for missing required parameters.,-0.007580919656902552,0.2180013693869114,"The diff changes the error message and hint for the ""unsupported_grant_type"" error in the OAuthServerException class.",0.0018337334040552378,0.8520433817757294,Update OAuthServerException to support new grant type.,-0.08312111720442772,0.02729637548327446
1436,php,Add revoke refresh tokens option for all grant types.,-8.964596781879663e-05,0.14619982428848743,The diff changes the value of the `$revokeRefreshTokens` property from `false` to `true` in the `AuthorizationServer` class.,0.016052505758125335,0.6116406214423478,Update AuthorizationServer to revoke refresh tokens by default.,0.19879516726359725,0.27159202098846436
1454,php,Add login method and cookie jar for qBittorrent API requests.,-0.11093801306560636,0.8992172565776855,The diff changes the code to add a login method and use it before making API requests.,0.028460600995458663,0.6781388036906719,Add login method and update livestats method to use it.,0.008620903827250004,0.40208961069583893
1473,php,Encode username and password for qBittorrent login.,0.8086848398670554,0.9766568067716435,The diff changes the way the username and password are encoded in the login request.,0.6323064402677119,0.6297214198857546,Fix encoding of username and password in qBittorrent login request.,0.911578269675374,0.002392951399087906
1490,php,Add support for custom Plex API port.,0.6063527406658977,0.29795021656900644,The diff changes the URL of the Plex API endpoint by adding a scheme and port number.,0.03186814545188099,0.8903798223473132,Update Plex API URL with scheme and port.,0.16439221950713545,0.8317105314927176
1493,php,Update Jellyfin API endpoint for public info.,0.05263457266846672,0.2511208802461624,Changes the URL used in the `appTest` and `execute` methods from `/System/Info` to `/System/Info/Public`.,-0.0007479256018996239,0.08125174324959517,Update Jellyfin.php to use new API endpoints.,0.04653357062488794,0.05269765807315707
1501,php,Update Sonarr API endpoint to v3.,0.015305686043575406,0.16541888343635947,"The diff changes the way the ""queue"" variable is calculated in the Sonarr class, from using the ""count"" function to using the ""totalRecords"" property.",-0.006513937609270215,0.5091756184119731,Update Sonarr API endpoint to v3.,0.015305686043575406,0.16541888343635947
1502,php,Add sortKey parameter to Sonarr API URL.,0.002574790152721107,0.2345958543010056,The diff changes the API URL used by the Sonarr app to include a sort key parameter.,0.005625354417134076,0.3706273251445964,Update Sonarr API URL to include sortKey parameter.,0.15306226420216262,0.08517300640232861
1515,php,Update torrent status and seed/leech count.,0.8349124249070883,0.9044284881092608,"The diff changes the calculation of seeding and leeching torrents, and adds two new variables to the data array.",7.500965148210526e-05,0.4298679472412914,Update Transmission.php to include seeding and leeching torrent counts.,0.011481704947073013,0.3397457570536062
1540,php,Add SHA256 access token generator implementation.,-0.0013987724378239363,0.6803367957472801,"The diff adds a new PHP file named SHA256.php to the Imbo package, containing a class definition for a SHA256 access token generator.",0.00035577494418248534,0.7564848094480112,Add SHA256 access token generator implementation.,-0.0013987724378239363,0.6803367957472801
1543,php,Update AccessTokenInterface to include generateSignature and getArgumentKeys methods.,0.4094326044432819,0.43920476897619665,The diff changes the signature of the `generateSignature` method and adds a new method `getArgumentKeys`.,0.06320927711203694,0.17540194280445576,Refactor AccessTokenInterface to use interface instead of abstract class.,0.20078653807286173,0.21842838823795319
1563,php,Update output converter to support JPEG images with both JPG and JPEG extensions.,0.1147764497436583,0.22508932143682614,Changes the order of the 'extension' array in the 'mime' => 'image/jpeg' array.,-0.11861781030893326,0.573010171065107,Update output converter extension list to include both jpg and jpeg.,0.16504162503406405,0.07702147215604782
1569,php,Add Imagick-specific event listener for output conversion.,0.9679120476357639,0.9504820303991437,"The diff changes the number of lines in the `$defaultConfig` array, adding 3 new lines and removing 3 lines.",-0.004537095781415701,0.017624031519517303,Add Imagick-specific event listener for output conversion.,0.9679120476357639,0.9504820303991437
1572,php,Add Imagick dependency for image conversion.,0.03206532169133425,0.6078324932605028,The diff adds a new property `protected $imagick` to the `OutputConverterManager` class and modifies several methods to use this property.,-0.001440012245438993,0.29300823248922825,Add Imagick dependency to OutputConverterManager.,-0.0006380956619977951,0.5479250997304916
1576,php,Update image preparation to use event-based output converter manager.,-0.1792716085910797,0.7306083030998707,The diff changes the method of obtaining the extension from the mime type in the ImagePreparation class.,-0.0010186564177274704,0.8488213161472231,Refactor ImagePreparation to use event data.,-0.5305731445550919,0.17865421995520592
1577,php,Add flag to track if transformations have been applied.,0.08619992434978485,0.9361887427512556,The diff changes the code by adding a new property and a new method to the TransformationManager class.,0.0024891510838642716,0.4138649199157953,Add property to track if transformations have been applied.,0.2143169492483139,0.9918424426869024
1584,php,"""Update supported image types based on output converter manager""",-0.5656637512147427,0.5238157398998737,"The diff changes the way the code handles image formats in the response formatter. It adds support for image extensions and mimetypes, and populates the supported image types from the output converter manager",0.00034352083457633853,0.8722466470790096,"""Update image response formatter to support new output converters""",-0.002949546673335135,0.011837640311568975
1609,php,Refactor: Move loader registration to constructor and add loader interfaces.,0.001339406706392765,-0.01999458111822605,"The diff changes the order of the `use` statements in the `InputLoaderManagerTest` class, adding new imports and removing existing ones.",0.015299404272809625,0.05909240245819092,Refactor input loader manager to use a consistent naming convention and order for loaders.,0.22060161386616528,0.06539958715438843
1625,php,Update ICC profile transformation to handle invalid profile and imagick exceptions.,0.02833591867238283,0.775865618372336,The diff changes the namespace and adds new exceptions to the `Icc` class in the `Imbo\Image\Transformation` namespace.,-0.06377263367176056,0.6346241311402991,Update Icc transformation to handle ImagickException.,0.02485568105475977,0.42558402940630913
1643,php,Add code coverage ignore comments to suppress coverage for storage exception.,-0.3900051433593035,0.7452179277315736,The diff changes the code by adding two lines of code to the `deleteImageVariations` method.,-0.004748164676129818,0.0901746159652248,Add code coverage ignore comments to deleteImageVariations method.,-0.0603441777639091,0.3733483888208866
1645,php,Add port and driver to DoctrineMySQL database configuration.,0.0032328185625374317,0.8973129494406749,The diff changes the port number and adds a new driver option to the DoctrineMySQL constructor.,0.004372142255306244,0.03950801369501278,Update database configuration for DoctrineMySQL.,-0.8564168252050877,0.4174566729925573
1735,php,Update script_var method to use get_callback() for dimensions fields.,0.0012990614923182875,0.37564046308398247,"The diff changes the way the `script_var` method is called in the `Kirki_Modules_PostMessage` class. In the original code, the method is called with",0.001265697181224823,0.17114875465631485,Refactor: Improve performance by using a callback function for script_var_array.,0.007779210805892944,0.08895361889153719
1800,php,"Update font-family, font-weight, and font-style values in typography field.",-0.0001780622114893049,0.8538150512613356,The diff changes the code level by removing lines 14-16 and adding lines 17-19 in the class Kirki_Field_Typography.,-9.57188312895596e-05,0.06608901778236032,Fix typo in Kirki_Field_Typography class and update font-weight and font-style logic.,-0.0016967150440905243,0.15965509554371238
1804,php,Add field validation to prevent adding fields on customize_register.,-0.4140225723385811,0.4950658278539777,"The diff adds a new condition to the `add_field` method, checking if the `customize_register` action is being performed, and if so, it logs a warning message.",0.009530619805445895,0.16446422002627514,Add check for customize_register action in Kirki::add_field(),0.003876241680700332,0.980151935829781
1873,php,"""Update Kirki config and add new fields""",0.018576676258817315,0.32312968000769615,"The diff changes the code level by adding new lines, removing lines, and modifying existing lines.",0.06812222488224506,0.12548600137233734,Update Kirki configuration and add new fields.,0.1086684635374695,0.6086667161434889
1879,php,Add customizer control templates to footer.,-0.1524278186261654,0.911498811095953,The diff adds a new class `Kirki_Controls` with a constructor that adds a footer script to load underscore.js templates.,0.004932013514917344,0.9484483059495687,Add customizer control templates to footer.,-0.1524278186261654,0.911498811095953
1919,php,Add label and description for color picker field in Kirki repeater control.,0.0006515956483781338,0.7754032104276121,The diff changes the code in the `class-kirki-control-repeater.php` file by adding 4 lines of code and removing 4 lines of code.,-0.0005251053953543305,0.27359218476340175,Add label and input field for color picker in Kirki repeater control.,-0.009060774929821491,0.8606727696023881
1943,php,Remove unused 'height' property from Kirki_Control_Dimensions class.,-0.68337182700634,-0.3667295575141907,Removes a line of code from the class-kirki-control-dimensions.php file.,-0.16443775687366724,-0.6486667096614838,Remove unused 'height' property from Kirki_Control_Dimensions class.,-0.68337182700634,-0.3667295575141907
2026,php,Update Datatables builder method to use $builder instead of $object.,-0.0008682925254106522,-0.059437334537506104,"The diff changes the method signature of `Datatables::of()` from `of($object)` to `of($builder)`, and changes the logic to use the `$builder` parameter instead of",0.020366651006042957,0.21833650767803192,Refactor Datatables class to use dependency injection for builder.,-0.011628174223005772,-0.0021582916378974915
2031,php,Update Datatables to use Collection instead of Builder.,-0.34886785596609116,0.1592839229851961,"The diff changes the method signature of `Datatables::of()` from accepting a `Builder` instance to accepting a `Collection` instance, and adds a check to determine if the passed argument",0.006615977734327316,0.07195356488227844,Update Datatables to use Collection instead of Builder.,-0.34886785596609116,0.1592839229851961
2075,php,Update QueryBuilderEngine to use Builder instead of mixed for query.,0.22547775134444237,-0.10856565833091736,"The diff changes the method signature of `applyFilterColumn` from `protected function applyFilterColumn($query, $columnName, $keyword, $boolean = 'and')` to `protected function",0.27085598558187485,0.3586734514683485,Update QueryBuilderEngine to use Builder instead of mixed for query.,0.22547775134444237,-0.10856565833091736
2090,php,Add Eloquent and Query Builder methods to DataTables facade.,0.0004893514851573855,0.9541834643750917,"The diff adds 6 lines of code to the `DataTables` class, including a new method for creating a DataTables instance from an Eloquent builder, a new method for creating a",0.0010243647266179323,0.606848951196298,Add Eloquent and Query Builder methods to DataTables facade.,0.0004893514851573855,0.9541834643750917
2125,php,Add support for custom engine mapping in DataTables.,0.35492979921400547,0.6256687333807349,The diff changes the mapping of builder classes to engine names in the `datatables.php` config file.,0.026237593963742256,0.8506634919904172,Update DataTables builder mapping to use custom engines.,0.014275344787165523,0.03081415593624115
2137,php,Update logger interface from Illuminate\Contracts\Logging\Log to Psr\Log\LoggerInterface.,0.9847336820093915,-0.05437611788511276,The diff changes the type of the `logger` property from `Illuminate\Contracts\Logging\Log` to `Psr\Log\LoggerInterface`.,0.7831142405048013,0.11331162601709366,Update logger interface from Illuminate\Contracts\Logging\Log to Psr\Log\LoggerInterface.,0.9847336820093915,-0.05437611788511276
2144,php,Update isComplexQuery method to allow for joins in query.,0.7131168805062771,0.1641736562596634,"The diff changes the method `isComplexQuery` in the `QueryDataTable` class to include the string ""join"" in the list of keywords that indicate a complex query.",0.026233045384287834,0.3466933008749038,Update isComplexQuery method to include 'join' in the list of keywords.,0.09368177317082882,0.07229231647215784
2147,php,Add withQuery method to DataTableAbstract to allow adding query callback values on response.,0.0024980753078125417,0.9905420376890106,"The diff changes the way the `withQuery` method is defined, adding a new parameter and changing the way the method is called.",-0.0026455195620656013,0.3033709544688463,Add withQuery method to DataTableAbstract class.,-0.001172845484688878,0.9805355296703056
2156,php,Add simple pagination flag and improve performance by skipping count query.,0.0017813424346968532,0.9789124455710407,"The diff changes the code to use a flag to use simple pagination, which will improve performance by skipping the count query.",0.004565154318697751,0.9130518260644749,Add simple pagination flag and improve performance by skipping count query.,0.0017813424346968532,0.9789124455710407
2181,php,Fix search filter for blacklisted columns.,0.9760314293671399,0.20226437039673328,The diff changes the condition for skipping a column in the `foreach` loop.,0.0008721128106117249,0.680039485450834,Update search functionality to exclude blacklisted columns.,0.7627026960253716,0.29394623218104243
2225,php,Update method signature to allow nullable value parameter.,0.15646700543584302,0.07962166890501976,"The diff changes the signature of the `isJavascript` method in the `Helper` class, adding a nullable type hint for the `$value` parameter.",0.006058133294573054,0.7146326939109713,Fix nullable type for isJavascript method.,-0.02676229551434517,0.053337838500738144
2256,php,Update bindValues() to handle missing base fieldset data.,0.9904281142516993,0.723922009812668,Changes the way the data is retrieved from the $data array in the bindValues method.,-0.6724122539162636,0.7878786439541727,Update bindValues method to handle empty data.,0.9945667145366315,0.5941712316125631
2261,php,Add helper traits for zend-form components to PhpRenderer.,-0.40123115479946136,0.30584436655044556,"The diff adds new classes and functions to the Zend\Form\View namespace, including the HelperTrait class and various view helpers.",0.009786268463358283,-0.30714526027441025,Add Zend\Form\View\HelperTrait to the project.,0.023745743499603122,0.16553222760558128
2266,php,Update FormViewHelperTrait to support nullable elements and attributes.,-0.004286138340830803,0.1490852744318545,The diff changes the method signatures of the `Zend\Form\View\HelperTrait` class to accept nullable parameters.,-0.745268551632762,0.05841723084449768,Update Zend\Form\View\Helper\FormTrait to support nullable elements and attributes.,-0.017516160383820534,0.17288118903525174
2271,php,Add null variable to handle missing elements in collection.,-0.005636831745505333,0.6045225932030007,Adds a new variable `$elementOrFieldset` to the `foreach` loop.,-0.020021485921461135,0.7518005664460361,Add null variable to handle missing elements in collection.,-0.005636831745505333,0.6045225932030007
2275,php,Add support for Traversable creation options.,-0.1186144519597292,0.6323923673480749,Adds a new line of code to check if the creation options are traversable.,-0.727823474444449,0.5390367307700217,Add support for iterable creation options in ElementFactory.,-0.24296532198786736,0.5502025107853115
2296,php,Update namespace and use luya\Exception instead of Yii\Exception.,-0.8221737574785948,0.1073446273803711,"The diff changes the use of the Exception class from Yii to luya\Exception, and adds the methods subject() and body() to the Mail class.",-0.09824716672301292,0.17419908940792084,Update namespace and use luya\Exception instead of Yii\Exception,-0.572675634175539,0.04332089051604271
2319,php,"""Add auto fix for missing image sources""",0.06284247245639563,0.9845133288181387,"The diff adds a new line of code to the `StorageContainer` class, setting a property to `true` and then looping through an array of images to recreate missing sources.",0.00044268049532547593,0.939932215726003,Add auto fix for missing image sources.,0.03306170552968979,0.9944452216368518
2321,php,Add Imagine support to HealthController.,-0.3707786053419113,0.7868021168978885,The diff adds a new `use` statement for the `yii\imagine\Image` class and adds a new try-catch block to catch any exceptions thrown by the `Image::,-0.015720335766673088,0.5032511871540919,Add Imagine support to HealthController.,-0.3707786053419113,0.7868021168978885
2367,php,"""Add support for providing all prompted options in order to not use an interactive mode""",0.0078263059258461,0.9168079709343147,"The diff adds new lines of code to the `ProxyController` class in the `modules/admin/src/commands` directory. The new lines include a new `url` property, a",0.0013515027239918709,0.653841755585745,"""Add support for providing all prompted options in order to not used an interactive mode""",-0.035813361406326294,0.8994602544116788
2370,php,Refactor ClientBuild to use private property for optionTable and add setter and getter methods.,0.0007365942001342773,0.615164413349703,"The diff changes the visibility of the `$optionTable` property from public to private, and adds a new method `setOptionTable()` to set the value of the property.",-0.0031426745117641985,0.8832023919094354,Refactor ClientBuild class to use private properties and methods.,-0.06833256408572197,0.5159486662596464
2435,php,"""Added ExportHelper to export CSV data""",0.9265233299229294,-0.03397337021306157,The diff changes the code in the `actionExport` method of the `Api` class in the `modules/admin/src/ngrest/base` directory.,0.02250154293142259,0.8379581092158332,"""Fix export CSV function to use ExportHelper""",0.08555510640144348,-0.14802086353302002
2447,php,Update CmslayoutImporter to compare placeholders in both directions.,0.06674679554998875,0.855872901622206,The diff changes the logic of the `comparePlaceholders` method by swapping the order of the arguments and adding a new variable to store the result of the comparison.,0.00028466599178500473,0.07000713085290045,Update CmslayoutImporter to compare placeholders in both directions.,0.06674679554998875,0.855872901622206
2481,php,"""Added a fake ui-view to render the detail item in the CRUD view""",0.03349141334183514,0.9599475518916734,"The diff changes the visibility of a div element from ""hidden"" to ""display: none"" and adds a new line of code.",0.005981984722893685,0.6799977106275037,Fix ui-view rendering in CRUD view.,0.3430221467278898,0.07871212344616652
2505,php,Add pretty URL support for console commands with view files.,0.001091173617169261,0.6883481161057716,The diff changes the value of the 'urlManager' property in the 'Application' class.,0.0010310570651199669,0.9494369835883845,Add pretty URL support for console commands with view files.,0.001091173617169261,0.6883481161057716
2505,php,Add pretty URL support for console commands with view files.,0.001091173617169261,0.6883481161057716,The diff changes the value of the 'urlManager' property in the 'Application' class.,0.0010310570651199669,0.9494369835883845,Add pretty URL support for console commands with view files.,0.001091173617169261,0.6883481161057716
2569,php,"Add setter methods for files, images, and filters arrays for unit testing.",-0.04551694879774004,0.8162011045496911,"The diff changes the code by adding new methods and properties to the `BaseFileSystemStorage` class, including `setFilesArray`, `setImagesArray`, and `setFiltersArray`,",0.007422039983794093,0.1439692199928686,"Refactor: Add setter methods for files, images, and filters arrays.",-0.06835395691450685,0.6490095311310142
2621,php,Update Yii::createObject() call to use $this and $module as arguments.,0.0011893953196704388,0.5669048791751266,"The diff changes the way a new object is created in the code, from using the `new` keyword to using the `Yii::createObject` method.",0.04725805623456836,0.4824647012865171,Update Yii::createObject() call to use $this and $module as arguments.,0.0011893953196704388,0.5669048791751266
2624,php,"""Fix import command to handle non-scalar values in config""",0.02625239174813032,-0.005533948540687561,"Removes a line of code from the file, specifically the line that uses the VarDumper class.",0.020953881088644266,0.6162833999842405,Fix import controller to handle non-scalar values in logs.,0.007072644308209419,0.07185748964548111
2831,php,Implement StorageInterface for Auth0 class.,0.029902398586273193,0.804107409901917,The diff changes the implementation of the `store` property from a class that implements a store interface to a class that implements the StorageInterface interface.,0.0005921609699726105,0.9247628280427307,Implemented StorageInterface and added StateHandler interface for persisting id token and state.,0.007379799382761121,0.924905464053154
2871,php,Normalize include_totals parameter to boolean.,-0.043360261246562004,0.9831674601882696,Changes the default value of the `$include_totals` parameter from `null` to `false` in the `normalizeIncludeTotals` method.,0.0014483914710581303,0.8951984060113318,Normalize include_totals parameter in GenericResource class.,0.969856423791498,0.9944496588141192
2897,php,Add session configuration for integration tests.,-0.3547781705856323,0.7385680070146918,The diff changes the code by adding three lines of PHP code to the file `tests/bootstrap.php`.,0.006922042462974787,0.5288734962232411,Add session configuration for PHPUnit tests.,0.030350565910339355,0.16384691186249256
3024,php,Update attendance controller to display error message when course has no events.,0.0012640565510082524,0.6728022383758798,The diff changes the error message and the redirect behavior in the `AttendanceController` class.,0.0005437881482066587,0.16054334898944944,Update attendance controller to display error message.,0.02205507643520832,0.5158427027054131
3100,php,Refactor PaymentCrudController to use Redirect::route() instead of view() for payment invoice show.,0.013528155512176454,0.2492522317916155,The diff changes the code in the PaymentCrudController to redirect to the invoice show page instead of loading the enrollment show page.,0.053055115771712735,0.43206585943698883,Refactor PaymentCrudController to use Redirect::route() instead of view(),0.029213273199275136,0.10873928107321262
3126,php,Add attendance creation for new course.,-0.9580651232972741,0.994884583982639,"The diff adds a new line of code to the EnrollmentController class, specifically the ""use Carbon\Carbon;"" line.",0.000371396541595459,0.3855804321356118,Add attendance creation in new course.,-0.9408296272158623,0.994370352185797
3140,php,Update invoice status for paid enrollments.,0.8606219375506043,0.8076291191391647,Changes the condition in a loop to check if the product price is less than or equal to the total paid price.,-0.23069355636835098,0.9156803807709366,Update invoice paid total and product price.,0.06081319972872734,0.8780091814696789
3146,php,Update certificate generation button to be disabled when enrollment is unpaid or result is not validated.,-0.06014952436089516,0.556554002687335,The diff changes the condition for generating a diploma and the text displayed when the enrollment is unpaid or the result is not validated.,0.046588159166276455,0.8408569382736459,Update certificate generation logic in show.blade.php,0.004671747796237469,0.14392299950122833
3163,php,Update assertion message to be more concise.,0.030504020862281322,0.04178736906033009,The diff changes the formatting of a string in a method call.,-0.026489850599318743,0.5133754592388868,Update assertion message in ClassExtensionTrait.,0.035108573734760284,0.7199793867766857
3181,php,Add topic meta registry check to BuildTopicMetaSubscribersPass.,-0.24128029868006706,0.5150392991490662,The diff adds 4 lines of code to the `BuildTopicMetaSubscribersPass` class.,-0.001222839462570846,0.013835325837135315,Add topic meta registry check and initialization.,-0.6127425255253911,0.258374959230423
3281,php,Add new test cases for StompConnectionFactoryConfigTest.,-0.029942895285785198,0.33815930038690567,Adds two new test cases to the `StompConnectionFactoryConfigTest` class.,-0.0032282513566315174,0.32534491643309593,Add new test cases for StompConnectionFactoryConfigTest.,-0.029942895285785198,0.33815930038690567
3296,php,Add support for SSL ciphers in AMQP connection factory.,-0.015594900585711002,0.670590194829856,"The diff adds a new line of code to the `AmqpConnectionFactory` class, specifically the `ciphers` option in the `AMQPSSLConnection` constructor.",0.005933126783929765,0.21821647154865786,Add support for SSL ciphers in AmqpConnectionFactory.,0.009718742221593857,0.6154238846938824
3316,php,Update DbalProducer to use $rowsAffected instead of $redelivered.,-0.002964107319712639,0.016057658940553665,The diff changes the return value of the `insert` method from `void` to `int` and adds a new `if` statement to check if the number of affected rows is equal to,-0.01065797358751297,0.05865285126492381,Update DbalProducer to use $rowsAffected instead of $redelivered.,-0.002964107319712639,0.016057658940553665
3339,php,Remove unused LoggerExtension from ConsumeCommand.,0.13692477345466614,0.1358393430709839,The diff changes the number of lines in the `getRuntimeExtensions` method in the `ConsumeCommand` class.,-0.0017514349892735481,0.6384545071050525,Remove unused LoggerExtension from ConsumeCommand.,0.13692477345466614,0.1358393430709839
3452,php,Refactor Gate::buildAbilityCallback to handle string callbacks with or without '@' symbol.,-0.7404305711388588,0.48661020025610924,"The diff changes the way the `buildAbilityCallback` method builds the ability callback, by using `Str::parseCallback` to parse the callback string and extract the class and method, and",-0.04069992154836655,0.5268114423379302,Refactor Gate::buildAbilityCallback to handle string callbacks.,-0.9318912324961275,0.32194047421216965
3454,php,Update constructor to accept nullable request parameter.,0.9498682528501377,0.05058892094530165,The diff changes the type of the $request parameter from Request to Request|null.,0.4173176782205701,0.274286302854307,Update constructor signature to accept nullable request object.,0.6025273862760514,0.1733660358004272
3473,php,Update Response class to return string instead of string|null.,0.09569381549954414,0.15820686775259674,Changes the return type of the `__toString()` method from `string|null` to `string`.,0.011378299910575151,0.51445298246108,Update Response class to return string instead of string|null.,0.09569381549954414,0.15820686775259674
3477,php,Update Gate::allows() to handle callable arrays.,0.41576966643333435,0.5136161809787154,"The diff changes the type of the `$class` parameter from `Closure|string` to `Closure|string|array`, allowing it to accept an array of two elements,",0.0009145638905465603,0.21830732375383377,Update Gate::allows() to handle callable arrays.,0.41576966643333435,0.5136161809787154
3482,php,Refactor getModel method to use ternary operator and preg_match.,-0.05834417790174484,0.010027523967437446,"The diff changes the logic of the `getModel` method in the `Authorize` class, adding a new condition to check if the model is a class name or a route parameter.",0.0010442063212394714,0.5298164029372856,Refactor getModel method to improve readability and add null coalescing operator.,0.08391060750000179,0.007311130422749557
3496,php,Update AuthManager to use request from app and add input_key and storage_key.,0.017493404331617057,0.896384091465734,"The diff changes the way the `TokenGuard` is created, adding two new arguments to the constructor.",-0.0072502599796280265,0.08150886208750308,Update AuthManager to use request from app instead of request.,-0.7143907248973846,0.1919765342026949
3521,php,Add viewAny ability to Gate class.,0.3440723866224289,0.9081542017520405,The diff changes the number of arguments passed to the `resource` method of the `Gate` class.,0.002478768350556493,0.7639222842408344,Add viewAny ability to Gate class.,0.3440723866224289,0.9081542017520405
3549,php,Add callbacks for creating reset password URL and building notification mail message.,0.08157826587557793,0.9516488967929035,"The diff changes the code in the VerifyEmail class to add a static $createUrlCallback property and a createUrlUsing method, and to modify the verificationUrl method to use the callback",0.007676534354686737,0.6992471367120743,Add callbacks for creating reset password URL and building notification mail message.,0.08157826587557793,0.9516488967929035
3586,php,Add comment to set interface to false.,-0.5453626299276948,0.7375062956125475,"The diff adds a line of code to the `MethodGenerator` class, specifically the line `$method->setInterface(false);`.",-0.10608489438891411,0.6871739825874101,Add comment to setInterface method in MethodGenerator class.,-0.3432853128761053,0.781913660815917
3587,php,Update file locator to use absolute path.,-0.13938476331532001,0.07194157782942057,"The diff changes the implementation of the FileLocator class, adding a new variable and modifying the constructor to use the realpath function to resolve the proxy directory path.",-0.2528940821066499,0.8461736773024313,Update file locator to use absolute path.,-0.13938476331532001,0.07194157782942057
3599,php,Add MIT license header to PHP file.,-0.18124120961874723,0.4433859733399004,"The diff changes the code by adding a new PHP file, `tests/ProxyManagerTest/Generator/Util/IdentifierSuffixerTest.php`, and modifying the existing file `Proxy",0.011906720697879791,0.48933351412415504,Add MIT license header to ProxyManagerTest\Generator\Util\IdentifierSuffixerTest.php,-0.008420394617132843,0.24289341527037323
3609,php,Update object type hint to object.,-0.12719035148620605,0.4580064630135894,"Changes the type hint of a method from ""iterable"" to ""object"".",0.13064544647932053,0.8008214606670663,Update object type hint in ObjectTypeHintClass method.,0.004571940749883652,0.5139232212677598
3637,php,Refactor MagicClone class to use a template and replacements array for better readability and maintainability.,0.002832423022482544,0.03955452889204025,The diff changes the code in the MagicClone class to use a template string instead of concatenating strings and variables.,0.002221443017333513,0.2291408432647586,Refactor MagicClone class to use a template and replacements array for better readability and maintainability.,0.002832423022482544,0.03955452889204025
3645,php,Add type assertions for callable and LazyLoadingInterface.,0.0025877980515360832,0.961392869008705,"The diff changes the type of the `$proxy` variable from `OtherObjectAccessClass|LazyLoadingInterface` to `LazyLoadingInterface` in three places, and adds a new line",0.00028143113013356924,0.012201830744743347,Add type hinting for callable in LazyLoadingValueHolderFunctionalTest.,-0.0016212426126003265,0.8280444918200374
3647,php,"""Update type hints and add assertions for lazy loading""",0.11467574164271355,0.18937768740579486,"The diff changes the type hinting of the `$proxy` variable in several places, from `GhostObjectInterface` to `GhostObjectInterface&BaseClass`, and from `BaseClass",0.04427100718021393,0.5949776917695999,"""Update type hints and add assertions for LazyLoadingGhostFunctionalTest""",0.054676733911037445,0.422960321418941
3668,php,Add PHPStan annotation for private property $proxyMarkerLength.,-0.07076479122042656,0.940990851027891,Adds a private integer property `$proxyMarkerLength` and a private string property `$proxyMarker` to the `ClassNameInflector` class.,-0.5083312659990042,0.9464268725714646,Add PHPStan annotation for private property $proxyMarkerLength.,-0.07076479122042656,0.940990851027891
3695,php,Refactor FileNotWritableExceptionTest to use a mocked FileWriterException.,-0.09792639687657356,0.3857243824750185,"The diff changes the way the `FileNotWritableException` is created, using a mock object instead of a real exception.",0.0014476515352725983,0.13250199053436518,Refactor FileNotWritableExceptionTest to use a mock object for FileWriterException.,-0.042601979337632656,0.2841362729668617
3711,php,Update public scope simulation code to use null coalescing operator.,-0.03566103056073189,0.2858460284769535,The diff changes the code in the `getPublicAccessSimulationCode` method of the `PublicScopeSimulator` class.,0.0004643923748517409,0.954756767838262,Simplify public scope simulation code in PublicScopeSimulator.,-5.531869828701019e-05,0.3675078134983778
3736,php,Add support for HigherOrderCollectionProxy in IterableObject.,0.0004895299789495766,0.951374631782528,Adds a new method to the class `IterableObject` that returns a `HigherOrderCollectionProxy` object if the key does not exist and is in a specific list of prox,-0.0005697119049727917,0.23585618287324905,Add support for HigherOrderCollectionProxy in IterableObject.,0.0004895306192338467,0.951374631782528
3760,php,Add error handling for missing 'tests/snapshots' directory.,-0.5995756015181541,0.948521672617062,The diff adds a new line of code to the function `removeDirectory` that checks if the path to the 'tests/snapshots' directory is missing before attempting to remove any files,0.0009290250454796478,0.7741397667850833,Add error handling for missing 'tests/snapshots' directory.,-0.5995780304074287,0.948521672617062
3767,php,Update MarkdownHandler to handle multiple extensions.,0.009631856344640255,0.16310509282629937,Changes the condition for replacing file extensions in the MarkdownHandler class.,-2.7002766728401184e-05,0.9355608152109198,Update MarkdownHandler to handle multiple file extensions.,0.0006861737929284573,0.18697527598123997
3787,php,Add getPaths and getUrls methods to PageVariable class.,0.9775977426033933,0.1279389671399258,"The diff changes the code in the `PageVariable` class by adding new methods `getPaths()` and `getUrls()`, and modifying the existing methods `getPath()` and `get",0.014706619083881378,0.0009583160281181335,Add methods to retrieve path and URL values from PageVariable.,0.9937428425619146,0.3303061279002577
3823,php,Refactor SiteBuilder to use consistent naming conventions and improve code readability.,0.05983480057329871,0.15694315265864134,"The diff changes the method signature of `build` in `SiteBuilder` from `public function build($source, $dest, $siteData)` to `public function build($source, $",0.2880113571882248,-0.23459479212760925,Refactor SiteBuilder to use consistent naming conventions and improve code readability.,0.05983461103460286,0.15694315265864134
3829,php,Add default installer for Jigsaw scaffolding.,-0.0896477922797203,0.9205159682314843,"The diff adds a new class named DefaultInstaller to the Scaffold namespace, with a constructor, properties, and methods.",0.0015995402645785362,0.8597452173708007,Add default installer class for Jigsaw scaffolding.,-0.006971333874389529,0.9375754485372454
3830,php,Add custom installer class for TightenCo/Jigsaw.,-0.001745580229908228,0.9677198325516656,"The diff adds a new class `CustomInstaller` with methods for installing, cleaning, copying, deleting, and running commands.",0.0045457539963535964,0.9019955703988671,Update CustomInstaller class with new methods and properties.,0.001330938539467752,0.18428946379572153
3869,php,Add constructor to JigsawMarkdownParser to set code class prefix.,-0.00101139594335109,0.9497179876489099,The diff adds a new constructor method and a new property to the JigsawMarkdownParser class.,-0.20520748174749315,0.03340235713403672,Add constructor and code_class_prefix property to JigsawMarkdownParser.,-0.3703392958268523,0.9553109662811039
3871,php,Add URL filter function to JigsawMarkdownParser.,-0.32728886790573597,0.9329089388193097,Adds a new function to the JigsawMarkdownParser class.,-0.0541659751906991,0.709766389336437,Add URL filter function to JigsawMarkdownParser.,-0.3272865302860737,0.9329089388193097
3885,php,Add map function to Collection class to allow for custom mapping of items.,0.01553779563982971,0.6353553014341742,The diff changes the code in two places: it adds a new line of code to the `Collection` class and modifies an existing line of code in the `Collection` class.,-0.00295383483171463,0.2151212813332677,Add map method to Collection class.,0.021035964891780168,0.6617370061576366
3899,php,Refactor CollectionDataLoader to use hasHandler() instead of getHandler() and add a new method to check if a handler exists.,0.006111140042776242,0.16827273881062865,"The diff changes the method signature of `getHandler` from `private function getHandler($file)` to `private function hasHandler($file): bool`, and adds a new method `getHandler",0.11445791088044643,0.3135128282010555,Refactor CollectionDataLoader to use hasHandler instead of getHandler.,0.012475915253162384,0.27298363018780947
4006,php,Add HasMany association to ModelAnnotator.,-0.37203752994537354,0.7926984595833346,"The diff adds a new line of code to the `ModelAnnotator` class, specifically the line `$type = HasMany::class;`.",-0.005017662886530161,0.18267626001033932,Add HasMany association to ModelAnnotator class.,-0.47330040484666824,0.8160394020960666
4067,php,"""Refactor ActiveField to support different templates based on form layout""",0.05424139543902129,0.05131659563630819,"The diff changes the code in the `ActiveField` class to add a check for the `template` option in the `begin()` method, and to use a different template if the option is",0.002131478628143668,0.04473694134503603,Fix check template for horizontal layout.,-0.4364415854215622,0.7487222468480468
4073,php,Add Bootstrap 4 LinkPager to configuration DI.,-0.0010058935731649399,0.5325230546295643,The diff changes the class used for pagination in a Yii application from `yii\widgets\LinkPager` to `yii\bootstrap4\LinkPager`.,-0.2233548304066062,0.8694193484261632,Add support for Bootstrap 4 pagination.,-0.2776733348146081,0.8216797914355993
4076,php,Update ActiveForm to use Bootstrap 4 ActiveField.,-0.987728223321028,0.3598983883857727,The diff changes the return type of the `field()` method from `\yii\widgets\ActiveField` to `\yii\bootstrap4\ActiveField`.,0.011615277617238462,0.6556629217229784,Update ActiveForm to use Bootstrap 4 ActiveField.,-0.9877280953805894,0.3598983883857727
4084,php,Add resetAppliedPatches and postInstall hooks to Patches.php.,0.00047838245518505573,0.8900148111861199,The diff changes the code in the `Patches` class by adding new methods and modifying existing ones.,0.008949225768446922,0.3394203241914511,Add resetAppliedPatches and postInstall event subscribers to Patches.php.,0.0015523878391832113,0.8472934067249298
4088,php,Refactor patch application logic to use `git apply` instead of `patch` command.,-0.1356285661458969,0.20872391015291214,"The diff changes the code level by replacing `executeCommand` with a new function that takes an array of arguments and a command template, and returns the result of executing the command with the given arguments",0.012843115022405982,0.13888638280332088,Refactor Git patch application to use `git apply` instead of `patch`,-0.21454178914427757,0.11363785341382027
4100,php,Update patches applier to use new deploy strategy.,0.08257552981376648,0.09033066336996853,The diff changes the code in the `PatchesApplier` class by removing 9 lines and replacing them with 6 lines.,-0.0002549709170125425,0.2676145974546671,Remove unnecessary code from PatchesApplier.php.,-0.00047414470463991165,0.32969855889678
4107,php,Update orphan detection output to include a dash before each orphaned package and path.,-0.6997273340821266,0.028113393113017082,"The diff changes the output of the `ValidateCommand` class, specifically the way orphan packages are displayed.",-0.7891211435198784,0.5037438056897372,Refactor orphan detection in Composer validate command.,-0.20966307073831558,0.2688011834397912
4109,php,Add sub-operation validation to ConfigFactory.,-0.7297859389800578,0.7761884474894032,The diff changes the code in the `ConfigFactory` class by adding a new method `establishValidSubOperations` and modifying the `PluginConfig` constructor.,0.0023016738705337048,0.5397023626137525,Add valid sub-operation keys to PluginConfig.,-0.2328668050467968,0.6828796155750751
4115,php,Refactor array_multisort to natsort and array_replace.,-0.04204210638999939,0.15300569287501276,The diff changes the implementation of the `array_multisort` function to use `natsort` instead of `array_keys` to sort the array keys.,0.05347849242389202,0.4972186265513301,Refactor array_multisort to natsort and array_replace.,-0.04204162210226059,0.15300569287501276
4121,php,"""Refactor list command to use new FilteredListResolver and PatchListUtils""",-0.23029865324497223,0.22944138292223215,"The diff changes the behavior of the `ListCommand` class in Composer, specifically the way it handles the `filters` option and the `statusFilters` option.",-0.04398077027872205,0.2944185910746455,"""Refactor Composer patches list command to use a dedicated method for filtering patches""",-0.7888441942632198,0.03490781504660845
4141,php,Update user image path in admin panel.,0.14372160797938704,0.4660722240805626,"The diff changes the image path used in the admin panel, from a default image to the user's image if they have uploaded one.",0.022663497948087752,0.13375485013239086,Update user image path in admin panel.,0.14372155629098415,0.4660722240805626
4152,php,Update menu item title to use system language key.,-0.004564765840768814,0.05458709970116615,"Changes the title of a menu item from ""User Roles"" to ""User Roles"" in the ""system"" domain.",-0.016799936071038246,0.8263949167449027,Update user roles menu title in System module.,-0.5971981585025787,0.2688691630028188
4237,php,Refactor WebAssert to use strpos instead of preg_match for better performance.,0.03782258532010019,0.0055716149508953094,"The diff changes the use of regular expressions to search for a string in the HTML response of a page, from using `preg_match` to using `strpos`, and changes the assertion",0.02248705131933093,0.736609329469502,Refactor WebAssert methods to use strpos instead of preg_match,0.01764936000108719,0.03122471272945404
4256,php,Update WrappedListener to use ReflectionFunction to get closure information.,-0.7952343299984932,0.5387060586363077,The diff changes the code in the WrappedListener class by removing a line of code and adding 14 new lines.,-0.1237266045063734,0.04350517690181732,Remove unused code from WrappedListener class.,-0.9269948629662395,0.2586231380701065
4309,php,Update AdvRepository to use leftJoin and add new where clauses for advs_advs_translations.,-0.15848848782479763,0.14332456979900599,"The diff changes the way the query is built, adding a left join and changing the way the keyword and country filters are applied.",-0.0029699760489165783,0.44254156365059316,Update AdvRepository.php to include leftJoin and translations.,-0.2598132211714983,0.08983804937452078
4318,php,Add conditional logic to cover photo wrapper to support both absolute and relative URLs.,0.004847988486289978,0.4001978621818125,"The diff changes the way the ""cover_photo"" column is displayed in the admin panel, adding a new function to wrap the image URL with a root URL if it is a relative path.",-0.0001551751047372818,0.3196309779305011,Update cover photo column to use absolute URL.,0.16978207975625992,0.20172244776040316
4457,php,Update advsController.php to add new functionality for Algolia Search Module.,-0.08011980354785919,0.3400615197606385,The diff changes the code in the `AdvsController` class to add a new variable `$get_categories_status` and modify the logic of the `is_get_adv` property,0.008940845786128193,0.5452080527320504,Refactor advsController.php to improve code readability and maintainability.,0.025580575689673424,-0.0021074265241622925
4542,php,Update profile image URL and name formatting.,-0.6785384193062782,0.9227916054660454,The diff changes the code in the CacheController class by replacing a line of code that uses the user's first and last name with a line of code that uses the user's name(),0.002564030233770609,0.9460273804143071,Update profile module cache controller to use user name instead of first and last name.,-0.1736005807761103,0.21556172892451286
4546,php,"""Added return statement to prevent deleting an advertisement created by another user""",0.29839982092380524,0.0075636944093275815,The diff adds a new line of code to the method `AdvsController::delete()` that returns a redirect response.,0.001055725326295942,0.10529784363461658,Add return statement to prevent deleting an advertisement created by another user.,0.027873825281858444,0.08363397914217785
4570,php,Refactor VarTag class to use private properties and methods instead of protected.,-0.33292538952082396,0.7589593678712845,"The diff changes the type of the `types` property from `array` to `string[]`, and the `variableName` and `description` properties from `string` to `string|",-0.07797558791935444,0.5590381138026714,Refactor VarTag class to use private properties and methods.,-0.2437293864786625,0.7732069939374924
4575,php,Refactor MethodGenerator::fromReflection to use copyMethodSignature for performance.,0.011497679632157087,0.06055122800171375,The diff changes the method `fromReflection` in the `MethodGenerator` class to copy only the method signature and not the method body and phpdoc.,0.04592441825661808,0.9253138967324048,Refactor MethodGenerator::fromReflection to use copyMethodSignature for performance.,0.011497679632157087,0.06055122800171375
4592,php,Add nullable type support to TypeGenerator.,-0.18246561428532004,0.8236079912749119,The diff changes the code to add a new method to the `TypeGenerator` class that returns a new instance of the class with the specified types and nullability.,0.0005928769242018461,0.7258667286951095,Add nullable type support to TypeGenerator.,-0.18246561428532004,0.8236079912749119
4609,php,Remove unnecessary validation loop in ClassGenerator::setImplementedInterfaces().,0.013221494533354416,0.004546690732240677,Removes 4 lines of code from method `setImplementedInterfaces` in `ClassGenerator`.,0.00014804799866396934,-1.89952552318573e-05,Refactor setImplementedInterfaces to use array_map and TypeGenerator::fromTypeString.,-0.02877504052594304,0.07113972643855959
4644,php,Update resource yield to resource (stream) in ValueGeneratorTest.php.,-0.2004727628082037,0.9045692123472691,Changes the type of the resource yielded in the `invalidValue` method from `resource` to `resource (stream)`.,-0.03238488780334592,0.781610083533451,Update test case to use stream resource instead of resource.,-0.6633509593084455,0.04251461010426283
4645,php,Add Psalm type hints for input uses.,-0.33841112023219466,0.6741820508614182,"The diff changes the type of the `$uses` parameter in the `setUses` method from `array<string|int, array{...}>` to `InputUses`.",-0.00923176808282733,0.2725294204428792,Update use statements in FileGenerator class.,-0.040230706334114075,0.7929663611575961
4646,php,Update method to return null instead of void.,0.2937533035874367,0.06840058788657188,The diff changes the return type of the `isEndingBrace` method from `bool` to `null`.,0.1880564927123487,0.6303638124954887,Update method to return null instead of void.,0.2937533035874367,0.06840058788657188
4660,php,Add $length parameter to executeFunction to support custom return types.,0.6060272138565779,0.02336307056248188,"The diff changes the method signature of `executeFunction` in the `Oci8Connection` class, adding a new parameter `$length` and changing the type of the `$returnType` parameter",0.0054830165463499725,0.7192822631914169,Update executeFunction method to accept $length parameter.,0.9249879508279264,0.05050214007496834
4666,php,"""Update OracleEloquent to use newBaseQueryBuilder and performUpdate""",-0.637627862393856,0.48220357298851013,The diff changes the behavior of the `performUpdate` and `performInsert` methods in the `OracleEloquent` class. The `performUpdate` method now takes only one argument,0.004483865574002266,-0.07119778636842966,"""Fix OracleEloquent model to use correct query grammar and fix binary field update""",-0.9133924851194024,-0.20425231754779816
4699,php,Refactor bindValues method to use foreach loop.,-0.07284663431346416,0.075906255049631,Removes a method that binds values to their parameters in the given statement.,-0.5974990352988243,-0.9950257708551362,Refactor Oci8Connection to use PDO prepare and bindParam.,-0.31578028947114944,0.37781919474946335
4843,php,Add custom options to default input definition.,0.7789112674072385,0.9630750953219831,"The diff changes the code in the `getDefaultInputDefinition` method of the `Application` class, adding a new option to the input definition and removing unused options.",0.009491106233326718,0.8683756047394127,Refactor getDefaultInputDefinition to add custom options and remove unused options.,0.5577919096685946,0.5587112493813038
4855,php,Improve BetterStandardPrinter to prevent double-slashing of single-quoted strings.,0.03485544351860881,0.4749182532541454,"The diff changes the method `pSingleQuotedString` in the `BetterStandardPrinter` class, replacing the `addcslashes` function with a regular expression to escape",0.04329758370295167,0.037840419448912144,Improve BetterStandardPrinter to prevent double slashes in single-quoted strings.,0.013585259905084968,0.17392969131469727
4867,php,Refactor PHPUnit specific method count assertions to use assertCount() and assertNotCount(),0.0017345513915643096,0.07125586457550526,The diff changes the type of the `$methodCallAnalyzer` property from `MethodCallAnalyzer` to `string[]` and adds a new property `$renameMethodsMap`,-0.0022549002896994352,0.01783755060750991,Refactor: Add rename methods map and simplify method call analysis.,0.003902241587638855,0.14049859810620546
4885,php,Update active old-to-new method mapping.,-0.0388450026512146,0.36904795467853546,The diff changes the behavior of the `SpecificMethodRector` class by adding a new constructor parameter `activeMethods` and a new property `activeOldToNewMethods` to store the,0.0007250458002090454,0.16483845561742783,Refactor: Simplify and optimize method logic for `SpecificMethodRector`,0.10128443647408858,0.021452747168950737
4903,php,Add isPrimary method to PerNodeTypeResolverInterface.,0.9962203851900995,0.16727000940591097,"The diff changes the method signature of `resolve` in the `PerNodeTypeResolverInterface` interface, adding two new methods: `isPrimary` and `resolve`.",0.29033345729112625,0.5479920348152518,Add isPrimary method to PerNodeTypeResolverInterface.,0.9962203851900995,0.16727000940591097
100,py,Update import statements to use local copy of pexpect.,-0.8646227931603789,0.04225465655326843,"The diff changes the import statement for the pexpect module, replacing it with a local copy of the module.",-0.21393434703350067,0.042320698499679565,Update import statements to use local copy of pexpect.,-0.8646227931603789,0.04225465655326843
103,py,"Refactor: Improve performance of Semaphore.acquire() by using a context manager to release the semaphore at the end of the ""with"" block.",0.005007648025639355,0.25550561118870974,"The diff changes the implementation of the `Semaphore` class, adding a new `release` method and changing the `acquire` method to return a `Future` object that can be",0.0002358676865696907,0.4172782674431801,Improve Semaphore.acquire() to support coroutines.,0.05975639820098877,0.1905975453555584
105,py,Add a delay to the write operation to test the buffering behavior.,0.00038841943023726344,0.12045044742990285,The diff changes the code to write a file with a delay between each character.,-0.0033252323046326637,0.2741704210639,Fix race condition in test_resource.py.,-0.1902744360268116,0.04047565907239914
125,py,Add extra users for testing large batches.,0.06486880034208298,0.9950214419513941,The diff changes the code that populates the Zulip database with users.,0.020707045507151634,0.7299773618578911,Add extra users to populate_db.py for testing.,0.009306796360760927,0.9885223406599835
219,py,"""Fix SSL validation error for HTTPS connections in Ansible module_utils/urls.py""",-0.084864167496562,0.2679101824760437,"The diff changes the implementation of the `CustomHTTPSConnection` class, which is used to handle HTTPS connections in the `urllib2` library. The changes include adding a `Custom",0.03346036747097969,0.3314106613397598,"""Fix SSL validation error in Ansible module_utils/urls.py""",-0.12985979206860065,0.08595028519630432
268,py,Update download count and max downloads logic.,0.8662512191804126,0.9671647964278236,"The diff changes the behavior of the `increment_downloads` method, adding a check for the maximum number of downloads allowed and raising an exception if it is exceeded.",0.005524026229977608,0.5939970929175615,Refactor: Improve download count handling and add max downloads check.,0.3484016560250893,0.3603709298186004
286,py,Create a MacOS application bundle with the specified executable and resources.,0.0008295452280435711,0.9030888314009644,The diff changes the code to create an application bundle for MacOS.,0.001112747093429789,0.8114429221022874,"""Add support for Cocoa application bundles""",0.05986248375847936,0.01573367416858673
372,py,Update test_search.py to include a test for a zero-length sequence in the parameter grid.,0.9594521952822106,0.5948982643894851,Changes the name of a test function and its parameter grid.,0.9783599858346861,0.9851483243983239,Refactor test_grid_search_incorrect_param_grid to test_grid_search_param_grid_includes_sequence_of_a_zero_length,0.6096802097308682,0.2933512069284916
633,py,Update example generation to use absolute paths and create missing directories.,-0.4874181002378464,-0.1456030309200287,The diff changes the path of the example directory and the generated directory in the `generate_example_rst` function.,0.020582358352839947,0.8416976793669164,Update example generation script to use absolute paths.,-0.3213241249322891,0.0024445652961730957
647,py,Add inverter name to SAJ sensor entity.,0.13145757839083672,0.44078072905540466,"The diff changes the name of the SAJ sensor class and adds a new constructor argument `inverter_name`, which is used to set the name of the inverter that the sensor is associated",0.003325433935970068,0.36459527909755707,Update SAJ sensor component to support inverter name.,0.0093582677654922,0.9377531167119741
652,py,Update MSVCR manifest XML template to support version 9.0.21022.8.,-0.01200106181204319,0.5775260552763939,This diff changes the code in the file `numpy/distutils/mingw32ccompiler.py` to add a new function called `msvc_manifest_xml` that generates,0.023988080793060362,0.5424265190958977,Update MSVCR manifest XML generation function to support newer versions.,0.14039111509919167,0.20955583080649376
721,py,Refactor cache_helpers.py to use select_related() for better performance.,0.016332194209098816,0.030960049480199814,"The diff changes the way the message cache is populated and retrieved, by using a different query to select related objects.",0.23958405712619424,0.9106880703475326,Refactor cache_helpers.py to use select_related() for better performance.,0.016332194209098816,0.030960049480199814
727,py,Fix lxml bug in select tag handling.,0.012315165251493454,0.8395756670506671,The diff changes the behavior of the `_get_inputs` function in the `scrapy.http.request.form` module.,-0.07434241008013487,0.9533413372701034,Fix bug in lxml fixed 2.3.1.,-0.0012504625774454325,0.42203284334391356
751,py,Update version number to beta.,0.9945939731551334,0.8982338327914476,Changes the version number of IPython from 0.12.dev to 0.12.beta.,0.00010378513252362609,0.3669263944029808,Update version number to beta.,0.9945939731551334,0.8982338327914476
780,py,Refactor gather_subscriptions to use stream_hash for performance.,0.0023911050520837307,0.20147654134780169,The diff changes the way the `gather_subscriptions` function retrieves and formats stream information.,0.029731341637670994,0.5141458548605442,Refactor gather_subscriptions to use stream_hash for performance optimization.,0.005951621104031801,0.20826878864318132
848,py,Fix invalid Qt API error message.,-0.22822065837681293,0.7418808024376631,Changes the way the Qt API is imported in the code.,-0.3480421304702759,0.8566417172551155,Fix invalid Qt API error handling in IPython external qt.py.,-0.5091520063579082,0.7196503551676869
868,py,Refactor WimpIE to use JWPlatformBaseIE and update regex to match new video URL format.,-0.17672799993306398,0.14146029949188232,"The diff changes the class WimpIE from inheriting from InfoExtractor to inheriting from JWPlatformBaseIE, and adds a new import statement for JWPlatformBaseIE. It",0.0014968921896070242,0.11312609910964966,Refactor WimpIE class to use JWPlatformBaseIE instead of InfoExtractor.,9.360420517623425e-05,-0.14283279329538345
877,py,Update thresholds for service checks and metric alerts.,0.07009377330541611,0.9588448490248993,"The diff changes the default value of the ""thresholds"" parameter from a dictionary with default values to None, and adds a new parameter ""thresholds"" with a default value of {",-0.8233387041836977,-0.20177826285362244,Update thresholds for service checks and metric alerts.,0.07009371370077133,0.9588448490248993
1000,py,Update universal download function to handle query strings in URL.,0.1529832660453394,0.4705729726701975,The diff changes the behavior of the `universal_download` function by adding a new `else` clause to the `if` statement.,-0.05970483645796776,0.45109883276745677,Fix universal download function in you_get.,-0.029804587364196777,-0.458371639251709
1037,py,Hide variables defined in IPythonApp from %who etc.,0.006211665109731257,0.8979074209928513,The diff adds a line to the `init_code` method that updates the `user_ns_hidden` attribute of the `IPythonApp` object with the `user_ns`,-0.05785124562680721,0.6611584997735918,Add code to hide variables defined in IPythonApp.,0.0037038876325823367,0.9617459820583463
1089,py,Update pip module to support latest state and extra_args.,0.008717897348105907,0.02710350789129734,The diff changes the behavior of the pip module in Ansible.,0.025940528605133295,0.803541029104963,Refactor pip module to use new API.,-0.29661668883636594,0.015609592199325562
1133,py,Refactor tokenization functions to use vocabulary mapping.,-0.45183167047798634,0.188737154006958,The diff changes the function `convert_tokens_to_ids` to use a new function `convert_by_vocab` instead of the previous implementation.,-0.08253587782382965,0.024374008178710938,Refactor tokenization functions to use vocabulary.,-0.7487054993398488,0.3735412508249283
1167,py,"""Update package management module to support downgrades""",0.4800650823744945,0.4692723462358117,"The diff changes the behavior of the `yum` module in Ansible. It adds a new option `allow_downgrade` that allows the module to downgrade packages, and it changes",0.05728381377412006,0.5513025186955929,"""Fix yum module to allow downgrades""",0.5649157245643437,-0.0011817589402198792
1170,py,Refactor gettempdir and gettempprefix to use macfs.,-0.017311270348727703,0.6036849282681942,"The diff changes the way the temporary file name is generated, adding a suffix to the file name.",0.05144403874874115,0.7880803905427456,Refactor gettempdir and gettempprefix to use macfs.,-0.01731121353805065,0.6036849282681942
1216,py,Update Open Graph parser to extract data from meta tags with property attribute.,-0.654370779171586,0.3584864176809788,"The diff changes the code in the `extract_data` method of the `OpenGraph` class, specifically the `meta` variable and the `content` dictionary.",-0.007788141258060932,0.8237922475673258,Refactor extract_data method in open_graph.py.,-0.004916417878121138,0.3246808387339115
1229,py,Add new password and email options to users manager.,0.022883634082973003,0.7525352574884892,"The diff adds a new function called ""password"" and a new option to the ""users_manager"" command called ""email"".",-0.0049425819888710976,0.6591564901173115,Add new password and email options to users_manager.,0.013216831954196095,0.5211308375000954
1446,py,Update requirements for proxmox module to include python version.,0.9920979456728674,0.46831367537379265,"The diff changes the requirements for the proxmox module in Ansible, adding a new requirement for Python 2.7.",0.02378474292345345,0.5754641620442271,Update requirements for proxmox module to include python version.,0.9920979453454493,0.46831367537379265
1557,py,Update schedule to support UTC timezones in 3.0.1 upgrade.,0.0024023973383009434,-0.6886705234646797,"The diff changes the code to add a new key-value pair to the `_store` dictionary, sets the `utc` key to `True`, and removes the `__version__` key",0.0007916574832051992,0.6693191267549992,Update schedule to support UTC timezones in 3.0.1 upgrade.,0.0024023919249884784,-0.6886705234646797
1625,py,Update plugin search path to use realpath instead of abspath.,0.23053532978519797,0.5204359516501427,The diff changes the absolute path to the real path in the code.,0.05367305362597108,0.6214865865185857,Refactor push_basedir and _get_paths to use realpath instead of abspath.,0.025460208576987498,0.1984739676117897
1779,py,Update PCA and SVM parameters for better performance.,0.027075735735706985,0.33629753440618515,"The diff changes the implementation of the PCA algorithm, specifically the `do_fast_svd` parameter, from `True` to `whiten = True`.",-0.38745660148561,0.06404029112309217,Update PCA and SVM models for better performance.,0.030231501907110214,0.4379593040794134
1820,py,Add support for multiple package sources in pipenv.,0.3381899958476424,0.8487316509708762,The diff changes the way the `pip_download` function downloads packages by using a for loop to iterate over the project's sources.,0.034548934549093246,0.9098039350938052,Refactor pipenv/cli.py to use for loop instead of if-else block.,-0.4184218216687441,0.4336465677479282
1898,py,Update NXOS terminal plugin to support become and validate user role.,0.5596760034095496,0.5566393909975886,The diff changes the behavior of the `on_become` method in the `nxos.py` plugin for Ansible.,0.002241060370579362,0.9104679168667644,Fix Ansible NXOS plugin to validate user role.,-0.04784327745437622,-0.12896142899990082
2199,py,"""Update polar axis tick labels and rotation""",0.06065891636535525,0.9315068703144789,"The diff changes the code to add a new class called ThetaTick, which is a subclass of XTick. It also adds a new method called update_position, which modifies",0.0003049554070457816,0.6286790139274672,"""Implement polar projection for matplotlib""",-0.199029803276062,-0.0164775550365448
2204,py,Update bower.py to use module.params instead of os.path.expanduser.,-0.06006001681089401,0.05553516745567322,Changes the path of the bower executable in the Ansible packaging module.,-0.482378575950861,0.6090699788182974,Refactor bower.py module parameters.,0.05827081948518753,0.39912687987089157
2250,py,Update message edit history to return a list instead of a tuple.,0.11214033653959632,0.8402962330728769,Changes the return value of the `get_message_edit_history` function from a tuple to a list.,0.077809305395931,0.9448667610995471,Update get_message_edit_history to return a list instead of a tuple.,0.040213033818872645,0.6408406794071198
2252,py,Refactor test_extract_current_subscription to use mocks for stripe.Customer.retrieve and stripe.Customer.create.,-0.8529906120384112,0.1703660786151886,The diff changes the test_extract_current_subscription function by removing the mock.patch decorators and the mock_create_customer and mock_customer_with_active_subscription,0.0443413145840168,0.0738605409860611,Refactor test_extract_current_subscription to use mocks.,-0.9977968107850756,0.06285825744271278
2599,py,Update client for Casper and backend tests.,-0.06719786673784256,0.6224954538047314,The diff changes the function `on_close` to use a different client for sending messages.,0.03958490630611777,0.23550329729914665,Refactor socket.py to use a fake message sender for Casper and backend tests.,-0.6094139700289816,0.8877622488653287
2701,py,Refactor printtoken() to use srow_scol and erow_ecol for better readability.,-0.026315245777368546,0.7283283130964264,"Changes the printtoken function to use named arguments for the start and end row and column, and removes the parentheses around the arguments.",-0.7374284863471985,0.1362721174955368,Refactor printtoken() method to use srow_scol and erow_ecol parameters.,-0.042564140632748604,0.7974361907690763
2702,py,Add support for ControlPersist in Ansible's SSH connection plugin.,0.03091520443558693,0.20435860753059387,"The diff changes the behavior of the `exec_command` method in the `SSH` class, specifically the way it handles the `ControlPersist` option in the SSH command.",-0.0028566468972712755,0.21207648143172264,Fix SSH password prompt issue in Ansible.,-0.00751083716750145,0.09783947607502341
2760,py,Update user activity analysis to include duration flag.,0.9774044011137448,0.5530081600882113,The diff changes the duration of the day_end variable from 1 day to the value of the duration flag.,0.008130221627652645,0.35812754929065704,Update analyze_user_activity.py to include duration in the calculation of per-user online duration.,0.011453822458861396,0.7090184092521667
2820,py,Update Ansible package management to support multiple packages and latest versions.,0.005650010010867845,0.9339835253776982,"The diff changes the code to allow for the installation of multiple packages at once, and to update multiple packages to the latest version.",0.0021108441578689963,0.5285985469818115,Update Ansible package management and install/remove packages.,0.05741918121930212,0.9502237094566226
2822,py,Add error handling for VikiBaseIE._check_errors() and VikiIE._check_errors() to handle errors returned by the API.,3.526918590068817e-05,0.5399225754663348,"The diff changes the code level by adding new lines, modifying existing lines, and removing lines. It also adds new variables, functions, and classes.",-0.0032684109173715115,0.19919466599822044,Refactor VikiBaseIE to handle errors and add m3u8 support.,-0.027163675986230373,0.18824772536754608
2832,py,Add quiet parameter to sync_imports context manager to suppress success message.,0.015181302325800061,0.7362799686379731,"The diff adds a new parameter ""quiet"" to the sync_imports method, which is used to control whether or not to report the success of the import.",0.030244097637478262,0.04966355813667178,Add quiet parameter to sync_imports context manager.,0.8527022169437259,0.5722233727574348
2971,py,"""Add shellquote to quote path to Python for Windows""",0.45352957816794515,0.9887022515758872,The diff changes the path to Python in the `python_version` function to be quoted for Windows.,0.012506183644291013,0.9633747062180191,Fix Python version detection in pipenv/utils.py.,-0.11450362112373114,0.23140282928943634
2997,py,Add Leave-One-Out cross validation class for scikit-learn.,-0.0023931413888931274,0.8575553833507001,The diff changes the code to implement a Leave-One-Out cross-validation class in Python.,0.02245054894592613,0.3340375334955752,Add LOO class for Leave-One-Out cross validation.,0.6589371114969254,0.9791821185208391
3058,py,Update IOLoop close method to close all file descriptors.,0.0013496652245521545,0.9108556741848588,"The diff changes the behavior of the `close` method of the `IOLoop` class, allowing it to close all file descriptors registered on the IOLoop (not just the ones created by",-0.0016706829774193466,0.8890685895457864,Update IOLoop close method to handle all file descriptors.,-0.007019447162747383,0.7866745386272669
3086,py,"Update junos_config.py to use the ""replace"" argument instead of ""update"" for loading configuration data.",-0.9951190662613953,-0.26046812534332275,The diff changes the behavior of the `load_config` function in the `junos_config` module. It adds a new argument `update` that allows the user to specify how to,0.017408030340448022,0.12861257791519165,"Update junos_config.py to use the ""replace"" argument instead of ""update"" and remove the ""update"" argument.",-0.9987974074902013,-0.01709975302219391
3132,py,Update IPv4 address filter to support delimiter argument.,0.9841768187470734,0.8298437581397593,The diff changes the `ip4_hex` function in the `ipaddr.py` file to accept an additional `delimiter` argument and use it to separate the hexadecimal,0.0172441229224205,0.5310196802020073,Refactor IPv4 address to Hexadecimal notation filter.,0.9029374085366726,0.9940510748128872
3138,py,Fix password encoding in create_user command.,0.6350947991013527,0.48042548075318336,The diff changes the way the initial password is generated and used in the `do_create_user` function.,0.007349864055868238,0.7439619107171893,Fix password validation in create_user command.,0.4870320074260235,0.5548248440027237
3160,py,Update import statements to support multiple modules and autoreload.,0.2030048482120037,0.8460028287954628,"The diff changes the way the `aimport` function imports modules, allowing for multiple modules to be imported at once.",-0.0061195839662104845,0.1176440678536892,Refactor import statements to support multiple modules.,0.6228599213063717,0.7558509102091193
3206,py,"""Update deploy_helper.py to manage some of the steps common in deploying projects""",-0.10095992684364319,0.3545282038394362,The diff changes the description of the `deploy_helper` module in Ansible.,0.005053913337178528,0.48804259672760963,"""Update deploy_helper.py to manage some of the steps common in deploying projects""",-0.10096248984336853,0.3545282038394362
3243,py,Update urllib2 to urllib in Python 3.,0.8235368565656245,0.989003221897292,"The diff changes the import statements from urllib2 to urllib, and changes the class names from HTTPSHandler to urllib_HTTPSHandler.",0.0002508944016881287,0.40716227144002914,Refactor urllib2 to urllib in matplotlib/cbook.py.,-0.006540410686284304,0.9677425282425247
3257,py,Add test for keyword arguments to basic type constructors.,0.9968328227405436,0.9699770654551685,"The diff adds a new method ""keywords"" to the ""test_descr"" class, which calls various type constructors with keyword arguments and verifies their behavior.",0.002503491356037557,0.809157838113606,Add support for keyword arguments to basic type constructors.,0.9892418606905267,0.9630850837565958
3422,py,"""Refactor build_ext to use a more efficient build process""",-0.17751511186361313,-0.050221676006913185,The diff changes the code in the `build_ext` command in the `distutils` module to support building C extensions with SWIG. It adds a new method `build_extension`,0.10768100526183844,0.27706364914774895,"""Refactor build_ext to improve extension building process""",-0.0722993016242981,-0.02455273363739252
3659,py,Add logging and error handling to protocol assembler.,0.11321534146554768,0.9036869024857879,"The diff adds two lines of code to the `__init__` method of the `Protocol` class, importing the `logging` module and defining a `log` variable to use for logging.",-0.363970635458827,0.7148119290359318,Fix import of tornado.escape.json_decode and add logging for bad header with no msgtype.,0.0007872122805565596,0.6897916235029697
3671,py,Add Message-ID header if missing in RFC822 mailbox.,0.0032403786899521947,0.9812305141240358,The diff changes the code in the `mboxconvert.py` file to add a unique Message-ID header to each email message.,0.006083512911573052,0.8839146699756384,Fix issue with mboxconvert.py script.,-0.06244855187833309,0.31892678886651993
3677,py,Update HTTPResponse class to use new syntax and fix bug in getreply method.,0.02196490322239697,0.13927223160862923,"The diff changes the class name ""HTTPResponse"" to ""HTTPResponse"" and adds a new method ""getreply"" to the class.",-0.013103141565807164,0.016306687146425247,Refactor HTTPResponse class to use new syntax.,0.024785855901427567,0.1366119273006916
3699,py,Refactor property initialization and cloning to use a single dictionary for all properties.,-0.12609751895070076,0.1798669546842575,"The diff changes the way the `default` parameter is handled in the `__init__` method of the `BaseProperty` class. In the original code, the `default` parameter is used",0.14992962777614594,0.1376020610332489,Refactor properties to use default values and shallow copies.,0.14594921842217445,0.7736036777496338
4101,py,Disable case-insensitive completion for Jedi.,-0.1842070585116744,0.972667457011994,The diff changes the value of the `case_insensitive_completion` attribute of the `jedi.settings` module from `True` to `False`.,-0.005021354183554649,0.9720744340011152,Update Jedi settings for case-insensitive completion.,-0.8221475416794419,0.9403466768562794
4111,py,Add fill_between and fill_betweenx methods to Axes class.,-0.22803123528137803,0.057688651606440544,Changes the `fill_between` and `fill_betweenx` methods of the `Axes` class in the `matplotlib` library to add a `step` parameter and return,0.0011318169708829373,0.7712703390279785,Improve fill_between and fill_betweenx methods in _axes.py.,0.013641775585711002,0.2704571969807148
4135,py,Add try-except block to handle ClassNotFound error when getting lexer by name.,-0.12205917527899146,0.9816257274942473,Changes the way the highlight function in IPython's nbconvert module handles language detection and lexer selection.,0.011777015635743737,0.8905898090451956,Refactor highlight function to use get_lexer_by_name with try-except block.,-0.08644419815391302,0.866025008726865
4159,py,Fix MySQLdb connection parameters for Ansible module.,0.006189788691699505,0.27620759047567844,"The diff changes the way the MySQLdb library is imported and connected to the database, by removing the ""db"" parameter and adding a new parameter for the unix socket.",-0.07517381478101015,0.3077699635177851,Fix MySQLdb connection parameters in Ansible module.,0.002673684502951801,0.21288025099784136
4216,py,Sync attachment filesizes with database and S3.,-0.027807668782770634,0.8777929289499298,"The diff changes the code in the `sync_filesizes` function to use the `get_file_size_local` function to get the file size of local files, and to use",0.04395378567278385,0.6383818611502647,Sync uploads filesize with database.,-0.7930292449891567,0.9330082307569683
4378,py,"Refactor pspersistence to storemagic, enable lightweight persistence.",0.010362628847360611,0.9949759467563126,"Renames IPython/extensions/pspersistence.py to IPython/extensions/storemagic.py and adds a new line of code to enable the functionality of storing variables, ali",-0.014614377170801163,0.836902528477367,Rename IPython/extensions/pspersistence.py to IPython/extensions/storemagic.py,-0.06194863375276327,0.9571806434541941
4469,py,"""Refactor test_upload_titles to use realm ID instead of hardcoded 1""",-0.7194381840527058,-0.24448741599917412,"The diff changes the URLs used to access uploaded files in the Zulip chat platform. It replaces the hardcoded ""localhost"" hostname with a dynamic variable that is derived from the real",0.000251639517955482,-0.0043294671922922134,"""Fix upload and download tests for non-existing files""",-0.5315235573798418,0.5850150063633919
4605,py,Mark all messages as read and commit the transaction.,-0.0003658989444375038,0.9961368551448686,The diff changes the code to mark all messages as read in the test database.,0.02526382473297417,0.9602851519011892,Add code to mark all messages as read in populate_db.py.,0.0886235450161621,0.9885176001407672
4664,py,Update PyPI login from .pypirc file.,-0.020367752760648727,0.4640596527606249,The diff changes the print statement in the _read_pypirc function to a call to the announce method.,0.031625916133634746,0.9454752725432627,Refactor _read_pypirc to use self.announce() for logging.,0.07160554686561227,0.12009628489613533
4675,py,Update module execution to use a stubbed args and python path.,-0.13111689407378435,0.9342286991886795,"This diff changes the way the Ansible module is executed, by passing the arguments to the module via a file instead of stdin, and by setting the PYTHONPATH environment variable to",-0.008369160583242774,0.9831900791323278,Refactor debug function to use a stubbed args and python path.,-0.01840895356144756,0.742851653136313
4793,py,Update script magics default to include Julia on Windows.,0.009642622870160267,-0.005259990692138672,The diff changes the default values of the `_script_magics_default` function in the `IPython/core/magics/script.py` file.,0.03499133768491447,0.9693259403575212,Update script.py to include Julia in the list of default interpreters.,0.35502779169473797,-0.008291766047477722
4856,py,Update Tornado server startup message to include port number.,-0.014090973301790655,0.27020203322172165,Changes the output of the Tornado server to display the port number instead of the address.,0.0005858024815097451,0.7684503407217562,Update Tornado server startup message.,-0.43626783415675163,0.5523316264152527
4875,py,Add support for unsafe shell execution in run_command.,0.9746604289102834,0.8869577683508396,Changes the way the `run_command` function handles command arguments.,0.9229610920301639,0.9129176689311862,Fix unsafe shell usage in run_command() function.,0.9456963466363959,0.5566445477306843
4918,py,Add stack context to prevent request context leakage.,0.61938301846385,0.9655181022826582,"The diff changes the way the HTTP server reads and processes HTTP requests, by using a stack context to keep the request context separate from other requests.",0.01688049640506506,0.7551602046005428,Improve performance by saving stack context outside of requests.,0.2745187319815159,0.34110076834622305
4923,py,Add plot props and tools to Bokeh plot.,0.03172649582847953,0.9440802978351712,"The diff changes the code to add plot properties, tools, and a legend to a Bokeh plot.",0.0071215450880117714,0.9200165893416852,Add plot props and tools to Bokeh plot.,0.03172622947022319,0.9440802978351712
4930,py,Add support for color temperature and effect properties.,-0.582857271656394,0.9699479329865426,"The diff adds new constants for the minimum and maximum supported color temperatures, as well as new effect names and a new method to calculate the minimum and maximum supported color temperatures.",0.00622413115343079,0.5936089274473488,Add support for color temperature and effect properties.,-0.5828564688563347,0.9699479329865426
4960,py,Add Content-Type header to send_error method.,0.032461571565363556,0.9570576514815912,"Adds a ""Content-Type"" header with value ""text/html"" to the response.",0.0026362413045717403,0.9915298903069925,Add Content-Type header to send_error method in BaseHTTPServer.,0.0008545124510419555,0.9177005698438734
5068,py,Update YouTube video URL to HTTPS for age verification redirection.,0.0027730781002901495,0.07795500010251999,The diff changes the YouTube video ID from being extracted from a URL with a non-SSL scheme to being extracted from a URL with an SSL scheme.,0.013504911679774523,0.03270271420478821,Update YouTube video ID extraction regex to handle redirection.,0.0004892314318567514,0.8651621770113707
5125,py,Fix mimetypes.py read() method to accept strict parameter.,0.11092769401147962,-0.2722700387239456,The diff changes the behavior of the `read` method by adding a `strict` parameter to the `readfp` method call.,0.10376973589882255,0.8500659029232338,Fix mimetypes.py read() method to accept strict parameter.,0.11092722229659557,-0.2722700387239456
5206,py,Update HTTP Last-Modified header to use UTC timestamp.,-0.11248484253883362,-0.15000052750110626,The diff changes the way the last modified time of a file is retrieved and set in the HTTP header.,0.004127942956984043,0.7826941730454564,Refactor HTTPError handling in notebook handlers.,-0.5692720394581556,0.2729604705236852
5224,py,Fix shape mismatch error in contour plotting.,-0.6335872998461127,0.6041824910789728,The diff changes the assertion in the test_contour_shape_mismatch_4 function to use regular expressions instead of a fixed string.,0.015348752727732062,0.07049182616174221,Fix shape mismatch in contour plots.,-0.9100730670616031,0.5878539085388184
5336,py,Add cross-platform function to determine number of CPUs in the system.,0.010930564865702763,0.8492379188537598,"The diff changes the function `num_cpus()` to use a different method for determining the number of active CPUs on different platforms, including Windows and Darwin.",-0.18633408704772592,0.700543399900198,Add cross-platform support for finding the number of CPUs in the system.,0.008827604127873201,0.629824947565794
5338,py,"""Update terminology for scriptable application""",0.7801406164653599,-0.8481258004903793,"The diff changes the way the script processes the terminology of an application. It adds a new function called `processfile_fromresource` that processes all resources in a single file, and it",-0.09534841775894165,0.3665928803384304,"""Update terminology import and add Carbon.Folder for MacOS compatibility""",-0.5512524247169495,-0.11049291491508484
5509,py,Update thumbnail generation logic to use Thumbor for generating thumbnails.,-0.17780383164063096,0.2768242806196213,"The diff changes the import statements and adds a new function named ""get_source_type"" that is used to determine the source type of a URL.",-0.00020339793991297483,0.04604203999042511,Refactor: Simplify URL parsing and handling in lib/thumbnail.py.,-0.6006184853613377,0.3378462651744485
5510,py,Update backend_wx.py to show all figures and enter the wx main loop.,-0.0008847970748320222,0.7970430798595771,The diff changes the implementation of the `show` function in the `backend_wx` module of the `matplotlib` library.,0.006930251183803193,0.8363674925640225,Fix issue with wxPython backend in matplotlib.,-0.132229239679873,0.351261205971241
5538,py,Rename bin_to_octal.py to binary_to_octal.py and add padding to binary strings.,-0.0003699188819155097,-0.002298697829246521,"Renames a function from ""bin_to_octal"" to ""binary_to_octal"" and changes the function's implementation.",0.044040184628102,0.8134018351556733,Rename bin_to_octal.py to binary_to_octal.py,0.990086086676456,0.9780234377831221
5668,py,Update stream notification settings to support compatibility with old mobile apps.,-0.37547075375914574,0.9119537943042815,The diff changes the type of the `user_profile` parameter in the `handle_stream_notifications_compatibility` function from `UserProfile` to `Optional[UserProfile]`.,-0.07382622361183167,0.8569591783452779,Update stream_subscription.py to support optional user_profile.,0.012254380621016026,0.40846318332478404
5762,py,Update object names in loader.py.,0.0010066255927085876,0.9274246459826827,The diff changes the name of the object being loaded in the Ansible plugin loader.,0.012172877788543701,0.8211141414940357,Refactor loader.py to use basename instead of name.,0.0023487046419177204,-0.10142435505986214
5795,py,Refactor import_module to use _save_and_remove_module helper function.,0.005631744861602783,0.7717453464865685,"The diff changes the return value of the `import_module` function, adding a new return value and changing the existing one.",0.7701519703259692,0.6322634890675545,Refactor import_module and import_fresh_module functions.,0.8460293468669988,0.5952277034521103
5865,py,Update test function docstring to match NumpyTest.test docstring.,-0.10819732211530209,0.6785906096920371,Changes the docstring of the `test` function to the docstring of the `test` function in the `NumpyTest` class.,-0.4093429856002331,0.9017670103348792,Update test function documentation.,0.022420226596295834,0.8045161154586822
5909,py,Update message cache and memcached items for changed messages.,0.12902080919593573,0.9554079286754131,"The diff changes the way the `cache_save_message` function is called, adding a new line to save the message to a dictionary for memcached.",-0.0002128174528479576,0.6763236802071333,Update message cache and memcached items for changed messages.,0.12902067508548498,0.9554079286754131
5913,py,"""Update instance names to use 'base_name' instead of 'name' for single instance""",-0.8979515489190817,0.21287550032138824,"The diff changes the `create_instances` function in the Ansible module for Google Cloud. It adds a new parameter `number` to the function, which is used to specify the number",0.030501742847263813,0.13331741653382778,"""Refactor 'create_instances' function to use 'create_node' and 'create_volume' methods instead of 'ex_create_multiple_nodes' and 'ex_",-0.43444376811385155,-0.17128024250268936
5919,py,Update stream stats to include private stream count.,0.44429533928632736,0.2699486315250397,"The diff changes the code to count the number of public and private streams, subscribers, and messages in a realm.",0.01823281293036416,0.7807049117982388,Update stream stats for realms.,0.3647774379933253,0.22709491848945618
6191,py,Refactor inventory parsing to use IPv6 regex and add_host method.,0.0015541592947556637,0.6913099652156234,The diff changes the way IPv6 addresses are handled in the Ansible inventory file.,0.007978692854521796,0.5235519567504525,Refactor Ansible inventory initialization to use IPv6 regex.,0.0018313857144676149,0.6169357467442751
6194,py,"""Update venv __init__.py to include support for symlinking on OSX framework Python""",0.14591720700263977,-0.17101933620870113,"The diff changes the way the `DistributeEnvBuilder` class is defined and used in the code. It adds a new parameter `nodist` to the class constructor, which allows the",0.0021198238828219473,0.04476960562169552,"""Fix venv __init__ to support OSX framework Python""",-0.5176944807171822,-0.4996863640844822
6240,py,Refactor MKD and RMD methods to use a common function.,0.17604176013264805,0.429020918905735,"The diff changes the code for the `transfercmd` function, adding a new `rmd` function and modifying the `pwd` function.",0.1393200196325779,0.7477074880152941,Refactor ftplib.py to use modern Python syntax and conventions.,0.07254643575288355,0.05174778029322624
6284,py,Improve numerical handling and error handling in numpy.,-0.10993285896256566,0.4390263189561665,"The diff changes the way NumPy handles numerical exceptions and the default behavior for invalid, divide, and overflow operations. It also changes the way the C API is used in Python.",-0.003681222122395411,0.204493198543787,Improve numerical handling and error handling in numpy.,-0.10993409901857376,0.4390263189561665
6287,py,Update grid method to use 'major' or 'minor' to set grid for major or minor ticks.,-0.2770755924284458,0.9198972501326352,The diff changes the behavior of the `grid` method in the `Axis` class of the `matplotlib` library.,0.002421057171886787,0.840187618508935,Update grid method to support minor ticks and toggle grid state.,-0.3852902054786682,0.9344520920421928
6302,py,Compact freelists: should free more than 200 blocks each.,-0.8204002380371094,0.9688922688364983,The diff changes the code in the test_compact_freelists function by adding assertions and deleting a line.,-0.00015258672647178173,0.6418323810212314,Improve compact freelists by freeing more than 200 blocks each.,-0.822488124947995,0.9327866410603747
6382,py,Update playbook execution parameters for Ansible.,0.0024857204407453537,0.6461320938542485,"The diff changes the way the ""gather_facts"" parameter is handled in the Ansible playbook.",0.0032466630218550563,0.7779297325760126,Refactor Ansible playbook initialization to use more robust logic for gather_facts.,0.003240300575271249,0.03276636125519872
6432,py,"""Update pip-tools resolver to use pipenv's patched version""",0.12140828371047974,-0.01815766468644142,"The diff changes the import statements and adds new imports, specifically from the `pipenv.patched` module, which is used to patch the `pip` module to work with `pipenv",0.0646570473909378,0.02962234802544117,"""Update pipenv to use patched pip-tools""",-0.46153226494789124,-0.04162264242768288
6478,py,Update logger to use class name for better logging.,0.018940337027743226,0.08766933460719883,Changes the logger used in the JobQueue class to use the class name instead of the module name.,0.6635139688733034,0.8607625355944037,Refactor: Move logger initialization to class level.,0.12472913155215792,0.017002355307340622
6533,py,Update error handling and buffer size management in numpy.core.numeric.,-0.1705442164093256,0.7752838283777237,The diff changes the behavior of the NumPy library's error handling mechanism.,0.004974213137757033,0.551872756332159,"Refactoring of numpy.core.numeric module, adding new functions and classes.",-0.0211722357198596,0.3328712675720453
6646,py,Add support for quoting email addresses and hostnames in SMTP commands.,-0.026768116280436516,0.9033382586203516,"The diff changes the way the hostname is determined and sent in the ""helo"" and ""ehlo"" commands of the SMTP class.",0.0009336384246125817,0.7129514813423157,Improve SMTP class by adding FQDN hostname support and fixing bug in ehlo command.,-0.011971675790846348,0.10355268977582455
6692,py,Add reconfigurable scene class with recursive state management.,0.005625541729386896,0.9629586114315316,"The diff adds a new class called ReconfigurableScene, which inherits from Scene and adds a new method called show_alt_config.",0.0013953107118140906,0.9626719274674542,Add support for reconfigurable scenes.,0.9947181980824098,0.9766985811293125
6711,py,Update EasyDialogs to use WaitNextEvent with everyEvent mask.,-0.7641503866761923,0.06280699744820595,"The diff changes the way the `Evt.WaitNextEvent` function is called, allowing it to wait for any event, not just keyboard events.",-0.14654157869517803,0.19157297536730766,Refactor EasyDialogs to use modern Python syntax and features.,0.1051978780888021,0.22191395983099937
6716,py,Refactor `if_not_float64_tell_caller_to_use_isnull` to use `isnull` or `notnull` instead of raising a,-0.006362271495163441,0.9605258975498145,Changes the signature of a method to accept no arguments and returns the result of calling the original method with no arguments.,-0.1001206487417221,0.889894193969667,Refactor if_not_float64_tell_caller_to_use_isnull to use isnull or notnull instead.,0.00022592395544052124,0.736289772670716
6897,py,Refactor Maildir class to use os.path.join and os.listdir for better performance and readability.,-0.013494342565536499,-0.06861625611782074,"The diff changes the implementation of the Maildir class, adding a new method and modifying the existing `__init__` and `next` methods.",0.04770586080849171,0.5518269427120686,Refactor Maildir class to use list comprehension for new and current mail directories.,-0.49783378653228283,0.49300289154052734
7021,py,Update ticklabel_format to support scientific notation and offset.,0.08377790451049805,0.8842588821426034,The diff changes the behavior of the `ticklabel_format` function in the `matplotlib` library by adding a new parameter `scilimits` and changing the behavior of the `,0.08837612019851804,0.9036013167351484,Update ticklabel_format function to support scilimits and style options.,0.03403456282103434,0.8476686486974359
7139,py,Update GFLHead forward function to use linear layer with type_as() for better compatibility.,0.004351535812020302,0.09267085790634155,The diff changes the implementation of the forward function in the GFLHead class in the mmdet models/dense_heads/gfl_head.py file.,0.0014343802104122005,0.3722219408955425,Refactor GFLHead forward() method to improve performance.,-0.13993948698043823,0.07274877093732357
7172,py,"""Fix Stripe upgrade flow to handle outdated seat count and subscription save failures""",-0.5277058705687523,-0.005948822945356369,"The diff changes the code in the `upgrade` method of the `StripeTest` class, specifically the way the `stripeToken` parameter is passed to the `up",0.0001882747747004032,0.27274176105856895,"""Fix Stripe upgrade flow to handle outdated seat count and subscription save failures""",-0.52770905662328,-0.005948822945356369
7228,py,Update LDAP authentication to use `django_to_ldap_username` for email addresses.,-0.05970276100561023,0.8987257208209485,The diff changes the `authenticate` method in the `ZulipLDAPAuthBackendBase` class to call `super().authenticate` instead of `ZulipLDAP,0.7647260315716267,0.4323613792657852,Refactor LDAP authentication to use super().,0.9809186260681599,0.7111679145600647
7349,py,Update install command to use build directories.,-0.976366356073413,0.7754472233355045,The diff changes the behavior of the `install` command in the `distutils` module by adding new options and changing the way the command determines the build directories.,-0.011438540183007717,0.29644910991191864,Refactor install command to use build directories.,-0.5321297910995781,0.3925992399454117
7483,py,Update Meraki L3 firewall rules for SSIDs.,-0.18397249653935432,0.40292422473430634,The diff changes the way the module retrieves and updates L3 firewall rules for a specific SSID in a Meraki network.,-0.003239123965613544,0.4216002272441983,Update Meraki L3 firewall rules for a specific SSID.,-0.06257260963320732,0.6202386445365846
7526,py,Refactor extract_info and extract_info_iterable methods to use a consistent approach for extracting information from URLs and playlists.,0.01556159439496696,0.4109770739451051,The diff changes the behavior of the `extract_info` method by adding a new `process_ie_results` method and modifying the `extract_info_iterable` method to use,0.009654022520408034,0.05346094258129597,Refactor extract_info and extract_info_iterable methods to improve code readability and maintainability.,0.05363212781958282,0.17819399572908878
7573,py,Add miscellaneous diagnostics for the import system.,0.8010619329288602,0.9232123848050833,"The diff adds a new Python script named ""import_diagnostics.py"" to the project, which contains a Python script with a number of functions and variables related to the import system.",0.003451351833064109,0.9489909744006582,Add miscellaneous diagnostics for the import system.,0.8010619329288602,0.9232123848050833
7684,py,Add support for new type codes and update oldtypecodes mapping.,-0.176228366792202,0.7520462591201067,"Adds a new variable ""oldtypecodes"" and a new method ""convtypecode2"" to the ""numpy.oldnumeric.typeconv"" module.",0.006971136783249676,0.9329364664154127,Add new type codes and changed types to oldnumeric.,-0.9944792631722521,0.8103195708245039
8029,py,Add new user with username and password.,-0.005913406610488892,-0.03852381184697151,The diff changes the code by adding new lines and modifying existing ones.,0.08133051381446421,0.2863818150945008,Add new module for remote management of WTI devices.,0.36037791054695845,0.9652997468947433
8054,py,"""Refactor test_unicode.py to use new test class CAPITest""",0.008954427117714658,-0.9666615566238761,The diff changes the behavior of the `__str__` method in the `test_unicode` module.,0.0008736398885957897,0.7863703407347202,"""Refactor test_unicode.py to use new test_subclass_add method""",0.001325472243479453,-0.7965254290029407
8104,py,Update sparse PCA transform to use Cholesky solver for stability.,0.0495092929340899,0.06696221604943275,Changes the solver used in the ridge regression step from 'dense_cholesky' to 'cholesky'.,0.001367637927614851,0.9347653556615114,Refactor sparse PCA transform to use Cholesky decomposition.,0.5039506610482931,0.49070683121681213
8194,py,Update edimax switch to handle TypeError and ValueError.,0.014420457184314728,0.9032000477891415,The diff changes the exception handling in the `update` method of the `Edimax` switch component.,0.0014006474521011114,0.7262088125571609,Update edimax switch to handle TypeError and ValueError.,0.014420457184314728,0.9032000477891415
8347,py,Refactor user loading to support legacy session identifiers.,0.12460378324612975,0.732455454301089,The diff changes the way the user ID is extracted from the user ID with identity string.,-0.0004736795090138912,0.4776371344923973,Refactor login manager to use modern session identifier.,-0.2025484461337328,0.2120704986155033
8396,py,Update project to use detached mode and isolated containers.,-0.11982259154319763,0.14381486363708973,"Changes the `up` method of a `Project` object to use the `detached` and `stopped` parameters, and adds an assertion to check the isolation level of the",0.002571909688413143,0.31863355822861195,Update project test to use detached mode and stopped containers.,-0.017167687183246017,0.2725661061704159
8465,py,Add HyperlinkedRelatedField constructor arguments.,-0.4388431906700134,0.9257820695638657,The diff changes the initialization of the HyperlinkedRelatedField class by adding new parameters and removing others.,-0.05651636980473995,0.710850078612566,"Add view_name, slug_url_kwarg, slug_field, and format kwargs to HyperlinkedRelatedField constructor.",0.001555520691908896,0.9908162417705171
8754,py,Update version to 2.6.0dev0.,0.9503239449113607,0.3559328764677048,Changes the version number and author name in the Ansible release file.,0.048821844000485726,0.9740870957029983,Update version number to 2.6.0dev0.,0.9745408724993467,0.5530696362257004
8822,py,Update ACMEAccount class to include agreement URL from ACMEDirectory metadata.,-0.07251118496060371,0.6841833214275539,"The diff changes the default value of the ""agreement"" parameter in the ""ACMEAccount"" class from a hardcoded URL to a variable that is set to the value of the """,0.006573407910764217,0.2849416434764862,Update ACMEAccount class with new parameters and default values.,-0.195698581635952,0.7317221958655864
8874,py,Refactor markup.py to use a more efficient entity regex.,0.06588355451822281,0.061042338609695435,"The diff changes the regular expression used to match entities in the text, from `re.compile(r'&(#?)(?:[^&;]+);')` to `re.",0.11034122109413147,0.6492610797286034,Refactor markup.py to improve entity handling and tag replacement.,0.13335539936088026,0.6463938523083925
9073,py,Add admin config for code examples in API documentation.,0.9092781785875559,0.297793984413147,The diff changes the code in the `render_code_example` method to include an `admin_config` parameter and to use a different configuration file based on the value of that parameter.,0.019667947199195623,0.7624854622408748,Add admin configuration for code examples in API documentation.,0.9364551424514502,0.3512105345726013
9098,py,Refactor subprocess calls to use with open as context manager.,-0.11994563043117523,0.4107232727110386,"The diff changes the way the subprocess is created and the way the output is handled, with the goal of suppressing the output to /dev/null.",0.001434199046343565,0.08361118426546454,Refactor subprocess calls to use with-statement and devnull.,-0.0025394558906555176,0.5748837869614363
9181,py,Fix unittest skip decorator and add comment for issue #7857.,-0.020298081217333674,0.07069098576903343,The diff changes the decorator of the `setup_via_listener` method from `@unittest.skip` to `#@unittest.skip`.,0.0006087701767683029,0.5631912276148796,Fix unittest skip decorator in test_logging.py.,-0.008430713089182973,-0.21007584035396576
9194,py,Update minimum version requirement for setuptools.,0.0053246605675667524,0.612288162112236,"The diff changes the minimum version of distribute required to be 0.6.28, and adds a new parameter to the use_setuptools function.",0.00030367542058229446,0.7639054632745683,Update distribute_setup.py to use setuptools 0.6.28.,-0.0016519911878276616,-0.2426911611109972
9297,py,"Permanently delete a realm, including all data and memcached flush.",0.0013727143086725846,0.001101753325201571,"The diff changes the code to add new imports, define a new class, and add new methods to delete a realm and flush memcached.",0.006304998300038278,0.4880180465988815,Permanently delete a realm and all data associated with it.,0.49532876888406463,0.06505086115794256
9335,py,Add R converter for data frames.,-0.17319650389254093,0.9531083907932043,"The diff changes the behavior of the RMagic extension in IPython, specifically the way it handles R objects returned from R and converts them to Python objects.",0.020332200219854712,0.5744962729513645,Add Rmagic extension for IPython.,-0.774541424587369,0.7611030675470829
9348,py,"""Update documentation on subclassing ndarray to clarify the complications and provide examples""",0.04946257174015045,0.03717612661421299,"The diff changes the behavior of the `numpy.ndarray` class when it is subclassed. Specifically, it changes the way that views and slices of the subclassed array are created,",0.0018911445513367653,0.009628224652260542,"""Implement subclassing of ndarray with view casting and slicing""",-0.21868404746055603,-0.332936093211174
9401,py,Fix invalid overwrite/replace settings in load_config().,0.1320122629404068,0.4064816911704838,"The diff changes the behavior of the `load_config` method in the `junos` module, allowing the `overwrite` parameter to be set to `True` while disallowing",-0.006887517869472504,0.34570762515068054,Fixes issue with setting both replace and overwrite to True.,0.004787476849742234,0.8977070213295519
9655,py,Add krbpasswordexpiration parameter to ipa_user module.,0.0022220257378648967,0.4826619513332844,"The diff changes the parameter ""krbpasswordexpiration"" from being optional to being required, and adds a new parameter ""givenname"".",-0.3959213853813708,0.026804519817233086,Add krbpasswordexpiration parameter to ipa_user module.,0.0022220257378648967,0.4826619513332844
9820,py,Update inventory index and add node to group by node ID.,-0.3375189043581486,0.9922849219874479,The diff changes the behavior of the `is_cache_valid` method and the `read_settings` method.,0.001055106520652771,0.9204502552747726,Refactor is_cache_valid and read_settings methods in Linode inventory plugin.,0.002686765044927597,0.3002079278230667
10020,py,Refactor fancy_getopt.py to use a dictionary for option indexing.,-0.004150990571361035,-0.33370376378297806,"The diff changes the implementation of the `fancy_getopt` class, specifically the `__init__` method and the `_build_index` method.",-0.0020619004499167204,0.8358105393126607,Refactor fancy_getopt.py to improve performance.,0.0017781491333153099,0.09066261351108551
10135,py,Add custom parameter support to sensu_check module.,0.9372162165818736,0.920127477729693,"The diff changes the type of the ""custom"" parameter from a string to a dictionary, allowing for more complex customization of the sensu_check module.",-0.00028225398273207247,0.09946443885564804,Add support for custom parameters in sensu_check module.,0.9583459977875464,0.9361993115744554
10138,py,Add Sensu subscription to client config.,0.08392513706348836,0.42624345421791077,The diff changes the behavior of the `sensu_subscription` function by adding a new `reasons` list and modifying the return value.,0.027339961379766464,0.5940166381187737,Add missing subscription to Sensu client config.,-0.5583103895187378,0.7837639199569821
10190,py,Update API endpoints to use new decorator for asynchronous responses.,0.009548806585371494,0.36808200320228934,"The diff changes the way the `api_get_profile` and `api_get_public_streams` functions are called in the code. In the original code, these functions were",0.010751821100711823,0.29445548355579376,Refactor common code for subscribing to streams.,0.13504788023419678,0.6960385031998158
10320,py,"""Update fstab file path for OpenBSD compatibility""",-0.6982774529606104,-0.2872340902686119,"The diff changes the behavior of the `mount` module in Ansible, specifically in the handling of the `fstab` parameter. In the original code, the `fstab` parameter is",0.1425674594938755,0.5175815373659134,"""Update mount module to support alternate fstab files on OpenBSD""",-0.35294174402952194,-0.10801970958709717
10352,py,Refactor import statements and fix AnsibleError handling in runner.py.,0.004873198340646923,0.8519309947732836,"The diff changes the import statements in the code, replacing `from ansible.utils import *` with `from ansible import utils`, and adds a new import statement for `from an",-0.03326047956943512,0.7162450328469276,Refactor Ansible runner to use Ansible utils and errors.,-0.0033988291397690773,0.654569435864687
10450,py,Update ASA module to use new provider dict for transport and authentication.,0.012214374728500843,0.6909241247922182,"The diff changes the Ansible module for Cisco ASA devices, adding new commands and options to the existing module.",0.010607105563394725,0.2860088497400284,Update ASA module to use new provider dict for transport and authentication.,0.012214374728500843,0.6909241247922182
10490,py,Refactor camelCase to snake_case in ec2 module.,0.0032068817818071693,0.2020450085401535,The diff changes the function `page` and adds a new function `camel_dict_to_snake_dict`.,0.03968724049627781,0.7023370750248432,Refactor camelCase to snake_case in ec2 module.,0.0032068817818071693,0.2020450085401535
10737,py,Disable mouse rotation and clear axes in axes3d.py.,-0.8123933665920049,0.9932059455895796,The diff changes the behavior of the `can_pan` and `cla` methods in the `axes3d` module.,-0.15559439361095428,0.912399246590212,Disable mouse interaction in axes3d.py.,-0.9057054381701164,0.9763017096556723
10825,py,"""Update cumulative performance period to include ending cash and as_portfolio method""",0.10488245717715472,0.2282298356294632,"The diff changes the code to use a new method called `as_portfolio()` to create a portfolio object from a PerformancePeriod object, which is used in algorithms running inside the same trad",0.0006398576369974762,0.0014101515989750624,"""Refactor PerformancePeriod to_dict and to_ndict methods to improve performance and reduce memory usage""",-0.29710478335618973,0.02164795296266675
10889,py,Refactor logger creation and add debug file handler.,0.1715380770037882,0.3388102799654007,"The diff changes the name of the log file from ""log_file"" to ""debug_file"" and adds a new formatter for the ""DEBUG"" level.",0.002439458214212209,-0.1575525775551796,Refactor logger creation and add debug file handler.,0.1715380770037882,0.3388102799654007
10925,py,Refactor resolve() method to improve performance and error handling.,0.3508272496983409,0.23826717771589756,"The diff changes the way the `resolve` method handles the `s` parameter, adding a try-except block and changing the way the `importer` method is called.",-0.005302518140524626,0.26305342465639114,Refactor resolve() method in Lib/logging/config.py to improve performance.,0.03371121920645237,0.0677039884030819
11069,py,Update systemd module to support user scope and fix dbus issue.,0.0053204532887320966,0.10072426870465279,"The diff changes the systemd module to require the user to have their own instance of dbus started and accessible, and adds a new option to specify the scope of the service manager.",-0.007953898515552282,0.9209752161987126,Update systemd module to support user scope and fix dbus issue.,0.0053204532887320966,0.10072426870465279
11547,py,Update binary_sensor.py to use numpy for gradient calculation.,-0.23448692448437214,0.459412622731179,The diff changes the import statements and adds a new import statement.,0.05318013299256563,0.6692470973357558,Add support for calculating gradients using NumPy.,-0.2624476910568774,0.9618334587430581
11615,py,Update pointer backend to mark messages as read.,0.06843972252681851,0.9803950062487274,The diff changes the code to update the pointer value in the user profile and mark messages as read.,0.021352909156121314,0.9079846451058984,Update pointer backend to mark messages as read.,0.06843972252681851,0.9803950062487274
11781,py,Refactor download_data to use six.moves.urllib instead of urllib.,-0.7222415707074106,-0.15562875755131245,"The diff changes the import statements, adds a new function called extract_hosted_zip, and modifies the download_data function to use the new function.",0.0028347225161269307,0.7506880918517709,Refactor: Use six.moves.urllib instead of urllib.,-0.9762904251692817,-0.14469148218631744
11861,py,"""Update Directory Service""",0.7049586027860641,-0.07079041004180908,"The diff changes the code level by adding or removing lines of code, modifying existing lines, or changing the order of lines. The changes are related to the Ansible module for managing Pure",0.0008459072560071945,0.016908626537770033,"""Update Directory Service""",0.7049586027860641,-0.07079041004180908
12098,py,Improve RANSAC algorithm documentation.,0.1585407555103302,0.0877903625369072,The diff changes the documentation of the RANSAC class in the linear_model subpackage of the sklearn library.,0.0005500228580785915,0.7263082405552268,Improve RANSAC algorithm documentation.,0.1585407555103302,0.0877903625369072
12145,py,"""Add developer commit history report""",0.8646859116852283,0.8643789030611515,The diff changes the code to add a new feature that reports how many days it has been since each developer committed.,0.03693766798824072,0.9080771167646162,"""Add developer commit history script""",0.7854068856686354,0.4418729543685913
12148,py,Update boxplot and bxp functions to use new boxplot_stats function.,-0.06964219082146883,0.21557049918919802,The diff changes the definition of the `boxplot` function in the `_axes.py` file.,-0.7333488846197724,0.6645898520946503,Update boxplot and bxp functions to use new boxplot_stats function.,-0.06964219082146883,0.21557049918919802
12379,py,Update SockJSRouter to use new statsd timing method.,0.011238471255637705,0.24545466899871826,"The diff changes the code to use the `statsd` library to measure the time elapsed for sending a message, and to add a fake log line to the code.",-0.41036882624030113,0.9434231003979221,Refactor socket.py to use new statsd library for performance monitoring.,-0.011976985959336162,0.1502566561102867
12462,py,Increase warning level for gcc in setup.py.,-0.17559608072042465,0.9832543779630214,Changes the command used to compile C code in the setup.py file.,-0.015162095427513123,0.9239989629713818,Update compiler flags for better warning level.,-0.030746320262551308,0.9660448424692731
12601,py,Refactor `make_request` to use a default argument.,-0.021663494408130646,0.21225569024682045,Changes the default value of the `make_request` parameter in the `_register` method.,-0.3317107558250427,0.9667743912432343,Refactor `make_request` to use a default argument.,-0.021663494408130646,0.21225569024682045
13042,py,Update widgets.py to use inverted transform instead of inverse_xy_tup.,-0.013088630512356758,0.017242830246686935,Changes the way the widget is initialized and the way it handles clicks.,0.0013477473112288862,0.9540857523679733,Fix issue with widgets.py and add new functionality.,0.11238738894462585,0.08336541056632996
13127,py,Fix import of readline to avoid crashing on Windows.,-0.006904085166752338,-0.0073207076638937,The diff changes the import statement for the readline module and adds an exception handler to prevent errors when readline is not available.,-0.005518784746527672,0.12125261360779405,Fix import error in ClientCompleter.,-0.17906053364276886,0.2497350201010704
13368,py,Refactor `_search_json_ld` to accept `*args` and `**kwargs` for more flexibility.,0.0019939778685511556,0.09321319591253996,"The diff changes the signature of the `_search_json_ld` method, adding a `*kwargs` parameter and changing the default value of the `fatal` parameter.",0.002245030307676643,0.6777015428524464,Refactor extractor/common.py to use keyword arguments for JSON-LD search.,0.012720542377792299,0.3948619179427624
13515,py,Add support for sparse data in Ridge regression solvers.,-0.03134857933036983,-0.014737054705619812,"The diff changes the solver used in the Ridge regression algorithm from 'auto' to 'dense_cholesky', 'sparse_cg', and 'lsqr'.",-0.004967258428223431,0.7230297960340977,Update Ridge regression solver and tolerance.,-0.3183967527002096,0.14123772457242012
13578,py,Update plot directive options to support context reset and new format options.,0.07232365664094687,0.6741937547922134,The diff changes the behavior of the `plot_directive` function in the `sphinxext` module of the `matplotlib` library. It adds a new `context` option,0.08435075008310378,0.5965465698391199,Update plot directive options to support context reset and format.,0.12935762596316636,0.8643964058719575
13804,py,Update timer interval and service call limit.,0.007862846832722425,0.7864229753613472,Changes the timer interval and service call limit in the Home Assistant init file.,0.0005152295634616166,0.958204410970211,Update timer interval and service call limit in homeassistant/__init__.py.,0.0005364333628676832,0.8473074045032263
13968,py,Fix ValueError handling in file-like objects.,-0.5605657584965229,0.27419255673885345,"The diff changes the behavior of the `_check_can_read`, `_check_can_write`, and `_check_can_seek` methods in the `bz2` module",0.0010632728226482868,0.3393889432772994,Refactor file operations to check for closed file before performing I/O operations.,-0.0005988948978483677,0.7423569457605481
14244,py,Add exceptions and cache codec registry entry.,0.01517796516418457,0.990920000418555,The diff adds a new exception class `CodecRegistryError` and modifies the `search_function` function to raise this exception when an incompatible codec is found.,0.0007141651003621519,0.555624290369451,Add exceptions and codec registry error handling to Python's codecs module.,0.043221816420555115,0.9743437987926882
14280,py,Reset all colors for a person to the default grey.,-0.10281864157877862,0.9757311909925193,The diff changes the code to add a new command to reset all colors for a person to the default grey.,0.0019027325324714184,0.7784811514429748,Add reset_colors management command.,0.9238537575001828,0.9000232396647334
14301,py,Update ZoomHeight to account for new screen heights.,0.005216815829044208,0.07234785333275795,"The diff changes the code in the ""ZoomHeight"" function to add a new ""zoom_height"" function and call it from the ""zoom_height_event"" function.",0.008242537995101884,0.30914417654275894,Refactoring of ZoomHeight.py to improve readability and reduce code duplication.,0.017690721484541427,0.02856416697613895
14316,py,Add task_id parameter to apply_async to support eager execution.,0.0026950778265018016,0.8805163630167954,The diff changes the `apply_async` method in the `celery.execute` module to include a `task_id` parameter and to use it instead of generating a unique ID.,0.01943597297940869,0.8327231284929439,Refactor apply_async to accept task_id as an option.,0.7624425659887493,0.7482018631417304
14322,py,Refactor rational arithmetic operations to use more precise and efficient implementation.,-0.00022595905466005206,0.3215532284229994,The diff changes the implementation of the `__floordiv__` and `__rfloordiv__` methods in the `Rational` class.,0.0004458423936739564,0.4366609752178192,Improve rational division and modulo operations.,-0.10261768265627325,0.17790434323251247
14324,py,Add error handling for SSL handshake and connection failure.,-0.012329924385994673,0.9631729835236911,The diff changes the code to add a new function called `handle_error` and to modify the existing `BasicTests` class to use this new function.,0.004957409750204533,0.3171723373234272,Add error handling to test server and SSL handshake.,-0.0022201722022145987,0.910615611996036
14336,py,Add support for f2py in distutils.extension.Extension.,0.022470989264547825,0.9776060355943628,"The diff adds a new class called Extension, which is a subclass of the existing Extension class from the distutils module. The new Extension class adds a new attribute called f2py",0.0071222539991140366,0.19780600257217884,Add support for f2py in Extension class.,0.9424843630986288,0.986469939147355
14368,py,Update Settings class to use default_settings from scrapy.conf.,0.00022788223577663302,0.5302610611543059,The diff changes the import of the default settings from a module to a dictionary.,0.0005256067961454391,0.5350016206502914,Refactor Settings class to use default_settings from scrapy.conf.,0.001084711286239326,0.5598992928862572
14444,py,Add tests for isotonic regression with different increasing methods.,0.038486987352371216,0.63005555793643,The diff changes the test cases for the `IsotonicRegression` class in the `sklearn` library.,-0.0009140342008322477,0.9245073636993766,Add tests for isotonic regression with different increasing methods.,0.038486987352371216,0.63005555793643
14546,py,Fix bounding box calculation in Qt5 backend to match QRect documentation.,-0.01042961236089468,0.24396511539816856,The diff changes the way the bounding box is calculated and the origin of the image is set.,-0.0003893886459991336,0.5866714753210545,Fix off-by-one error in Qt5 backend for matplotlib.,0.0001898512346087955,0.061898752581328154
14610,py,Add ENTITY_SERVICE_SCHEMA to cover services.,0.5899338349699974,0.8481952475267462,The diff changes the import statements and adds new entity services to the cover component in Home Assistant.,0.0007397663139272481,0.42720338702201843,Add support for cover tilt position.,-0.14337186142802238,0.7045598588883877
14660,py,Add support for custom wrappers in vectorized environment creation.,0.33576880395412445,0.6455214298330247,"The diff changes the `make` function in the `gym.vector` module to accept an additional `wrappers` argument, which is a callable or iterable of callables",0.001331620675045997,0.6034488454461098,Refactor: Add support for custom wrappers in `gym.vector.make`.,0.022880825214087963,0.10603237524628639
14666,py,"Add callback to IOLoop from signal handler, wake IOLoop if necessary.",-0.032089268788695335,0.303862527012825,"The diff changes the condition for waking up a polling IOLoop from ""if list_empty and thread.get_ident() != self._thread_ident"" to ""if list_",0.06398092955350876,0.5386972427368164,Add callback from signal and wake IOLoop if necessary.,-0.0037627005949616432,0.15790891647338867
14688,py,Add support for saving object arrays using Python pickles.,-0.7723685202654451,0.9734105898533016,"The diff changes the function signature of the `save` function in the `npyio` module of the `numpy` library, adding a new parameter `fix_imports` and changing",-0.28238414227962494,0.39576640725135803,Update save function to allow saving object arrays using Python pickles.,-0.9367769069503993,0.6851875544525683
14756,py,Update test cases to handle deactivated realm.,0.9914496727287769,0.40217946749180555,"The diff changes the behavior of the `test_register` method in the `test_signup` class, specifically by adding an `@override_settings` decorator and changing the `sub",0.020818481221795082,0.3276714766398072,Refactor test_register to use override_settings and test_register_deactivated_partway_through to test deactivated realm registration.,0.04237773455679417,0.6148468861356378
14847,py,Refactor handle_push_notification to avoid duplicate notifications.,-0.09220522549003363,0.23125926940701902,The diff changes the logic of the `handle_push_notification` function by adding a check for whether the user has read the message already.,-0.004902170039713383,0.9429449139279313,Refactor handle_push_notification to avoid duplicate notification.,-0.051856692880392075,0.2951609594747424
14963,py,Update URL parsing cache and clear cache when necessary.,0.3867393231485039,0.8729524847003631,The diff changes the implementation of the `urlparse` function in the `Lib/urlparse.py` module.,0.0017265488859266043,0.8168444922193885,Refactor urlparse to improve performance and reduce memory usage.,0.03496350976638496,0.2584251272492111
15176,py,"""Refactor test_buysell and test_buysell_concave to use a common test_source_and_orders method""",-0.06017320044338703,-0.1362081877887249,"The diff changes the class name from ""FinanceTestCase"" to ""TestUpDown"" and changes the method name from ""test_buysell"" to ""test_source_and",-0.02143722865730524,0.27132442966103554,"""Refactor test_optimize to use Powell's method for gradient descent optimization""",-0.05268222093582153,-0.2150161387398839
15206,py,Fix ordering filter to handle None correctly.,-0.9523043534718454,0.02073117345571518,Changes the behavior of the `get_template_context` method by removing the `None` check for the `current` variable.,-0.4135516509413719,0.8906607106328011,Fix ordering filter bug in REST framework.,0.00035737582948058844,0.06358563690446317
15330,py,Update import_realm.py to use s3_path instead of path for avatars and emojis.,-0.27503546443767846,0.27427635341882706,Changes the import_realm function to use the 's3_path' key instead of the 'path' key when importing attachments.,0.02780115231871605,0.48441554978489876,Refactor import_realm.py to use path_maps for attachment_path and s3_path.,0.024376658257097006,0.8860831323545426
15412,py,"""Refactor Google and Twitter authentication to use OAuthMixin and fix FriendFeed authentication""",-0.026377147994935513,-0.2905718721449375,"The diff changes the class names and method names in the code, and adds new methods and classes related to authentication and authorization.",0.0005506512243300676,0.1328329425305128,"""Refactor Google and Twitter authentication handlers to use the new `GoogleMixin` and `TwitterMixin` classes""",0.0062177181243896484,0.060221679508686066
15579,py,Update test support definitions and add Error and TestFailed classes.,-0.01186523400247097,0.9745136822457425,"The diff changes the documentation string of the `Error` and `TestFailed` classes, and adds a new `use_large_resources` flag.",-0.026760735781863332,0.6770340944640338,Update test support definitions and add Error and TestFailed classes.,-0.01186523400247097,0.9745136822457425
16076,py,Update request stats with fail ratio.,0.8458912131609395,0.9305040761828423,The diff changes the calculation of the fail ratio in the request_stats function.,0.0021548390213865787,0.9355868711136281,Improve request statistics calculation by handling ZeroDivisionError and avoiding unnecessary computations.,0.09088970720767975,0.16365291239344515
16201,py,Add SSL validation handler to urllib2 opener for HTTPS requests.,0.0031855921261012554,0.36504030227661133,"The diff changes the behavior of the `RedirectHandlerFactory` class, which is used to create a redirect handler for the `urllib2` library. The diff adds a new parameter `validate",0.007979387883096933,0.15331541001796722,Add SSL validation handler to urllib2 opener.,0.0010039990884251893,0.8534003663808107
16314,py,Refactor business logic and UI interaction.,0.9253545976243913,0.3169933184981346,"The diff changes the way the business logic and UI are initialized, and adds a new method to the UI class.",0.00015491324302274734,0.4806509166955948,Refactor business logic and UI interaction.,0.9253545976243913,0.3169933184981346
16386,py,Update integration display names in markdown files.,-0.23401707038283348,0.6966844666749239,The diff changes the logic for determining the integration name and display name in the `render_markdown_path` function.,0.009389982093125582,0.5090066744014621,Refactor render_markdown_path to improve readability and reduce complexity.,0.011111129075288773,0.07195710588712245
16550,py,Fix exception handling in celery worker to avoid crashing the worker.,0.0011528698087204248,0.02751178975449875,"The diff changes the exception handling in the `fetch_next_task` method, adding a `return` statement and changing the logging message.",0.011504055582918227,0.9527796701731859,Fix worker exception handling and add return statement.,0.011312617352814414,0.6744586136192083
16728,py,Refactor `use` method to accept a style specification and update `rcParams` accordingly.,0.13916347920894623,0.19970880541950464,"The diff changes the function `use` in the `matplotlib.style.core` module to accept a `style` parameter instead of a `name` parameter, and also changes the way",0.005240446887910366,0.12793152779340744,"Refactor use() method to accept style specifiers (str, dict, or list) and apply style from first to last in the list.",0.0008811098523437977,0.752259511500597
16729,py,Refactor Subcommand class to use ABCMeta and abstractmethod.,0.07839513756334782,0.9663739537936635,"The diff changes the method signature of the `func` method in the `Subcommand` class, replacing `func(self, args)` with `@abstractmethod def invoke(self, args)`.",0.009699935093522072,0.9772373433224857,Refactor subcommand class to use ABCMeta and abstractmethod.,0.0776330903172493,0.9690158097073436
16861,py,Update SpiderState to use job_dir from scrapy.utils.job,0.007110887439921498,0.6894337423145771,"The diff changes the import statement from ""six.moves.cPickle"" to ""scrapy.utils.job.job_dir"" and adds two new lines of code",-0.004407074302434921,0.6397325918078423,Refactor SpiderState to use job_dir from scrapy.utils.job.,0.0008324608206748962,0.6403852831572294
17246,py,Update regex escape function to use regex_escape instead of re_escape.,0.9496417797054164,0.24288779497146606,"The diff changes the name of a function from ""re_escape"" to ""regex_escape"" and adds a new function called ""regex_escape"".",0.08895678131375462,0.7712197937071323,Refactor core.py to use regex_escape instead of re_escape.,0.0116836100933142,-0.16534429788589478
17624,py,Add ones and filled functions to numpy.core.numeric.,0.0008822912350296974,0.5566771528683603,"The diff changes the function signature of the `ones` function in the `numpy.core.numeric` module, adding a new parameter `order` and changing the default value of the `d",-0.027292209677398205,0.5154940411448479,Refactor `ones` and `filled` functions to use `numpy.full` instead of `numpy.ones` and `numpy.filled`.,-0.8918702974915504,-0.5994170345366001
17969,py,Refactor bulk_get_subscriber_emails to use values() and only() for better performance.,0.003986522322520614,0.03967092337552458,The diff changes the code to use the `values` method instead of `only` to retrieve the desired columns from the `Subscription` model.,0.12886390791391023,0.49336789501830935,Refactor bulk_get_subscriber_emails to improve performance.,0.7166945958160795,0.06546325678937137
18020,py,Add support for multiple spiders in `scrapy crawl` command.,-0.9757186826318502,0.9272277529817075,The diff changes the code to raise an error if the user tries to run 'scrapy crawl' with more than one spider.,0.02025456097908318,0.9614300132379867,Refactor: Simplify `scrapy crawl` command.,0.12852874398231506,0.5187719715759158
18068,py,"""Refactor tokenization utils to improve efficiency and reduce code duplication""",0.2310580350458622,0.02299242466688156,The diff changes the behavior of the `encode` method in the `Tokenizer` class. The original method takes an optional `text_pair` argument and returns a tuple containing the encoded sequence,0.008162460755556822,0.047839321196079254,"""Refactor tokenization utils to improve performance and add support for sequence pair encoding""",-0.1153954416513443,0.014281378127634525
9,rust,"""Update Signed and Signature implementations to use new TlsCert""",0.1442844122648239,0.013714337721467018,"The diff changes the implementation of the `Signed` trait for the `TlsCert` struct, adding a new method `validate_self_signed` that allows for extraction of a",0.006053261109627783,0.6561641679145396,Add `impl` for `Signed` and `Signature`,0.1239881101064384,0.7021528072655201
23,rust,Update event formatting to use consistent naming convention.,0.8758305902010761,0.11872315313667059,Changes the formatting of the `Event` enum in the `Reactor` struct.,0.6181846708059311,0.34764768928289413,Update event formatting in Reactor::validator.rs,0.33671646914444864,0.3841257877647877
24,rust,"Update formatting of log output to include date/time, log level, and span information.",0.0320803838694701,0.6482944702729583,"The diff changes the formatting of log messages in the `tracing-subscriber` crate, adding a dimmed style for the date/time and log level, and enabling",0.003466066555120051,0.7557944087311625,Refactor formatting of log messages to use dimmed style for date/time and log level.,0.00958384433761239,0.4062241092324257
38,rust,Add test module for SmallNetwork component.,0.9778225680347532,0.9127749516628683,"The diff adds 77 new lines to the file, including 81 new lines in the `test` module.",-0.00021777315123472363,0.06521070620510727,Add test module for SmallNetwork component.,0.9778225680347532,0.9127749516628683
63,rust,"""Added Target enum and structs for message recipients""",-9.17446450330317e-05,0.884626682382077,"The diff changes the code level by adding a new enum `Target` and a new struct `TargetedMessage` to the `consensus` module, and modifying the `Node` struct to",0.013573799282312393,0.24261413514614105,"""Added TargetedMessage and Message structs to consensus highway testing""",0.012547655496746302,0.5204969551414251
70,rust,Update node add method to return node ID and runner reference.,0.17400596558582038,0.7121677547693253,"The diff changes the return type of the `add_node` method from `&mut reactor::Runner<TestReactor>` to `(NodeId, &mut reactor::Runner<Test",0.09522070735692978,0.2702444940805435,Refactor: Add node with config and return node ID and runner reference.,0.06332594202831388,0.9316156916320324
75,rust,Update tracing and add debug span for server task.,-0.026385927107185125,0.8097853921353817,"The diff changes the use of the `tracing` crate in the `small_network.rs` file, adding a new `Span` and using it to log messages.",-0.2635713145136833,0.423042232170701,Update tracing and add debug span for server task.,-0.026385927107185125,0.8097853921353817
102,rust,"Add node with config, panic on duplicate node ID.",0.08795984275639057,0.9590691878693178,"The diff changes the return type of the `add_node` method from `anyhow::Result` to `Result`, and adds a `panic!` statement if a duplicate node ID",0.23208034341223538,0.18874218041310087,Fix duplicate node ID insertion in Network::add_node_with_config,-0.08058433933183551,0.00018314272165298462
118,rust,Update comments to clarify the purpose of requests.,0.8158014168730006,0.2299601356498897,"The diff changes the description of the `Request` effect, adding a new line and changing the wording of the existing lines.",0.0039605776546522975,0.11256424803286791,Improve documentation of Requests effect.,0.9915981093072332,0.03456055972492322
127,rust,Update `api_server.rs` to use `Cow` instead of `String` for better performance.,-0.006311355973593891,-0.01638989243656397,"The diff changes the import statements in the `api_server.rs` file, adding a new import and removing an existing one.",-0.02674506325274706,0.3210819140076637,Update `api_server.rs` to use `Cow` instead of `String` for better performance.,-0.006311355973593891,-0.01638989243656397
130,rust,Update Highway testing to use PreValidatedVertex.,-0.04379405127838254,0.12967543303966522,"The diff changes the method `synchronize_validator` in the `HighwayTesting` struct, which was previously defined as `fn synchronize_validator(&mut self,",0.0024794484488666058,0.5175969749689102,Refactor highway testing to use PreValidatedVertex and fix synchronization of missing dependencies.,0.0038814498111605644,0.15799623914062977
139,rust,Add witness vote and confirmation vote to active validator's effects.,-0.0018951112870126963,0.9404789264081046,"The diff changes the code in the `ActiveValidator` struct by adding two new lines of code, one in the `effects` method and one in the `handle_confirmation` method",0.0012512042885646224,0.35092842020094395,Update active validator to handle new panorama and confirmation votes.,0.006581587716937065,0.3717915313318372
144,rust,Add announcement of stored deploy to storage request handler.,0.005390816135331988,0.7749790376983583,Adds a new line of code to the `StorageRequest::GetDeploy` case of the `match` statement.,-0.007863045204430819,0.05588347837328911,Add announcement of stored deploy to storage request handler.,0.005390816135331988,0.7749790376983583
148,rust,Add temporary workaround to remove deploys from buffer before proposing.,0.03204310848377645,0.9831580799800577,"The diff adds 6 lines of code to the `DeployBuffer` component, including a new method `remaining_deploys` and a new `for` loop to remove dep",0.00043163320515304804,0.401525572873652,Add temporary workaround to remove deploys from buffer before proposing.,0.03204310848377645,0.9831580799800577
164,rust,Add new vertex to creator's state immediately.,0.9935819504316896,0.9884651295724325,"The diff adds 11 lines of code, including a new variable `additional_effects` and a new `match` statement.",-0.00024337859940715134,0.020754781871801242,Add new vertex to creator's state immediately in Highway testing.,0.009709682781249285,0.916981984009908
170,rust,Refactor: Add valid vertex to creator's state immediately in highway propose.,-0.043077580630779266,0.5727761685848236,"The diff changes the implementation of the `propose` method in the `Highway` struct, adding a new vertex to the creator's state immediately and returning a new `Effect`",0.0009926373895723373,0.1277915108948946,Refactor highway_testing.rs to add valid vertex to creator's state immediately.,0.007506980560719967,0.10947430646046996
174,rust,Add note about using `new()` or `default()` only once per test and constructing child `TestRng`s via `from_seed()` for multi-threaded tests.,-0.0001715178368613124,0.883776081551332,"The diff adds 6 lines of code to the `TestRng` implementation, including a new method `from_seed()` and a new field `THIS_THREAD_HAS",-0.0024735931074246764,0.17532749730162323,Add note about using `new()` or `default()` only once per test and constructing child `TestRng`s via `from_seed()` in separate threads.,-0.00032248813658952713,0.8696105806156993
186,rust,"""Update consensus values count and add default value""",0.01825355552136898,0.0619235523045063,"The diff changes the number of consensus values proposed by the nodes in the network from 0 to 10, and adds a new field `consensus_values_count` to the",0.0015089937369339168,0.15667551290243864,"""Update consensus values count and add default value""",0.01825355552136898,0.0619235523045063
213,rust,Fix panic when responder is dropped without being responded to.,0.10085390601307154,0.20161567255854607,The diff changes the error message and adds a new line of code.,0.0027741709782276303,0.4092995538376272,Fix bug in Responder drop implementation.,-0.0010046758688986301,0.09699741378426552
228,rust,Fix panic message for KeyedCounter underflow.,-0.0008410471491515636,-0.20164738595485687,"Changes the panic message in a test function from ""tried to decrease in-flight to negative value"" to ""tried to decrease in-flight to negative value"".",-0.033941179513931274,0.7042368911206722,Fix panic message for KeyedCounter::dec(),-3.9015780203044415e-05,-0.5295260418206453
272,rust,Update block summary hash based on finalized block height.,0.017706867307424545,0.7666263824794441,The diff changes the way the parent summary is calculated in the `create_block` method of the `BlockExecutor` struct.,-4.7755573177710176e-05,0.5291789583861828,Refactor block executor to use parent summary hash.,0.010980184888467193,0.32784126698970795
279,rust,"""Refactor block and finalized block structs to include era_id and height""",-0.0052904392359778285,0.3822225295007229,"The diff changes the code level by removing the `parent_hash` field from the `BlockHeader` struct and adding a new `switch_block` field, as well as changing the `",-0.008007507771253586,0.09547512233257294,"""Refactor block and finalized block structs to use new era and height fields""",-0.06569454912096262,0.15219242870807648
289,rust,Add RUST_TOOL_WASM_PATH check for Wasm file existence.,-0.2591979578137398,0.15679943561553955,The diff changes the condition for checking the existence of the Rust WASM path.,0.04496993450447917,0.5596632757224143,Update Rust WASM path check to include RUST_TOOL_WASM_PATH.,0.021507940255105495,0.06615700013935566
297,rust,Update metrics formatting to be consistent with Prometheus.,-0.01142280176281929,0.05088472459465265,Changes the return type of the `GetMetrics` API request from `Option<String>` to `Option<String>`.,-0.02634406671859324,0.18016359210014343,Fix formatting of GetMetrics in node/src/effect/requests.rs,-0.016086285933852196,0.03282700292766094
309,rust,"""Fetch deploys for finalized block with height {} has {} deploys"", finalized_block.height(), deploys.len()""",-0.4073036313056946,0.919695008546114,"The diff changes the way the `pre_state_hash` function is implemented in the `BlockExecutor` struct. The original implementation returns a `Digest` value, while the modified implementation",0.011634746566414833,0.1483866274356842,"""Update BlockExecutor to handle GetDeploysResult event""",-0.09027739614248276,0.15002845972776413
327,rust,Add Debug implementation for Message enum.,0.559624862857163,0.7661309838294983,"The diff adds a `Debug` implementation for the `Message` enum, which includes a `fmt` method that formats the enum variant and its fields for display.",0.007883447920903563,0.762457799166441,Add `Debug` implementation for `Message` enum.,0.3466752232052386,0.7118684127926826
336,rust,Update latest received era ID to None if the trusted hash has been specified and the linear chain is synced.,-0.8187038898468018,0.423053365200758,"The diff changes the type of `latest_received_era_id` from `EraId` to `Option<EraId>`, and adds a new line to the `",0.003482295200228691,0.1687547881156206,"""Update consensus era handling to support proper syncing""",0.11151604738552123,0.08329811878502369
355,rust,Add long help message for unknown subcommand.,0.021233875304460526,0.7951744056772441,Adds a new case to the `match` statement and adds a new `println!()` statement.,-0.009484417270869017,0.025171556044369936,Update subcommand handling to print help when no subcommand is chosen.,0.0879701126832515,0.3490068558603525
364,rust,Update log level from debug to info in API server.,0.15537701058201492,0.44715915457345545,Changes the debug! macro to info! macro in the code.,0.39281443518120795,0.7638895557902288,Update log level in API server to info.,0.3236780755687505,0.1124168336391449
390,rust,Add validation for era start time and node start time.,0.002372481510974467,0.6837736507877707,Adds 19 lines of code to the `era_supervisor.rs` file.,-0.00024211803247453645,0.491076000907924,Add validation for era start time and node start time.,0.002372481510974467,0.6837736507877707
494,rust,Update Cargo.lock and add a new dependency.,0.16903027333319187,0.013439489994198084,Adds a new line to the `main` function that updates the `Cargo.lock` file.,0.0014226799830794334,0.924354748451151,Update Cargo.lock and grpc_cargo_casper dependencies.,0.14374088775366545,0.8709927960153436
515,rust,"Add optional values for each of these types: bool, i32, i64, u8, u32, u64, u128, u256",-0.0057399102952331305,0.4786242041736841,"The diff changes the way optional values are handled in the code. It adds support for specifying optional values in the format `name:type=null`, and it changes the way optional types are handled",0.009589001536369324,0.9586966675706208,Add optional values for each type to the creation_common.rs file.,-0.002977977506816387,0.8386621138779446
517,rust,Add logging for dropped incoming connections.,0.0007685349555686116,0.9433733040932566,The diff changes the code to add a check for the peer address before removing it from the pending list.,0.0019609949667938054,0.8970050902571529,Fix outgoing connection logic to handle dropped incoming connections.,0.10467733442783356,0.8310500839725137
728,rust,Add temporary directory for unit hashes storage.,-0.04120995104312897,0.9763129473722074,Adds a line to set the unit hashes folder in the configuration.,0.005509600625373423,0.9589143072080333,Add temporary directory for unit hashes to test configuration.,-0.018957193940877914,0.9679872723063454
752,rust,Remove unnecessary warning log and return statement in on_fail_charge macro.,0.0007165442657424137,-0.35814040899276733,Removes a warning log and returns a different error type in a macro.,0.00022132901358418167,0.4170786291360855,Remove unnecessary warning and return statements in executor.rs.,0.11404974572360516,-0.38477496057748795
753,rust,Fix typo in joiner reactor warning message.,-0.18887260789051652,0.02453332394361496,"The diff changes the word ""Finality"" in the code from ""Finality"" to ""finality"" in two places.",-0.005081810289993882,0.20771987922489643,Fix typo in joiner reactor and add logging for disconnecting from a given peer and ignoring block proposer and proto block validation requests.,-0.004565299255773425,0.21227490063756704
759,rust,Update peer blocklist and log blacklisting.,0.6819757584598847,0.7493466967716813,Changes the line that logs the peer ID to include the node's own ID.,0.19985775649547577,0.2649003937840462,Update peer blacklisting logic in small_network.rs.,0.01920370094012469,0.7185445977374911
781,rust,Add block header deserialization method.,0.04990244843065739,0.42608611285686493,"The diff adds 12 lines to the `Block` struct, including a new `from_header` method and a new `proofs` field.",4.7361027100123465e-05,0.008618279040092602,Add block header creation method to Block.,0.8419795902445912,0.6037956308573484
785,rust,"""Fix inconsistent logging and add trace logging for linear chain download and deploys""",0.0018343917035963386,0.039700962603092194,The diff changes the following code at the code level:,0.08770815469324589,0.707710113376379,"""Refactor linear chain sync to use a more efficient algorithm""",-0.142560712993145,-0.059473500587046146
789,rust,Add trace logging for failed deploys downloads.,0.9264042668510228,0.9377998937270604,The diff adds a new line of code to handle the case where the first peer in the list of peers to download deploys from fails.,0.01015271502546966,0.06578962178900838,Add logging and error handling for failed deploy downloads.,0.9524846510976204,0.7665339777304325
849,rust,Update node count for bulk gossip test.,-0.008076898171566427,0.32761379331350327,Changes the number of nodes in the test network from 5 to the value of the TEST_NODE_COUNT environment variable.,0.0026717119617387652,0.9637661781162024,Update node count for bulk gossip test.,-0.008076933096162975,0.32761379331350327
853,rust,Add hack to give libp2p thread time to bind to socket before creating additional nodes.,0.004508363068453036,0.9936029698292259,Adds 10 lines of code to the `send_large_message_across_network` function.,3.470457158982754e-05,0.9431319007853745,Add sleep to allow libp2p thread to bind to socket.,0.014103179215453565,0.9898435716459062
871,rust,Add tracing::info logging for absent and timeout events.,0.06480273185297847,0.9567192170652561,The diff changes the imports and adds two new functions to the `fetcher` module.,0.012208787258714437,0.26319260988384485,Update fetcher component to include new tracing log levels.,0.02913179458118975,0.05533096380531788
877,rust,Add context to BlockValidationState to enable fetching deploys.,0.04033812880516052,0.2945280075073242,The diff changes the code in the `BlockValidationState` struct by adding a new field `context` and a new method `source` that returns a peer if there is any that has not,0.008571225218474865,0.9687500050640665,Add support for downloading deploys from a peer.,0.003262541489675641,0.5985407903790474
909,rust,Refactor finality detector to use validator IDs instead of indices.,-0.010764705017209053,0.37624661065638065,"The diff changes the way the inactive validators are reported in the `TerminalBlockData` struct, adding a check for sufficient time for activity before reporting them.",0.010682748630642891,0.8973917936091311,Refactor: Compute rewards and report inactive validators with sufficient time for activity.,-0.08057376742362976,0.8506588938180357
913,rust,Update unbonding purse creation to return () instead of remaining bond amount.,0.10604220069944859,0.5383144840598106,Changes the return type of `create_unbonding_purse` from `Result<U512>` to `Result<()>`.,0.003680068999528885,0.26852502347901464,Update unbonding purse function to return () instead of U512.,0.035080235451459885,0.021011807024478912
921,rust,Update highway tests to expect 2 outcomes.,0.11752498149871826,0.25974116101861,The diff changes the number of outcomes asserted in the test from 1 to 2.,-0.001827295171096921,0.7956398476380855,Fix Highway protocol tests to expect correct outcomes.,-0.9355204366147518,0.03465145081281662
928,rust,Update protocol version in block executor.,0.05266633629798889,0.8103980929008685,The diff changes the import of `ProtocolVersion` from `casper_types` to `casper_execution_engine`.,-0.17598278261721134,0.5334200607612729,Update protocol version in block executor.,0.05266717076301575,0.8103980929008685
944,rust,Add temporary code to disable slashing for first 90 days.,0.028225276619195938,0.9127133248257451,Adds 7 lines of code to the end of the `era_supervisor.rs` file.,0.00022634204651694745,-0.012319755740463734,Add slashing logic for first 90 days of the era.,-0.9902290119789541,0.94913310976699
1021,rust,Fix duplicate PID error and add PID file truncation and rewinding.,0.056787648412864655,0.9025589937809855,"The diff changes the code in the `pidfile.rs` file to use the `Seek` trait instead of the `Read` trait, and adds a `flush` method call to",0.005454098165500909,0.206484979018569,Fix duplicate PID file write and add PID check.,-0.013619035482406616,0.7460205480456352
1048,rust,Update effect builder to handle closed channels by waiting on a resource we can never acquire.,0.1633943859487772,0.8156411838717759,"The diff changes the behavior of a task that is stuck in an infinite loop, causing it to wait indefinitely instead of aborting.",0.044892922043800354,0.8777079842984676,Fix timeout and add unobtainium semaphore to handle request for closed channel.,0.012825144454836845,0.05276006460189819
1076,rust,Update tracing log level for storage component.,-0.2021986059844494,0.4138617068529129,"The diff changes the line containing ""use tracing::{error, info};"" to ""use tracing::{debug, error, info};"" and removes the line containing ""/// Att",-0.026357476133853197,0.20974604040384293,Update execution result storage to allow duplicate results.,-0.6450907699763775,0.6113111060112715
1086,rust,Update block validator to use BTreeMap for counting deploys.,-0.005720092449337244,0.43414144217967987,"The diff changes the type of the `in_flight` field from `KeyedCounter` to `BTreeMap`, and adds a new method `log_block_with_re",-0.0018204166553914547,0.37740718852728605,Refactor: Use `itertools::Itertools` to simplify code.,0.00216692965477705,0.26479480892885476
1090,rust,Workaround for exiting reactor before completion: drain control queue for fatal errors.,-0.035649760626256466,0.9887931963894516,"The diff adds 20 lines of code to the `reactor.rs` file, starting at line 702.",-0.0007837021548766643,0.05596541799604893,Workaround for exiting reactor before completion: Drain control queue for fatal errors.,-0.03314329870045185,0.9853461771272123
1101,rust,Add pending signature and return true.,0.9949961863167118,0.7162174433469772,The diff changes the return value of the `insert` method in the `PendingSignatures` struct from `Option<bool>` to `bool`.,-0.03212030231952667,0.5653223572298884,Update pending signatures to include new signature.,0.9176398108247668,0.9814602754777297
1129,rust,Update outgoing manager to use HashSet for connecting addresses.,0.00020343530923128128,0.12849521078169346,"The diff changes the type of the `outgoing` field from `HashMap<SocketAddr, Outgoing>` to `HashMap<SocketAddr, Outgoing, HashSet<SocketAdd",-0.019257976207882166,0.22482773661613464,Update outgoing.rs: add HashSet for cache_connecting and update routing table.,0.16489573603030294,0.8238863359438255
1131,rust,"""Update outgoing connection state and perform housekeeping""",0.3710004799067974,0.3149360716342926,"The diff changes the code level by adding a new field to the `Outgoing` struct, `is_unforgettable`, and a new method, `mk_span`, to the",0.0023211133666336536,0.16297470778226852,"""Refactor OutgoingManager to use OutgoingConfig and OutgoingState""",-0.07828295975923538,0.11331783421337605
1156,rust,Update networking metrics to include peer count and fix metric names.,0.0013691289350390434,0.08165598683990538,"The diff changes the names of some metrics in the `NetworkingMetrics` struct, changing the word ""protocol"" to ""protocol overhead"" in some cases and adding a space between the word",-0.00025286409072577953,0.055294472724199295,"""Update networking metrics to include peer count""",0.004712502472102642,0.046178869903087616
1173,rust,Add flag for hashing incoming/outgoing messages.,-0.5467472115415148,0.9457362503744662,"The diff changes the code in the `create_trace_id` function by adding a new line, changing the order of existing lines, and adding a new constant.",-0.024608199950307608,0.17322428990155458,Add flag for hashing incoming/outgoing messages.,-0.546748285240028,0.9457362503744662
1210,rust,Refactor outgoing.rs to use a span for the outgoing state.,-0.08412283286452293,0.3975304923951626,"The diff changes the way the `OutgoingState` is handled in the `connection_manager` module, specifically in the `connect_outgoing` function.",-0.00843389518558979,0.15110704023391008,Refactor outgoing.rs to use a span for in_scope.,-0.14219054207205772,0.305501826107502
1236,rust,"""Add logging to purge_vertices to track expired vertices""",-0.9779534112894908,0.002356373704969883,Adds a log message to the `purge_vertices` method.,0.1496573956683278,0.6263022646307945,"""Added logging to purge_vertices method in Synchronizer""",0.20244472799822688,0.07154727925080806
1237,rust,Update maximum number of requests for vertex to 2.,0.959926062496379,0.8712735051522031,Changes the maximum number of requests for a vertex from 10 to 2.,0.018758081831037998,0.9775619934080169,Update maximum number of requests for vertex to 2.,0.9599260634859093,0.8712735051522031
1262,rust,Refactor: Use `get_key_block_header_for_era_id_from_storage` and `get_era_validators_from_contract_runtime`,-0.06422237679362297,0.6243058517575264,"The diff changes the code to use the `get_key_block_header_for_era_id_from_storage` method to retrieve the key block header for the given era,",-0.09249788522720337,0.7952916184440255,Refactor: Improve performance by reducing unnecessary reads from storage.,0.07474484771955758,0.20514899492263794
1275,rust,Add tracing::warn to handle dropped items when sealing a queue.,-0.0002034922072198242,0.7219001702032983,"The diff adds a new method `seal` to the `WeightedRoundRobin` struct, which sets a flag indicating that the queue is sealed and prevents any further items from",0.00037826100015081465,0.5271341300103813,Add tracing::warn to seal() method to log when queue is sealed.,0.0006058206781744957,0.1709969702642411
1276,rust,Seal joiner queue and drain queues.,-0.6011673044413328,0.9554862272925675,Adds a line to the code that seals the joiner queue.,0.015163329837378114,0.9905236344784498,Add seal() call to clear joiner queue.,-0.5498844534158707,0.924668249906972
1321,rust,Add rand and serde dependencies for collision-resistant temporary file names.,-0.00015481427544727921,0.8244143538177013,The diff changes the import statements and the `OutputKind` enum in the `ListDeploysResult` struct.,-0.8646010290831327,0.6004028776660562,Add support for serializing and deserializing deploy items.,-0.1050325520336628,0.6059736707247794
1346,rust,Remove unnecessary log statement.,0.2789732599630952,0.3354183994233608,The diff changes the code in the `joiner.rs` file by removing a line of code and adding a new line of code.,0.08941009780392051,0.46162633947096765,Remove unnecessary log statement from joiner.rs.,0.12208135053515434,0.277416929602623
1362,rust,Update event dispatching to use tracing::debug_span with event count and queue.,0.0010375822894275188,0.8024563938379288,"The diff changes the way the `event` and `queue` variables are named in the `debug_span!` macro, from `event` and `q` to `event_count",-0.0009699459187686443,0.3534815348684788,Update event dispatching to use tracing::debug_span with event count and queue.,0.0010375767014920712,0.8024563938379288
1370,rust,Update log message to include peer address.,0.5406435048207641,0.4249595374567434,Changes the log message from a simple string to a format string with a named argument.,0.10087120905518532,0.21415259316563606,Update log message to include peer address.,0.5406448617577553,0.4249595374567434
1388,rust,Add backtrace to error message when sending response down oneshot channel.,-0.2502727727405727,0.7886824910528958,The diff changes the error message and adds a backtrace to the error log.,0.04804371623322368,0.310614574351348,Add backtrace to error message when sending response down oneshot channel.,-0.2502755573950708,0.7886824910528958
1449,rust,Update metrics to observe execution time after flushing environment.,0.01265582419000566,0.7006261192727834,"The diff changes the line that measures the execution time of a block, adding a new line to observe the time after flushing the environment.",0.05747265974059701,0.8857618739129975,Update metrics to track execution time of finalized blocks.,0.05335350940003991,0.7518037753179669
1461,rust,Add human-readable description of event for tracing and logging.,0.16207885928452015,0.9307970834197477,"The diff adds a new method `description` to the `ReactorEvent` trait, which returns a human-readable description of the event.",0.012170458707259968,0.9387829910265282,Add human-readable description of event.,0.09047198726329952,0.9714137860573828
1475,rust,Add tracing error logging for missing units in IndexPanorama.,0.001215366690303199,0.49942808458581567,Adds a new line of code to handle a specific error case in the `IndexPanorama` struct.,0.0019480753690004349,0.1868722215294838,Fix incorrect unit handling in IndexPanorama.,0.00358140078606084,0.1753269825130701
1548,rust,Fix incorrect peer disconnect announcement in linear chain sync.,0.0749731482937932,0.28036944568157196,The diff changes the behavior of the `fetch_block_by_height` function by adding a new line of code to handle the case where the peer does not have the requested block.,-0.007750177755951881,0.8243426347034983,Fix incorrect peer disconnect announcement in linear chain sync.,0.07497291639447212,0.28036944568157196
1619,rust,Update round-robin scheduler to use debug instead of warn for dropped items.,-0.06718572042882442,0.06446392158977687,Changes the `warn` function call to `debug` in the `push` method of the `RoundRobin` struct.,-0.001532447524368763,0.8246363373473287,Update tracing::warn to tracing::debug in round_robin.rs.,-0.047368316212669015,0.5652251774445176
1628,rust,Update smart contracts version in Cargo.toml files.,-0.9788786480203271,0.3467710497789085,Removes 5 lines from the end of a file.,-0.0008472597692161798,0.005627951235510409,Update regex_data.rs to remove unnecessary lines,-0.10406043869443238,0.012596684508025646
1671,rust,"Update WorkQueue to use #[derive(Debug)] instead of #[derive(Debug, Default)]",-0.9547626287676394,0.24107140116393566,Changes the `WorkQueue` struct to use the `Debug` derive macro instead of the `Default` derive macro.,-0.9987871543635265,0.791398998349905,Update WorkQueue to derive Debug.,-0.9270003829151392,0.5785910375416279
1682,rust,Improve tarpit probability calculation.,0.14637643925379962,0.22647833824157715,"Removes a line of code that generates a random number and checks if it's less than a certain threshold, and replaces it with a line that generates a random boolean value based on",-0.00206301873549819,0.05858081206679344,Remove unnecessary code to reduce load on other nodes.,0.43462819047272205,0.22975516319274902
1754,rust,Refactor: Simplify networking configuration defaults.,0.1653800990898162,0.07718983199447393,"The diff changes the type of the `gossip_interval`, `initial_gossip_delay`, `max_addr_pending_time`, and `handshake_",0.009478533640503883,0.812830155948177,Refactor network configuration to use TimeDiff instead of &str.,-0.10853147506713867,0.07436610013246536
1783,rust,Add `finalized_approvals` parameter to `GetDeployParams` to return deploy with finalized approvals.,0.0056109545403160155,0.9587023131607566,"The diff adds a new field `finalized_approvals` to the `GetDeployParams` struct, which determines whether to return the deploy with the finalized approvals",0.011051071342080832,0.9111464024172164,Add finalized_approvals parameter to GetDeployParams.,0.0010110939911101013,0.8446702784858644
1799,rust,Update minting logic to check if main purse is used for token transfer and update approved CSPR limit.,0.003930409380700439,0.8135588938603178,"The diff changes the logic of the `transfer` method in the `Mint` trait, adding a new variable `is_main_purse` to keep track of whether the main",0.017807424534112215,0.7424670769833028,Add check for main purse transfer amount limit.,-0.9880573722766712,0.9460774916224182
1808,rust,"""Update fetch_block_headers_up_to_the_most_recent_one to use most_recent_key_block_info instead of current_trusted_",0.021441197081003338,0.20251554250717163,The diff changes the variable names from `trusted_key_block_info` to `most_recent_key_block_info` in the `fast_sync_to_,0.00469873275142163,0.3386664343997836,"""Fix fast sync to most recent block by updating key block info""",0.07232299586758018,0.07699063047766685
1810,rust,Update file serializer and stream to client.,0.040800750721246004,0.19731967151165009,"The diff changes the import statements in the `tasks.rs` file, adding `fs` and `io::{self, Seek, SeekFrom}` and removing `fs` and",-0.8493734796065837,0.3312809020280838,Refactor: Use `tokio::fs::File::from_std` to stream data to the client.,0.02760143345221877,-0.2627735882997513
1832,rust,Add retry logic to fetch trie in case of failure.,-0.0023571569472551346,0.8996526285191067,The diff adds two lines of code to the `fetch_trie_retry_forever` function.,0.0005585158942267299,0.060458747670054436,Add retry logic to fetch trie in fast sync.,-0.1199444099329412,0.7795266336761415
1834,rust,"Add a warning for long-running tasks to emit a warning in the logs only occasionally, avoiding spam when poorly connected.",0.00188213476940291,0.06807724386453629,"The diff adds a constant `FOREVER_WARN_TIMEOUT` and a variable `last_warning` to track the last time a warning was emitted, and modifies the",0.004911859199637547,0.15290464740246534,Add a warning for long-running tasks to fetch trie.,0.48522163555026054,0.4916929812170565
1837,rust,"""Refactor fetch_finalized_approvals to use a single peer and retry up to two times""",0.014868099009618163,-0.47825450263917446,"The diff changes the way the `fetch_finalized_approvals` function is called, from using a `HashSet` of peers to avoid, to using a single `Node",0.004935312084853649,-0.0625678151845932,"""Refactor fetch_retry_forever_with_exceptions to use async/await""",0.020665694028139114,0.02313456777483225
1863,rust,Add panic! to handle ControlAnnouncement::QueueDump in test harness.,0.000331413495587185,0.9863442882342497,Adds a new match arm to the `match` statement in the `handle_event` method of the `ComponentHarness` struct.,-0.32111070584505796,-0.022490188479423523,Add control announcement handling to test harness.,-0.640222224406898,0.9318864438682795
1869,rust,Implemented default `node_id` function for testing reactors.,0.06966321240179241,0.43543654680252075,The diff changes the code in the `node/src/testing/network.rs` file by adding a new function `node_id` to the `NetworkedReactor` trait and,0.030328646302223206,0.6050229705870152,Implemented default `node_id` function for `NetworkedReactor` trait.,0.9524529261980206,0.9301212336868048
1888,rust,Adds a new method to check if there is a block body for a given block header in storage.,0.010192828485742211,0.9829919927869923,"The diff adds 12 lines of code to the `Storage` struct, including a new method `has_corresponsing_body` and a new line of code in the `put",-0.0012102038599550724,0.7806869018822908,Add a check for the presence of a block body in storage.,0.4506859128596261,0.9895271346613299
1919,rust,Update ContractPackageHash::from_formatted_str to accept both new and legacy prefixes.,0.037480325845535845,0.3798112701624632,"The diff changes the way the `ContractPackageHash` is parsed from a string, adding support for both the new and legacy prefixes.",0.028346860606689006,0.5247809160500765,Fix parsing of contract package hashes with legacy and new prefixes.,0.021558416076004505,0.15883368626236916
1928,rust,Add a list of peers which should be asked for data in the near future.,-0.04673188738524914,0.5116174221038818,"The diff changes the code to use a `RwLock` to protect the `bad_peer_list` from concurrent access, and adds a `filter_bad_peers`",0.013851232128217816,0.47665066504850984,Refactor: Add a bad peer list to ChainSyncContext to improve performance.,0.0032380370394093916,0.1529075726866722
1933,rust,Redeem all bad peers.,0.009849606081843376,0.9638673803128768,The diff changes the warning message in the `warn!` macro.,0.0026495121710468084,0.8127382338425377,Fix warning message in ChainSyncContext.,0.1153621836565435,0.11089821450877935
1968,rust,Update message sending to enqueue_message to avoid duplicate messages.,0.06680085288826376,0.0351568628102541,"Changes the way messages are sent in the era supervisor, from `send_message` to `enqueue_message`.",0.020303427008911967,0.4562019447912462,Update message sending to use enqueue_message instead of send_message.,0.340568206156604,0.18342683650553226
1992,rust,Add flush to ensure message sent.,0.9110886682756245,0.9842457596678287,The diff adds a `mut` keyword before `outcome` and adds a line to flush the socket to ensure the message was sent.,0.012357631465420127,0.9019096979754977,Fix buffering issue in message sender task.,0.29057862085755914,0.603486986423377
1993,rust,Add redemption interval check for marking peer as bad.,0.5026135966181755,0.7218199053313583,"The diff adds 6 lines of code to the `mark_bad_peer` function, including an `if` statement and a `return` statement.",-0.0016439035534858704,0.4303135228692554,Add redemption interval check for marking peer as bad.,0.5026135817170143,0.7218199053313583
2001,rust,Update instance ID calculation to use chainspec hash and key block hash.,0.104442585085053,0.8156114751473069,The diff changes the calculation of the `instance_id` from using the `self.chainspec.hash()` and `era_id` to using the `chainspec_hash,0.03589783236384392,0.5807278603315353,Refactor: Simplify era supervisor instance ID calculation.,0.026994463056325912,0.0773508450947702
2007,rust,Fix incorrect behavior when receiving an item that no responder is waiting for.,0.3568686430808157,0.6682095713913441,The diff changes the behavior of the `ItemFetcher` trait by adding a new case to the `match` statement that handles the case where the `id` is not found in the `,0.01194140873849392,0.2683422192931175,Fix fetcher.rs to handle absent items correctly.,0.026587505533825606,0.06259028799831867
2021,rust,Update block hash and height in work queue.,0.28793642204254866,0.9015563043067232,"The diff changes the way the `fetch_blocks_and_state_since_genesis` function handles the `queue` variable, which is used to store the blocks to be fetch",-0.044526747427880764,0.04324415884912014,Refactor: Add block height to work queue item.,0.06465812120586634,0.06170886009931564
2028,rust,Update work queue inner state to use a Mutex instead of a lock.,-0.4441528879106045,0.033253954723477364,"The diff changes the implementation of the `WorkQueue` struct, replacing the use of a `VecDeque` with an `Arc` and a `Mutex` to manage the",-0.0010794722475111485,0.12956516072154045,Refactor: Simplify work queue implementation,0.22393705454305746,0.11553713702596724
2064,rust,"""Update chain synchronizer to fetch finality signatures""",0.5147686712443829,0.9210412777028978,The diff changes the code in the `fetch_blocks_and_state_since_genesis` function by adding a new line `fetch_blocks_and_state_and,0.16551553644239902,0.5017246957868338,"""Refactor: Add finality signatures fetching and update block syncing logic""",0.3038599747233093,0.9134032533038408
2065,rust,Update validators manager to use total staked amount instead of staked amount.,-0.2409774549305439,0.18077396787703037,"Adds a new line to the `filter` method, which checks if the `total_staked_amount` of a bid is greater than or equal to the `min_bid`",-0.0008782259537838399,0.5103688598610461,Update validators manager to use total staked amount instead of staked amount.,-0.24097740277647972,0.18077396787703037
2085,rust,Update finality signatures validation to handle invalid signatures from peers.,0.13938132813200355,0.8967367948789615,The diff changes the `consensus::validate_finality_signatures` function call to include a `try` block to handle errors.,0.0014783841324970126,0.8172574192285538,Update finality signatures validation to handle invalid signatures.,0.03382475487887859,0.8504697179305367
2090,rust,Add clone() to pub_key to prevent mutation in FinalitySignatureError::BogusValidator.,-0.006251350627280772,0.026595469564199448,"The diff changes the line `signatures.insert_proof(pub_key, *signatures.proofs.iter().next().unwrap().1);` to `signatures.insert_",0.4819473773241043,0.7764393910765648,Fix bogus validator public key in finality signature validation.,-0.017166732344776392,0.6390232937410474
2094,rust,Update payload recording methods to use `Weak<Self>` instead of `&mut self`.,0.00548690278083086,0.18763960152864456,Changes the signature of `record_payload_out` and `record_payload_in` functions in `Metrics` struct.,0.009081900934688747,0.5565608041360974,Update payload recording methods to use `Weak<Self>` instead of `&mut self`.,0.005486886482685804,0.18763960152864456
2125,rust,"""Update fast sync to return block header and key block info""",0.3676229193806648,0.7780821584165096,"The diff changes the return type of the `fast_sync` function from `Result<BlockHeader, Error>` to `Result<(BlockHeader, KeyBlockInfo), Error>`. It",0.010201234370470047,0.19754000683315098,"""Refactor: Remove unnecessary variables and simplify code in `fast_sync` and `execute_blocks`""",0.028079016134142876,0.02888009138405323
2141,rust,Update deploy approvals root hash and execution results Merkle root hashes in global state.,-0.11067532002925873,0.9623818916734308,The diff changes the way the deploy approvals and execution results Merkle root hashes are computed and stored in the global state.,0.011073938105255365,0.8601432889699936,"""Update compute_approvals_root_hash to return an Option""",-0.50386081635952,-0.45083434507250786
2160,rust,Update peer list and retry fetching item if no fully-connected peers.,-0.06542127393186092,0.07043899339623749,The diff changes the log level from error to warn in the code.,0.00045845058048143983,0.6335842475818936,Update error log level from error to warn in chain_synchronizer/operations.rs.,0.0001852448913268745,0.15338824543869123
2166,rust,Update chainspec loader to handle genesis timestamp.,0.002669203793630004,0.28360574692487717,"The diff changes the line `use casper_types::{bytesrepr, crypto::PublicKey, file_utils, EraId, ProtocolVersion};` to `use cas",0.16922767460346222,0.7513449694961309,Update chainspec loader to handle new Timestamp type.,0.005052877124398947,0.10564454644918442
2191,rust,Update hash calculation for block effects to handle errors.,-0.1300425287336111,0.6476537768612616,"The diff changes the way the hash of a block's effects is calculated, from using a `ValueOrChunk` enum to using a `match` statement to handle the different cases.",-0.06102475896477699,0.5435996009036899,Refactor block effects chunking to use `Chunkable` trait.,-0.08345194905996323,0.13870499655604362
2208,rust,Add error logging for invalid deploys in the proposable set.,0.9832738709228579,0.9408758200879674,Adds a line of code to handle an error case in the `footprint` method of the `DeployBuffer` struct.,0.0013532052689697593,0.9725430974067422,Add error handling for invalid deploys in the proposable set.,0.952964592637727,0.9557790129401837
2210,rust,"""Update trie accumulator and request states to handle new trie hashes and errors""",-0.29617393761873245,0.25716716796159744,The diff changes the `Error` type in the `GlobalStateSynchronizer` struct from `Debug` to `Clone`. It also adds a `responders` field to the `,-0.0008266002405434847,0.38119664788246155,"""Update trie accumulator error handling and add missing descendants to request state""",-0.5439270213246346,0.31338180135935545
2212,rust,Update validator matrix for era in block builder.,-0.007892080582678318,0.8189588887616992,The diff changes the way a validator matrix is created and used in the `BlockSynchronizer` component.,-0.3106184955686331,0.4260845696553588,Refactor block synchronizer to use a validator matrix.,-0.4465548153966665,0.49176371470093727
2219,rust,Update shutdown handling to check for active validator before shutting down.,0.03958649770356715,0.7195275773992762,The diff changes the code in the `MainReactor` struct to add a new `if` statement to check if the consensus is active before calling `fatal!`.,0.0015254797908710316,0.6047664558282122,Update MainReactor to handle Shutdown event.,0.018573925830423832,0.7529913815669715
2240,rust,Refactor: Move LegacyDeploy handling to DeployAcceptor.,-0.6869433522224426,0.972918365849182,The diff changes the handling of incoming deploy items in the `DeployAcceptor` component.,0.3132279086858034,0.9533100416883826,Refactor: Move LegacyDeploy handling to DeployAcceptor.,-0.6869411170482635,0.972918365849182
2241,rust,Add strict finality signatures to block acquisition action.,-0.9804961459012702,0.9665968039771542,Adds a new line to the end of the `strict_finality_signatures` function.,0.050018541514873505,-0.0010583065450191498,Add strict finality signatures to block acquisition action.,-0.980496282922104,0.9665968039771542
2262,rust,Update outgoing connections to use a vector instead of a hash map.,0.00274559116223827,-0.026194952428340912,Removes a HashMap and adds a Vec in the NetworkInsights struct.,-0.0031053137499839067,-0.8682753872126341,Refactor outgoing_connections and connection_symmetries to use Vec instead of HashMap.,0.0011452951293904334,0.017825737595558167
2275,rust,Add `use rand::seq::SliceRandom` to import the `shuffle` method for randomizing the peer list.,0.009885340346954763,0.08948259614408016,"The diff changes the line `use rand::seq::SliceRandom;` to `use rand::seq::SliceRandom;`, adding a semicolon at the end of the line.",-0.00032425858080387115,0.04920594720169902,Update TrieAccumulator to use a randomized peer selection.,0.08860856294631958,0.03849142603576183
2287,rust,Add error handling for request containing no peers.,0.5728962924331427,0.7105812180088833,The diff changes the return value of the `fetch_trie_chunk` function in the `TrieAccumulator` struct.,0.005384612828493118,0.39756433945149183,Update trie accumulator error handling to handle request with no peers.,0.06345715140923858,0.3087275791913271
2310,rust,Update logging format to use a custom formatter.,-0.02112970594316721,0.0902942419052124,"The diff changes the logging format from text to JSON, and adds a reload handle for the JSON logger.",0.005188522627577186,0.17073917388916016,Update logging format to use a custom formatter.,-0.021129626780748367,0.0902942419052124
2333,rust,Update proposal timeout and validator can-propose map.,0.00778286624699831,0.9239615597762167,"The diff changes the value of the `proposal_timeout` variable in the `SimpleConsensus` struct, and adds a new variable `base_proposal_timeout` to",-0.012266968842595816,0.4264565147459507,Update proposal timeout and validator map in SimpleConsensus.,0.013928564032539725,0.8430162323638797
2350,rust,Add warning for long timer delay.,0.9865458880085498,0.9790544937131926,The diff adds two constants: TIMER_DELAY_WARNING_MILLIS and FTT_EXCEEDED_SHUTDOWN_DELAY_MILL,0.00034750893246382475,0.9286605154629797,Add warning for long timer delay and update timer delay warning threshold.,0.12193836970254779,0.6367542133666575
2392,rust,Update historical sync leaper to use default delay.,-0.001389628741890192,0.02631736360490322,Adds a default delay to the `sync_back_leaper_idle` method.,0.0008536021341569722,0.3365340484306216,Update historical sync leaper to use default delay.,-0.001389587763696909,0.02631736360490322
2462,rust,Add in_flight_latch to BlockBuilder to handle block acquisition.,-0.987635420402512,0.1492725743446499,The diff changes the behavior of the `BlockBuilder` struct by adding a new `in_flight_latch` field and modifying the `promote_peer` method.,0.0010096653713844717,0.6717890477739275,Add in_flight_latch to BlockBuilder and handle Ok(Some(Acceptance::HadIt)) and Ok(None) cases.,-0.9898727954714559,0.9479386466264259
2464,rust,Refactor: Use `read_highest_complete_block()` instead of `read_highest_block_header()` to avoid reading incomplete blocks.,0.058885320322588086,-0.40790607780218124,Changes the code in the `refresh_contract_runtime` function to use `read_highest_complete_block` instead of `read_highest_block_header`.,0.0339263723581098,-0.8891086168587208,Refactor: Use `read_highest_complete_block()` instead of `read_highest_block_header()` to avoid reading incomplete blocks.,0.05888519692234695,-0.40790607780218124
2492,rust,Add `actix::prelude::*` and `types::*` imports for the tx pool service.,-0.08598811738193035,0.8860599282197654,"The diff adds a new `use` statement, imports the `actix::prelude::*` module, and adds a new `TxPool` struct with an `addr` field",0.000473959487862885,0.9315533999470063,"Add `actix::prelude::*` and `use types::{transaction::{SignatureCheckedTransaction, SignedUserTransaction},};` to `txpool/src/tx",0.0056003425270318985,0.482099000364542
2524,rust,"""Added support for creating new account state objects when they don't exist""",0.19795777296531014,-0.01367313414812088,"The diff changes the behavior of the `get_account_state_object` method in the `ChainStateDB` struct. It adds a new parameter `create` to the method, which",-9.770109318196774e-05,0.1145324781537056,"""Add support for creating new account state objects""",0.5184876620769501,0.022249922156333923
2557,rust,Add file logging to starcoin node.,-0.18333276268094778,0.7375183310359716,"The diff changes the code to enable logging to a file if the IPC file does not exist, and to disable logging to a file if the IPC file exists.",-0.051328422501683235,-0.09081800282001495,Enable file logging for starcoin node.,-0.07621437823399901,0.9163534035906196
2741,rust,Remove halley and proxima boot nodes.,-0.022568895015865564,-0.9924532974837348,Removes two lines of code from the `BuiltinNetworkID::Halley` and `BuiltinNetworkID::Proxima` cases in the `boot_nodes,0.005550274043343961,0.24170732498168945,Remove unused boot node domains from genesis config.,-0.7207718752324581,-0.01195921003818512
2750,rust,Add support for reading and writing to stdin/stdout.,-0.0032187335891649127,0.07620869576931,"The diff adds a new import statement (`use std::io::prelude::*;`) and a new function definition (`fn do_quit(app: App, global_opt:",-0.008772308006882668,0.7452122867107391,Add support for `std::io::prelude::*` and `std::str::FromStr` to the `context.rs` file.,-0.002407735417364165,0.17333313822746277
2863,rust,Fix unimplemented! message for non-scalar types in C ABI.,0.06758758367504925,0.05419228971004486,Changes the behavior of the `get_pass_mode` function by adding a new error message for non-scalar types.,0.009055446804268286,0.6275081934290938,"Fix non-scalar support for ""C"" abi in get_pass_mode.",0.003936814231565222,0.5477376906201243
2894,rust,"Refactor: Use a new function to create the Faerie module, and use it in the codegen_crate function.",-0.12756056897342205,0.4998632660135627,"The diff changes the name of a module from ""some_file"" to ""dummy_name"" and adds a new module with the same name and a different kind.",-0.023763048462569714,0.07349436357617378,Refactor: Simplify faerie module creation and finalization.,0.4217276960844174,0.13409435655921698
2988,rust,"""Update archive builder to use native `ar` command""",0.7847929620184004,0.11366719380021095,"The diff changes the way the code handles adding files to an archive. In the original code, the `add_file` method takes a `File` object as an argument and uses the `",0.011410181410610676,0.12018512934446335,"""Update archive builder to use native `ar` command""",0.784793789498508,0.11366719380021095
2992,rust,Remove unnecessary static reference linkage.,-0.9687219902407378,0.9182043648324907,Removes a line of code and adds a new line of code.,0.05718153715133667,0.796584015712142,Remove unnecessary static reference linkage in constant.rs.,-0.9677913631312549,0.9276530307834037
2997,rust,Add overflow check for i8/i16 types.,-0.1431776403915137,0.7196676284074783,Adds an if statement to check for overflow panic and jump to the target if it occurs.,-0.9842492971365573,0.9678211617138004,Add overflow check for panic message.,-0.4334395574987866,0.8894903529435396
3009,rust,Add alignment pref for stack slot.,-0.37904150411486626,0.4794942904263735,The diff changes the code at line 334 of the file `src/value_and_place.rs` by adding 12 lines and changing 7 lines.,-0.0017554482910782099,0.20658861100673676,Add alignment check for stack slot in `to_addr_maybe_unsized`,0.036742374300956726,0.17978455312550068
3051,rust,Remove dead store and change load to alias if possible.,-0.9955336297862232,0.9292179513722658,The diff changes the code in the `remove_dead_store` function by adding 7 lines and removing 2 lines.,-0.0008743091020733118,0.12156678922474384,Refactor stack2reg.rs to remove dead store and change load to alias.,-0.8579713306389749,0.6837804055539891
3119,rust,Refactor code to use `rustc_target::abi::TagEncoding` for niche-encoded discriminants.,0.03768397308886051,0.8148642759770155,"The diff changes the way the discriminant is computed for a fat pointer, adding a new match arm for the `Variants::Multiple` case and changing the way the tag/n",-0.3225730285048485,0.480560127645731,"Refactoring to use rustc_target::abi::{TagEncoding, Int, Variants} for better performance and readability.",0.03287747502326965,0.10529050810146146
3164,rust,Refactor JIT code generation to use cranelift_simplejit::SimpleJITBuilder and cranelift_simplejit::SimpleJITModule.,-0.05058118235319853,0.8671968854032457,The diff changes the import of the `cranelift_simplejit` module and adds a new import of the `rustc_codegen_ssa` module.,-0.03433240018785,0.16259098798036575,"Refactor: Use cranelift_simplejit::{SimpleJITBuilder, SimpleJITModule} for JIT mode.",-0.07564967218786478,0.9126015440560877
3183,rust,Update normalization of late-bound regions in trait object assignment.,0.12775450944900513,0.46934571862220764,The diff changes the code in the `assert_assignable` function by adding a `let` statement and changing the order of the `assert_eq!` arguments.,0.0004312816308811307,0.6411902687978,Fix incorrect trait object normalization in `assert_assignable` function.,-0.03236094303429127,0.09145282208919525
3203,rust,Update pretty_clif.rs to use tcx.sess.opts.output_types.contains_key(&OutputType::LlvmAssembly) instead of cfg!(debug,0.028189372271299362,0.2023611143231392,Removes a debug assertion and replaces a method call with a field access.,-0.13352302461862564,0.6609152005985379,Fix formatting issue in pretty_clif.rs.,-0.030094541609287262,0.021294711157679558
3235,rust,Add ice hook to report ICEs.,-0.3246859014034271,0.3717488497495651,"The diff changes the panic hook to include a custom message and a link to a bug report, and adds a new `SyncLazy` variable to store the default hook.",-0.0013498039916157722,0.17203066311776638,Update panic hook to include ICE message and backtrace.,-0.8114733248949051,0.4924860284663737
3261,rust,"""Fix incorrect target triple parsing and add missing CPU support""",-0.13440717663615942,-0.016058754175901413,"The diff changes the way the `target_triple` function is defined, adding a `match` statement to handle errors when parsing the target triple.",-0.0010706690954975784,0.3159560509957373,"""Fix build_isa function to enable target cpu""",-0.0033876652305480093,-0.32955197989940643
3273,rust,Update return mode handling in `can_return_to_ssa_var` to support `PassMode::Cast` and `PassMode::Indirect`.,0.026351606407843065,0.7694121347449254,The diff changes the return mode of a function from `PassMode::Indirect` to `PassMode::Ignore` or `PassMode::Direct`.,-0.5153074264526367,0.5777273299172521,Fix return mode handling in `can_return_to_ssa_var` function.,0.04474811255931854,0.9339417941519059
3297,rust,Fix rust-lang/rust#74946 and enable incremental compilation.,0.9847855002881261,0.9432441264216322,Removes two lines of code from the build_sysroot.rs file.,0.000727247548638843,-0.2680467367172241,Fix incremental build issue in build_sysroot.rs.,0.06296155659947544,0.9769224059855333
3306,rust,"""Refactor inline assembly code generation to use stack slots for input and output operands""",0.1082904115319252,0.8299554190598428,The diff changes the code generation for inline assembly by moving the allocation of stack slots from the `codegen_inline_asm` function to the `InlineAssemblyGenerator` struct. The,0.005880248267203569,0.031658923253417015,"""Refactor inline assembly code generation to use stack slots instead of registers""",0.07569566834717989,0.1345866471529007
3322,rust,Add .eh_frame unwind info directives for inline assembly.,-0.46191486599855125,0.9362574607366696,The diff changes the code in the `codegen_inline_asm` function by removing 3 lines and adding 4 lines.,0.0008491314947605133,0.04364035092294216,Fix inline assembly code generation to add .eh_frame unwind info directives.,-0.7992748161777854,0.9313530246145092
3355,rust,Remove unused `update_symbols` and `build` methods from `Archive` struct.,-0.9662666541989893,0.3933670688420534,The diff changes the code by removing two lines of code and adding one line of code.,-0.0321696475148201,0.7818586966022849,Remove unused `update_symbols` and `build` methods from `Archive` struct.,-0.9662666541989893,0.3933670688420534
3389,rust,Update constant value computation to use `valtree_to_const_val` instead of `eval`.,0.0036291572032496333,0.32025439478456974,Changes the type of a constant value from `ConstKind::Value(const_val)` to `ConstKind::Value(valtree)` in the `ConstantKind` enum.,0.01176804257556796,0.38374895974993706,Update constant value computation to use `valtree_to_const_val`,0.009224623907357454,0.41605856269598007
3390,rust,Remove unused `src_files` and `remove_file` methods from `Archive` struct.,0.34038397995755076,0.14838865399360657,The diff changes the code in the `src/archive.rs` file by removing 19 lines and adding 6 lines.,-0.003372189763467759,0.8089123051613569,Remove unused code from src/archive.rs,0.02773677301593125,-0.475929319858551
3401,rust,Update incremental compilation cache directory with new object file.,0.08553310483694077,0.8316197525709867,"The diff changes the way the `rustc_incremental::copy_cgu_workproduct_to_incr_comp_cache_dir` function is called, adding a new",0.012941455002874136,0.1597556695342064,Update incremental compilation cache directory structure.,0.1717348787933588,0.9000303372740746
3406,rust,Update intrinsic assertions to use new `permits_zero_init` and `permits_uninit_init` methods.,0.03909202292561531,0.13268745131790638,The diff changes the condition for calling the `codegen_panic` function in the `assert_zero_valid` and `assert_uninit_valid` intrinsics.,0.005144214257597923,0.6485000620596111,Fix incorrect initialization checks for intrinsics.,-0.19553094846196473,0.15866376645863056
3414,rust,Add stack slot size check for large values.,0.015892308147158474,0.9146964846295305,Adds a check to ensure that the size of a value is not too large to be stored on the stack.,0.3944906397955492,0.9608802943839692,Add stack slot size check for large values.,0.015892308147158474,0.9146964846295305
3425,rust,"Add support for `copysign`, `fabsf`, `floorf`, `ceilf`, and `truncf` intrinsics.",-0.02009386196732521,0.8664221607614309,"The diff adds 38 lines of code to the `codegen_float_intrinsic_call` function, including a new `match` statement and several new `CValue::",-0.002260392880998552,0.42140060290694237,Implemented missing intrinsic functions for floating-point operations.,0.5317607223987579,0.3957837074995041
3432,rust,Remove unused work product from allocator shim module.,0.47248015832155943,0.09073095768690109,The diff changes the code level by removing a line of code that initializes a hash map and adding a new line of code that initializes a hash map with a default value.,-0.022094870917499065,0.22478507831692696,Fix compilation error in aot.rs by removing unnecessary code and updating work_products.,-0.15758404973894358,0.009960557334125042
3437,rust,Update Pointer::new to Pointer::stack_slot in pass_mode.rs.,-0.2832961045205593,0.8782071121968329,Changes the way a pointer is created in the `from_casted_value` function.,2.6687979698181152e-05,0.902235645102337,Refactor: Use `Pointer::stack_slot` instead of `Pointer::new` to create a stack slot pointer.,-0.981466778088361,0.22937310952693224
3467,rust,Add stack probes for Windows target.,-0.0047723716124892235,0.5521152839064598,The diff changes the code in the `build_isa` function by removing a line that sets the `enable_probestack` flag to `false` and adding a new line that enables,0.022084212861955166,0.26996877044439316,Remove stack probes for Windows and disable inline stack probes for non-x86_64 targets.,-0.05408500193152577,-0.12630578130483627
3489,rust,Update the linkage of static data based on the `import_linkage` attribute.,0.17768242210149765,0.6757937532383949,"The diff changes the way the `data_id_for_static` function is defined, adding a new `if` statement to handle the `import_linkage` attribute.",-6.0987717006355524e-05,0.5752044371329248,Refactor codegen_fn_attrs to use a new method.,0.006629183888435364,0.10432458017021418
3496,rust,Add abort_if_errors() call to ensure that errors are propagated correctly in AOT compilation.,0.0002272760757477954,0.08539835037663579,The diff changes the code in the `src/driver/aot.rs` file by adding two lines of code and removing two lines of code.,0.002955737872980535,0.4484541127458215,Add abort_if_errors() call to run_aot() function.,0.00038127449806779623,0.6759238932281733
3505,rust,Add panic=abort to rustc command for improved error handling.,0.0005999784625601023,0.08022213279036805,Changes the rustc command line options for the build script.,0.01661557995248586,0.9605208552093245,Update build script to include panic=abort flag.,0.1289496097015217,0.0817069336771965
3512,rust,Add check for empty libs before installing into sysroot.,-0.03737187897786498,0.690806562663056,Adds a check for an empty `libs` field before creating a directory.,-0.35382581036537886,0.3321749821770936,Add check for empty libs before installing into sysroot.,-0.03737187897786498,0.690806562663056
3672,rust,Add support for parsing unknown `--option`s as positional arguments and `--` as an argument to forward to `cargo`.,-0.07372861262410879,0.9893095009610988,The diff adds a new `use` statement and a new field to the `BuildOptions` struct.,-0.4005077474284917,0.21581630408763885,Add support for parsing unknown `--option`s as positional arguments and `--` as an argument.,-0.1224648579955101,0.9886861063423567
3673,rust,Update build command options to support `--path` flag.,0.18679951631929725,0.3057909794151783,"The diff changes the implementation of the `try_from_opts` method in the `Build` struct, adding a new line to check if the `path` option starts with ""--"",",0.022914535948075354,0.49696364579722285,Refactor `Build` constructor to handle `--` prefix in `path` option.,0.026359016075730324,0.49614628532435745
3763,rust,Add host argument to serve command.,0.9287238395772874,0.864972457755357,The diff adds a new argument to the `serve_command_args` function called `--host` which takes a value for the host to serve from.,0.014637990097980946,0.5680047450587153,Add host argument to serve command.,0.9287238395772874,0.864972457755357
3813,rust,Update swizzle operator to use dimension instead of vector type name.,-0.013206429779529572,0.43455185182392597,"Changes the type of the `vec_type` variable from a string to a generic type parameter `$vector_type`, and updates the `format!` macro call to use the new type",-0.0004944925894960761,0.168402265640907,Refactor swizzle operator to use generic type parameters.,-0.3375603915192187,0.03357536345720291
3822,rust,Change constructor to be const.,0.9926838409737684,0.34545187652111053,Changes the `new` method of the `VectorN` struct to be a const function.,0.00833382224664092,0.481938436627388,Improve performance of vector constructor by using const fn.,0.03213622444309294,0.054733140976168215
3832,rust,Update scalar type to Float to fix rust-lang/rust#24092.,-0.029128550551831722,0.04635271546430886,"The diff changes the type of the `Metric` associated type from `BaseFloat` to `Float`, and removes the `approx` trait bounds on the `MetricSpace` trait.",-0.001070020254701376,0.06027067452669144,Update metric space trait to use Float instead of BaseFloat.,-0.07859084848314524,0.06935972813516855
3850,rust,Remove unnecessary wrapper types and simplify code.,-0.9737610987504013,0.03675747662782669,The diff changes the code level by removing or adding code related to the use of Rc (reference counted) smart pointers in the code.,-0.022340193390846252,-0.0058258771896362305,Refactor: Remove unnecessary wrapper types and simplify code.,-0.9934211441141088,0.1315472275018692
3874,rust,Add support for free variables to the untyped lambda calculus.,9.21044556889683e-05,-0.705913171172142,The diff changes the code to use the `nameless` library to implement the untyped lambda calculus.,0.3458226297516376,0.9128540218807757,Add support for free variables to the untyped lambda calculus.,9.21044556889683e-05,-0.705913171172142
3933,rust,Remove unused local environment and related code.,0.24823510088026524,-0.6611229479312897,The diff changes the code level by removing 18 lines and adding 18 lines.,0.0002101753489114344,0.3556931419298053,Remove unused local environment and related code.,0.2482355199754238,-0.6611229479312897
3997,rust,Update domain types to use `Radix2EvaluationDomain` instead of `EvaluationDomain`.,-0.31219523400068283,-0.6308494992554188,"The diff changes the type of the `D` variable from `Radix2EvaluationDomain` to `Domain`, and changes the way the `create` method is implemented.",-0.025905252085067332,0.0217498866841197,Update EvaluationDomains to use Radix2EvaluationDomain as Domain.,-0.14517819322645664,0.012529700994491577
4000,rust,Add `array_init` function to create a new set of wires for a given row.,0.0002496635279385373,0.9769193296669982,"The diff adds a new method to the `Wire` struct, `new`, which creates a new set of wires for a given row.",0.001086686948838178,0.9609211753995623,Add support for creating a new set of wires for a given row.,0.006390732014551759,0.9931593023502501
4028,rust,"""Update LookupSorted to use ark_ff::{FftField, Zero, One} and remove unused imports""",-0.24337387830018997,0.12956250528804958,The diff changes the code in the following ways:,0.5949178021401167,0.5157306464388967,"""Update LookupSorted function to use ark_ff::{FftField, Zero, One} and remove unused imports""",-0.17786507308483124,0.26161718904040754
4138,rust,Fix incorrect match pattern in lookup aggregation polynomial computation.,-0.12489982135593891,0.1670909970998764,The diff changes the way the `lookup_sorted` variable is passed to the `match` statement.,0.001281833800021559,0.12473292672075331,Fix incorrect lookup constraint system match in prover.rs.,-0.03895052429288626,0.07713139057159424
4196,rust,"""Refactor gate lookup configuration to use GatesLookupMaps struct""",-0.00038245029281824827,-0.016399741172790527,The diff changes the way the `lookup_kinds` and `lookup_kinds_map` functions are implemented in the `GateType` struct. The `lookup_kinds,-0.0024826228618621826,0.08144252002239227,Refactor gate lookup configuration to use a struct with a more intuitive API.,0.0009185493836412206,0.11201544478535652
4209,rust,Add testing module for Index<Affine> with new_index_for_test function.,-0.3859764076769352,0.9713078499189578,"The diff adds 21 lines of code to the `testing` module, including a new function `new_index_for_test` and several new imports.",-0.0014854859618935734,0.020318894181400537,Add test utilities for circuit index creation.,0.07554958388209343,0.9434348959475756
4227,rust,"""Update lookup tables and pre-compute polynomial and evaluation form for the look up tables""",0.03481318801641464,0.233477670699358,"The diff changes the implementation of the `LookupConstraintSystem` struct, adding a new method to handle multiple lookup tables and changing the way the lookup tables are stored and processed.",0.006013732869178057,0.5621277443133295,Update lookup table values and pre-compute polynomial and evaluation form for the look up tables.,0.009402204304933548,0.2299444917589426
4359,rust,Add debug assertion to ensure generic gate is associated with alpha^0.,0.14822214213199914,0.9920535022902186,"The diff adds 14 lines of code to the `linearization.rs` file, starting at line 73.",-0.00031016900902614,0.6294549068261404,Add debug assertion to ensure generic gate is associated with alpha^0.,0.14822232112055644,0.9920535022902186
4376,rust,"""Remove unimplemented RangeCheck2 gate""",0.1713319718837738,-0.7260535508394241,"The diff changes the behavior of the `verify_range_check` method in the `CircuitGate` struct. The method previously returned `Ok` for any input witness, but now",0.0004868721589446068,0.11490844888612628,Remove unimplemented RangeCheck2 gate from circuit.,0.6644660234451294,-0.8031862266361713
4392,rust,Update serialization of LookupEvaluations to use serde_as.,0.7948744315654039,0.6519607690861449,Changes the serialization of the `LookupEvaluations` struct from using a custom `SerdeAs` implementation to using the `serde_as` attribute with the `Vec,-0.0030551888048648834,0.39029061421751976,Update serialization of LookupEvaluations to use serde_as.,0.7948743747547269,0.6519607690861449
4405,rust,Add transpose method to ProofEvaluations.,0.9942456270800903,-0.09880825877189636,"The diff changes the implementation of the `ProofEvaluations` struct, adding a new `lookup` field and a new `transpose` method.",0.17893392965197563,0.5060804560780525,Implemented `transpose` method for `ProofEvaluations` struct.,0.9675791556946933,0.5623411536216736
4406,rust,Refactor absorb_evaluations to inline generic_selector and poseidon_selector.,-0.665423110127449,0.4336301386356354,"The diff changes the signature of the `absorb_evaluations` method in the `DefaultFrSponge` struct, adding a generic parameter `const N: usize` and changing",0.0003327205777168274,0.40522120147943497,Refactor absorb_evaluations to accept arrays of evaluations and improve performance.,-0.10505224019289017,0.12805255129933357
4428,rust,Update digest method to return [u8; 32] instead of Vec<u8>.,0.03780796570936218,0.2136108297854662,The diff changes the return type of the `digest` method from `Vec<u8>` to `[u8; 32]`.,0.2697189663304016,0.4096273223403841,Update digest method to return [u8; 32] instead of Vec<u8>.,0.03780800319509581,0.2136108297854662
4496,rust,Refactor field_helpers.rs to use try_into() instead of to_bytes() and from_bytes().,0.06506561813876033,0.0019354857504367828,"The diff changes the implementation of the `FieldHelpers` trait, specifically the `from_bytes` method.",-0.6602436155080795,0.48773522512055933,Refactor field_helpers.rs to use try_into() instead of from_bytes().,-0.0420134998857975,0.008311220444738865
4507,rust,Add support for degree-bounded evaluation proof.,-0.06690555810928345,0.953306515730219,The diff changes the code in the `evaluation_proof.rs` file by adding 2 lines of code and removing 1 line of code.,0.0002839879598468542,0.4095118709374219,Update evaluation proof to handle degree bound.,0.030498381704092026,0.6454772067372687
4521,rust,"""Update witnesses for foreign field addition""",0.16876790672540665,-0.08050663769245148,The diff changes the values of the `witness` array in the `foreign_field_add` test function.,0.0012926706694997847,0.5494026020169258,Fix foreign field add test.,-0.02035214751958847,0.11816899478435516
4554,rust,Add lookup commitments and evaluations to the verifier's table.,-0.6082999985665083,0.8881216929294169,"The diff changes the code in the `verifier.rs` file by adding new lines of code, removing existing lines of code, and modifying existing lines of code.",0.015748663805425167,0.38769792299717665,Refactor: Add lookup commitments and evaluations to the verifier.,0.0031706467270851135,0.5818034820258617
4558,rust,Add support for absorb previous recursion challenges.,0.21308099757879972,0.980265861900989,The diff changes the code in the `verifier.rs` file by adding a new line of code to absorb the previous recursion challenges in the Fq-sponge.,0.016350223682820797,0.9443440230679698,Refactor: Absorb previous recursion challenges in a new sponge.,-0.10835372656583786,0.9841164944227785
4566,rust,Temporary workaround for lookup-table/domain-size issue: add 13 zero gates to workaround lookup-table/domain-size issue.,-0.25421673129312694,0.10614573303610086,Adds a temporary workaround for a lookup-table/domain-size issue by adding 13 zero gates to the circuit.,-0.48499304079450667,0.8234153660014272,Temporary workaround for lookup-table/domain-size issue: add 13 zero gates to workaround lookup-table/domain-size issue.,-0.2542181999888271,0.10614573303610086
4591,rust,"""Refactor permutation aggregation polynomial computation""",-0.0019820115994662046,0.010807778686285019,"The diff changes the implementation of the `perm_scalars` function in the `ConstraintSystem` trait, adding 27 new lines of code and removing 19 lines of code.",-0.0010950374562526122,0.010098982136696577,"""Fix permutation aggregation polynomial computation""",-0.005005338229238987,0.02671721577644348
4606,rust,"""Add support for feature flags in the expression language""",0.6790652498602867,0.3434545285999775,"The diff changes the code level by adding a new `EnabledIf` variant to the `Expr` enum, which is used to represent an expression that is only enabled if a certain feature flag is",0.011879714438691735,0.6292273439466953,"""Add support for feature flags in the circuit expression language""",0.54816784709692,0.2477729432284832
4692,rust,Update HDAddressPayload and Attributes to encode stake distribution and derivation path.,0.0001990795135498047,0.5966080315411091,"The diff changes the implementation of the `encode` method in the `HDAddressPayload` and `Attributes` structs, adding a new line of code and changing the order of existing lines",0.006631242111325264,0.06758092413656414,Update CBOR encoding for HDAddressPayload and Attributes.,0.006762012839317322,0.5921893478371203
4717,rust,"""Update DigestBlake2b to DigestBlake2b224""",-0.29191434383392334,0.2430485412478447,The diff changes the type of the `DigestBlake2b` struct from `DigestBlake2b` to `DigestBlake2b224,0.015312893316149712,0.36789040407165885,"""Update DigestBlake2b to DigestBlake2b224""",-0.2919151782989502,0.2430485412478447
4727,rust,Add support for creating and manipulating transactions.,0.9393456240359228,0.9296582221868448,"The diff adds a new module `tx` and imports it in the `wallet_crypto` module, and adds new functions `wallet_txin_create`, `wallet",0.0031650485470891,0.3422403633594513,Add support for transaction inputs and outputs.,0.5777155971154571,0.9415738065727055
4745,rust,Add support for recognizing addresses and retrieving the associated HD key.,0.061263505136594176,0.9389848820574116,"The diff adds a new `Error` enum and a new `Result` type, and modifies the `recognize_address` method to return a `Result` instead of an `Option",-0.030033006332814693,0.4087438425049186,Add support for decrypting and recognizing addresses with extended public keys.,-0.0029681469313800335,0.4505713237449527
4747,rust,Update fee computation to include change output.,0.9394851196557283,0.1235005222260952,"The diff changes the return type of the `compute` method in the `fee` module from `Result<(Fee, Inputs)>` to `Result<(Fee,",0.04539266973733902,0.7142389342188835,Update fee computation to include change output.,0.9394847037037835,0.1235005222260952
4749,rust,Add tx::fee::Algorithm and tx::fee::SelectionPolicy to Wallet.,-0.012301762122660875,0.15859819948673248,"The diff changes the type of the `Error` enum from `Debug, PartialEq, Eq` to `Serialize, Deserialize, Debug, PartialEq, Eq`, adds",-0.00021740654483437538,0.010717406868934631,Add tx::fee::Algorithm and tx::fee::SelectionPolicy to Wallet.,-0.012301701121032238,0.15859819948673248
4758,rust,Add `from_path` method to `Addressing` to parse a `Path` and return an `Option<Addressing>`,0.2682312955148518,0.8807539152912796,The diff adds a new function `from_path` and a new `pub` field `change` to the `Addressing` struct.,-0.011544052511453629,0.7477142516290769,Add `from_path` method to `Addressing` struct.,0.7146343132480979,0.9841588662820868
4768,rust,Add bloom filter search for block location in pack files.,-0.9728408209048212,0.10908111184835434,Adds a new line to the `block_location` function.,-0.27818305138498545,0.2379514006897807,Add bloom filter search for block location in pack files.,-0.9728410788811743,0.10908111184835434
4773,rust,Add HD wallet error handling and account generation.,-0.26257720589637756,0.3795189633965492,"The diff changes the code to add a new `WalletError` variant to the `Error` enum, and to implement `From<hdwallet::Error>` for `Error`.",-0.7380177583545446,0.6828220463357866,Add HD wallet error handling and account generation.,-0.2625766098499298,0.3795189633965492
4774,rust,Fix incorrect Text(String) to Text(String) in cbor spec.rs.,-0.09856313676573336,0.1284775659441948,"The diff changes the type of the `ObjectKey::Text` variant from `String` to `Bytes`, and adds a new `MajorType::TEXT` case to the `Dec",-0.02580977138131857,0.07338098809123039,Fix incorrect behavior in CBOR encoder and decoder.,-0.29436783911660314,0.13313422165811062
