diff_id,language,anchor,synonym,disjoint,kind,bleu_syn,bleu_dis,bleu_delta,rougeL_syn,rougeL_dis,rougeL_delta,chrf_syn,chrf_dis,chrf_delta,meteor_syn,meteor_dis,meteor_delta,bertscore_syn,bertscore_dis,bertscore_delta,entail_syn,entail_dis,entail_delta,signed_syn,signed_dis,signed_delta
1118,cpp,errors,exceptions,warnings,diagnostic,0.8539491723727965,0.8539491723727965,0.0,0.9230769230769231,0.9230769230769231,0.0,0.9026929837671201,0.89395556865218,0.008737415114940195,0.9425029515938607,0.9425029515938607,0.0,0.9879205226898193,0.9921408295631409,-0.004220306873321533,0.10790476948022842,0.011949325911700726,0.0959554435685277,0.08637579157948494,-0.06332506705075502,0.14970085863023996
1382,cpp,test,check,config,infrastructure,0.6434588841607617,0.6434588841607617,0.0,0.8333333333333334,0.8333333333333334,0.0,0.8613937176316244,0.8544926591715393,0.006901058460085152,0.8412698412698414,0.8412698412698414,0.0,0.9846150875091553,0.9736883044242859,0.010926783084869385,0.991510808467865,0.44144970178604126,0.5500611066818237,0.9902963512577116,0.10326835513114929,0.8870279961265624
2663,cpp,warning,alert,error,diagnostic,0.7825422900366438,0.7825422900366438,0.0,0.875,0.875,0.0,0.7980036037338265,0.7906117070977337,0.007391896636092854,0.8066666666666668,0.8066666666666668,0.0,0.9855727553367615,0.972638726234436,0.01293402910232544,0.9417496919631958,0.39382657408714294,0.5479231178760529,0.894519504159689,-0.0013961195945739746,0.8959156237542629
3149,cpp,class,type,module,close_entity,0.8423626743789753,0.8423626743789753,0.0,0.9166666666666666,0.9166666666666666,0.0,0.907922182242016,0.9046288231653822,0.0032933590766338616,0.920940170940171,0.920940170940171,0.0,0.9897048473358154,0.9930360317230225,-0.0033311843872070312,0.3432193398475647,0.16258320212364197,0.18063613772392273,0.08044633269309998,-0.39271101355552673,0.4731573462486267
3169,cpp,input,entry,output,directional,0.7691605673134587,0.7691605673134587,0.0,0.9166666666666666,0.9166666666666666,0.0,0.8823907687580196,0.9229993769370931,-0.040608608179073524,0.9139118457300276,0.9139118457300276,0.0,0.991897463798523,0.9933119416236877,-0.001414477825164795,0.9599746465682983,0.0016327284974977374,0.9583419180708006,0.9399457983672619,-0.991051874239929,1.930997672607191
3431,cpp,warnings,alerts,errors,diagnostic,0.8153551038173119,0.8153551038173119,0.0,0.9285714285714286,0.9285714285714286,0.0,0.8776222469112721,0.8753881089796594,0.0022341379316127563,0.9363888888888889,0.9363888888888889,0.0,0.9845654964447021,0.994292140007019,-0.009726643562316895,0.9008083939552307,0.6612817645072937,0.239526629447937,0.8973835643846542,0.6602358060190454,0.23714775836560875
4496,cpp,function,method,variable,close_entity,0.791066507175436,0.791066507175436,0.0,0.9,0.9,0.0,0.7992958089415193,0.789638081091684,0.009657727849835318,0.920940170940171,0.920940170940171,0.0,0.9958164095878601,0.9886564612388611,0.0071599483489990234,0.75046306848526,0.27172863483428955,0.47873443365097046,0.7004377245903015,0.163124680519104,0.5373130440711975
4759,cpp,test,check,config,infrastructure,0.8003203203845001,0.8003203203845001,0.0,0.9285714285714286,0.9285714285714286,0.0,0.9081803157139022,0.9034144984777646,0.0047658172361376705,0.9319727891156462,0.9319727891156462,0.0,0.9859804511070251,0.9842768907546997,0.0017035603523254395,0.9561859369277954,0.001980012049898505,0.9542059248778969,0.9547769568162039,0.000784539501182735,0.9539924173150212
4905,cpp,error,exception,warning,diagnostic,0.8423626743789753,0.8423626743789753,0.0,0.875,0.875,0.0,0.8159924588042535,0.7986148862068273,0.017377572597426227,0.920940170940171,0.920940170940171,0.0,0.9829152226448059,0.9772551655769348,0.005660057067871094,0.996146559715271,0.4835472106933594,0.5125993490219116,0.9956353136221878,0.48036472755484283,0.515270586067345
5032,cpp,functions,methods,variables,close_entity,0.9036020036098446,0.9036020036098446,0.0,0.9090909090909091,0.9090909090909091,0.0,0.8647767967267777,0.856411971380882,0.008364825345895666,0.9073691460055096,0.9163223140495868,-0.008953168044077198,0.992054283618927,0.9858591556549072,0.006195127964019775,0.8769853711128235,0.11415151506662369,0.7628338560461998,0.8573481254279613,-0.45392604917287827,1.3112741746008396
5032,cpp,methods,functions,attributes,close_entity,0.7348889200874659,0.7348889200874659,0.0,0.9090909090909091,0.9090909090909091,0.0,0.8582139505481792,0.8554063195619074,0.002807630986271792,0.9139118457300276,0.9139118457300276,0.0,0.9908328652381897,0.9871916174888611,0.0036412477493286133,0.7342879772186279,0.19357649981975555,0.5407114773988724,0.6571036800742149,-0.20784740149974823,0.8649510815739632
5400,cpp,methods,functions,attributes,close_entity,0.9121679090703875,0.9121679090703875,0.0,0.9166666666666666,0.9166666666666666,0.0,0.8933178686492937,0.890572742505353,0.002745126143940735,0.9228098290598291,0.9228098290598291,0.0,0.9909205436706543,0.9891250133514404,0.0017955303192138672,0.8531259298324585,0.7905786633491516,0.06254726648330688,0.8442727671936154,0.773184135556221,0.07108863163739443
5971,cpp,tests,checks,configs,infrastructure,0.791066507175436,0.791066507175436,0.0,0.9090909090909091,0.9090909090909091,0.0,0.8793314680667025,0.8732259598411037,0.006105508225598744,0.8819444444444444,0.8819444444444444,0.0,0.9894530177116394,0.9808796048164368,0.008573412895202637,0.9938679337501526,0.08215294033288956,0.911714993417263,0.9926774521591142,-0.6914382800459862,1.6841157322051004
7572,cpp,warning,alert,error,diagnostic,0.7825422900366438,0.7825422900366438,0.0,0.9230769230769231,0.9230769230769231,0.0,0.7989903816651516,0.7954138404179875,0.003576541247164111,0.9268808114961962,0.9268808114961962,0.0,0.9880508780479431,0.984813928604126,0.0032369494438171387,0.9939137101173401,0.9175226092338562,0.07639110088348389,0.9922820160863921,0.887587483972311,0.10469453211408108
8542,cpp,warnings,alerts,errors,diagnostic,0.4889230224349009,0.4889230224349009,0.0,0.8571428571428571,0.8571428571428571,0.0,0.7942666815801624,0.7906117070977337,0.0036549744824287966,0.8412698412698414,0.8412698412698414,0.0,0.9933430552482605,0.977171778678894,0.016171276569366455,0.9961215853691101,0.9916266202926636,0.004494965076446533,0.9955581287504174,0.9906782024190761,0.004879926331341267
8543,cpp,tests,checks,configs,infrastructure,0.7611606003349888,0.7611606003349888,0.0,0.9,0.9,0.0,0.8948759634135981,0.889483055484246,0.005392907929352098,0.920940170940171,0.920940170940171,0.0,0.9894603490829468,0.9790394306182861,0.010420918464660645,0.9734415411949158,0.313408762216568,0.6600327789783478,0.9711684230715036,0.10272017121315002,0.8684482518583536
8982,cpp,class,type,module,close_entity,0.8003203203845001,0.8003203203845001,0.0,0.9166666666666666,0.9166666666666666,0.0,0.9074376115432982,0.904911361061052,0.002526250482246195,0.9319727891156462,0.9319727891156462,0.0,0.9918383359909058,0.9919869899749756,-0.00014865398406982422,0.9326581358909607,0.2515166103839874,0.6811415255069733,0.9262338820844889,-0.2965364158153534,1.2227702978998423
9122,cpp,warning,alert,error,diagnostic,0.5946035575013604,0.5946035575013604,0.0,0.8333333333333334,0.8333333333333334,0.0,0.7989903816651516,0.7954138404179875,0.003576541247164111,0.864795918367347,0.864795918367347,0.0,0.9903293251991272,0.9868882298469543,0.0034410953521728516,0.986050546169281,0.8333569765090942,0.15269356966018677,0.983786512631923,0.8114051800221205,0.17238133260980248
9196,cpp,log,trace,output,infrastructure,0.5969491792019644,0.5969491792019644,0.0,0.8333333333333334,0.8333333333333334,0.0,0.8229669749558637,0.8227006413982759,0.00026633355758776123,0.8819444444444444,0.8819444444444444,0.0,0.9820132851600647,0.977887749671936,0.004125535488128662,0.9692014455795288,0.9861815571784973,-0.016980111598968506,0.9621540661901236,0.9834354668855667,-0.021281400695443153
9568,cpp,test,check,config,infrastructure,0.7506238537503396,0.7506238537503396,0.0,0.8571428571428571,0.8571428571428571,0.0,0.8288728156758335,0.8199166966759788,0.008956118999854712,0.8819444444444444,0.8819444444444444,0.0,0.9705979228019714,0.9668921828269958,0.003705739974975586,0.9954955577850342,0.1504676789045334,0.8450278788805008,0.9950107588083483,-0.4273793250322342,1.4223900838405825
9934,cpp,log,trace,output,infrastructure,0.7348889200874659,0.7348889200874659,0.0,0.8888888888888888,0.8888888888888888,0.0,0.9006084129199421,0.9002744897183966,0.00033392320154546073,0.8950617283950617,0.8950617283950617,0.0,0.9901062846183777,0.9890187978744507,0.001087486743927002,0.10208586603403091,0.11664608865976334,-0.014560222625732422,-0.5394908413290977,-0.4743080958724022,-0.06518274545669556
9952,cpp,class,type,module,close_entity,0.8578928092681432,0.8578928092681432,0.0,0.9444444444444444,0.9444444444444444,0.0,0.9119074494949635,0.909483319142708,0.002424130352255527,0.9494459833795015,0.9494459833795015,0.0,0.9792127013206482,0.9792905449867249,-7.784366607666016e-05,0.9814762473106384,0.7687545418739319,0.21272170543670654,0.9785790764726698,0.6461228653788567,0.3324562110938132
10964,cpp,functions,methods,variables,close_entity,0.6580370064762461,0.6580370064762461,0.0,0.875,0.875,0.0,0.8726335443715082,0.8660476013548966,0.0065859430166116395,0.8950617283950617,0.8950617283950617,0.0,0.9961192607879639,0.989284873008728,0.00683438777923584,0.8843250870704651,0.01133766584098339,0.8729874212294817,0.8249756097793579,-0.7928502280265093,1.6178258378058672
11132,cpp,functions,methods,variables,close_entity,0.3799178428257963,0.3799178428257963,0.0,0.8333333333333334,0.8333333333333334,0.0,0.6811473486024768,0.667629300430861,0.013518048171615837,0.8066666666666668,0.8066666666666668,0.0,0.9858286380767822,0.9859514236450195,-0.0001227855682373047,0.9909317493438721,0.28945600986480713,0.7014757394790649,0.9878914065193385,-0.28566235303878784,1.2735537595581263
11339,cpp,class,type,module,close_entity,0.30213753973567675,0.30213753973567675,0.0,0.8000000000000002,0.8000000000000002,0.0,0.8212264995463022,0.8171257602431126,0.00410073930318966,0.7500000000000001,0.7500000000000001,0.0,0.9804688692092896,0.9773814678192139,0.0030874013900756836,0.9837226271629333,0.8473052382469177,0.13641738891601562,0.9797551976516843,0.7253237813711166,0.25443141628056765
11466,cpp,method,function,attribute,close_entity,0.8003203203845001,0.8003203203845001,0.0,0.9,0.9,0.0,0.8333731624239686,0.833286268504001,8.68939199676344e-05,0.9319727891156462,0.9319727891156462,0.0,0.9952101111412048,0.989229679107666,0.005980432033538818,0.5363075733184814,0.009981044568121433,0.52632652875036,0.345858559012413,-0.05692452099174261,0.40278308000415564
11466,cpp,import,include,export,directional,0.8003203203845001,0.8003203203845001,0.0,0.9,0.9,0.0,0.8498077877162507,0.9114232923185939,-0.06161550460234322,0.9319727891156462,0.9319727891156462,0.0,0.9854289293289185,0.9911751747131348,-0.005746245384216309,0.8757825493812561,0.006549057550728321,0.8692334918305278,0.7992440536618233,-0.965344968251884,1.7645890219137073
12097,cpp,test,check,config,infrastructure,0.537284965911771,0.537284965911771,0.0,0.8333333333333334,0.8333333333333334,0.0,0.7496175604893281,0.7383966701746817,0.011220890314646459,0.8066666666666668,0.8066666666666668,0.0,0.9229409694671631,0.9142051339149475,0.008735835552215576,0.9731121063232422,0.00876956433057785,0.9643425419926643,0.9666062854230404,-0.8710538819432259,1.8376601673662663
12518,cpp,tests,checks,configs,infrastructure,0.7506238537503396,0.7506238537503396,0.0,0.8888888888888888,0.8888888888888888,0.0,0.8371821227797756,0.8292524859643079,0.007929636815467656,0.8819444444444444,0.8819444444444444,0.0,0.9841766357421875,0.9719643592834473,0.012212276458740234,0.9949560761451721,0.007648714352399111,0.987307361792773,0.9940683718887158,-0.831455938052386,1.8255243099411018
12541,cpp,classes,types,modules,close_entity,0.8003203203845001,0.8003203203845001,0.0,0.9,0.9,0.0,0.8866643023339775,0.8836052339250052,0.0030590684089722986,0.9319727891156462,0.9319727891156462,0.0,0.9941966533660889,0.9917393326759338,0.0024573206901550293,0.9089151620864868,0.014919011853635311,0.8939961502328515,0.8838403280824423,-0.8985116193071008,1.782351947389543
13295,cpp,argument,parameter,keyword,close_entity,0.6606328636027612,0.6606328636027612,0.0,0.8000000000000002,0.8000000000000002,0.0,0.6574553203342106,0.6351372467172015,0.022318073617009104,0.7937500000000002,0.7937500000000002,0.0,0.9690682291984558,0.9709134697914124,-0.001845240592956543,0.9896182417869568,0.019859852269291878,0.9697583895176649,0.9856212334707379,-0.465916333720088,1.451537567190826
13505,cpp,function,method,variable,close_entity,0.7016879391277372,0.7016879391277372,0.0,0.8571428571428571,0.8571428571428571,0.0,0.7655231117079133,0.7546255269383461,0.010897584769567259,0.9054545454545455,0.9054545454545455,0.0,0.9793442487716675,0.9796225428581238,-0.00027829408645629883,0.003296602051705122,0.0007646516314707696,0.0025319504202343524,-0.9506474253721535,-0.9566715523251332,0.006024126952979714
14324,cpp,test,check,config,infrastructure,0.8282477531331043,0.8282477531331043,0.0,0.9375,0.9375,0.0,0.8876391846069639,0.8819118377300987,0.005727346876865158,0.9402573529411764,0.9402573529411764,0.0,0.987488865852356,0.9826939702033997,0.004794895648956299,0.9052653908729553,0.05687137320637703,0.8483940176665783,0.9009840809740126,-0.5559562854468822,1.4569403664208949
14381,cpp,function,method,variable,close_entity,0.791066507175436,0.791066507175436,0.0,0.9166666666666666,0.9166666666666666,0.0,0.8213454399212599,0.8125564897206509,0.008788950200608991,0.920940170940171,0.920940170940171,0.0,0.9933952689170837,0.9869426488876343,0.006452620029449463,0.5440578460693359,0.0018895360408350825,0.5421683100285009,0.3241542726755142,-0.8997193482937291,1.2238736209692433
15505,cpp,function,method,variable,close_entity,0.7611606003349888,0.7611606003349888,0.0,0.9090909090909091,0.9090909090909091,0.0,0.8306467150775076,0.8222383384782487,0.008408376599258971,0.920940170940171,0.920940170940171,0.0,0.9935668706893921,0.9870069622993469,0.006559908390045166,0.9384586811065674,0.027690382674336433,0.910768298432231,0.9323116685263813,-0.0557073038071394,0.9880189723335207
15505,cpp,warning,alert,error,diagnostic,0.7611606003349888,0.7611606003349888,0.0,0.9090909090909091,0.9090909090909091,0.0,0.8478733158609701,0.8451230399500221,0.002750275910948008,0.920940170940171,0.920940170940171,0.0,0.9926013946533203,0.991195797920227,0.0014055967330932617,0.9573258757591248,0.8899528384208679,0.06737303733825684,0.9554607906611636,0.8874847132246941,0.0679760774364695
15695,cpp,error,exception,warning,diagnostic,0.7071067811865478,0.7071067811865478,0.0,0.875,0.875,0.0,0.8370416647514313,0.8218474620456806,0.01519420270575067,0.864795918367347,0.864795918367347,0.0,0.9854230880737305,0.9753411412239075,0.010081946849822998,0.9926747679710388,0.6778119206428528,0.31486284732818604,0.9909516077023,0.6636152798309922,0.32733632787130773
15777,cpp,functions,methods,variables,close_entity,0.8153551038173119,0.8153551038173119,0.0,0.9,0.9,0.0,0.8213454399212599,0.8125564897206509,0.008788950200608991,0.9363888888888889,0.9363888888888889,0.0,0.9947121143341064,0.9870662093162537,0.007645905017852783,0.9562482237815857,0.03529560565948486,0.9209526181221008,0.9459629058837891,-0.3060266077518463,1.2519895136356354
15930,cpp,functions,methods,variables,close_entity,0.8931539818068699,0.8931539818068699,0.0,0.9090909090909091,0.9090909090909091,0.0,0.8889024822095444,0.8818708134345542,0.007031668774990174,0.9086363636363638,0.9086363636363638,0.0,0.9958372116088867,0.988758385181427,0.007078826427459717,0.9524884819984436,0.03277909755706787,0.9197093844413757,0.946385390125215,-0.14927592873573303,1.095661318860948
16727,cpp,class,type,module,close_entity,0.865603055254171,0.865603055254171,0.0,0.9285714285714286,0.9285714285714286,0.0,0.9050280843535999,0.9024476215869377,0.0025804627666622393,0.9402573529411764,0.9402573529411764,0.0,0.9899261593818665,0.9934523701667786,-0.0035262107849121094,0.8958074450492859,0.034735675901174545,0.8610717691481113,0.817200742661953,-0.8934913910925388,1.7106921337544918
16815,cpp,error,exception,warning,diagnostic,0.7348889200874659,0.7348889200874659,0.0,0.875,0.875,0.0,0.8765603560090198,0.8653271611099691,0.011233194899050725,0.9139118457300276,0.9139118457300276,0.0,0.989348292350769,0.9926598072052002,-0.0033115148544311523,0.7251600027084351,0.5888798832893372,0.1362801194190979,0.7005962263792753,0.5349173955619335,0.1656788308173418
18742,cpp,error,exception,warning,diagnostic,0.8371170098777919,0.8371170098777919,0.0,0.9230769230769231,0.9230769230769231,0.0,0.8963104331716093,0.8869898420990678,0.009320591072541462,0.9363888888888889,0.9363888888888889,0.0,0.9942971467971802,0.9952895641326904,-0.000992417335510254,0.9878849387168884,0.9628897905349731,0.024995148181915283,0.9853731312323362,0.9612231849459931,0.024149946286343038
18767,cpp,functions,methods,variables,close_entity,0.8801117367933934,0.8801117367933934,0.0,0.9,0.9,0.0,0.8308616550724307,0.8207383488393815,0.010123306233049245,0.8993827160493828,0.8993827160493828,0.0,0.9923064112663269,0.9882848858833313,0.0040215253829956055,0.976585865020752,0.10111936926841736,0.8754664957523346,0.9740446801297367,-0.556105226278305,1.5301499064080417
19063,cpp,error,exception,warning,diagnostic,0.7071067811865478,0.7071067811865478,0.0,0.9,0.9,0.0,0.8059642828031646,0.7875283867580579,0.018435896045106648,0.8950617283950617,0.8950617283950617,0.0,0.9832369089126587,0.97990483045578,0.003332078456878662,0.9648691415786743,0.9128760695457458,0.05199307203292847,0.943741412833333,0.9084948101080954,0.03524660272523761
20204,cpp,method,function,attribute,close_entity,0.6434588841607617,0.6434588841607617,0.0,0.75,0.75,0.0,0.6750830991283864,0.6701309687514048,0.004952130376981612,0.8412698412698414,0.8412698412698414,0.0,0.9819837212562561,0.9626653790473938,0.019318342208862305,0.31952381134033203,0.0050127338618040085,0.314511077478528,-0.28996264934539795,-0.945755498483777,0.6557928491383791
20290,cpp,functions,methods,variables,close_entity,0.5946035575013604,0.5946035575013604,0.0,0.8571428571428571,0.8571428571428571,0.0,0.7860930283912356,0.7759375421320381,0.010155486259197488,0.864795918367347,0.864795918367347,0.0,0.982927680015564,0.9784265756607056,0.0045011043548583984,0.9588209986686707,0.0009448857745155692,0.9578761128941551,0.9502558037638664,-0.9603665141621605,1.9106223179260269
20349,cpp,test,check,config,infrastructure,0.4111336169005198,0.4111336169005198,0.0,0.8571428571428571,0.8571428571428571,0.0,0.8139593522978263,0.8050916637343073,0.00886768856351905,0.8412698412698414,0.8412698412698414,0.0,0.9626954793930054,0.9686722159385681,-0.005976736545562744,0.9778562188148499,0.02658977173268795,0.9512664470821619,0.9758374409284443,-0.8714661989361048,1.847303639864549
20812,cpp,parameter,argument,constant,close_entity,0.537284965911771,0.537284965911771,0.0,0.8333333333333334,0.8333333333333334,0.0,0.7160877530042662,0.6943828056076957,0.021704947396570473,0.8066666666666668,0.8066666666666668,0.0,0.9814468622207642,0.9593467116355896,0.02210015058517456,0.6879939436912537,0.04217470809817314,0.6458192355930805,0.41651371121406555,-0.8838772065937519,1.3003909178078175
20829,cpp,function,method,variable,close_entity,0.3799178428257963,0.3799178428257963,0.0,0.8333333333333334,0.8333333333333334,0.0,0.6811473486024768,0.667629300430861,0.013518048171615837,0.8066666666666668,0.8066666666666668,0.0,0.9907610416412354,0.9764112234115601,0.014349818229675293,0.9771683216094971,0.10768973082304001,0.8694785907864571,0.9696166883222759,-0.645830936729908,1.6154476250521839
21522,cpp,method,function,attribute,close_entity,0.7825422900366438,0.7825422900366438,0.0,0.875,0.875,0.0,0.8266217832755516,0.8265550703277323,6.671294781923631e-05,0.8950617283950617,0.8950617283950617,0.0,0.992215096950531,0.9864853620529175,0.005729734897613525,0.6971690058708191,0.034421928226947784,0.6627470776438713,0.6258300244808197,-0.46780257672071457,1.0936326012015343
22549,cpp,function,method,variable,close_entity,0.7825422900366438,0.7825422900366438,0.0,0.9166666666666666,0.9166666666666666,0.0,0.8276558903436104,0.8191242267598046,0.00853166358380586,0.9268808114961962,0.9268808114961962,0.0,0.9967166781425476,0.9929099082946777,0.003806769847869873,0.947353720664978,0.03977043181657791,0.9075832888484001,0.9420296158641577,-0.29819535464048386,1.2402249705046415
22549,cpp,tests,checks,configs,infrastructure,0.855526185871245,0.855526185871245,0.0,0.9166666666666666,0.9166666666666666,0.0,0.8856714604260474,0.8798539872903877,0.005817473135659723,0.9268808114961962,0.9268808114961962,0.0,0.9869660139083862,0.9789953231811523,0.007970690727233887,0.9919067621231079,0.11992861330509186,0.871978148818016,0.9897639176342636,-0.5277984589338303,1.517562376568094
22838,cpp,warning,alert,error,diagnostic,0.5000000000000001,0.5000000000000001,0.0,0.875,0.875,0.0,0.7604867414966034,0.7562779797066953,0.004208761789908144,0.864795918367347,0.864795918367347,0.0,0.9903995990753174,0.9899470806121826,0.0004525184631347656,0.9969467520713806,0.9821642637252808,0.014782488346099854,0.9964090127614327,0.9796438138000667,0.016765198961365968
22999,cpp,errors,exceptions,warnings,diagnostic,0.8408964152537145,0.8408964152537145,0.0,0.8571428571428571,0.8571428571428571,0.0,0.8295129505380382,0.8084864926194597,0.02102645791857849,0.8737244897959183,0.8737244897959183,0.0,0.9863513708114624,0.9891349077224731,-0.002783536911010742,0.8916721343994141,0.24818605184555054,0.6434860825538635,0.8726562783122063,0.16012563556432724,0.712530642747879
23647,cpp,input,entry,output,directional,0.9253911813809742,0.9253911813809742,0.0,0.9166666666666666,0.9166666666666666,0.0,0.8968991374312942,0.9070983415930375,-0.010199204161743247,0.9228098290598291,0.9228098290598291,0.0,0.9830363988876343,0.9873028993606567,-0.004266500473022461,0.9042263031005859,0.14342744648456573,0.7607988566160202,0.8602005839347839,-0.6886157840490341,1.548816367983818
23691,cpp,log,trace,output,infrastructure,0.6434588841607617,0.6434588841607617,0.0,0.8571428571428571,0.8571428571428571,0.0,0.7916191083235903,0.791465317873293,0.00015379045029728644,0.8412698412698414,0.8412698412698414,0.0,0.9810289144515991,0.9819162487983704,-0.0008873343467712402,0.6311690807342529,0.4656359553337097,0.1655331254005432,0.40360622107982635,0.033682823181152344,0.369923397898674
24154,cpp,tests,checks,configs,infrastructure,0.82651681837938,0.82651681837938,0.0,0.9090909090909091,0.9090909090909091,0.0,0.8846544048687519,0.878636258411222,0.00601814645752996,0.9139118457300276,0.9139118457300276,0.0,0.9794051647186279,0.9707587361335754,0.00864642858505249,0.9932562112808228,0.03907771408557892,0.9541784971952438,0.9916299520991743,-0.8768064826726913,1.8684364347718656
24250,cpp,import,include,export,directional,0.4111336169005198,0.4111336169005198,0.0,0.8571428571428571,0.8571428571428571,0.0,0.7875612485327705,0.8742437764883584,-0.08668252795558784,0.8412698412698414,0.7301587301587302,0.11111111111111116,0.9638628363609314,0.9669039249420166,-0.003041088581085205,0.8324422836303711,0.014849035069346428,0.8175932485610247,0.7019698768854141,-0.9326336700469255,1.6346035469323397
24670,cpp,log,trace,output,infrastructure,0.5946035575013604,0.5946035575013604,0.0,0.875,0.875,0.0,0.8540470322465807,0.8496976445039782,0.004349387742602517,0.864795918367347,0.864795918367347,0.0,0.9875624775886536,0.9868587255477905,0.0007037520408630371,0.5525696873664856,0.2798297107219696,0.272739976644516,0.16658872365951538,-0.2590942680835724,0.42568299174308777
25123,cpp,test,check,config,infrastructure,0.8408964152537145,0.8408964152537145,0.0,0.8571428571428571,0.8571428571428571,0.0,0.8895617578356666,0.8805032989974926,0.009058458838174022,0.8737244897959183,0.8737244897959183,0.0,0.9879460334777832,0.9776453375816345,0.010300695896148682,0.9679697751998901,0.20644663274288177,0.7615231424570084,0.9663804252631962,0.1816889401525259,0.7846914851106703
26407,cpp,test,check,config,infrastructure,0.9025139799587889,0.9025139799587889,0.0,0.9583333333333334,0.9583333333333334,0.0,0.9214357281999821,0.9173105274469749,0.004125200753007152,0.9640897511267882,0.9640897511267882,0.0,0.9933024644851685,0.9898747801780701,0.0034276843070983887,0.9457465410232544,0.026231680065393448,0.919514860957861,0.941072300542146,0.0017975680530071259,0.9392747324891388
26479,cpp,arguments,parameters,keywords,close_entity,0.7419446627365011,0.7419446627365011,0.0,0.9090909090909091,0.9090909090909091,0.0,0.8386484253228015,0.8307257977298886,0.007922627592912845,0.9054545454545455,0.9054545454545455,0.0,0.99521803855896,0.9885978698730469,0.006620168685913086,0.9880764484405518,0.035526640713214874,0.9525498077273369,0.9874213240691461,-0.3835273012518883,1.3709486253210343
26872,cpp,comments,notes,commands,infrastructure,0.6606328636027612,0.6606328636027612,0.0,0.8571428571428571,0.8571428571428571,0.0,0.7791586409754995,0.8589513726227461,-0.07979273164724665,0.8819444444444444,0.8819444444444444,0.0,0.9765803813934326,0.953420102596283,0.023160278797149658,0.4608945846557617,0.05682523921132088,0.40406934544444084,0.061438292264938354,-0.6489787511527538,0.7104170434176922
27213,cpp,warning,alert,error,diagnostic,0.8408964152537145,0.8408964152537145,0.0,0.8000000000000002,0.8000000000000002,0.0,0.8254002822893036,0.8210824834412498,0.004317798848053833,0.8737244897959183,0.8737244897959183,0.0,0.9903630018234253,0.9903033971786499,5.9604644775390625e-05,0.973706066608429,0.7528710961341858,0.22083497047424316,0.969959388487041,0.7215661406517029,0.24839324783533812
27564,cpp,methods,functions,attributes,close_entity,0.8633400213704508,0.8633400213704508,0.0,0.8888888888888888,0.8888888888888888,0.0,0.8714360865432496,0.8682135129310194,0.0032225736122301063,0.8880208333333333,0.8880208333333333,0.0,0.9941772222518921,0.9885896444320679,0.005587577819824219,0.9386505484580994,0.06817521154880524,0.8704753369092941,0.9341638432815671,-0.20081548392772675,1.1349793272092938
28054,cpp,error,exception,warning,diagnostic,0.8003203203845001,0.8003203203845001,0.0,0.8888888888888888,0.8888888888888888,0.0,0.8648576591146815,0.852470174597346,0.012387484517335512,0.9319727891156462,0.9319727891156462,0.0,0.9920048713684082,0.993252694606781,-0.0012478232383728027,0.9400461316108704,0.5424708127975464,0.397575318813324,0.9315308630466461,0.5353698786348104,0.39616098441183567
28246,cpp,import,include,export,directional,0.5000000000000001,0.5000000000000001,0.0,0.8333333333333334,0.8333333333333334,0.0,0.7815207769836321,0.8706212142744651,-0.08910043729083306,0.864795918367347,0.864795918367347,0.0,0.9645540714263916,0.9764292240142822,-0.011875152587890625,0.6400057077407837,0.00045992908417247236,0.6395457786566112,0.33177444338798523,-0.9953560036665294,1.3271304470545147
28525,cpp,warning,alert,error,diagnostic,0.3799178428257963,0.3799178428257963,0.0,0.8333333333333334,0.8333333333333334,0.0,0.6431715966704317,0.6371329039383794,0.006038692732052264,0.8066666666666668,0.8066666666666668,0.0,0.9823968410491943,0.9793391227722168,0.003057718276977539,0.9971008896827698,0.9023523926734924,0.09474849700927734,0.9966404922597576,0.8584715910255909,0.1381689012341667
28635,cpp,test,check,config,infrastructure,0.537284965911771,0.537284965911771,0.0,0.75,0.75,0.0,0.7828445377796353,0.7694346269561134,0.013409910823521831,0.8066666666666668,0.8066666666666668,0.0,0.9863312840461731,0.9699143171310425,0.016416966915130615,0.918914794921875,0.08221122622489929,0.8367035686969757,0.8990378212183714,-0.5192973911762238,1.4183352123945951
28981,cpp,warning,alert,error,diagnostic,0.5000000000000001,0.5000000000000001,0.0,0.8571428571428571,0.8571428571428571,0.0,0.7989903816651516,0.7954138404179875,0.003576541247164111,0.864795918367347,0.864795918367347,0.0,0.9906494617462158,0.9906250238418579,2.4437904357910156e-05,0.9800654053688049,0.9718933701515198,0.008172035217285156,0.9738626922480762,0.9673720812425017,0.006490611005574465
29188,cpp,comments,notes,commands,infrastructure,0.6580370064762461,0.6580370064762461,0.0,0.8888888888888888,0.8888888888888888,0.0,0.8141094434081466,0.8810100906880912,-0.0669006472799446,0.8950617283950617,0.8950617283950617,0.0,0.9858652949333191,0.9737966060638428,0.012068688869476318,0.9017601013183594,0.1672220379114151,0.7345380634069443,0.8672657050192356,-0.35337553918361664,1.2206412442028522
30122,cpp,warning,alert,error,diagnostic,0.7071067811865478,0.7071067811865478,0.0,0.875,0.875,0.0,0.7841193285367322,0.7802966938992683,0.0038226346374639064,0.8950617283950617,0.8950617283950617,0.0,0.990492045879364,0.9850720763206482,0.00541996955871582,0.9769750833511353,0.7325958013534546,0.24437928199768066,0.9637845493853092,0.5525710135698318,0.41121353581547737
30253,cpp,error,exception,warning,diagnostic,0.42728700639623396,0.42728700639623396,0.0,0.75,0.75,0.0,0.8111116081944314,0.7932204011312707,0.01789120706316072,0.7500000000000001,0.7500000000000001,0.0,0.9875224828720093,0.9873248338699341,0.0001976490020751953,0.9896101951599121,0.9838196635246277,0.005790531635284424,0.9883640082553029,0.9831217451719567,0.005242263083346188
30771,cpp,function,method,variable,close_entity,0.8633400213704508,0.8633400213704508,0.0,0.8888888888888888,0.8888888888888888,0.0,0.7976371815918484,0.7846137533444035,0.013023428247444846,0.8880208333333333,0.8654513888888888,0.02256944444444442,0.9900220036506653,0.9634040594100952,0.02661794424057007,0.6013738512992859,0.11473321914672852,0.4866406321525574,0.5089237689971924,-0.3622179627418518,0.8711417317390442
30778,cpp,functions,methods,variables,close_entity,0.6580370064762461,0.6580370064762461,0.0,0.875,0.875,0.0,0.8934784386498943,0.8878610721997182,0.005617366450176076,0.8950617283950617,0.8950617283950617,0.0,0.9964525103569031,0.9881746768951416,0.008277833461761475,0.9853319525718689,0.26991885900497437,0.7154130935668945,0.9817720528226346,0.10553249716758728,0.8762395556550473
30795,cpp,comments,notes,commands,infrastructure,0.8070557274927979,0.8070557274927979,0.0,0.8888888888888888,0.8888888888888888,0.0,0.8293928806293338,0.8970614260532015,-0.06766854542386769,0.9054545454545455,0.9054545454545455,0.0,0.9855220913887024,0.9758949875831604,0.009627103805541992,0.917077898979187,0.18759790062904358,0.7294799983501434,0.8986789770424366,-0.016315236687660217,0.9149942137300968
31601,cpp,function,method,variable,close_entity,0.7611606003349888,0.7611606003349888,0.0,0.9090909090909091,0.9090909090909091,0.0,0.8306467150775076,0.8222383384782487,0.008408376599258971,0.8819444444444444,0.8819444444444444,0.0,0.9940654039382935,0.979666531085968,0.01439887285232544,0.8868674635887146,0.4616258144378662,0.4252416491508484,0.8661306202411652,0.36484314501285553,0.5012874752283096
31607,cpp,log,trace,output,infrastructure,0.6434588841607617,0.6434588841607617,0.0,0.8571428571428571,0.8571428571428571,0.0,0.8116351725648474,0.811403756988328,0.00023141557651940037,0.8412698412698414,0.8412698412698414,0.0,0.9845126867294312,0.9823926091194153,0.002120077610015869,0.0042953803204,0.042715515941381454,-0.038420135620981455,-0.9389970586635172,-0.783897016197443,-0.15510004246607423
31756,cpp,input,entry,output,directional,0.8423626743789753,0.8423626743789753,0.0,0.8888888888888888,0.8888888888888888,0.0,0.8809973639050552,0.9016530400479277,-0.020655676142872448,0.920940170940171,0.920940170940171,0.0,0.9904196858406067,0.9906060099601746,-0.0001863241195678711,0.9776167869567871,0.007776258513331413,0.9698405284434557,0.9738141454290599,-0.9137919563800097,1.8876061018090695
31772,cpp,methods,functions,attributes,close_entity,0.8931539818068699,0.8931539818068699,0.0,0.8888888888888888,0.8888888888888888,0.0,0.8881253085484433,0.8852642493264746,0.002861059221968665,0.9086363636363638,0.9086363636363638,0.0,0.9959253668785095,0.9892277717590332,0.006697595119476318,0.9695860147476196,0.6666142344474792,0.3029717803001404,0.9641606588847935,0.6498060934245586,0.3143545654602349
31984,cpp,error,exception,warning,diagnostic,0.865603055254171,0.865603055254171,0.0,0.9375,0.9375,0.0,0.9239557514667766,0.9172380454893982,0.006717705977378308,0.9467186484730344,0.9467186484730344,0.0,0.9893217086791992,0.9927803874015808,-0.003458678722381592,0.9413748383522034,0.905713677406311,0.035661160945892334,0.9347655735909939,0.9018068802542984,0.03295869333669543
32361,cpp,parameter,argument,constant,close_entity,0.8394327083733333,0.8394327083733333,0.0,0.9,0.9,0.0,0.8001747362557146,0.7845679231982154,0.015606813057499114,0.9139118457300276,0.9139118457300276,0.0,0.9957644939422607,0.9878592491149902,0.007905244827270508,0.9848408102989197,0.898440420627594,0.08640038967132568,0.9833824833622202,0.8748620823025703,0.10852040105964988
32604,cpp,warnings,alerts,errors,diagnostic,0.8408964152537145,0.8408964152537145,0.0,0.8333333333333334,0.8333333333333334,0.0,0.8303907989074394,0.8266538736639216,0.0037369252435177636,0.8300000000000002,0.8300000000000002,0.0,0.9951360821723938,0.9933693408966064,0.0017667412757873535,0.9664039015769958,0.8122950792312622,0.15410882234573364,0.9575637076050043,0.7876649927347898,0.16989871487021446
34070,cpp,log,trace,output,infrastructure,0.7611606003349888,0.7611606003349888,0.0,0.9166666666666666,0.9166666666666666,0.0,0.8953136349463461,0.8978191097938949,-0.0025054748475488164,0.920940170940171,0.920940170940171,0.0,0.9873985052108765,0.9900753498077393,-0.002676844596862793,0.7274149656295776,0.8108590841293335,-0.08344411849975586,0.705856716260314,0.7662872523069382,-0.060430536046624184
34438,cpp,parameters,arguments,constants,close_entity,0.8843865924896839,0.8843865924896839,0.0,0.9444444444444444,0.9444444444444444,0.0,0.925893406951427,0.9199153320445013,0.005978074906925701,0.9580182734719597,0.9580182734719597,0.0,0.9979375600814819,0.9945356845855713,0.0034018754959106445,0.9180240035057068,0.32871729135513306,0.5893067121505737,0.8862222358584404,-0.28067129850387573,1.1668935343623161
35061,cpp,parameters,arguments,constants,close_entity,0.9036020036098446,0.9036020036098446,0.0,0.9,0.9,0.0,0.8399499011831193,0.8249066013638907,0.015043299819228584,0.9163223140495868,0.9163223140495868,0.0,0.9906886219978333,0.9876800179481506,0.003008604049682617,0.8172507286071777,0.026942966505885124,0.7903077621012926,0.7512552589178085,-0.6824410576373339,1.4336963165551424
35088,cpp,argument,parameter,keyword,close_entity,0.8806626677278208,0.8806626677278208,0.0,0.9444444444444444,0.9444444444444444,0.0,0.9118114871792529,0.907629798738608,0.004181688440644815,0.9519047619047619,0.9519047619047619,0.0,0.996878981590271,0.991204023361206,0.005674958229064941,0.969048023223877,0.848455548286438,0.12059247493743896,0.9679987671552226,0.8227710425853729,0.14522772456984967
35173,cpp,log,trace,output,infrastructure,0.7825422900366438,0.7825422900366438,0.0,0.875,0.875,0.0,0.853745139192429,0.8534164860056898,0.00032865318673924726,0.8950617283950617,0.8950617283950617,0.0,0.9881582260131836,0.988021194934845,0.00013703107833862305,0.04102563485503197,0.021476125344634056,0.01954950951039791,-0.8948541916906834,-0.9044223669916391,0.009568175300955772
35191,cpp,logs,traces,outputs,infrastructure,0.30213753973567675,0.30213753973567675,0.0,0.8000000000000002,0.8000000000000002,0.0,0.8174772089971464,0.8172269808926624,0.0002502281044839405,0.7500000000000001,0.7500000000000001,0.0,0.9728727340698242,0.9729828834533691,-0.00011014938354492188,0.24258030951023102,0.03893561288714409,0.20364469662308693,-0.25884275138378143,-0.8095372803509235,0.5506945289671421
35623,cpp,function,method,variable,close_entity,0.82651681837938,0.82651681837938,0.0,0.9090909090909091,0.9090909090909091,0.0,0.8889024822095444,0.8818708134345542,0.007031668774990174,0.9139118457300276,0.9139118457300276,0.0,0.9806134104728699,0.9835502505302429,-0.002936840057373047,0.812375009059906,0.0008736085728742182,0.8115014004870318,0.8020988032221794,-0.858390407578554,1.6604892108007334
36449,cpp,test,check,config,infrastructure,0.4889230224349009,0.4889230224349009,0.0,0.8571428571428571,0.8571428571428571,0.0,0.8139593522978263,0.8050916637343073,0.00886768856351905,0.8412698412698414,0.8412698412698414,0.0,0.9609365463256836,0.9767529368400574,-0.01581639051437378,0.9731940031051636,0.061024390161037445,0.9121696129441261,0.9678169093094766,-0.7123454585671425,1.680162367876619
36728,cpp,tests,checks,configs,infrastructure,0.9193227152249183,0.9193227152249183,0.0,0.9166666666666666,0.9166666666666666,0.0,0.9089988711737957,0.902668994940463,0.0063298762333326986,0.9163223140495868,0.9163223140495868,0.0,0.9906639456748962,0.9831130504608154,0.0075508952140808105,0.9108390212059021,0.15847598016262054,0.7523630410432816,0.90265494864434,-0.10243026912212372,1.0050852177664638
39004,cpp,function,method,variable,close_entity,0.8003203203845001,0.8003203203845001,0.0,0.9285714285714286,0.9285714285714286,0.0,0.8535215966031573,0.8460848512610165,0.0074367453421407825,0.9319727891156462,0.9319727891156462,0.0,0.9954978227615356,0.9888356328010559,0.006662189960479736,0.982245922088623,0.5400079488754272,0.4422379732131958,0.980326009565033,0.4143965393304825,0.5659294702345505
40002,cpp,functions,methods,variables,close_entity,0.7071067811865478,0.7071067811865478,0.0,0.9,0.9,0.0,0.8335354292762279,0.8252469531319148,0.008288476144313162,0.8950617283950617,0.8950617283950617,0.0,0.9854457378387451,0.9682884216308594,0.017157316207885742,0.9815309047698975,0.0482766255736351,0.9332542791962624,0.9773489106446505,-0.6955071464180946,1.672856057062745
40188,cpp,log,trace,output,infrastructure,0.8633400213704508,0.8633400213704508,0.0,0.875,0.875,0.0,0.9101082413093166,0.905323034276437,0.004785207032879546,0.8880208333333333,0.8880208333333333,0.0,0.9994208216667175,0.9958686232566833,0.0035521984100341797,0.9277818202972412,0.7411609888076782,0.186620831489563,0.8849487751722336,0.5726566314697266,0.312292143702507
40593,cpp,test,check,config,infrastructure,0.8931539818068699,0.8931539818068699,0.0,0.8333333333333334,0.8333333333333334,0.0,0.8533147044491927,0.8417016491247351,0.011613055324457555,0.8551587301587302,0.8551587301587302,0.0,0.9868603348731995,0.9833205938339233,0.003539741039276123,0.9131349921226501,0.0482683889567852,0.8648666031658649,0.9022933291271329,-0.21726389601826668,1.1195572251453996
41304,cpp,log,trace,output,infrastructure,0.7419446627365011,0.7419446627365011,0.0,0.9,0.9,0.0,0.8500212653750279,0.8496976445039782,0.00032362087104964576,0.9054545454545455,0.9054545454545455,0.0,0.9884471893310547,0.9834742546081543,0.004972934722900391,0.630750834941864,0.7508676648139954,-0.12011682987213135,0.37654730677604675,0.6124066412448883,-0.23585933446884155
41553,cpp,functions,methods,variables,close_entity,0.7598356856515927,0.7598356856515927,0.0,0.75,0.75,0.0,0.6982822867908205,0.6825676813607848,0.015714605430035666,0.8300000000000002,0.8300000000000002,0.0,0.9925374984741211,0.9849324226379395,0.007605075836181641,0.9736067056655884,0.06734826415777206,0.9062584415078163,0.9640193339437246,-0.5739643946290016,1.5379837285727262
41715,cpp,error,exception,warning,diagnostic,0.4889230224349009,0.4889230224349009,0.0,0.8333333333333334,0.8333333333333334,0.0,0.760199350036322,0.7367837445356848,0.02341560550063715,0.8412698412698414,0.8412698412698414,0.0,0.9862173795700073,0.9881706833839417,-0.001953303813934326,0.9836201667785645,0.9661563634872437,0.0174638032913208,0.9812817610800266,0.9650056620594114,0.01627609902061522
41830,cpp,error,exception,warning,diagnostic,0.6606328636027612,0.6606328636027612,0.0,0.875,0.875,0.0,0.8537649193135747,0.8402688189484688,0.013496100365105845,0.8819444444444444,0.8819444444444444,0.0,0.9878240823745728,0.9883233308792114,-0.0004992485046386719,0.7964107990264893,0.134358748793602,0.6620520502328873,0.6321775168180466,-0.5403906255960464,1.172568142414093
42105,cpp,function,method,variable,close_entity,0.7348889200874659,0.7348889200874659,0.0,0.9166666666666666,0.9166666666666666,0.0,0.8618160229817114,0.8547441498814717,0.007071873100239712,0.9139118457300276,0.9139118457300276,0.0,0.9971035718917847,0.9885222911834717,0.008581280708312988,0.9834685325622559,0.4653119146823883,0.5181566178798676,0.9817207918968052,0.4475721474736929,0.5341486444231123
42693,cpp,functions,methods,variables,close_entity,0.8153551038173119,0.8153551038173119,0.0,0.9285714285714286,0.9285714285714286,0.0,0.8335354292762279,0.8252469531319148,0.008288476144313162,0.9363888888888889,0.9363888888888889,0.0,0.9939368963241577,0.9931520223617554,0.0007848739624023438,0.8827878832817078,0.24344027042388916,0.6393476128578186,0.7962760776281357,-0.10299021005630493,0.8992662876844406
42768,cpp,method,function,attribute,close_entity,0.5000000000000001,0.5000000000000001,0.0,0.875,0.875,0.0,0.7083731690791859,0.7036867402175581,0.004686428861627845,0.864795918367347,0.864795918367347,0.0,0.9950398206710815,0.9901373386383057,0.004902482032775879,0.9229212999343872,0.5954298973083496,0.3274914026260376,0.8951285928487778,0.4158840477466583,0.47924454510211945
43348,cpp,functions,methods,variables,close_entity,0.9210589320522861,0.9210589320522861,0.0,0.9500000000000001,0.9500000000000001,0.0,0.9354737702758701,0.9315333073708478,0.003940462905022257,0.9494459833795015,0.9494459833795015,0.0,0.9976086020469666,0.9940074682235718,0.0036011338233947754,0.649585485458374,0.004887201823294163,0.6446982836350799,0.6194318737834692,-0.030620883218944073,0.6500527570024133
43762,cpp,test,check,config,infrastructure,0.8492326635760686,0.8492326635760686,0.0,0.9285714285714286,0.9285714285714286,0.0,0.9291103889382533,0.9253633449077021,0.00374704403055115,0.9054545454545455,0.9054545454545455,0.0,0.9945313930511475,0.9875220656394958,0.007009327411651611,0.9743471741676331,0.058804724365472794,0.9155424498021603,0.969808314461261,0.05440656654536724,0.9154017479158938
742,cs,input,entry,output,directional,0.7348889200874659,0.7348889200874659,0.0,0.9166666666666666,0.9166666666666666,0.0,0.8823907687580196,0.9229993769370931,-0.040608608179073524,0.9139118457300276,0.9139118457300276,0.0,0.986950695514679,0.9887733459472656,-0.00182265043258667,0.9598053097724915,0.549506425857544,0.4102988839149475,0.9523382834158838,0.19113841652870178,0.761199866887182
1999,cs,methods,functions,attributes,close_entity,0.8070557274927979,0.8070557274927979,0.0,0.9090909090909091,0.9090909090909091,0.0,0.836555265306882,0.8334069971123033,0.003148268194578696,0.9054545454545455,0.9054545454545455,0.0,0.9780011177062988,0.9759362936019897,0.002064824104309082,0.9656858444213867,0.28379788994789124,0.6818879544734955,0.9623975900467485,-0.044472336769104004,1.0068699268158525
2656,cs,error,exception,warning,diagnostic,0.7016879391277372,0.7016879391277372,0.0,0.9090909090909091,0.9090909090909091,0.0,0.8786616462447462,0.8676340534013676,0.01102759284337862,0.9054545454545455,0.9054545454545455,0.0,0.987518846988678,0.9902099967002869,-0.0026911497116088867,0.9932685494422913,0.9806962609291077,0.012572288513183594,0.9924654255155474,0.9800315249012783,0.012433900614269078
2901,cs,methods,functions,attributes,close_entity,0.8423626743789753,0.8423626743789753,0.0,0.9090909090909091,0.9090909090909091,0.0,0.8558260452123987,0.8529797132203951,0.00284633199200357,0.920940170940171,0.920940170940171,0.0,0.9906681776046753,0.9882630705833435,0.002405107021331787,0.9510847330093384,0.06593237817287445,0.8851523548364639,0.928739633411169,-0.5694323927164078,1.4981720261275768
2971,cs,function,method,variable,close_entity,0.8633400213704508,0.8633400213704508,0.0,0.8571428571428571,0.8571428571428571,0.0,0.7976371815918484,0.7846137533444035,0.013023428247444846,0.8880208333333333,0.8880208333333333,0.0,0.9936419725418091,0.9866969585418701,0.006945013999938965,0.9412398338317871,0.5532970428466797,0.3879427909851074,0.9396382736740634,0.5438361018896103,0.3958021717844531
3130,cs,bug,issue,feature,diagnostic,0.7016879391277372,0.7016879391277372,0.0,0.8571428571428571,0.8571428571428571,0.0,0.8643346901554462,0.856357401741529,0.007977288413917205,0.9054545454545455,0.9054545454545455,0.0,0.9921095371246338,0.98638916015625,0.005720376968383789,0.9802408218383789,0.0008729170658625662,0.9793679047725163,0.9783675054786727,-0.9882690240046941,1.9666365294833668
3130,cs,test,check,config,infrastructure,0.7419446627365011,0.7419446627365011,0.0,0.8571428571428571,0.8571428571428571,0.0,0.8449229507866814,0.837316535254893,0.007606415531788424,0.9054545454545455,0.9054545454545455,0.0,0.9885216355323792,0.9852206110954285,0.0033010244369506836,0.9818047881126404,0.007030428387224674,0.9747743597254157,0.9778237263672054,-0.9068967094644904,1.8847204358316958
3493,cs,error,exception,warning,diagnostic,0.6606328636027612,0.6606328636027612,0.0,0.8888888888888888,0.8888888888888888,0.0,0.9117168549908314,0.9038574772236868,0.007859377767144626,0.8819444444444444,0.8819444444444444,0.0,0.9901148676872253,0.9881255626678467,0.001989305019378662,0.9797077178955078,0.8543063402175903,0.12540137767791748,0.9786749994382262,0.8493257579393685,0.12934924149885774
4401,cs,method,function,attribute,close_entity,0.641386525898168,0.641386525898168,0.0,0.8666666666666667,0.8666666666666667,0.0,0.8365726907731684,0.8334087854463726,0.0031639053267957795,0.8706951530612245,0.8706951530612245,0.0,0.9919062852859497,0.9854184985160828,0.006487786769866943,0.6030877828598022,0.03529500961303711,0.5677927732467651,0.2996414303779602,-0.8100308179855347,1.1096722483634949
4647,cs,test,check,config,infrastructure,0.7825422900366438,0.7825422900366438,0.0,0.8888888888888888,0.8888888888888888,0.0,0.8330140186708261,0.8249125277961266,0.00810149087469958,0.8950617283950617,0.8950617283950617,0.0,0.9832724332809448,0.9848781824111938,-0.0016057491302490234,0.9181052446365356,0.11602184921503067,0.802083395421505,0.8655533120036125,-0.4777909144759178,1.3433442264795303
5384,cs,test,check,config,infrastructure,0.7825422900366438,0.7825422900366438,0.0,0.9166666666666666,0.9166666666666666,0.0,0.8931556513642203,0.8876828167075523,0.005472834656667924,0.9268808114961962,0.9268808114961962,0.0,0.9809765219688416,0.9887956976890564,-0.007819175720214844,0.8442201018333435,0.0099918432533741,0.8342282585799694,0.8076685629785061,-0.5527243427932262,1.3603929057717323
5469,cs,method,function,attribute,close_entity,0.7348889200874659,0.7348889200874659,0.0,0.9090909090909091,0.9090909090909091,0.0,0.8582139505481792,0.8554063195619074,0.002807630986271792,0.9139118457300276,0.9139118457300276,0.0,0.9912152290344238,0.9816625714302063,0.00955265760421753,0.9684992432594299,0.6245015263557434,0.3439977169036865,0.961250011343509,0.4096432775259018,0.5516067338176072
5469,cs,class,type,module,close_entity,0.7691605673134587,0.7691605673134587,0.0,0.9090909090909091,0.9090909090909091,0.0,0.8780381682106689,0.8748905342640825,0.003147633946586459,0.9139118457300276,0.9139118457300276,0.0,0.985201895236969,0.98741614818573,-0.0022142529487609863,0.8019919991493225,0.5469620227813721,0.25502997636795044,0.7277306839823723,0.34654802083969116,0.3811826631426811
6059,cs,method,function,attribute,close_entity,0.6606328636027612,0.6606328636027612,0.0,0.8888888888888888,0.8888888888888888,0.0,0.8070765694131673,0.8035021810587258,0.00357438835444146,0.8819444444444444,0.8819444444444444,0.0,0.990190863609314,0.9822925925254822,0.007898271083831787,0.8800638318061829,0.0137280048802495,0.8663358269259334,0.8008138686418533,-0.84071786981076,1.6415317384526134
8050,cs,comment,note,command,infrastructure,0.8931539818068699,0.8931539818068699,0.0,0.9,0.9,0.0,0.8683617721344468,0.9360308198447947,-0.06766904771034798,0.9086363636363638,0.9086363636363638,0.0,0.9893978834152222,0.981307864189148,0.008090019226074219,0.9297358989715576,0.4797140955924988,0.45002180337905884,0.9069799333810806,0.443499818444252,0.4634801149368286
8251,cs,functions,methods,variables,close_entity,0.8578928092681432,0.8578928092681432,0.0,0.9375,0.9375,0.0,0.8911022614301367,0.8853723383875692,0.005729923042567475,0.9494459833795015,0.9494459833795015,0.0,0.9961585402488708,0.993476390838623,0.0026821494102478027,0.9332953691482544,0.02614782378077507,0.9071475453674793,0.9313553178217262,0.020953381434082985,0.9104019363876432
8527,cs,error,exception,warning,diagnostic,0.7016879391277372,0.7016879391277372,0.0,0.8888888888888888,0.8888888888888888,0.0,0.8697954977731931,0.8578969652366311,0.011898532536562034,0.9054545454545455,0.9054545454545455,0.0,0.9906785488128662,0.9912985563278198,-0.0006200075149536133,0.9676694273948669,0.6852921843528748,0.2823772430419922,0.962205374147743,0.5449826717376709,0.4172227024100721
8543,cs,test,check,config,infrastructure,0.8801117367933934,0.8801117367933934,0.0,0.8571428571428571,0.8571428571428571,0.0,0.9311124385500061,0.9252343583977618,0.005878080152244336,0.8993827160493828,0.8993827160493828,0.0,0.9994641542434692,0.9990490674972534,0.0004150867462158203,0.9821527600288391,0.0644494816660881,0.917703278362751,0.9788794221822172,-0.7862839177250862,1.7651633399073035
8735,cs,input,entry,output,directional,0.7016879391277372,0.7016879391277372,0.0,0.9,0.9,0.0,0.8646015470053575,0.9113748832319459,-0.04677333622658841,0.9054545454545455,0.9054545454545455,0.0,0.9756821990013123,0.9915737509727478,-0.015891551971435547,0.9457064270973206,0.0004609033348970115,0.9452455237624235,0.9375837212428451,-0.9903842404601164,1.9279679617029615
9374,cs,errors,exceptions,warnings,diagnostic,0.7825422900366438,0.7825422900366438,0.0,0.9230769230769231,0.9230769230769231,0.0,0.8567055617375398,0.8435047276967939,0.013200834040745901,0.9268808114961962,0.9268808114961962,0.0,0.9881249070167542,0.9873989224433899,0.0007259845733642578,0.8564505577087402,0.3607149124145508,0.49573564529418945,0.8483814438804984,0.2449144423007965,0.6034670015797019
9802,cs,test,check,config,infrastructure,0.7419446627365011,0.7419446627365011,0.0,0.9,0.9,0.0,0.8770587966950614,0.8708509104696062,0.006207886225455206,0.9054545454545455,0.9054545454545455,0.0,0.9884538054466248,0.9851842522621155,0.0032695531845092773,0.96413654088974,0.015601152554154396,0.9485353883355856,0.9544522603973746,-0.931707626208663,1.8861598866060376
9979,cs,test,check,config,infrastructure,0.7348889200874659,0.7348889200874659,0.0,0.9090909090909091,0.9090909090909091,0.0,0.8836335325001058,0.8777230821481363,0.005910450351969465,0.9139118457300276,0.9139118457300276,0.0,0.9816878437995911,0.9812161326408386,0.0004717111587524414,0.9744749665260315,0.01820654608309269,0.9562684204429388,0.9728210908360779,-0.12419331632554531,1.0970144071616232
10601,cs,comment,note,command,infrastructure,0.8070557274927979,0.8070557274927979,0.0,0.9,0.9,0.0,0.8395009124064517,0.8970971915958965,-0.057596279189444766,0.9054545454545455,0.9054545454545455,0.0,0.9749914407730103,0.9698523879051208,0.005139052867889404,0.9967731833457947,0.4946078658103943,0.5021653175354004,0.996190509351436,0.20962530374526978,0.7865652056061663
11883,cs,function,method,variable,close_entity,0.7825422900366438,0.7825422900366438,0.0,0.9166666666666666,0.9166666666666666,0.0,0.8245574389730571,0.8158989652613216,0.00865847371173556,0.9268808114961962,0.9268808114961962,0.0,0.9934273958206177,0.9833446145057678,0.010082781314849854,0.9824914336204529,0.30782365798950195,0.6746677756309509,0.9773272019810975,-0.14415395259857178,1.1214811545796692
12026,cs,comment,note,command,infrastructure,0.7825422900366438,0.7825422900366438,0.0,0.9,0.9,0.0,0.7572703729912049,0.8422309819368644,-0.08496060894565949,0.8950617283950617,0.8950617283950617,0.0,0.9701498746871948,0.9505228996276855,0.019626975059509277,0.9721639156341553,0.41837358474731445,0.5537903308868408,0.9686672585085034,0.26689356565475464,0.7017736928537488
12307,cs,class,type,module,close_entity,0.855526185871245,0.855526185871245,0.0,0.9230769230769231,0.9230769230769231,0.0,0.9024896955630649,0.8998527554639192,0.0026369400991457237,0.9268808114961962,0.9268808114961962,0.0,0.9883170127868652,0.9921653270721436,-0.0038483142852783203,0.9936350584030151,0.9840540289878845,0.009581029415130615,0.9920062196906656,0.9765168498270214,0.015489369863644242
13043,cs,error,exception,warning,diagnostic,0.7506238537503396,0.7506238537503396,0.0,0.875,0.875,0.0,0.82062703653445,0.8081909489551792,0.012436087579270838,0.8819444444444444,0.8819444444444444,0.0,0.9824381470680237,0.9651058912277222,0.017332255840301514,0.983599066734314,0.7456701993942261,0.2379288673400879,0.9781685001216829,0.7145224623382092,0.26364603778347373
13043,cs,tests,checks,configs,infrastructure,0.6606328636027612,0.6606328636027612,0.0,0.875,0.875,0.0,0.8330140186708261,0.8249125277961266,0.00810149087469958,0.8819444444444444,0.8819444444444444,0.0,0.9858549237251282,0.9763005375862122,0.009554386138916016,0.9840368628501892,0.0017598384292796254,0.9822770244209096,0.9808495126198977,-0.9784886724082753,1.959338185028173
14096,cs,method,function,attribute,close_entity,0.8787419089273847,0.8787419089273847,0.0,0.9500000000000001,0.9500000000000001,0.0,0.9238107318331845,0.9221773023067916,0.0016334295263928933,0.9561624146604384,0.9561624146604384,0.0,0.997076153755188,0.9919242858886719,0.005151867866516113,0.9171814918518066,0.3139684200286865,0.6032130718231201,0.9122200086712837,0.3099199621938169,0.6023000464774668
15344,cs,bug,issue,feature,diagnostic,0.6580370064762461,0.6580370064762461,0.0,0.8888888888888888,0.8888888888888888,0.0,0.8812186206225799,0.8740733119353722,0.007145308687207752,0.8950617283950617,0.8950617283950617,0.0,0.9916819930076599,0.9883885383605957,0.003293454647064209,0.9799622297286987,0.002871772041544318,0.9770904576871544,0.9779650156851858,-0.9721624052617699,1.9501274209469557
16048,cs,methods,functions,attributes,close_entity,0.8931539818068699,0.8931539818068699,0.0,0.9,0.9,0.0,0.8610715887215236,0.8576330282617431,0.0034385604597804154,0.9086363636363638,0.9086363636363638,0.0,0.9895797371864319,0.98621666431427,0.0033630728721618652,0.9025183320045471,0.033728256821632385,0.8687900751829147,0.8895245539024472,-0.0063868314027786255,0.8959113853052258
16117,cs,test,check,config,infrastructure,0.7348889200874659,0.7348889200874659,0.0,0.9166666666666666,0.9166666666666666,0.0,0.9012364553153411,0.8961413624735673,0.005095092841773785,0.9139118457300276,0.9139118457300276,0.0,0.989472508430481,0.9823397397994995,0.007132768630981445,0.8666728734970093,0.7412332892417908,0.1254395842552185,0.8604410900734365,0.6893958151340485,0.17104527493938804
16542,cs,functions,methods,variables,close_entity,0.8492326635760686,0.8492326635760686,0.0,0.9444444444444444,0.9444444444444444,0.0,0.8674452219325696,0.8606247928796594,0.0068204290529101375,0.9467186484730344,0.9467186484730344,0.0,0.9941621422767639,0.9897941946983337,0.004367947578430176,0.9884309768676758,0.021867558360099792,0.966563418507576,0.9860436071176082,0.014530457090586424,0.9715131500270218
17126,cs,methods,functions,attributes,close_entity,0.7506238537503396,0.7506238537503396,0.0,0.875,0.875,0.0,0.8410128671291747,0.837516021356855,0.003496845772319679,0.8819444444444444,0.8819444444444444,0.0,0.9943267107009888,0.9881048202514648,0.006221890449523926,0.929434597492218,0.0010149660520255566,0.9284196314401925,0.9173988178372383,-0.9647741732187569,1.8821729910559952
17126,cs,tests,checks,configs,infrastructure,0.7506238537503396,0.7506238537503396,0.0,0.875,0.875,0.0,0.8723758543613935,0.8654267642198401,0.006949090141553427,0.8819444444444444,0.8819444444444444,0.0,0.9782575964927673,0.9605264663696289,0.017731130123138428,0.9949350953102112,0.06345716863870621,0.931477926671505,0.9938201708719134,-0.8576486930251122,1.8514688638970256
17161,cs,class,type,module,close_entity,0.9427781070492712,0.9427781070492712,0.0,0.9629629629629629,0.9629629629629629,0.0,0.9600842984190827,0.9588888604906236,0.0011954379284591088,0.9782179280730006,0.9782179280730006,0.0,0.995739221572876,0.9972405433654785,-0.001501321792602539,0.682539701461792,0.8523004651069641,-0.16976076364517212,0.45189401507377625,0.8255696333944798,-0.3736756183207035
18514,cs,error,exception,warning,diagnostic,0.855526185871245,0.855526185871245,0.0,0.9285714285714286,0.9285714285714286,0.0,0.8881785602542732,0.8780758523435028,0.010102707910770392,0.9268808114961962,0.9268808114961962,0.0,0.9863969087600708,0.9899498224258423,-0.0035529136657714844,0.997887909412384,0.9934489130973816,0.004438996315002441,0.9975278313213494,0.992713546322193,0.004814284999156371
18609,cs,tests,checks,configs,infrastructure,0.7611606003349888,0.7611606003349888,0.0,0.9,0.9,0.0,0.8981554809118076,0.8929156757439596,0.005239805167848055,0.920940170940171,0.920940170940171,0.0,0.9938256740570068,0.9832127690315247,0.010612905025482178,0.9659141302108765,0.42389965057373047,0.542014479637146,0.9520099610090256,0.24664606153964996,0.7053638994693756
19369,cs,method,function,attribute,close_entity,0.8931539818068699,0.8931539818068699,0.0,0.9090909090909091,0.9090909090909091,0.0,0.8803638728440449,0.8769163737671817,0.0034474990768632585,0.9086363636363638,0.9086363636363638,0.0,0.9938086271286011,0.9876973032951355,0.006111323833465576,0.9262123703956604,0.0729423388838768,0.8532700315117836,0.9219057285226882,-0.2633458450436592,1.1852515735663474
19565,cs,methods,functions,attributes,close_entity,0.4659538415189962,0.4659538415189962,0.0,0.8333333333333334,0.8333333333333334,0.0,0.7397066467923336,0.7352791675861577,0.004427479206175811,0.8220833333333335,0.8220833333333335,0.0,0.9831545948982239,0.972578227519989,0.010576367378234863,0.04895009845495224,0.015966886654496193,0.03298321180045605,-0.781373955309391,-0.8200746234506369,0.03870066814124584
19565,cs,class,type,module,close_entity,0.82651681837938,0.82651681837938,0.0,0.9166666666666666,0.9166666666666666,0.0,0.8901008454949765,0.8871257748478762,0.002975070647100231,0.9139118457300276,0.9139118457300276,0.0,0.9869711995124817,0.9880640506744385,-0.0010928511619567871,0.003617958864197135,0.0022710233461111784,0.0013469355180859566,-0.5642672611866146,-0.8685794204939157,0.30431215930730104
21342,cs,methods,functions,attributes,close_entity,0.8801117367933934,0.8801117367933934,0.0,0.9,0.9,0.0,0.8881253085484433,0.8852642493264746,0.002861059221968665,0.8993827160493828,0.8993827160493828,0.0,0.9949885010719299,0.9887275099754333,0.006260991096496582,0.9532516598701477,0.020900487899780273,0.9323511719703674,0.9513886403292418,-0.08183497190475464,1.0332236122339964
21981,cs,class,type,module,close_entity,0.9036020036098446,0.9036020036098446,0.0,0.9090909090909091,0.9090909090909091,0.0,0.9275537390814974,0.9243963111813058,0.0031574279001915784,0.9163223140495868,0.9163223140495868,0.0,0.9890270233154297,0.9930745959281921,-0.004047572612762451,0.3453705310821533,0.05917837843298912,0.2861921526491642,0.2932198531925678,-0.44590339437127113,0.739123247563839
21981,cs,errors,exceptions,warnings,diagnostic,0.7348889200874659,0.7348889200874659,0.0,0.9090909090909091,0.9090909090909091,0.0,0.8932039467866929,0.8835854632862606,0.009618483500432262,0.9139118457300276,0.9139118457300276,0.0,0.9898044466972351,0.9914416074752808,-0.0016371607780456543,0.9646506905555725,0.8411819338798523,0.12346875667572021,0.9612356498837471,0.8281455924734473,0.13309005741029978
22667,cs,methods,functions,attributes,close_entity,0.7016879391277372,0.7016879391277372,0.0,0.9090909090909091,0.9090909090909091,0.0,0.8300645693703701,0.8268187650118493,0.003245804358520843,0.9054545454545455,0.9054545454545455,0.0,0.9865178465843201,0.9759974479675293,0.010520398616790771,0.98943030834198,0.8932250738143921,0.09620523452758789,0.9857119107618928,0.848544280976057,0.13716762978583574
23725,cs,test,check,config,infrastructure,0.82651681837938,0.82651681837938,0.0,0.9090909090909091,0.9090909090909091,0.0,0.8946757075152152,0.8888259198931979,0.005849787622017266,0.9139118457300276,0.9139118457300276,0.0,0.973080575466156,0.9683344960212708,0.004746079444885254,0.9946849346160889,0.008348934352397919,0.986336000263691,0.9932101963786408,-0.9557846263051033,1.9489948226837441
25609,cs,method,function,attribute,close_entity,0.8242367502646057,0.8242367502646057,0.0,0.9285714285714286,0.9285714285714286,0.0,0.8690570699178213,0.8688942291563889,0.00016284076143235904,0.9319727891156462,0.9319727891156462,0.0,0.9953409433364868,0.9860752820968628,0.009265661239624023,0.9850199222564697,0.8099738955497742,0.17504602670669556,0.9835713938809931,0.7286375612020493,0.2549338326789439
25609,cs,parameter,argument,constant,close_entity,0.8003203203845001,0.8003203203845001,0.0,0.9285714285714286,0.9285714285714286,0.0,0.8434302969365862,0.8310656452539982,0.012364651682588046,0.9319727891156462,0.9319727891156462,0.0,0.9891582727432251,0.9822115898132324,0.006946682929992676,0.9703766107559204,0.21041448414325714,0.7599621266126633,0.9692693394608796,0.09923851490020752,0.870030824560672
25979,cs,parameter,argument,constant,close_entity,0.6580370064762461,0.6580370064762461,0.0,0.9,0.9,0.0,0.8434302969365862,0.8310656452539982,0.012364651682588046,0.8950617283950617,0.8950617283950617,0.0,0.9956570863723755,0.9866411685943604,0.009015917778015137,0.9404168128967285,0.18916375935077667,0.7512530535459518,0.9324831515550613,-0.5202369540929794,1.4527201056480408
25979,cs,error,exception,warning,diagnostic,0.6580370064762461,0.6580370064762461,0.0,0.9,0.9,0.0,0.8915797991267431,0.8818051337879679,0.009774665338775246,0.8950617283950617,0.8950617283950617,0.0,0.9930911064147949,0.9925876259803772,0.0005034804344177246,0.9574630856513977,0.5742458701133728,0.3832172155380249,0.953198276925832,0.4141943007707596,0.5390039761550725
25992,cs,import,include,export,directional,0.7506238537503396,0.7506238537503396,0.0,0.8888888888888888,0.8888888888888888,0.0,0.7932760705420295,0.8776686605633973,-0.08439259002136779,0.8819444444444444,0.8819444444444444,0.0,0.9820219278335571,0.988744854927063,-0.006722927093505859,0.8775273561477661,0.0013553780736401677,0.876171978074126,0.78829575330019,-0.980501742917113,1.768797496217303
26329,cs,tests,checks,configs,infrastructure,0.7348889200874659,0.7348889200874659,0.0,0.9090909090909091,0.9090909090909091,0.0,0.8793314680667025,0.8732259598411037,0.006105508225598744,0.9139118457300276,0.9139118457300276,0.0,0.9911889433860779,0.9787316918373108,0.01245725154876709,0.9958236217498779,0.39200347661972046,0.6038201451301575,0.995101279928349,-0.01634994149208069,1.0114512214204296
26624,cs,test,check,config,infrastructure,0.8153551038173119,0.8153551038173119,0.0,0.9090909090909091,0.9090909090909091,0.0,0.9241722168400017,0.9201812411849919,0.003990975655009832,0.9363888888888889,0.9363888888888889,0.0,0.9950448274612427,0.9942386150360107,0.0008062124252319336,0.8853716850280762,0.013328984379768372,0.8720427006483078,0.8814581446349621,-0.5554200261831284,1.4368781708180904
27306,cs,method,function,attribute,close_entity,0.8371170098777919,0.8371170098777919,0.0,0.9090909090909091,0.9090909090909091,0.0,0.9200306477839875,0.9180956703841753,0.0019349773998121877,0.9363888888888889,0.9363888888888889,0.0,0.9968835115432739,0.9924522042274475,0.004431307315826416,0.9343788027763367,0.5653712153434753,0.36900758743286133,0.92696533491835,0.5207517109811306,0.4062136239372194
27649,cs,method,function,attribute,close_entity,0.9036020036098446,0.9036020036098446,0.0,0.8888888888888888,0.8888888888888888,0.0,0.8701060533218619,0.8664091094681534,0.0036969438537084454,0.9163223140495868,0.9163223140495868,0.0,0.9936859011650085,0.9885181784629822,0.005167722702026367,0.914930522441864,0.3121359050273895,0.6027946174144745,0.9109781286679208,0.2770446874201298,0.633933441247791
27652,cs,function,method,variable,close_entity,0.9485438370694514,0.9485438370694514,0.0,0.9473684210526315,0.9473684210526315,0.0,0.928729095805502,0.9235168433594229,0.005212252446079146,0.9523214285714285,0.9523214285714285,0.0,0.9998049139976501,0.9997732639312744,3.165006637573242e-05,0.9575168490409851,0.011603948660194874,0.9459129003807902,0.9465788891538978,-0.9303592471405864,1.8769381362944841
27652,cs,method,function,attribute,close_entity,0.8806626677278208,0.8806626677278208,0.0,0.9473684210526315,0.9473684210526315,0.0,0.9163714048151893,0.9145940261916133,0.0017773786235759648,0.9507738095238095,0.9519047619047619,-0.0011309523809523991,0.996478259563446,0.9916700720787048,0.004808187484741211,0.6236528158187866,0.4977594017982483,0.12589341402053833,0.4189136326313019,0.10847961902618408,0.3104340136051178
27652,cs,parameters,arguments,constants,close_entity,0.865603055254171,0.865603055254171,0.0,0.9473684210526315,0.9473684210526315,0.0,0.9003938951403058,0.8924115989336763,0.007982296206629491,0.9519047619047619,0.9519047619047619,0.0,0.9950494766235352,0.9940159320831299,0.0010335445404052734,0.7039616703987122,0.006960548460483551,0.6970011219382286,0.5846727639436722,-0.7022307738661766,1.2869035378098488
27652,cs,arguments,parameters,keywords,close_entity,0.865603055254171,0.865603055254171,0.0,0.9473684210526315,0.9473684210526315,0.0,0.9066279577018218,0.9021894956877204,0.004438462014101363,0.9485714285714285,0.9519047619047619,-0.0033333333333334103,0.9937399625778198,0.99180006980896,0.0019398927688598633,0.2173328995704651,0.00047134110354818404,0.2168615584669169,-0.23412927985191345,-0.35937298586941324,0.1252437060174998
27709,cs,class,type,module,close_entity,0.6580370064762461,0.6580370064762461,0.0,0.8888888888888888,0.8888888888888888,0.0,0.8070241620843277,0.8027362409709506,0.004287921113377058,0.8950617283950617,0.8950617283950617,0.0,0.9916802048683167,0.988145649433136,0.003534555435180664,0.3809519112110138,0.20011307299137115,0.18083883821964264,-0.1043860912322998,-0.5165542215108871,0.41216813027858734
28141,cs,log,trace,output,infrastructure,0.6580370064762461,0.6580370064762461,0.0,0.8333333333333334,0.8333333333333334,0.0,0.7757224201918437,0.7756449294460342,7.749074580942761e-05,0.8950617283950617,0.8950617283950617,0.0,0.9772205352783203,0.9828789234161377,-0.005658388137817383,0.09258969128131866,0.4240896701812744,-0.33149997889995575,-0.5584713667631149,-0.015087485313415527,-0.5433838814496994
28473,cs,tests,checks,configs,infrastructure,0.7691605673134587,0.7691605673134587,0.0,0.875,0.875,0.0,0.8519602509638152,0.8446522700991944,0.007307980864620811,0.9139118457300276,0.9139118457300276,0.0,0.9929799437522888,0.9797455072402954,0.013234436511993408,0.9671187400817871,0.01636188104748726,0.9507568590342999,0.9596132137812674,-0.8413857333362103,1.8009989471174777
28505,cs,parameter,argument,constant,close_entity,0.6606328636027612,0.6606328636027612,0.0,0.8888888888888888,0.8888888888888888,0.0,0.8001747362557146,0.7845679231982154,0.015606813057499114,0.8819444444444444,0.8819444444444444,0.0,0.9874405860900879,0.9784634709358215,0.008977115154266357,0.7783024311065674,0.8329225778579712,-0.05462014675140381,0.7569841183722019,0.8061693497002125,-0.04918523132801056
28505,cs,arguments,parameters,keywords,close_entity,0.6606328636027612,0.6606328636027612,0.0,0.8888888888888888,0.8888888888888888,0.0,0.8133580854037976,0.8040827475111496,0.009275337892648006,0.8819444444444444,0.8819444444444444,0.0,0.98734450340271,0.9855756759643555,0.0017688274383544922,0.5928965210914612,0.12888413667678833,0.46401238441467285,0.5423428677022457,0.025580570101737976,0.5167622976005077
28513,cs,test,check,config,infrastructure,0.6606328636027612,0.6606328636027612,0.0,0.8888888888888888,0.8888888888888888,0.0,0.8084947842447385,0.7994132344582582,0.009081549786480347,0.8819444444444444,0.8819444444444444,0.0,0.976395308971405,0.9736647605895996,0.00273054838180542,0.9972479939460754,0.7083226442337036,0.2889253497123718,0.9969922942691483,0.5143659263849258,0.4826263678842224
28520,cs,import,include,export,directional,0.7071067811865478,0.7071067811865478,0.0,0.875,0.875,0.0,0.8512080018259115,0.9058585844143391,-0.05465058258842759,0.8950617283950617,0.8950617283950617,0.0,0.9866417050361633,0.9907824993133545,-0.004140794277191162,0.009470575489103794,0.0008844868279993534,0.00858608866110444,-0.9589078491553664,-0.9878415926359594,0.028933743480592966
28797,cs,tests,checks,configs,infrastructure,0.7016879391277372,0.7016879391277372,0.0,0.9,0.9,0.0,0.9012364553153411,0.8961413624735673,0.005095092841773785,0.9054545454545455,0.9054545454545455,0.0,0.9851195812225342,0.9818458557128906,0.0032737255096435547,0.9758977293968201,0.054964497685432434,0.9209332317113876,0.9683956922963262,-0.38639046251773834,1.3547861548140645
28817,cs,test,check,config,infrastructure,0.8070557274927979,0.8070557274927979,0.0,0.8888888888888888,0.8888888888888888,0.0,0.8380755964630437,0.8295289694232615,0.008546627039782262,0.9054545454545455,0.9054545454545455,0.0,0.9774717092514038,0.9730399250984192,0.004431784152984619,0.9970692992210388,0.734985888004303,0.26208341121673584,0.9967117460328154,0.550868421792984,0.4458433242398314
29189,cs,log,trace,output,infrastructure,0.8787419089273847,0.8787419089273847,0.0,0.9375,0.9375,0.0,0.9324752049263464,0.9303585013531953,0.0021167035731510797,0.9561624146604384,0.9561624146604384,0.0,0.994125247001648,0.9926165342330933,0.0015087127685546875,0.03687969967722893,0.02289152890443802,0.013988170772790909,-0.7489324994385242,-0.805809311568737,0.056876812130212784
29730,cs,test,check,config,infrastructure,0.5969491792019644,0.5969491792019644,0.0,0.8571428571428571,0.8571428571428571,0.0,0.8371821227797756,0.8292524859643079,0.007929636815467656,0.8819444444444444,0.8819444444444444,0.0,0.9771221280097961,0.9767903685569763,0.0003317594528198242,0.9676986336708069,0.1919759064912796,0.7757227271795273,0.9605786171741784,0.13258348777890205,0.8279951293952763
30017,cs,method,function,attribute,close_entity,0.7506238537503396,0.7506238537503396,0.0,0.8888888888888888,0.8888888888888888,0.0,0.7979645278425331,0.7980040940502582,-3.956620772505026e-05,0.8819444444444444,0.8819444444444444,0.0,0.9926543831825256,0.9880002737045288,0.004654109477996826,0.8633955717086792,0.01748097501695156,0.8459145966917276,0.8203491605818272,-0.704759294167161,1.5251084547489882
30271,cs,test,check,config,infrastructure,0.6606328636027612,0.6606328636027612,0.0,0.8571428571428571,0.8571428571428571,0.0,0.8613937176316244,0.8544926591715393,0.006901058460085152,0.8819444444444444,0.8819444444444444,0.0,0.9736316800117493,0.9699152708053589,0.003716409206390381,0.9833866953849792,0.09234389662742615,0.8910427987575531,0.9827632266678847,-0.7552131712436676,1.7379763979115523
30289,cs,methods,functions,attributes,close_entity,0.6606328636027612,0.6606328636027612,0.0,0.8888888888888888,0.8888888888888888,0.0,0.8266217832755516,0.82332509475402,0.0032966885215315322,0.8819444444444444,0.8819444444444444,0.0,0.9932180047035217,0.9842296242713928,0.008988380432128906,0.9842082858085632,0.033150408416986465,0.9510578773915768,0.9818706498481333,-0.4127693735063076,1.394640023354441
32099,cs,argument,parameter,keyword,close_entity,0.7825422900366438,0.7825422900366438,0.0,0.9090909090909091,0.9090909090909091,0.0,0.843934570238084,0.8362907614385182,0.007643808799565832,0.9268808114961962,0.9268808114961962,0.0,0.9976444840431213,0.9900673031806946,0.007577180862426758,0.8309817910194397,0.010721283033490181,0.8202605079859495,0.8204670939594507,-0.04983915574848652,0.8703062497079372
33066,cs,method,function,attribute,close_entity,0.7071067811865478,0.7071067811865478,0.0,0.8888888888888888,0.8888888888888888,0.0,0.7979645278425331,0.7980040940502582,-3.956620772505026e-05,0.8950617283950617,0.8950617283950617,0.0,0.9926090240478516,0.985805332660675,0.006803691387176514,0.9811546206474304,0.7879003286361694,0.193254292011261,0.9757898435927927,0.6465933918952942,0.32919645169749856
33371,cs,test,check,config,infrastructure,0.7071067811865478,0.7071067811865478,0.0,0.8571428571428571,0.8571428571428571,0.0,0.8924540269285921,0.8868039311816857,0.005650095746906447,0.8950617283950617,0.8950617283950617,0.0,0.9917453527450562,0.9898361563682556,0.0019091963768005371,0.9962722063064575,0.06092333793640137,0.9353488683700562,0.9959111734060571,-0.8244959712028503,1.8204071446089074
33559,cs,test,check,config,infrastructure,0.5969491792019644,0.5969491792019644,0.0,0.875,0.875,0.0,0.8485234000555535,0.8410691241146132,0.00745427594094028,0.8819444444444444,0.8819444444444444,0.0,0.9689015746116638,0.9561821222305298,0.012719452381134033,0.9948959946632385,0.07973773777484894,0.9151582568883896,0.9946284588077106,-0.6519391983747482,1.6465676571824588
34124,cs,tests,checks,configs,infrastructure,0.7016879391277372,0.7016879391277372,0.0,0.875,0.875,0.0,0.8519602509638152,0.8446522700991944,0.007307980864620811,0.9054545454545455,0.9054545454545455,0.0,0.9878543019294739,0.9811027646064758,0.006751537322998047,0.9701141119003296,0.0027877911925315857,0.967326320707798,0.9668977709952742,-0.8982399478554726,1.8651377188507468
34356,cs,tests,checks,configs,infrastructure,0.82651681837938,0.82651681837938,0.0,0.8571428571428571,0.8571428571428571,0.0,0.8766735195182277,0.8683443617850009,0.008329157733226844,0.9139118457300276,0.9139118457300276,0.0,0.988746166229248,0.9827938079833984,0.005952358245849609,0.9449082016944885,0.013455121777951717,0.9314530799165368,0.9286539871245623,-0.826781720854342,1.7554357079789042
35769,cs,import,include,export,directional,0.9391044157537529,0.9391044157537529,0.0,0.9375,0.9375,0.0,0.9278285613536379,0.9760378771671638,-0.048209315813525944,0.9443483275663207,0.9443483275663207,0.0,0.9995801448822021,0.9993420839309692,0.00023806095123291016,0.9383674263954163,0.013220426626503468,0.9251469997689128,0.9087736569344997,-0.94710314553231,1.8558768024668097
36324,cs,methods,functions,attributes,close_entity,0.8787419089273847,0.8787419089273847,0.0,0.9545454545454546,0.9545454545454546,0.0,0.9244824964354208,0.9228622013099184,0.0016202951255024356,0.9561624146604384,0.9561624146604384,0.0,0.9967362284660339,0.9924437999725342,0.004292428493499756,0.9625455141067505,0.3215509057044983,0.6409946084022522,0.9615693941013888,0.10304878652095795,0.8585206075804308
36324,cs,test,check,config,infrastructure,0.8787419089273847,0.8787419089273847,0.0,0.9545454545454546,0.9545454545454546,0.0,0.9422683083784498,0.9391820198956805,0.0030862884827692616,0.9561624146604384,0.9561624146604384,0.0,0.9929786920547485,0.9792882204055786,0.013690471649169922,0.9590732455253601,0.021568315103650093,0.93750493042171,0.9574946687789634,0.020653863612096757,0.9368408051668666
36569,cs,tests,checks,configs,infrastructure,0.7348889200874659,0.7348889200874659,0.0,0.9090909090909091,0.9090909090909091,0.0,0.8642763170997741,0.8575011756703432,0.00677514142943092,0.9139118457300276,0.9139118457300276,0.0,0.9872215986251831,0.9791310429573059,0.008090555667877197,0.9941855072975159,0.07144106924533844,0.9227444380521774,0.9934132064809091,-0.5084398239850998,1.501853030466009
36795,cs,test,check,config,infrastructure,0.5969491792019644,0.5969491792019644,0.0,0.875,0.875,0.0,0.824001841624828,0.8155339950388687,0.008467846585959338,0.8819444444444444,0.8819444444444444,0.0,0.988072395324707,0.978496789932251,0.009575605392456055,0.9868764877319336,0.24603129923343658,0.740845188498497,0.9817101964727044,-0.26551155745983124,1.2472217539325356
36921,cs,method,function,attribute,close_entity,0.7016879391277372,0.7016879391277372,0.0,0.9,0.9,0.0,0.8649252466729277,0.8622279063417787,0.0026973403311489896,0.9054545454545455,0.9054545454545455,0.0,0.9945099949836731,0.9911845922470093,0.0033254027366638184,0.934428870677948,0.83096843957901,0.10346043109893799,0.9069780763238668,0.8010124731808901,0.10596560314297676
39013,cs,parameter,argument,constant,close_entity,0.6606328636027612,0.6606328636027612,0.0,0.875,0.875,0.0,0.7570008001582147,0.7382297321966376,0.018771067961577126,0.8819444444444444,0.8819444444444444,0.0,0.9898117780685425,0.9691213965415955,0.02069038152694702,0.9715092182159424,0.004698579665273428,0.966810638550669,0.9669820917770267,-0.978024656418711,1.9450067481957376
39450,cs,test,check,config,infrastructure,0.7611606003349888,0.7611606003349888,0.0,0.875,0.875,0.0,0.8613937176316244,0.8544926591715393,0.006901058460085152,0.920940170940171,0.920940170940171,0.0,0.9850955605506897,0.9729584455490112,0.012137115001678467,0.969804584980011,0.015159690752625465,0.9546448942273855,0.9688772284425795,-0.9154924508184195,1.884369679260999
2387,cs,argument,parameter,keyword,close_entity,0.9121679090703875,0.9121679090703875,0.0,0.9090909090909091,0.9090909090909091,0.0,0.9065967319493744,0.9006455145839516,0.005951217365422812,0.9228098290598291,0.9228098290598291,0.0,0.9935600161552429,0.9876242280006409,0.005935788154602051,0.6854424476623535,0.0028939074836671352,0.6825485401786864,0.6823901513125747,-0.001717323437333107,0.6841074747499079
2387,cs,arguments,parameters,keywords,close_entity,0.7611606003349888,0.7611606003349888,0.0,0.9090909090909091,0.9090909090909091,0.0,0.8730453863033888,0.8669130356950506,0.006132350608338166,0.920940170940171,0.920940170940171,0.0,0.9929503798484802,0.9884162545204163,0.004534125328063965,0.5883668065071106,0.018678395077586174,0.5696884114295244,0.4314582794904709,-0.8753600437194109,1.3068183232098818
2730,cs,import,include,export,directional,0.8931539818068699,0.8931539818068699,0.0,0.9090909090909091,0.9090909090909091,0.0,0.8930923009169546,0.9094817728201366,-0.016389471903182073,0.9086363636363638,0.9086363636363638,0.0,0.9781429171562195,0.9923012256622314,-0.014158308506011963,0.47826504707336426,0.006331798620522022,0.47193324845284224,0.3073809742927551,-0.8717162637040019,1.179097237996757
3186,cs,error,exception,warning,diagnostic,0.4889230224349009,0.4889230224349009,0.0,0.8333333333333334,0.8333333333333334,0.0,0.82062703653445,0.8037346129583274,0.01689242357612264,0.8412698412698414,0.8412698412698414,0.0,0.9761486053466797,0.9769853353500366,-0.0008367300033569336,0.9854871034622192,0.9305184483528137,0.05496865510940552,0.9835956756724045,0.9239525068551302,0.05964316881727427
3908,cs,method,function,attribute,close_entity,0.4659538415189962,0.4659538415189962,0.0,0.8181818181818182,0.8181818181818182,0.0,0.6984472181011376,0.6936190378885779,0.004828180212559707,0.8220833333333335,0.8220833333333335,0.0,0.9726960062980652,0.9611585140228271,0.011537492275238037,0.014680051244795322,0.006928187794983387,0.007751863449811935,-0.9226738577708602,-0.9602353749796748,0.03756151720881462
5894,cs,error,exception,warning,diagnostic,0.8153551038173119,0.8153551038173119,0.0,0.9375,0.9375,0.0,0.9127965168873373,0.9050385321551757,0.007757984732161605,0.9363888888888889,0.9363888888888889,0.0,0.9899708032608032,0.9932125210762024,-0.00324171781539917,0.9946532249450684,0.9610961675643921,0.03355705738067627,0.9943391174892895,0.9606989685562439,0.033640148933045566
6268,cs,test,check,config,infrastructure,0.5946035575013604,0.5946035575013604,0.0,0.8571428571428571,0.8571428571428571,0.0,0.7965400491249945,0.7869997368301973,0.009540312294797237,0.864795918367347,0.864795918367347,0.0,0.9660072922706604,0.9771835803985596,-0.01117628812789917,0.9902104139328003,0.035340409725904465,0.9548700042068958,0.9895852865302004,-0.8234088607132435,1.8129941472434439
7130,cs,test,check,config,infrastructure,0.8666415730847506,0.8666415730847506,0.0,0.9166666666666666,0.9166666666666666,0.0,0.924533332981536,0.9192102784272893,0.005323054554246642,0.9319727891156462,0.9319727891156462,0.0,0.9849891662597656,0.9837430715560913,0.0012460947036743164,0.11656702309846878,0.04389173537492752,0.07267528772354126,-0.7231702730059624,-0.8427008911967278,0.11953061819076538
8191,cs,log,trace,output,infrastructure,0.7506238537503396,0.7506238537503396,0.0,0.8888888888888888,0.8888888888888888,0.0,0.8770020750717233,0.869551379615062,0.007450695456661327,0.8819444444444444,0.8819444444444444,0.0,0.9770473837852478,0.9805389046669006,-0.003491520881652832,0.24312667548656464,0.46789833903312683,-0.2247716635465622,-0.44912751019001007,0.07245638966560364,-0.5215838998556137
9653,cs,comment,note,command,infrastructure,0.8633400213704508,0.8633400213704508,0.0,0.8571428571428571,0.8571428571428571,0.0,0.9068808619421546,0.954528216161446,-0.04764735421929145,0.8880208333333333,0.8880208333333333,0.0,0.9846169948577881,0.9830945730209351,0.0015224218368530273,0.8933610320091248,0.312142550945282,0.5812184810638428,0.8802308402955532,0.20957355946302414,0.6706572808325291
10877,cs,method,function,attribute,close_entity,0.7419446627365011,0.7419446627365011,0.0,0.9090909090909091,0.9090909090909091,0.0,0.8266217832755516,0.82332509475402,0.0032966885215315322,0.9054545454545455,0.9054545454545455,0.0,0.9818507432937622,0.9690763354301453,0.012774407863616943,0.9901686906814575,0.8364359736442566,0.15373271703720093,0.987240853253752,0.822371693328023,0.16486915992572904
13245,cs,method,function,attribute,close_entity,0.791066507175436,0.791066507175436,0.0,0.9230769230769231,0.9230769230769231,0.0,0.8736175563711512,0.8710144676648774,0.002603088706273793,0.920940170940171,0.920940170940171,0.0,0.9909778237342834,0.9807109832763672,0.01026684045791626,0.9697318077087402,0.5769066214561462,0.392825186252594,0.9556314945220947,0.40920157730579376,0.546429917216301
13245,cs,class,type,module,close_entity,0.9121679090703875,0.9121679090703875,0.0,0.9230769230769231,0.9230769230769231,0.0,0.9275537390814974,0.9243963111813058,0.0031574279001915784,0.9228098290598291,0.9228098290598291,0.0,0.9776650667190552,0.9871870875358582,-0.009522020816802979,0.19581684470176697,0.10175998508930206,0.0940568596124649,0.007107377052307129,-0.2787865847349167,0.2858939617872238
15857,cs,error,exception,warning,diagnostic,0.7506238537503396,0.7506238537503396,0.0,0.875,0.875,0.0,0.8441704001318834,0.8297040040289939,0.014466396102889467,0.8819444444444444,0.8819444444444444,0.0,0.9915060997009277,0.989855170249939,0.0016509294509887695,0.9873587489128113,0.839522659778595,0.1478360891342163,0.9869586615241133,0.8326799157075584,0.15427874581655487
17934,cs,tests,checks,configs,infrastructure,0.7611606003349888,0.7611606003349888,0.0,0.8888888888888888,0.8888888888888888,0.0,0.8746987951332302,0.8683850838700748,0.006313711263155386,0.920940170940171,0.920940170940171,0.0,0.9904801249504089,0.9811177849769592,0.009362339973449707,0.9675430655479431,0.25312095880508423,0.7144221067428589,0.9585756827145815,-0.15889722108840942,1.117472903802991
20966,cs,method,function,attribute,close_entity,0.6434588841607617,0.6434588841607617,0.0,0.8333333333333334,0.8333333333333334,0.0,0.8782475958440711,0.8751705246918621,0.00307707115220901,0.8412698412698414,0.8412698412698414,0.0,0.9947702288627625,0.9860752820968628,0.008694946765899658,0.7491220235824585,0.13597574830055237,0.6131462752819061,0.6503048688173294,0.018300622701644897,0.6320042461156845
21262,cs,parameters,arguments,constants,close_entity,0.5000000000000001,0.5000000000000001,0.0,0.875,0.875,0.0,0.7626987301867174,0.7443412202019722,0.01835750998474517,0.864795918367347,0.864795918367347,0.0,0.9837902784347534,0.9879698753356934,-0.004179596900939941,0.7934179306030273,0.5881928205490112,0.2052251100540161,0.6572245955467224,0.2865091860294342,0.3707154095172882
22070,cs,errors,exceptions,warnings,diagnostic,0.3799178428257963,0.3799178428257963,0.0,0.8333333333333334,0.8333333333333334,0.0,0.7680191634123084,0.7454719580767375,0.022547205335570863,0.8066666666666668,0.8066666666666668,0.0,0.9520942568778992,0.948280930519104,0.003813326358795166,0.9787502288818359,0.23122133314609528,0.7475288957357407,0.9750367379747331,0.19163994118571281,0.7833967967890203
25618,cs,errors,exceptions,warnings,diagnostic,0.8408964152537145,0.8408964152537145,0.0,0.875,0.875,0.0,0.8731216720943525,0.8579213847906323,0.01520028730372025,0.8737244897959183,0.8737244897959183,0.0,0.9840384721755981,0.9735031127929688,0.010535359382629395,0.9658468961715698,0.34440648555755615,0.6214404106140137,0.9566688407212496,0.18639998137950897,0.7702688593417406
35327,cs,class,type,module,close_entity,0.8282477531331043,0.8282477531331043,0.0,0.9090909090909091,0.9090909090909091,0.0,0.875964296427729,0.8783599918723004,-0.0023956954445714107,0.9402573529411764,0.9402573529411764,0.0,0.9935591816902161,0.9929064512252808,0.0006527304649353027,0.17746393382549286,0.11060509085655212,0.06685884296894073,-0.5904548317193985,-0.7129108011722565,0.12245596945285797
35391,cs,test,check,config,infrastructure,0.7016879391277372,0.7016879391277372,0.0,0.8888888888888888,0.8888888888888888,0.0,0.9041363960388128,0.8991782906832555,0.004958105355557296,0.9054545454545455,0.9054545454545455,0.0,0.9770482182502747,0.9776957035064697,-0.0006474852561950684,0.9181029796600342,0.04370807856321335,0.8743949010968208,0.8978776019066572,-0.7910965755581856,1.6889741774648428
36866,cs,error,exception,warning,diagnostic,0.8003203203845001,0.8003203203845001,0.0,0.9285714285714286,0.9285714285714286,0.0,0.8992412160608022,0.890200664487632,0.009040551573170186,0.9319727891156462,0.9319727891156462,0.0,0.9929856657981873,0.9930662512779236,-8.058547973632812e-05,0.9866037368774414,0.47156795859336853,0.5150357782840729,0.9858065863372758,0.4368855655193329,0.5489210208179429
41252,cs,tests,checks,configs,infrastructure,0.7598356856515927,0.7598356856515927,0.0,0.8333333333333334,0.8333333333333334,0.0,0.8734613139815797,0.8649405136320512,0.008520800349528512,0.8300000000000002,0.8300000000000002,0.0,0.9879381656646729,0.9744299650192261,0.013508200645446777,0.9526892304420471,0.07703592628240585,0.8756533041596413,0.9499743019696325,-0.03669574111700058,0.9866700430866331
43406,cs,method,function,attribute,close_entity,0.8394327083733333,0.8394327083733333,0.0,0.9285714285714286,0.9285714285714286,0.0,0.9008859466892783,0.8988177810158698,0.0020681656734085063,0.943675509419454,0.943675509419454,0.0,0.9957743883132935,0.9928086996078491,0.002965688705444336,0.9703525900840759,0.8142224550247192,0.1561301350593567,0.9655863782390952,0.7943547237664461,0.1712316544726491
13,cs,method,function,attribute,close_entity,0.7071067811865478,0.7071067811865478,0.0,0.875,0.875,0.0,0.8017182829243236,0.7942671703945184,0.007451112529805126,0.864795918367347,0.864795918367347,0.0,0.9848271012306213,0.9737203121185303,0.011106789112091064,0.9768003225326538,0.6691592931747437,0.30764102935791016,0.9719141386449337,0.5393566936254501,0.43255744501948357
1130,cs,method,function,attribute,close_entity,0.6434588841607617,0.6434588841607617,0.0,0.8333333333333334,0.8333333333333334,0.0,0.8117179839020682,0.8073405685511519,0.004377415350916292,0.8412698412698414,0.8412698412698414,0.0,0.9926565885543823,0.9861716032028198,0.0064849853515625,0.8665230870246887,0.0019258790416643023,0.8645972079830244,0.7821306884288788,-0.9739360875682905,1.7560667759971693
3910,cs,function,method,variable,close_entity,0.5969491792019644,0.5969491792019644,0.0,0.875,0.875,0.0,0.7655231117079133,0.7584134057262247,0.0071097059816885855,0.8819444444444444,0.8819444444444444,0.0,0.9926315546035767,0.9804450869560242,0.01218646764755249,0.8503700494766235,0.11578871309757233,0.7345813363790512,0.7604349181056023,-0.6096224039793015,1.3700573220849037
3910,cs,argument,parameter,keyword,close_entity,0.5969491792019644,0.5969491792019644,0.0,0.875,0.875,0.0,0.773386598915435,0.7619090427520284,0.011477556163406621,0.8819444444444444,0.8819444444444444,0.0,0.9920329451560974,0.9652745127677917,0.026758432388305664,0.9950594902038574,0.3507691025733948,0.6442903876304626,0.9945430270163342,-0.02784353494644165,1.0223865619627759
6221,cs,class,type,module,close_entity,0.3799178428257963,0.3799178428257963,0.0,0.8333333333333334,0.8333333333333334,0.0,0.7465846886115756,0.7417293711090095,0.00485531750256607,0.8066666666666668,0.8066666666666668,0.0,0.9811064004898071,0.975179135799408,0.00592726469039917,0.11830535531044006,0.0943368449807167,0.023968510329723358,-0.655888706445694,-0.7598495110869408,0.1039608046412468
6963,cs,class,type,module,close_entity,0.8282477531331043,0.8282477531331043,0.0,0.9090909090909091,0.9090909090909091,0.0,0.875964296427729,0.8783599918723004,-0.0023956954445714107,0.9402573529411764,0.9402573529411764,0.0,0.9935591816902161,0.9929064512252808,0.0006527304649353027,0.17746393382549286,0.11060509085655212,0.06685884296894073,-0.5904548317193985,-0.7129108011722565,0.12245596945285797
7245,cs,parameter,argument,constant,close_entity,0.4111336169005198,0.4111336169005198,0.0,0.8333333333333334,0.8333333333333334,0.0,0.7160877530042662,0.6943828056076957,0.021704947396570473,0.8412698412698414,0.8412698412698414,0.0,0.9895713329315186,0.9775716662406921,0.011999666690826416,0.9922162294387817,0.7653330564498901,0.2268831729888916,0.9898379212245345,0.6037728637456894,0.3860650574788451
8923,cs,method,function,attribute,close_entity,0.5946035575013604,0.5946035575013604,0.0,0.875,0.875,0.0,0.836555265306882,0.8334069971123033,0.003148268194578696,0.864795918367347,0.864795918367347,0.0,0.9955246448516846,0.9871547222137451,0.008369922637939453,0.8121495246887207,0.35549262166023254,0.45665690302848816,0.7330594062805176,0.2979208379983902,0.4351385682821274
10147,cs,method,function,attribute,close_entity,0.8070557274927979,0.8070557274927979,0.0,0.9,0.9,0.0,0.8949431753530491,0.8922346739423022,0.0027085014107469663,0.9054545454545455,0.9054545454545455,0.0,0.9948143362998962,0.9830996990203857,0.011714637279510498,0.984339714050293,0.15239645540714264,0.8319432586431503,0.9830078243976459,-0.06817945837974548,1.0511872827773914
11590,cs,method,function,attribute,close_entity,0.7419446627365011,0.7419446627365011,0.0,0.9,0.9,0.0,0.8192995573653217,0.8158966077436182,0.0034029496217035105,0.9054545454545455,0.9054545454545455,0.0,0.9919931292533875,0.9877699017524719,0.004223227500915527,0.00938546471297741,0.0013533515157178044,0.008032113197259605,-0.9217013735324144,-0.9331349449930713,0.011433571460656822
11590,cs,methods,functions,attributes,close_entity,0.7016879391277372,0.7016879391277372,0.0,0.9,0.9,0.0,0.8192995573653217,0.8158966077436182,0.0034029496217035105,0.9054545454545455,0.9054545454545455,0.0,0.9894533157348633,0.9815590381622314,0.007894277572631836,0.028179941698908806,0.0016611358150839806,0.026518805883824825,-0.8224529642611742,-0.9086499670520425,0.08619700279086828
12109,cs,test,check,config,infrastructure,0.7071067811865478,0.7071067811865478,0.0,0.875,0.875,0.0,0.8329883941693901,0.8244722243198292,0.008516169849560828,0.864795918367347,0.864795918367347,0.0,0.9829645156860352,0.9764912128448486,0.0064733028411865234,0.9026947021484375,0.016208576038479805,0.8864861261099577,0.898265277966857,-0.6973726283758879,1.5956379063427448
12109,cs,import,include,export,directional,0.5946035575013604,0.5946035575013604,0.0,0.875,0.875,0.0,0.7932760705420295,0.8776686605633973,-0.08439259002136779,0.864795918367347,0.864795918367347,0.0,0.9376791715621948,0.9896308779716492,-0.051951706409454346,0.7951591610908508,0.001766442321240902,0.7933927187696099,0.6512522101402283,-0.9782951483502984,1.6295473584905267
13377,cs,error,exception,warning,diagnostic,0.537284965911771,0.537284965911771,0.0,0.8333333333333334,0.8333333333333334,0.0,0.7809368117238579,0.7704238998815007,0.010512911842357142,0.8066666666666668,0.8066666666666668,0.0,0.9668934345245361,0.9630676507949829,0.0038257837295532227,0.9837735891342163,0.9329502582550049,0.050823330879211426,0.9820858592865989,0.9289465439505875,0.05313931533601135
14121,cs,test,check,config,infrastructure,0.537284965911771,0.537284965911771,0.0,0.8333333333333334,0.8333333333333334,0.0,0.8084947842447385,0.7994132344582582,0.009081549786480347,0.8066666666666668,0.8066666666666668,0.0,0.9671061038970947,0.9636121988296509,0.0034939050674438477,0.9860368371009827,0.024267787113785744,0.9617690499871969,0.9840639792382717,-0.7576527651399374,1.7417167443782091
16068,cs,method,function,attribute,close_entity,0.537284965911771,0.537284965911771,0.0,0.8333333333333334,0.8333333333333334,0.0,0.6622239107406511,0.6632226029026265,-0.0009986921619753453,0.8066666666666668,0.8066666666666668,0.0,0.9861136674880981,0.9735314249992371,0.012582242488861084,0.9747212529182434,0.5940346717834473,0.38068658113479614,0.9680975317023695,0.3537842929363251,0.6143132387660444
19632,cs,tests,checks,configs,infrastructure,0.7598356856515927,0.7598356856515927,0.0,0.8333333333333334,0.8333333333333334,0.0,0.8346860348292288,0.8239513541511854,0.010734680678043396,0.8300000000000002,0.8300000000000002,0.0,0.9799858331680298,0.9712949991226196,0.008690834045410156,0.9839839935302734,0.05777154862880707,0.9262124449014664,0.983064852131065,-0.7260183840990067,1.7090832362300716
21472,cs,method,function,attribute,close_entity,0.4889230224349009,0.4889230224349009,0.0,0.8333333333333334,0.8333333333333334,0.0,0.8907722341455995,0.8905884304349967,0.00018380371060278122,0.8412698412698414,0.8412698412698414,0.0,0.9971726536750793,0.9927908778190613,0.004381775856018066,0.9614557027816772,0.8696470260620117,0.09180867671966553,0.9531128602102399,0.8555530132725835,0.0975598469376564
22259,cs,class,type,module,close_entity,0.8633400213704508,0.8633400213704508,0.0,0.875,0.875,0.0,0.8674750173394855,0.8622545672562331,0.005220450083252448,0.8880208333333333,0.8880208333333333,0.0,0.985019326210022,0.9891481399536133,-0.004128813743591309,0.028592726215720177,0.09063239395618439,-0.06203966774046421,-0.7591501269489527,-0.5742817968130112,-0.1848683301359415
25923,cs,test,check,config,infrastructure,0.7506238537503396,0.7506238537503396,0.0,0.8571428571428571,0.8571428571428571,0.0,0.8559096991589135,0.8485830919923384,0.007326607166575072,0.8819444444444444,0.8819444444444444,0.0,0.9692756533622742,0.9629013538360596,0.0063742995262146,0.9758299589157104,0.0022664989810436964,0.9735634599346668,0.9742242291104048,-0.9782323513645679,1.9524565804749727
26567,cs,functions,methods,variables,close_entity,0.8408964152537145,0.8408964152537145,0.0,0.875,0.875,0.0,0.8065986155554686,0.7952997924849883,0.011298823070480357,0.8737244897959183,0.8737244897959183,0.0,0.9918081760406494,0.9716879725456238,0.020120203495025635,0.8366516828536987,0.08434447646141052,0.7523072063922882,0.8090539835393429,-0.6388469040393829,1.4479008875787258
27624,cs,class,type,module,close_entity,0.9253911813809742,0.9253911813809742,0.0,0.9,0.9,0.0,0.918988450508971,0.9155060032852702,0.0034824472237008353,0.9331632653061225,0.9331632653061225,0.0,0.985527753829956,0.9913357496261597,-0.005807995796203613,0.6865237951278687,0.20097394287586212,0.48554985225200653,0.6560816615819931,0.09783268719911575,0.5582489743828773
29637,cs,arguments,parameters,keywords,close_entity,0.7348889200874659,0.7348889200874659,0.0,0.9090909090909091,0.9090909090909091,0.0,0.8358686614714641,0.8277988731178367,0.008069788353627372,0.9139118457300276,0.9139118457300276,0.0,0.9930604696273804,0.9842870235443115,0.008773446083068848,0.9865447878837585,0.5571039319038391,0.42944085597991943,0.9845100305974483,0.3353441655635834,0.649165865033865
29859,cs,method,function,attribute,close_entity,0.7071067811865478,0.7071067811865478,0.0,0.875,0.875,0.0,0.7979645278425331,0.7980040940502582,-3.956620772505026e-05,0.864795918367347,0.864795918367347,0.0,0.9926207065582275,0.9828041195869446,0.009816586971282959,0.9927507638931274,0.7500943541526794,0.242656409740448,0.9914972399128601,0.6971160508692265,0.29438118904363364
29867,cs,bug,issue,feature,diagnostic,0.7071067811865478,0.7071067811865478,0.0,0.8333333333333334,0.8333333333333334,0.0,0.9197009356193767,0.9125255878190298,0.0071753478003468985,0.864795918367347,0.864795918367347,0.0,0.9905831217765808,0.9871317148208618,0.003451406955718994,0.989434540271759,0.00078085798304528,0.9886536822887138,0.988067548838444,-0.9891463146777824,1.9772138635162264
31056,cs,argument,parameter,keyword,close_entity,0.8153551038173119,0.8153551038173119,0.0,0.9090909090909091,0.9090909090909091,0.0,0.8512444314470307,0.8439839660153838,0.007260465431646823,0.9363888888888889,0.9363888888888889,0.0,0.9965062141418457,0.9894294738769531,0.007076740264892578,0.9368547797203064,0.12273215502500534,0.8141226246953011,0.9142167922109365,-0.26875362545251846,1.182970417663455
94,go,test,check,config,infrastructure,0.6434588841607617,0.6434588841607617,0.0,0.8333333333333334,0.8333333333333334,0.0,0.7496175604893281,0.7383966701746817,0.011220890314646459,0.8066666666666668,0.8066666666666668,0.0,0.9768410921096802,0.9620208740234375,0.014820218086242676,0.9943152070045471,0.21353290975093842,0.7807822972536087,0.9925205095205456,-0.4967862516641617,1.4893067611847073
115,go,test,check,config,infrastructure,0.7071067811865478,0.7071067811865478,0.0,0.8888888888888888,0.8888888888888888,0.0,0.8286265315571998,0.8203457925686786,0.008280738988521219,0.8819444444444444,0.8819444444444444,0.0,0.9890305995941162,0.9796790480613708,0.009351551532745361,0.9848916530609131,0.25463053584098816,0.7302611172199249,0.9820274577941746,0.021342769265174866,0.9606846885289997
170,go,error,exception,warning,diagnostic,0.961156929474662,0.961156929474662,0.0,0.9818181818181818,0.9818181818181818,0.0,0.9747781426319007,0.9726214505077376,0.002156692124163029,0.9803607843137254,0.9803607843137254,0.0,0.9977656006813049,0.9965095520019531,0.0012560486793518066,0.8943879008293152,0.8699713349342346,0.024416565895080566,0.8893583845347166,0.8556124540045857,0.03374593053013086
170,go,warning,alert,error,diagnostic,0.9264727591170475,0.9264727591170475,0.0,0.9636363636363636,0.9636363636363636,0.0,0.9382590830313801,0.9370862000821816,0.0011728829491984838,0.9606740655445852,0.9606740655445852,0.0,0.9969502687454224,0.9957351684570312,0.0012151002883911133,0.9531103372573853,0.9379292130470276,0.015181124210357666,0.9500915345270187,0.9220498073846102,0.02804172714240849
221,go,tests,checks,configs,infrastructure,0.9193227152249183,0.9193227152249183,0.0,0.9230769230769231,0.9230769230769231,0.0,0.929966533880372,0.9250027149246701,0.00496381895570186,0.9228098290598291,0.9228098290598291,0.0,0.994001567363739,0.9860942363739014,0.007907330989837646,0.8824249505996704,0.03469877317547798,0.8477261774241924,0.8775516073219478,0.01194269210100174,0.8656089152209461
234,go,error,exception,warning,diagnostic,0.7348889200874659,0.7348889200874659,0.0,0.9230769230769231,0.9230769230769231,0.0,0.9046321315963052,0.896104145014202,0.008527986582103186,0.9054545454545455,0.9054545454545455,0.0,0.9916889667510986,0.9926126599311829,-0.0009236931800842285,0.9143927693367004,0.07823796570301056,0.8361548036336899,0.9082651510834694,0.07677465165033937,0.83149049943313
296,go,error,exception,warning,diagnostic,0.8408964152537145,0.8408964152537145,0.0,0.875,0.875,0.0,0.839545063599298,0.8448818250304266,-0.0053367614311286005,0.8737244897959183,0.8737244897959183,0.0,0.9996630549430847,0.9995859265327454,7.712841033935547e-05,0.9955021739006042,0.9798041582107544,0.015698015689849854,0.9941114479443058,0.9756839987821877,0.018427449162118137
431,go,errors,exceptions,warnings,diagnostic,0.7598356856515927,0.7598356856515927,0.0,0.8333333333333334,0.8333333333333334,0.0,0.8181388592744728,0.7955407832534018,0.022598076021071,0.8300000000000002,0.8300000000000002,0.0,0.9857249855995178,0.9855092763900757,0.00021570920944213867,0.9621894359588623,0.33594638109207153,0.6262430548667908,0.9593414205592126,0.30003445968031883,0.6593069608788937
437,go,tests,checks,configs,infrastructure,0.8931539818068699,0.8931539818068699,0.0,0.9090909090909091,0.9090909090909091,0.0,0.9114255331724971,0.904006777850864,0.007418755321633053,0.8993827160493828,0.8993827160493828,0.0,0.9933714866638184,0.9809452891349792,0.012426197528839111,0.9822332859039307,0.08315592259168625,0.8990773633122444,0.9769866517744958,-0.4569578841328621,1.433944535907358
470,go,error,exception,warning,diagnostic,0.9095930632220219,0.9095930632220219,0.0,0.9655172413793104,0.9655172413793104,0.0,0.9470873568007666,0.9424814039911442,0.004605952809622393,0.9640897511267882,0.9640897511267882,0.0,0.9929284453392029,0.9959707260131836,-0.003042280673980713,0.9100252985954285,0.9007693529129028,0.009255945682525635,0.9005196830257773,0.8919734442606568,0.008546238765120506
513,go,function,method,variable,close_entity,0.9373341827832588,0.9373341827832588,0.0,0.9714285714285714,0.9714285714285714,0.0,0.9437730456937069,0.940668134769794,0.0031049109239128514,0.970480203100524,0.970480203100524,0.0,0.9986687898635864,0.9961921572685242,0.002476632595062256,0.9348761439323425,0.7884281873703003,0.14644795656204224,0.9283491652458906,0.7659404650330544,0.16240870021283627
513,go,error,exception,warning,diagnostic,0.929923845210929,0.929923845210929,0.0,0.9714285714285714,0.9714285714285714,0.0,0.9591956113486789,0.9556711603301367,0.003524451018542263,0.970480203100524,0.970480203100524,0.0,0.9961790442466736,0.9960997700691223,7.927417755126953e-05,0.7773807644844055,0.7127737402915955,0.06460702419281006,0.7665492752566934,0.7053759000264108,0.061173375230282545
515,go,log,trace,output,infrastructure,0.9061874434879649,0.9061874434879649,0.0,0.9642857142857143,0.9642857142857143,0.0,0.9588526456740222,0.958658731938876,0.00019391373514621169,0.9627438088976551,0.9627438088976551,0.0,0.9931597709655762,0.9948787689208984,-0.0017189979553222656,0.818993330001831,0.6649720668792725,0.1540212631225586,0.8128779395483434,0.5381855368614197,0.27469240268692374
571,go,error,exception,warning,diagnostic,0.9210589320522861,0.9210589320522861,0.0,0.9473684210526315,0.9473684210526315,0.0,0.9215929500760659,0.9183224873320099,0.0032704627440559575,0.9467186484730344,0.9467186484730344,0.0,0.9890010952949524,0.9932370781898499,-0.004235982894897461,0.9637302756309509,0.8564310669898987,0.10729920864105225,0.961257922463119,0.7939884103834629,0.16726951207965612
597,go,tests,checks,configs,infrastructure,0.537284965911771,0.537284965911771,0.0,0.8333333333333334,0.8333333333333334,0.0,0.7287449775172115,0.7168376392950448,0.011907338222166608,0.8066666666666668,0.8066666666666668,0.0,0.9681545495986938,0.9507625699043274,0.017391979694366455,0.9919193983078003,0.09331143647432327,0.898607961833477,0.9904023442650214,-0.5565271303057671,1.5469294745707884
729,go,comments,notes,commands,infrastructure,0.7611606003349888,0.7611606003349888,0.0,0.9230769230769231,0.9230769230769231,0.0,0.8678569009432561,0.9151241076883924,-0.04726720674513629,0.920940170940171,0.920940170940171,0.0,0.9882937669754028,0.9784868359565735,0.009806931018829346,0.9899178147315979,0.6189591884613037,0.3709586262702942,0.9890206715208478,0.4973567724227905,0.4916638990980573
854,go,parameters,arguments,constants,close_entity,0.9318384811154838,0.9318384811154838,0.0,0.9714285714285714,0.9714285714285714,0.0,0.9413388642202771,0.9365877818808896,0.00475108233938748,0.970480203100524,0.970480203100524,0.0,0.9985154271125793,0.9964544773101807,0.0020609498023986816,0.8769288063049316,0.014621918089687824,0.8623068882152438,0.8521022461354733,-0.014946185983717442,0.8670484321191907
857,go,logs,traces,outputs,infrastructure,0.8492326635760686,0.8492326635760686,0.0,0.9444444444444444,0.9444444444444444,0.0,0.9394116183603773,0.9391532320301725,0.0002583863302048073,0.943675509419454,0.943675509419454,0.0,0.9905534982681274,0.9930713176727295,-0.0025178194046020508,0.7128212451934814,0.313839852809906,0.39898139238357544,0.5720908343791962,-0.2542005181312561,0.8262913525104523
874,go,arguments,parameters,keywords,close_entity,0.7071067811865478,0.7071067811865478,0.0,0.9,0.9,0.0,0.8057450183714937,0.7960563505658727,0.009688667805621054,0.8950617283950617,0.8950617283950617,0.0,0.9943864345550537,0.9871320128440857,0.007254421710968018,0.9365203976631165,0.04456470534205437,0.8919556923210621,0.8960645347833633,-0.8159651942551136,1.712029729038477
896,go,log,trace,output,infrastructure,0.8091067115702206,0.8091067115702206,0.0,0.8571428571428571,0.8571428571428571,0.0,0.8776792293037043,0.8768621361154442,0.0008170931882601762,0.8551587301587302,0.8551587301587302,0.0,0.9730167984962463,0.9705981016159058,0.002418696880340576,0.8091785311698914,0.7946286797523499,0.014549851417541504,0.6991631537675858,0.7118886187672615,-0.01272546499967575
901,go,functions,methods,variables,close_entity,0.7598356856515927,0.7598356856515927,0.0,0.8333333333333334,0.8333333333333334,0.0,0.737516934636818,0.7232454943500306,0.014271440286787396,0.8300000000000002,0.8300000000000002,0.0,0.9851770401000977,0.9798287749290466,0.005348265171051025,0.8977078795433044,0.07775267213582993,0.8199552074074745,0.8701899722218513,-0.6779528632760048,1.5481428354978561
901,go,test,check,config,infrastructure,0.3799178428257963,0.3799178428257963,0.0,0.8333333333333334,0.8333333333333334,0.0,0.7899834842151191,0.7801968559414592,0.009786628273659947,0.8066666666666668,0.8066666666666668,0.0,0.9830294847488403,0.97417813539505,0.008851349353790283,0.9814048409461975,0.1506464183330536,0.8307584226131439,0.9800444189459085,-0.48965319991111755,1.469697618857026
912,go,error,exception,warning,diagnostic,0.42728700639623396,0.42728700639623396,0.0,0.8000000000000002,0.8000000000000002,0.0,0.7753438766143549,0.7536035150716376,0.0217403615427173,0.7500000000000001,0.7500000000000001,0.0,0.9545438289642334,0.9685298204421997,-0.013985991477966309,0.9927765130996704,0.8591234087944031,0.13365310430526733,0.9913607175694779,0.8509094836190343,0.14045123395044357
914,go,error,exception,warning,diagnostic,0.42728700639623396,0.42728700639623396,0.0,0.8000000000000002,0.8000000000000002,0.0,0.7332088049055084,0.7067398856638392,0.026468919241669275,0.7500000000000001,0.7500000000000001,0.0,0.9717482924461365,0.9714206457138062,0.00032764673233032227,0.9962742328643799,0.9787792563438416,0.01749497652053833,0.9959071824268904,0.9783947365940548,0.01751244583283551
978,go,function,method,variable,close_entity,0.3799178428257963,0.3799178428257963,0.0,0.8333333333333334,0.8333333333333334,0.0,0.7007379220885669,0.6925297179803822,0.00820820410818468,0.8066666666666668,0.8066666666666668,0.0,0.9885156750679016,0.9800351858139038,0.008480489253997803,0.9842509031295776,0.5515320897102356,0.43271881341934204,0.9814423541538417,0.24279054999351501,0.7386518041603267
1029,go,comment,note,command,infrastructure,0.42728700639623396,0.42728700639623396,0.0,0.8000000000000002,0.8000000000000002,0.0,0.5216467536170254,0.6994176618015628,-0.17777090818453745,0.7500000000000001,0.7500000000000001,0.0,0.9634219408035278,0.9534035921096802,0.010018348693847656,0.9934560656547546,0.5394607186317444,0.45399534702301025,0.9929202587227337,0.23759505152702332,0.7553252071957104
1032,go,tests,checks,configs,infrastructure,0.7847574847738749,0.7847574847738749,0.0,0.92,0.92,0.0,0.8886692564378109,0.882906165211624,0.0057630912261869005,0.9117125110913931,0.9117125110913931,0.0,0.9896782040596008,0.9834874868392944,0.0061907172203063965,0.9193093776702881,0.921157956123352,-0.0018485784530639648,0.91810878936667,0.9198771014343947,-0.0017683120677247643
1035,go,function,method,variable,close_entity,0.5503212081491042,0.5503212081491042,0.0,0.6666666666666666,0.6666666666666666,0.0,0.4729838019335702,0.45023701788407683,0.022746784049493374,0.625,0.625,0.0,0.9143653512001038,0.9365606307983398,-0.022195279598236084,0.9767979383468628,0.33417293429374695,0.6426250040531158,0.9746640871744603,-0.10828271508216858,1.0829468022566289
1036,go,error,exception,warning,diagnostic,0.3466806371753173,0.3466806371753173,0.0,0.6666666666666666,0.6666666666666666,0.0,0.47739685683291005,0.4175167559741635,0.059880100858746566,0.3333333333333333,0.3333333333333333,0.0,0.957172691822052,0.9404036998748779,0.016768991947174072,0.9755257964134216,0.8359828591346741,0.13954293727874756,0.9697183109819889,0.8241104185581207,0.14560789242386818
1046,go,error,exception,warning,diagnostic,0.8751704261509157,0.8751704261509157,0.0,0.9318181818181818,0.9318181818181818,0.0,0.9020239823879082,0.8932139130507692,0.008810069337138904,0.9329302091206854,0.9329302091206854,0.0,0.9919454455375671,0.9941939115524292,-0.0022484660148620605,0.6795040965080261,0.6828912496566772,-0.003387153148651123,0.4386351555585861,0.4750262349843979,-0.03639107942581177
1070,go,test,check,config,infrastructure,0.3466806371753173,0.3466806371753173,0.0,0.6666666666666666,0.6666666666666666,0.0,0.5337907716979466,0.5172578515113936,0.016532920186553057,0.3333333333333333,0.3333333333333333,0.0,0.9044613838195801,0.8966286778450012,0.007832705974578857,0.9967684745788574,0.12733663618564606,0.8694318383932114,0.9963849388877861,-0.6907943338155746,1.6871792727033608
1094,go,error,exception,warning,diagnostic,0.8787419089273847,0.8787419089273847,0.0,0.9545454545454546,0.9545454545454546,0.0,0.9332137279488742,0.9273484198404108,0.0058653081084634184,0.9541331684188827,0.9541331684188827,0.0,0.9916222095489502,0.9917951822280884,-0.0001729726791381836,0.980453372001648,0.5343462228775024,0.4461071491241455,0.9793035185430199,0.4734102822840214,0.5058932362589985
1120,go,error,exception,warning,diagnostic,0.7825422900366438,0.7825422900366438,0.0,0.8888888888888888,0.8888888888888888,0.0,0.8059642828031646,0.7875283867580579,0.018435896045106648,0.8819444444444444,0.8819444444444444,0.0,0.9845681190490723,0.9817736148834229,0.002794504165649414,0.9499087333679199,0.7025340795516968,0.24737465381622314,0.9093705043196678,0.6944780731573701,0.21489243116229773
1166,go,errors,exceptions,warnings,diagnostic,0.9127592114472296,0.9127592114472296,0.0,0.9666666666666667,0.9666666666666667,0.0,0.9503991022901593,0.9460905803616317,0.004308521928527598,0.966508125247721,0.966508125247721,0.0,0.9962100982666016,0.997028112411499,-0.0008180141448974609,0.8597744703292847,0.2533320188522339,0.6064424514770508,0.8585275342920795,0.2523700528545305,0.606157481437549
1268,go,error,exception,warning,diagnostic,0.8867047947918728,0.8867047947918728,0.0,0.9523809523809523,0.9523809523809523,0.0,0.924758093107267,0.918114641684694,0.0066434514225729435,0.9519047619047619,0.9519047619047619,0.0,0.9955741167068481,0.99456787109375,0.0010062456130981445,0.939346969127655,0.6464846730232239,0.29286229610443115,0.9351440342143178,0.6124596074223518,0.32268442679196596
1268,go,errors,exceptions,warnings,diagnostic,0.8725129388059694,0.8725129388059694,0.0,0.9523809523809523,0.9523809523809523,0.0,0.924758093107267,0.918114641684694,0.0066434514225729435,0.9519047619047619,0.9519047619047619,0.0,0.9940915107727051,0.9932914972305298,0.000800013542175293,0.9093617796897888,0.516278088092804,0.39308369159698486,0.8957768771797419,0.4631154388189316,0.4326614383608103
1268,go,log,trace,output,infrastructure,0.9132027013286006,0.9132027013286006,0.0,0.9523809523809523,0.9523809523809523,0.0,0.9428770735240988,0.9426016547858995,0.0002754187381992512,0.9519047619047619,0.9519047619047619,0.0,0.9918816089630127,0.9940793514251709,-0.002197742462158203,0.0568782314658165,0.23867318034172058,-0.18179494887590408,-0.7991810813546181,-0.3837187588214874,-0.41546232253313065
1275,go,error,exception,warning,diagnostic,0.957414465780703,0.957414465780703,0.0,0.9791666666666666,0.9791666666666666,0.0,0.9696223280655283,0.9670160761455945,0.0026062519199337997,0.9791289422061265,0.9791289422061265,0.0,0.9985842704772949,0.9986720085144043,-8.7738037109375e-05,0.9620317220687866,0.8341970443725586,0.12783467769622803,0.9589836713857949,0.7816165238618851,0.1773671475239098
1291,go,log,trace,output,infrastructure,0.7598356856515927,0.7598356856515927,0.0,0.8333333333333334,0.8333333333333334,0.0,0.8681542586466248,0.8673090089888376,0.000845249657787206,0.8300000000000002,0.8300000000000002,0.0,0.9987543225288391,0.9994207620620728,-0.0006664395332336426,0.38491198420524597,0.09313090145587921,0.29178108274936676,-0.054144591093063354,-0.7857527583837509,0.7316081672906876
1405,go,bug,issue,feature,diagnostic,0.5946035575013604,0.5946035575013604,0.0,0.75,0.75,0.0,0.6926008511616731,0.6680674981297323,0.02453335303194082,0.7361111111111112,0.7361111111111112,0.0,0.9600877165794373,0.961577296257019,-0.0014895796775817871,0.9904389381408691,0.005179238971322775,0.9852596991695464,0.989735190058127,-0.9710305803455412,1.9607657704036683
1587,go,method,function,attribute,close_entity,0.7016879391277372,0.7016879391277372,0.0,0.8888888888888888,0.8888888888888888,0.0,0.7709068070536237,0.7710774020026798,-0.00017059494905613537,0.8412698412698414,0.8412698412698414,0.0,0.9901338815689087,0.9777170419692993,0.012416839599609375,0.9760499000549316,0.8297805190086365,0.14626938104629517,0.9642913257703185,0.7328548729419708,0.23143645282834768
1588,go,method,function,attribute,close_entity,0.5503212081491042,0.5503212081491042,0.0,0.6666666666666666,0.6666666666666666,0.0,0.6108787744159461,0.6033140728822969,0.007564701533649187,0.625,0.625,0.0,0.9606433510780334,0.9510022401809692,0.009641110897064209,0.9732657670974731,0.6495401263237,0.3237256407737732,0.968388638459146,0.48047541081905365,0.4879132276400924
1630,go,input,entry,output,directional,0.8843865924896839,0.8843865924896839,0.0,0.9500000000000001,0.9500000000000001,0.0,0.9452750006579184,0.9641386247934832,-0.01886362413556486,0.943675509419454,0.943675509419454,0.0,0.9943363070487976,0.9963278770446777,-0.001991569995880127,0.9428126811981201,0.06286077946424484,0.8799519017338753,0.9404491893947124,-0.714062936604023,1.6545121259987354
1670,go,bug,issue,feature,diagnostic,0.537284965911771,0.537284965911771,0.0,0.8333333333333334,0.8333333333333334,0.0,0.8088828718350923,0.7974632247582832,0.011419647076809092,0.8066666666666668,0.8066666666666668,0.0,0.9803641438484192,0.9599135518074036,0.020450592041015625,0.9968944787979126,0.12993228435516357,0.866962194442749,0.9964599250233732,-0.7035287022590637,1.699988627282437
1780,go,parameters,arguments,constants,close_entity,0.3799178428257963,0.3799178428257963,0.0,0.8333333333333334,0.8333333333333334,0.0,0.6585659537695512,0.6328398546263546,0.025726099143196568,0.8066666666666668,0.8066666666666668,0.0,0.9906976222991943,0.9881706237792969,0.002526998519897461,0.986140251159668,0.39663052558898926,0.5895097255706787,0.9790727929212153,0.007872432470321655,0.9712003604508936
1782,go,errors,exceptions,warnings,diagnostic,0.6687403049764218,0.6687403049764218,0.0,0.8000000000000002,0.8000000000000002,0.0,0.7626610617171222,0.7320827269979623,0.03057833471915994,0.7937500000000002,0.7937500000000002,0.0,0.9820913076400757,0.9804718494415283,0.0016194581985473633,0.9514272212982178,0.484020859003067,0.46740636229515076,0.9397940374910831,0.40725865215063095,0.5325353853404522
1796,go,error,exception,warning,diagnostic,0.4889230224349009,0.4889230224349009,0.0,0.8571428571428571,0.8571428571428571,0.0,0.7822191692111589,0.7660753411289121,0.01614382808224679,0.8412698412698414,0.8412698412698414,0.0,0.9794757962226868,0.9693604707717896,0.010115325450897217,0.9911656975746155,0.9628238677978516,0.028341829776763916,0.9880339163355529,0.96240678493632,0.025627131399232894
1874,go,errors,exceptions,warnings,diagnostic,0.9581282631934458,0.9581282631934458,0.0,0.9782608695652174,0.9782608695652174,0.0,0.972961650692773,0.9706469073743321,0.0023147433184408372,0.9742879465871156,0.9742879465871156,0.0,0.9983056783676147,0.9988977909088135,-0.0005921125411987305,0.9480648040771484,0.8906022906303406,0.05746251344680786,0.9425342595204711,0.8837088202126324,0.05882543930783868
1890,go,error,exception,warning,diagnostic,0.82651681837938,0.82651681837938,0.0,0.9166666666666666,0.9166666666666666,0.0,0.8655921732045152,0.8596526870977909,0.005939486106724345,0.9139118457300276,0.9139118457300276,0.0,0.9847162365913391,0.9887256622314453,-0.004009425640106201,0.9801595211029053,0.8414918184280396,0.13866770267486572,0.976858789101243,0.8393591581843793,0.13749963091686368
1890,go,log,trace,output,infrastructure,0.9036020036098446,0.9036020036098446,0.0,0.9166666666666666,0.9166666666666666,0.0,0.9344185699562104,0.9308282416881526,0.0035903282680578297,0.9163223140495868,0.9163223140495868,0.0,0.9996607899665833,0.9993302822113037,0.000330507755279541,0.016508912667632103,0.5029776096343994,-0.4864686969667673,-0.9521045330911875,0.13207265734672546,-1.084177190437913
1935,go,log,trace,output,infrastructure,0.6434588841607617,0.6434588841607617,0.0,0.8571428571428571,0.8571428571428571,0.0,0.7757224201918437,0.7756449294460342,7.749074580942761e-05,0.8412698412698414,0.8412698412698414,0.0,0.980491042137146,0.9816616177558899,-0.0011705756187438965,0.15911099314689636,0.01871807873249054,0.14039291441440582,-0.5396978557109833,-0.9039130061864853,0.364215150475502
1954,go,functions,methods,variables,close_entity,0.940028651976138,0.940028651976138,0.0,0.9772727272727273,0.9772727272727273,0.0,0.9622479788136805,0.9601286362833826,0.0021193425302978852,0.9761338205716552,0.9761338205716552,0.0,0.9987763166427612,0.9957621097564697,0.003014206886291504,0.939302921295166,0.3329985439777374,0.6063043773174286,0.935376341920346,0.32932089059613645,0.6060554513242096
1991,go,errors,exceptions,warnings,diagnostic,0.945286184826006,0.945286184826006,0.0,0.975609756097561,0.975609756097561,0.0,0.9684115803045352,0.9656993287854385,0.002712251519096709,0.9755487804878049,0.9755487804878049,0.0,0.9978669881820679,0.9983528852462769,-0.0004858970642089844,0.9797520041465759,0.9146499037742615,0.06510210037231445,0.9790632129297592,0.9137624139548279,0.06530079897493124
2006,go,function,method,variable,close_entity,0.6580370064762461,0.6580370064762461,0.0,0.8888888888888888,0.8888888888888888,0.0,0.8758724315166733,0.8694342010373193,0.00643823047935399,0.864795918367347,0.864795918367347,0.0,0.996432900428772,0.9893152117729187,0.0071176886558532715,0.9600574970245361,0.7358865737915039,0.22417092323303223,0.9386670552194118,0.655295766890049,0.28337128832936287
2027,go,warning,alert,error,diagnostic,0.7506238537503396,0.7506238537503396,0.0,0.8888888888888888,0.8888888888888888,0.0,0.7494279427148772,0.7494279427148772,0.0,0.8819444444444444,0.8819444444444444,0.0,0.9791078567504883,0.972084641456604,0.007023215293884277,0.1713779866695404,0.008543355390429497,0.1628346312791109,-0.632938414812088,-0.9612996745854616,0.3283612597733736
2027,go,logs,traces,outputs,infrastructure,0.8633400213704508,0.8633400213704508,0.0,0.8888888888888888,0.8888888888888888,0.0,0.8847334256180452,0.8841664873683623,0.0005669382496829023,0.8880208333333333,0.8880208333333333,0.0,0.9783180952072144,0.9860241413116455,-0.007706046104431152,0.08828555047512054,0.10518933087587357,-0.01690378040075302,-0.1630319505929947,-0.40771930664777756,0.24468735605478287
2051,go,function,method,variable,close_entity,0.8137489370974959,0.8137489370974959,0.0,0.9047619047619048,0.9047619047619048,0.0,0.8414113462743257,0.8322059638876595,0.009205382386666128,0.9042342698852395,0.9042342698852395,0.0,0.9916510581970215,0.9863669276237488,0.005284130573272705,0.8887614607810974,0.1053948774933815,0.7833665832877159,0.859486747533083,-0.2621968314051628,1.1216835789382458
2229,go,test,check,config,infrastructure,0.8394327083733333,0.8394327083733333,0.0,0.9333333333333333,0.9333333333333333,0.0,0.9027080422171478,0.8976823698802547,0.0050256723368931056,0.9268808114961962,0.9268808114961962,0.0,0.9856996536254883,0.9803640246391296,0.005335628986358643,0.9648844599723816,0.0023832202423363924,0.9625012397300452,0.9632686189142987,-0.053645246429368854,1.0169138653436676
2254,go,test,check,config,infrastructure,0.9095666970593141,0.9095666970593141,0.0,0.9473684210526315,0.9473684210526315,0.0,0.9283325295138706,0.9245469150027187,0.0037856145111518913,0.9054545454545455,0.9054545454545455,0.0,0.993878185749054,0.9880090951919556,0.005869090557098389,0.9677736759185791,0.07821749895811081,0.8895561769604683,0.9628102285787463,-0.5870033577084541,1.5498135862872005
2265,go,error,exception,warning,diagnostic,0.8985396083419644,0.8985396083419644,0.0,0.9583333333333334,0.9583333333333334,0.0,0.9394508531605544,0.9341543794532885,0.005296473707265936,0.9580182734719597,0.9580182734719597,0.0,0.9889155626296997,0.9947171211242676,-0.005801558494567871,0.9852478504180908,0.884956955909729,0.10029089450836182,0.9845420484780334,0.8813945516012609,0.1031474968767725
2300,go,function,method,variable,close_entity,0.8633400213704508,0.8633400213704508,0.0,0.9,0.9,0.0,0.8382465399753053,0.827399731001182,0.010846808974123268,0.8880208333333333,0.8880208333333333,0.0,0.9906153082847595,0.9828577041625977,0.007757604122161865,0.6900960206985474,0.3364350497722626,0.3536609709262848,0.6377074681222439,0.23894654214382172,0.39876092597842216
2318,go,function,method,variable,close_entity,0.9414356817218072,0.9414356817218072,0.0,0.9736842105263158,0.9736842105263158,0.0,0.9468340752151557,0.9438901239125853,0.0029439513025704134,0.9728895562228896,0.9723056389723057,0.0005839172505839318,0.997986912727356,0.9952029585838318,0.00278395414352417,0.8101386427879333,0.8756145238876343,-0.06547588109970093,0.7385541051626205,0.8547584414482117,-0.11620433628559113
2331,go,function,method,variable,close_entity,0.8987547482669217,0.8987547482669217,0.0,0.9534883720930233,0.9534883720930233,0.0,0.9176867595617915,0.9132257360374326,0.0044610235243588425,0.9521800595238095,0.9521800595238095,0.0,0.997839629650116,0.9951006770133972,0.00273895263671875,0.7759116291999817,0.4072386622428894,0.3686729669570923,0.7685470464639366,0.3110801950097084,0.45746685145422816
2367,go,methods,functions,attributes,close_entity,0.4111336169005198,0.4111336169005198,0.0,0.8333333333333334,0.8333333333333334,0.0,0.6980636436603761,0.6932890303311248,0.0047746133292513315,0.8066666666666668,0.8066666666666668,0.0,0.9654713869094849,0.9627031087875366,0.002768278121948242,0.9707804322242737,0.48580968379974365,0.48497074842453003,0.9629544876515865,0.26391203701496124,0.6990424506366253
2380,go,methods,functions,attributes,close_entity,0.865603055254171,0.865603055254171,0.0,0.9473684210526315,0.9473684210526315,0.0,0.9418991280264755,0.9406272269436297,0.0012719010828458055,0.9467186484730344,0.9467186484730344,0.0,0.9971755743026733,0.9939829111099243,0.0031926631927490234,0.957820475101471,0.8414530754089355,0.1163673996925354,0.9463222222402692,0.7615956962108612,0.18472652602940798
2382,go,function,method,variable,close_entity,0.9516433313522541,0.9516433313522541,0.0,0.9772727272727273,0.9772727272727273,0.0,0.9542980805166538,0.9517504981442256,0.0025475823724281366,0.9766914517745082,0.9766914517745082,0.0,0.998632550239563,0.994556188583374,0.004076361656188965,0.46042847633361816,0.13732998073101044,0.3230984956026077,0.45479437336325645,0.13423742121085525,0.3205569521524012
2382,go,log,trace,output,infrastructure,0.9027045686134234,0.9027045686134234,0.0,0.9545454545454546,0.9545454545454546,0.0,0.9450634519997226,0.9448386843560794,0.0002247676436432089,0.9533016061867936,0.9533016061867936,0.0,0.9964960217475891,0.9963279962539673,0.00016802549362182617,0.14114460349082947,0.16175928711891174,-0.020614683628082275,0.07590252161026001,0.14466918632388115,-0.06876666471362114
2383,go,error,exception,warning,diagnostic,0.6434588841607617,0.6434588841607617,0.0,0.8333333333333334,0.8333333333333334,0.0,0.7228039671267649,0.6951346832900499,0.027669283836714964,0.8066666666666668,0.8066666666666668,0.0,0.9721807837486267,0.9807960391044617,-0.008615255355834961,0.1862824261188507,0.11797235906124115,0.06831006705760956,0.1736287586390972,0.11568314908072352,0.05794560955837369
2384,go,error,exception,warning,diagnostic,0.9353695731020621,0.9353695731020621,0.0,0.972972972972973,0.972972972972973,0.0,0.9624203348808921,0.9591811540408792,0.0032391808400128452,0.9728895562228896,0.9728895562228896,0.0,0.9954944252967834,0.9964048862457275,-0.0009104609489440918,0.6855465769767761,0.10522188991308212,0.580324687063694,0.6821056236512959,0.10455521359108388,0.577550410060212
2384,go,errors,exceptions,warnings,diagnostic,0.9353695731020621,0.9353695731020621,0.0,0.972972972972973,0.972972972972973,0.0,0.9624203348808921,0.9591811540408792,0.0032391808400128452,0.9728895562228896,0.9728895562228896,0.0,0.9970629215240479,0.9970166683197021,4.6253204345703125e-05,0.8890292644500732,0.03323507308959961,0.8557941913604736,0.8883763468475081,0.031502675847150385,0.8568736710003577
2387,go,log,trace,output,infrastructure,0.8895260356363631,0.8895260356363631,0.0,0.9565217391304348,0.9565217391304348,0.0,0.9412228912323577,0.9409697670128626,0.00025312421949508224,0.9561624146604384,0.9561624146604384,0.0,0.9932913780212402,0.9947754144668579,-0.0014840364456176758,0.031231505796313286,0.09812073409557343,-0.06688922829926014,-0.9071976710110903,-0.7699185162782669,-0.13727915473282337
2406,go,log,trace,output,infrastructure,0.8856971740795008,0.8856971740795008,0.0,0.9523809523809523,0.9523809523809523,0.0,0.933254371166067,0.9320787732167443,0.0011755979493227597,0.9497662742382272,0.9497662742382272,0.0,0.9933619499206543,0.9942909479141235,-0.0009289979934692383,0.741256833076477,0.9592322707176208,-0.2179754376411438,0.5640578418970108,0.9425056762993336,-0.37844783440232277
2408,go,log,trace,output,infrastructure,0.9163140145331569,0.9163140145331569,0.0,0.9615384615384616,0.9615384615384616,0.0,0.948418651756394,0.9467707136361934,0.0016479381202005872,0.9612923076923077,0.9612923076923077,0.0,0.9954054355621338,0.9950639009475708,0.0003415346145629883,0.4532400667667389,0.3927052319049835,0.06053483486175537,0.006763458251953125,-0.050887495279312134,0.05765095353126526
2409,go,bug,issue,feature,diagnostic,0.9427781070492712,0.9427781070492712,0.0,0.9767441860465116,0.9767441860465116,0.0,0.9698730204645457,0.9678450959954341,0.002027924469111597,0.9766914517745082,0.9766914517745082,0.0,0.9964595437049866,0.9939625263214111,0.0024970173835754395,0.7760434746742249,0.4484655261039734,0.32757794857025146,0.7754053710959852,0.4468868336407468,0.3285185374552384
2442,go,test,check,config,infrastructure,0.9253742688467129,0.9253742688467129,0.0,0.9545454545454546,0.9545454545454546,0.0,0.9445409722969166,0.9408460616673211,0.0036949106295954826,0.9510030307403665,0.9511553695418611,-0.00015233880149456702,0.9957959651947021,0.9947682023048401,0.0010277628898620605,0.9475284814834595,0.06788305938243866,0.8796454221010208,0.9464946924708784,-0.822592094540596,1.7690867870114744
2444,go,error,exception,warning,diagnostic,0.8931539818068699,0.8931539818068699,0.0,0.8888888888888888,0.8888888888888888,0.0,0.9094276879613372,0.8969113039010133,0.01251638406032396,0.8737244897959183,0.8737244897959183,0.0,0.9703157544136047,0.9709341526031494,-0.0006183981895446777,0.9809174537658691,0.7918091416358948,0.18910831212997437,0.9790620354469866,0.7854933626949787,0.19356867275200784
2444,go,test,check,config,infrastructure,0.7016879391277372,0.7016879391277372,0.0,0.8888888888888888,0.8888888888888888,0.0,0.8696958417185683,0.8631594317261466,0.006536409992421666,0.864795918367347,0.864795918367347,0.0,0.9913496971130371,0.9615389704704285,0.029810726642608643,0.9947303533554077,0.0971590206027031,0.8975713327527046,0.9934153776848689,-0.14738420397043228,1.1407995816553012
2453,go,function,method,variable,close_entity,0.9385522307631307,0.9385522307631307,0.0,0.9736842105263158,0.9736842105263158,0.0,0.9547218519086758,0.9521969389560307,0.0025249129526450087,0.9728895562228896,0.9728895562228896,0.0,0.9986053705215454,0.9962135553359985,0.002391815185546875,0.8927394151687622,0.8631780743598938,0.029561340808868408,0.8326287157833576,0.8064757883548737,0.026152927428483963
2453,go,error,exception,warning,diagnostic,0.9385522307631307,0.9385522307631307,0.0,0.9736842105263158,0.9736842105263158,0.0,0.9671003083404964,0.9642730723710877,0.0028272359694087035,0.9728895562228896,0.9728895562228896,0.0,0.9953227639198303,0.9959372282028198,-0.000614464282989502,0.8719186186790466,0.8704223036766052,0.0014963150024414062,0.802170604467392,0.8067149892449379,-0.004544384777545929
2463,go,test,check,config,infrastructure,0.8003203203845001,0.8003203203845001,0.0,0.9,0.9,0.0,0.8965417212449834,0.8912264580089422,0.005315263236041257,0.864795918367347,0.864795918367347,0.0,0.9945895671844482,0.9856131672859192,0.008976399898529053,0.9869879484176636,0.5745564699172974,0.4124314785003662,0.9840738715138286,0.29026278853416443,0.6938110829796642
2473,go,error,exception,warning,diagnostic,0.9050990896061485,0.9050990896061485,0.0,0.9534883720930233,0.9534883720930233,0.0,0.9253349115236162,0.9178483476305356,0.007486563893080667,0.9523214285714285,0.9523214285714285,0.0,0.9918250441551208,0.9922791719436646,-0.00045412778854370117,0.9073960781097412,0.7329772114753723,0.1744188666343689,0.9064614131348208,0.7074481938034296,0.19901321933139116
2473,go,test,check,config,infrastructure,0.9220450449751963,0.9220450449751963,0.0,0.9534883720930233,0.9534883720930233,0.0,0.9369263891231547,0.9327480950461825,0.004178294076972233,0.9519047619047619,0.9523214285714285,-0.0004166666666666208,0.9936184883117676,0.9927778244018555,0.0008406639099121094,0.903977632522583,0.04477424919605255,0.8592033833265305,0.8875085301697254,-0.7121336311101913,1.5996421612799168
2492,go,test,check,config,infrastructure,0.9597669664321663,0.9597669664321663,0.0,0.9818181818181818,0.9818181818181818,0.0,0.9701916684318559,0.9685598860918315,0.001631782340024368,0.9803607843137254,0.9803607843137254,0.0,0.9954439401626587,0.9939430356025696,0.0015009045600891113,0.8841502666473389,0.4580797851085663,0.4260704815387726,0.8699915884062648,0.2841917872428894,0.5857998011633754
2492,go,log,trace,output,infrastructure,0.9597669664321663,0.9597669664321663,0.0,0.9818181818181818,0.9818181818181818,0.0,0.9731076820155381,0.9722234445490252,0.0008842374665128938,0.9803607843137254,0.9803607843137254,0.0,0.9982023239135742,0.9973894953727722,0.000812828540802002,0.8917526006698608,0.8033978343009949,0.08835476636886597,0.8666093964129686,0.6794995293021202,0.18710986711084843
2492,go,logs,traces,outputs,infrastructure,0.9097447296143484,0.9097447296143484,0.0,0.9636363636363636,0.9636363636363636,0.0,0.9463132529626157,0.9460916937577717,0.00022155920484401292,0.9606740655445852,0.9606740655445852,0.0,0.9959442615509033,0.9954891204833984,0.0004551410675048828,0.858595073223114,0.891676127910614,-0.0330810546875,0.8004618547856808,0.864068940281868,-0.06360708549618721
2503,go,test,check,config,infrastructure,0.8966567355675293,0.8966567355675293,0.0,0.9574468085106385,0.9574468085106385,0.0,0.9390484251775849,0.9357735037252353,0.003274921452349644,0.9553933056907639,0.9553933056907639,0.0,0.990173876285553,0.9907548427581787,-0.0005809664726257324,0.8940508365631104,0.11566898226737976,0.7783818542957306,0.8895056787878275,-0.3245577812194824,1.21406346000731
2507,go,log,trace,output,infrastructure,0.9095930632220219,0.9095930632220219,0.0,0.9615384615384616,0.9615384615384616,0.0,0.9497371940446758,0.9495108595147742,0.0002263345299016173,0.9597222222222221,0.9597222222222221,0.0,0.9942827820777893,0.9953011870384216,-0.0010184049606323242,0.44030749797821045,0.7785305380821228,-0.33822304010391235,0.4116297233849764,0.7740049958229065,-0.3623752724379301
2518,go,errors,exceptions,warnings,diagnostic,0.9061874434879649,0.9061874434879649,0.0,0.96,0.96,0.0,0.9428473131542231,0.9378587664894915,0.004988546664731586,0.9597222222222221,0.9597222222222221,0.0,0.996636152267456,0.9970400333404541,-0.0004038810729980469,0.9424116611480713,0.6544333696365356,0.28797829151153564,0.9283291203901172,0.6379487086087465,0.29038041178137064
2568,go,test,check,config,infrastructure,0.865603055254171,0.865603055254171,0.0,0.9500000000000001,0.9500000000000001,0.0,0.9354187308030678,0.9319865139395899,0.0034322168634779437,0.9494459833795015,0.9494459833795015,0.0,0.9949847459793091,0.9858195781707764,0.009165167808532715,0.9477639198303223,0.8352224230766296,0.11254149675369263,0.9424146637320518,0.8161990493535995,0.1262156143784523
2568,go,tests,checks,configs,infrastructure,0.865603055254171,0.865603055254171,0.0,0.9500000000000001,0.9500000000000001,0.0,0.9354187308030678,0.9319865139395899,0.0034322168634779437,0.9494459833795015,0.9494459833795015,0.0,0.9931980967521667,0.983015239238739,0.010182857513427734,0.699029803276062,0.007614425383508205,0.6914153778925538,0.6933206291869283,-0.46514950040727854,1.1584701295942068
2572,go,tests,checks,configs,infrastructure,0.6580370064762461,0.6580370064762461,0.0,0.8888888888888888,0.8888888888888888,0.0,0.8722463262924424,0.8658231689724096,0.006423157320032735,0.8819444444444444,0.8819444444444444,0.0,0.9840786457061768,0.9738948941230774,0.010183751583099365,0.9837943911552429,0.06691161543130875,0.9168827757239342,0.9792979522608221,-0.3881566748023033,1.3674546270631254
2617,go,log,trace,output,infrastructure,0.9316103763537944,0.9316103763537944,0.0,0.967741935483871,0.967741935483871,0.0,0.9634424031570922,0.9622537152658309,0.001188687891261253,0.9640897511267882,0.9640897511267882,0.0,0.9953213334083557,0.9968233108520508,-0.0015019774436950684,0.9147031307220459,0.6459022164344788,0.26880091428756714,0.8983349781483412,0.39405229687690735,0.5042826812714338
2629,go,test,check,config,infrastructure,0.5253819788848316,0.5253819788848316,0.0,0.75,0.75,0.0,0.6842556856931317,0.6672471880558727,0.01700849763725898,0.7361111111111112,0.7361111111111112,0.0,0.9874224662780762,0.9815204739570618,0.005901992321014404,0.8290384411811829,0.031979501247406006,0.7970589399337769,0.7396049574017525,-0.3274330794811249,1.0670380368828773
2692,go,error,exception,warning,diagnostic,0.8408964152537145,0.8408964152537145,0.0,0.8571428571428571,0.8571428571428571,0.0,0.8557705481637378,0.8350798311460997,0.020690717017638027,0.8551587301587302,0.8551587301587302,0.0,0.9846967458724976,0.9802395105361938,0.004457235336303711,0.9581891894340515,0.3148994743824005,0.643289715051651,0.9516921774484217,0.2896800171583891,0.6620121602900326
2712,go,error,exception,warning,diagnostic,0.8873133342926627,0.8873133342926627,0.0,0.9512195121951219,0.9512195121951219,0.0,0.9335260986922854,0.9276773834420188,0.005848715250266645,0.9510030307403665,0.9510030307403665,0.0,0.9914238452911377,0.9931082129478455,-0.0016843676567077637,0.5231017470359802,0.14092642068862915,0.3821753263473511,0.07583263516426086,-0.6944777369499207,0.7703103721141815
2712,go,bug,issue,feature,diagnostic,0.9780085452567774,0.9780085452567774,0.0,0.975609756097561,0.975609756097561,0.0,0.9848738879874788,0.9830354836497611,0.0018384043377176473,0.9756021341463414,0.9756021341463414,0.0,0.9997553825378418,0.9998779296875,-0.00012254714965820312,0.7193491458892822,0.002069283276796341,0.7172798626124859,0.4630299210548401,-0.9809920899569988,1.444022011011839
2747,go,tests,checks,configs,infrastructure,0.8787419089273847,0.8787419089273847,0.0,0.9500000000000001,0.9500000000000001,0.0,0.9412294482159943,0.9380904192213976,0.0031390289945967265,0.9494459833795015,0.9494459833795015,0.0,0.9949020743370056,0.9925432801246643,0.0023587942123413086,0.9234355092048645,0.1459837704896927,0.7774517387151718,0.9119167746976018,-0.4278464764356613,1.3397632511332631
2754,go,comment,note,command,infrastructure,0.8739351325046801,0.8739351325046801,0.0,0.9411764705882353,0.9411764705882353,0.0,0.9179196082263701,0.9460465562713251,-0.02812694804495497,0.9319727891156462,0.9319727891156462,0.0,0.9922506809234619,0.9806383848190308,0.011612296104431152,0.9396564364433289,0.4092453420162201,0.5304110944271088,0.9271539859473705,0.20567497611045837,0.7214790098369122
2797,go,log,trace,output,infrastructure,0.5946035575013604,0.5946035575013604,0.0,0.875,0.875,0.0,0.8229669749558637,0.8227006413982759,0.00026633355758776123,0.864795918367347,0.864795918367347,0.0,0.9790079593658447,0.9824427366256714,-0.00343477725982666,0.9288376569747925,0.27198341488838196,0.6568542420864105,0.8930758871138096,-0.2536716163158417,1.1467475034296513
2803,go,tests,checks,configs,infrastructure,0.919322715224919,0.919322715224919,0.0,0.9666666666666667,0.9666666666666667,0.0,0.9520211082158299,0.9494347388618006,0.0025863693540292276,0.9653413089373681,0.9653413089373681,0.0,0.9914418458938599,0.9908161163330078,0.0006257295608520508,0.9532606601715088,0.2910323143005371,0.6622283458709717,0.9507797018159181,-0.11782997846603394,1.068609680281952
2913,go,function,method,variable,close_entity,0.945286184826006,0.945286184826006,0.0,0.9782608695652174,0.9782608695652174,0.0,0.9585639886483649,0.9562454205598985,0.0023185680884664217,0.9777318640955005,0.9777318640955005,0.0,0.9963170886039734,0.9943900108337402,0.0019270777702331543,0.980963945388794,0.9726898074150085,0.0082741379737854,0.9785098673310131,0.9700752317439765,0.00843463558703661
2971,go,log,trace,output,infrastructure,0.8347563508866297,0.8347563508866297,0.0,0.9130434782608695,0.9130434782608695,0.0,0.9023046756504853,0.902023666013758,0.00028100963672728074,0.9117125110913931,0.9117125110913931,0.0,0.9915475249290466,0.9929366111755371,-0.0013890862464904785,0.05917753279209137,0.016061954200267792,0.04311557859182358,-0.8333725780248642,-0.9053912833333015,0.07201870530843735
2971,go,logs,traces,outputs,infrastructure,0.9331509974194667,0.9331509974194667,0.0,0.9565217391304348,0.9565217391304348,0.0,0.9509899944694618,0.9507678869898808,0.00022210747958095745,0.9561624146604384,0.9561624146604384,0.0,0.9943199753761292,0.9958708882331848,-0.001550912857055664,0.1310541033744812,0.02978524938225746,0.10126885399222374,0.11028293520212173,-0.5008768700063229,0.6111598052084446
2993,go,logs,traces,outputs,infrastructure,0.929923845210929,0.929923845210929,0.0,0.9696969696969697,0.9696969696969697,0.0,0.9594187551160512,0.9592269819256465,0.0001917731904047537,0.9713297083539298,0.9713297083539298,0.0,0.9897036552429199,0.9937196373939514,-0.004015982151031494,0.882801353931427,0.9438666105270386,-0.06106525659561157,0.871564251370728,0.942657831707038,-0.07109358033630997
3010,go,test,check,config,infrastructure,0.7085876411943929,0.7085876411943929,0.0,0.8666666666666667,0.8666666666666667,0.0,0.8285587916877529,0.8188618197367394,0.009696971951013489,0.8436109345200256,0.8436109345200256,0.0,0.9889569878578186,0.983025848865509,0.00593113899230957,0.34271734952926636,0.009677131660282612,0.33304021786898375,-0.25445032119750977,-0.962881843559444,0.7084315223619342
3018,go,function,method,variable,close_entity,0.9157103753711765,0.9157103753711765,0.0,0.9655172413793104,0.9655172413793104,0.0,0.9155813118030843,0.9110374497773869,0.004543862025697454,0.9653413089373681,0.9653413089373681,0.0,0.9974930286407471,0.9941455721855164,0.003347456455230713,0.8049550652503967,0.4333238899707794,0.3716311752796173,0.7970039369538426,0.4245939217507839,0.3724100152030587
3018,go,log,trace,output,infrastructure,0.9157103753711765,0.9157103753711765,0.0,0.9655172413793104,0.9655172413793104,0.0,0.9493052358008786,0.9490774607428787,0.0002277750579998683,0.9653413089373681,0.9653413089373681,0.0,0.9940325021743774,0.9904000163078308,0.003632485866546631,0.8415200710296631,0.7762913107872009,0.06522876024246216,0.833967397455126,0.7177080176770687,0.11625937977805734
3065,go,log,trace,output,infrastructure,0.8578928092681432,0.8578928092681432,0.0,0.9411764705882353,0.9411764705882353,0.0,0.9340121408965455,0.9253734455891922,0.008638695307353284,0.9363888888888889,0.9363888888888889,0.0,0.9930209517478943,0.9900970458984375,0.002923905849456787,0.38712751865386963,0.9197689890861511,-0.5326414704322815,-0.13403749465942383,0.9084718208760023,-1.0425093155354261
3095,go,test,check,config,infrastructure,0.39281465090051304,0.39281465090051304,0.0,0.8000000000000002,0.8000000000000002,0.0,0.6118779261080464,0.5952728859876539,0.016605040120392434,0.7789062500000001,0.7789062500000001,0.0,0.9797161817550659,0.9647091031074524,0.015007078647613525,0.9877570867538452,0.4945930540561676,0.4931640326976776,0.985593962483108,0.27565430104732513,0.7099396614357829
3116,go,errors,exceptions,warnings,diagnostic,0.9715003449158377,0.9715003449158377,0.0,0.9830508474576272,0.9830508474576272,0.0,0.9790088047622906,0.9772187968049245,0.0017900079573660577,0.9791289422061265,0.9791289422061265,0.0,0.9984504580497742,0.9990097284317017,-0.0005592703819274902,0.6718176007270813,0.5270758867263794,0.1447417140007019,0.3701653480529785,0.09022817015647888,0.27993717789649963
3131,go,tests,checks,configs,infrastructure,0.865603055254171,0.865603055254171,0.0,0.9473684210526315,0.9473684210526315,0.0,0.9153238574410227,0.9109013103254844,0.0044225471155383556,0.9402573529411764,0.9402573529411764,0.0,0.986669659614563,0.9875202178955078,-0.0008505582809448242,0.9118375182151794,0.31241029500961304,0.5994272232055664,0.9074469194747508,0.15515699982643127,0.7522899196483195
3204,go,input,entry,output,directional,0.9336510695862633,0.9336510695862633,0.0,0.9714285714285714,0.9714285714285714,0.0,0.9562905834355384,0.9713526556625917,-0.015062072227053247,0.9695785984848485,0.9695785984848485,0.0,0.9974417686462402,0.9979380369186401,-0.0004962682723999023,0.851361870765686,0.010914357379078865,0.8404475133866072,0.7311891689896584,-0.9692624490708113,1.7004516180604696
3258,go,bug,issue,feature,diagnostic,0.5503212081491042,0.5503212081491042,0.0,0.6666666666666666,0.6666666666666666,0.0,0.7198217025494581,0.6963598172914274,0.023461885258030724,0.625,0.625,0.0,0.9521565437316895,0.9176132678985596,0.03454327583312988,0.9844114184379578,0.03156307712197304,0.9528483413159847,0.9840717136103194,-0.8661014102399349,1.8501731238502543
3370,go,error,exception,warning,diagnostic,0.4889230224349009,0.4889230224349009,0.0,0.8333333333333334,0.8333333333333334,0.0,0.7228039671267649,0.7022572703838996,0.020546696742865245,0.8066666666666668,0.8066666666666668,0.0,0.964256227016449,0.969153642654419,-0.004897415637969971,0.9906105399131775,0.7982381582260132,0.1923723816871643,0.9889181735925376,0.7911106264218688,0.19780754717066884
3423,go,test,check,config,infrastructure,0.7611606003349888,0.7611606003349888,0.0,0.8888888888888888,0.8888888888888888,0.0,0.8371821227797756,0.8292524859643079,0.007929636815467656,0.8412698412698414,0.8412698412698414,0.0,0.993564248085022,0.9811800122261047,0.012384235858917236,0.9914430975914001,0.4497092366218567,0.5417338609695435,0.9903282686136663,0.3406478762626648,0.6496803923510015
3454,go,test,check,config,infrastructure,0.4111336169005198,0.4111336169005198,0.0,0.8571428571428571,0.8571428571428571,0.0,0.8286265315571998,0.8203457925686786,0.008280738988521219,0.8412698412698414,0.8412698412698414,0.0,0.9875588417053223,0.9768140316009521,0.010744810104370117,0.9928802847862244,0.24883617460727692,0.7440441101789474,0.9907507565803826,0.06291821599006653,0.9278325405903161
3489,go,test,check,config,infrastructure,0.8153551038173119,0.8153551038173119,0.0,0.9333333333333333,0.9333333333333333,0.0,0.9012364553153411,0.8961413624735673,0.005095092841773785,0.9319727891156462,0.9319727891156462,0.0,0.9869808554649353,0.9857394695281982,0.0012413859367370605,0.9218611121177673,0.5629744529724121,0.3588866591453552,0.9107999503612518,0.38096271455287933,0.5298372358083725
3493,go,test,check,config,infrastructure,0.8408964152537145,0.8408964152537145,0.0,0.875,0.875,0.0,0.9028820229741953,0.8948136331180624,0.008068389856132896,0.8737244897959183,0.8737244897959183,0.0,0.981845498085022,0.9700721502304077,0.011773347854614258,0.9513128399848938,0.08578574657440186,0.8655270934104919,0.9503966989577748,0.07480856403708458,0.8755881349206902
3516,go,test,check,config,infrastructure,0.8282477531331043,0.8282477531331043,0.0,0.9411764705882353,0.9411764705882353,0.0,0.9327593791625,0.9291940035062538,0.0035653756562461503,0.9402573529411764,0.9402573529411764,0.0,0.9923110604286194,0.9854594469070435,0.006851613521575928,0.9449496269226074,0.7216039299964905,0.22334569692611694,0.9395787338726223,0.6629039533436298,0.2766747805289924
3516,go,tests,checks,configs,infrastructure,0.8282477531331043,0.8282477531331043,0.0,0.9411764705882353,0.9411764705882353,0.0,0.9327593791625,0.9291940035062538,0.0035653756562461503,0.9402573529411764,0.9402573529411764,0.0,0.992822527885437,0.9860648512840271,0.006757676601409912,0.9359126091003418,0.2623681426048279,0.6735444664955139,0.9281940027140081,0.2586971048731357,0.6694968978408724
3588,go,tests,checks,configs,infrastructure,0.6687403049764218,0.6687403049764218,0.0,0.8000000000000002,0.8000000000000002,0.0,0.8545076927453862,0.8448818250304266,0.009625867714959546,0.7937500000000002,0.7937500000000002,0.0,0.9844067692756653,0.9607176780700684,0.023689091205596924,0.972518265247345,0.03436833992600441,0.9381499253213406,0.9674292709678411,-0.5662853680551052,1.5337146390229464
3594,go,test,check,config,infrastructure,0.82651681837938,0.82651681837938,0.0,0.9166666666666666,0.9166666666666666,0.0,0.8770587966950614,0.8708509104696062,0.006207886225455206,0.9139118457300276,0.9139118457300276,0.0,0.982628345489502,0.9759330749511719,0.006695270538330078,0.9883435964584351,0.3459049165248871,0.642438679933548,0.9858496317174286,0.05222001671791077,0.9336296149995178
3594,go,log,trace,output,infrastructure,0.82651681837938,0.82651681837938,0.0,0.9166666666666666,0.9166666666666666,0.0,0.8894224487068161,0.8890800902125052,0.0003423584943108571,0.9139118457300276,0.9139118457300276,0.0,0.9878116846084595,0.9889652729034424,-0.0011535882949829102,0.031179869547486305,0.0198091771453619,0.011370692402124405,-0.577432369813323,-0.75879324413836,0.181360874325037
3599,go,test,check,config,infrastructure,0.8408964152537145,0.8408964152537145,0.0,0.875,0.875,0.0,0.9094339445703226,0.9018627287405522,0.0075712158297703835,0.8737244897959183,0.8737244897959183,0.0,0.976961612701416,0.9706976413726807,0.0062639713287353516,0.9849372506141663,0.3489273488521576,0.6360099017620087,0.9810567004606128,0.32184080965816975,0.659215890802443
3620,go,functions,methods,variables,close_entity,0.7825422900366438,0.7825422900366438,0.0,0.8888888888888888,0.8888888888888888,0.0,0.7974752184928755,0.7872170034114992,0.010258215081376254,0.8819444444444444,0.8819444444444444,0.0,0.992317795753479,0.988021969795227,0.004295825958251953,0.9783205986022949,0.001653420738875866,0.9766671778634191,0.9675649916753173,-0.952431452460587,1.9199964441359043
3629,go,functions,methods,variables,close_entity,0.6606328636027612,0.6606328636027612,0.0,0.875,0.875,0.0,0.7405682162040914,0.7288248194377845,0.011743396766306868,0.864795918367347,0.864795918367347,0.0,0.9719967842102051,0.9723749160766602,-0.0003781318664550781,0.99097740650177,0.08048513531684875,0.9104922711849213,0.988592567620799,-0.7847330868244171,1.773325654445216
3629,go,test,check,config,infrastructure,0.7506238537503396,0.7506238537503396,0.0,0.875,0.875,0.0,0.8423149269228477,0.8339596506235091,0.008355276299338632,0.864795918367347,0.864795918367347,0.0,0.9793893098831177,0.9752264022827148,0.004162907600402832,0.9965904951095581,0.00984728429466486,0.9867432108148932,0.9961414467252325,-0.9576240172609687,1.9537654639862012
3687,go,function,method,variable,close_entity,0.7071067811865478,0.7071067811865478,0.0,0.8888888888888888,0.8888888888888888,0.0,0.7096553948736707,0.6969467916159092,0.012708603257761464,0.8819444444444444,0.8819444444444444,0.0,0.9935348629951477,0.9850728511810303,0.008462011814117432,0.9661126136779785,0.07026205956935883,0.8958505541086197,0.9439669419080019,-0.7900846749544144,1.7340516168624163
3749,go,error,exception,warning,diagnostic,0.9157103753711765,0.9157103753711765,0.0,0.9655172413793104,0.9655172413793104,0.0,0.956719647874269,0.9529753772800027,0.003744270594266297,0.9640897511267882,0.9640897511267882,0.0,0.9966862201690674,0.9969841837882996,-0.00029796361923217773,0.9442695379257202,0.4140242040157318,0.5302453339099884,0.9424624632811174,0.38024770468473434,0.562214758596383
3796,go,parameter,argument,constant,close_entity,0.8971148504974099,0.8971148504974099,0.0,0.9583333333333334,0.9583333333333334,0.0,0.9101147334061043,0.9028933436188408,0.007221389787263499,0.9561624146604384,0.9561624146604384,0.0,0.9969089031219482,0.9924939274787903,0.004414975643157959,0.935892641544342,0.35365191102027893,0.5822407305240631,0.9010851681232452,-0.26098212599754333,1.1620672941207886
3796,go,error,exception,warning,diagnostic,0.8843865924896839,0.8843865924896839,0.0,0.9583333333333334,0.9583333333333334,0.0,0.9373223625223246,0.9318322581656158,0.005490104356708825,0.9561624146604384,0.9561624146604384,0.0,0.9908031821250916,0.991337239742279,-0.0005340576171875,0.9137753844261169,0.8641501665115356,0.0496252179145813,0.9109968044795096,0.8618515159469098,0.04914528853259981
3796,go,errors,exceptions,warnings,diagnostic,0.9554427922043663,0.9554427922043663,0.0,0.9583333333333334,0.9583333333333334,0.0,0.95209893222988,0.9466614212269058,0.0054375110029741824,0.9564768235716853,0.9564768235716853,0.0,0.9954304695129395,0.9959068894386292,-0.00047641992568969727,0.49166321754455566,0.16126525402069092,0.33039796352386475,0.4860980720259249,0.1558523355051875,0.3302457365207374
3802,go,test,check,config,infrastructure,0.8811605932412899,0.8811605932412899,0.0,0.9459459459459459,0.9459459459459459,0.0,0.923306322522008,0.9192327510541163,0.004073571467891668,0.9441200499807767,0.9441200499807767,0.0,0.9930605292320251,0.9890563488006592,0.004004180431365967,0.8473536372184753,0.6752045750617981,0.17214906215667725,0.7357284873723984,0.476760134100914,0.2589683532714844
3807,go,error,exception,warning,diagnostic,0.855526185871245,0.855526185871245,0.0,0.9333333333333333,0.9333333333333333,0.0,0.894780126389485,0.8853129254962275,0.009467200893257477,0.9268808114961962,0.9268808114961962,0.0,0.9923450350761414,0.9941543340682983,-0.0018092989921569824,0.9770590662956238,0.9578654170036316,0.019193649291992188,0.9765440315823071,0.9571564086945727,0.019387622887734324
3811,go,tests,checks,configs,infrastructure,0.7016879391277372,0.7016879391277372,0.0,0.9090909090909091,0.9090909090909091,0.0,0.8948759634135981,0.889483055484246,0.005392907929352098,0.9054545454545455,0.9054545454545455,0.0,0.9926722645759583,0.9774189591407776,0.015253305435180664,0.9740760922431946,0.6692558526992798,0.3048202395439148,0.97046655183658,0.5011064559221268,0.46936009591445327
3829,go,tests,checks,configs,infrastructure,0.8293181259810136,0.8293181259810136,0.0,0.9310344827586207,0.9310344827586207,0.0,0.8965995590151876,0.891215089023058,0.0053844699921296035,0.9303959131545338,0.9303959131545338,0.0,0.9897618889808655,0.9839548468589783,0.005807042121887207,0.9747127294540405,0.5223685503005981,0.4523441791534424,0.9733511296799406,0.27763529121875763,0.695715838461183
3831,go,method,function,attribute,close_entity,0.8787419089273847,0.8787419089273847,0.0,0.9500000000000001,0.9500000000000001,0.0,0.9171800964694767,0.9169965149447991,0.0001835815246776784,0.9494459833795015,0.9494459833795015,0.0,0.9940806031227112,0.9882286190986633,0.0058519840240478516,0.6789513230323792,0.7199843525886536,-0.041033029556274414,0.666009983047843,0.7074642768129706,-0.04145429376512766
3831,go,methods,functions,attributes,close_entity,0.9533589351059681,0.9533589351059681,0.0,0.9500000000000001,0.9500000000000001,0.0,0.9334576818691377,0.9316640816742664,0.001793600194871292,0.9499307479224378,0.9499307479224378,0.0,0.9909594058990479,0.9890251755714417,0.0019342303276062012,0.6236597895622253,0.3586907386779785,0.2649690508842468,0.6120290802791715,0.3347560428082943,0.27727303747087717
3834,go,test,check,config,infrastructure,0.6675075987129311,0.6675075987129311,0.0,0.8888888888888888,0.8888888888888888,0.0,0.8615272347624837,0.8545050224470044,0.0070222123154792815,0.8788235294117647,0.8788235294117647,0.0,0.9845648407936096,0.9761030673980713,0.00846177339553833,0.9742507934570312,0.8355432748794556,0.13870751857757568,0.9664718480780721,0.7353347688913345,0.23113707918673754
3841,go,tests,checks,configs,infrastructure,0.6580370064762461,0.6580370064762461,0.0,0.875,0.875,0.0,0.8371821227797756,0.8292524859643079,0.007929636815467656,0.864795918367347,0.864795918367347,0.0,0.9907454252243042,0.9788194894790649,0.011925935745239258,0.9599257707595825,0.02134082280099392,0.9385849479585886,0.954511652700603,-0.8189960364252329,1.773507689125836
3851,go,imports,includes,exports,directional,0.8801117367933934,0.8801117367933934,0.0,0.9,0.9,0.0,0.8548397036994433,0.8896835864079198,-0.03484388270847649,0.8993827160493828,0.8993827160493828,0.0,0.9854898452758789,0.993986189365387,-0.008496344089508057,0.7872102856636047,0.006956228520721197,0.7802540571428835,0.6686712801456451,-0.8835807354189456,1.5522520155645907
3852,go,test,check,config,infrastructure,0.6606328636027612,0.6606328636027612,0.0,0.875,0.875,0.0,0.8485234000555535,0.8410691241146132,0.00745427594094028,0.864795918367347,0.864795918367347,0.0,0.9778845310211182,0.9704360961914062,0.007448434829711914,0.9789633750915527,0.8465773463249207,0.13238602876663208,0.9755103138741106,0.7580845355987549,0.2174257782753557
3871,go,test,check,config,infrastructure,0.537284965911771,0.537284965911771,0.0,0.8333333333333334,0.8333333333333334,0.0,0.7829890993380567,0.7729438311715756,0.010045268166481103,0.8066666666666668,0.8066666666666668,0.0,0.9493483901023865,0.9466671943664551,0.0026811957359313965,0.9901127815246582,0.13419607281684875,0.8559167087078094,0.9888933032052591,-0.6471040546894073,1.6359973578946665
3904,go,methods,functions,attributes,close_entity,0.8003203203845001,0.8003203203845001,0.0,0.9166666666666666,0.9166666666666666,0.0,0.862759920111101,0.860026750670982,0.002733169440119032,0.9054545454545455,0.9054545454545455,0.0,0.9969522356987,0.9919848442077637,0.004967391490936279,0.9770021438598633,0.2856775224208832,0.6913246214389801,0.9728712784126401,0.11378604173660278,0.8590852366760373
3914,go,test,check,config,infrastructure,0.7071067811865478,0.7071067811865478,0.0,0.9,0.9,0.0,0.867041339532936,0.8603876720918875,0.006653667441048561,0.8950617283950617,0.8950617283950617,0.0,0.9897541403770447,0.9809620976448059,0.00879204273223877,0.9816867113113403,0.018033940345048904,0.9636527709662914,0.9798231053864583,-0.7257010750472546,1.705524180433713
3922,go,bug,issue,feature,diagnostic,0.8633400213704508,0.8633400213704508,0.0,0.8571428571428571,0.8571428571428571,0.0,0.9068019853854458,0.89651155059636,0.010290434789085756,0.8551587301587302,0.8551587301587302,0.0,0.9942969679832458,0.9894994497299194,0.004797518253326416,0.9836289286613464,0.1258106231689453,0.8578183054924011,0.9824371583526954,-0.4795045256614685,1.461941684014164
3922,go,test,check,config,infrastructure,0.5969491792019644,0.5969491792019644,0.0,0.8571428571428571,0.8571428571428571,0.0,0.8084947842447385,0.7994132344582582,0.009081549786480347,0.8412698412698414,0.8412698412698414,0.0,0.9820630550384521,0.9726999402046204,0.009363114833831787,0.9890794157981873,0.2677094340324402,0.7213699817657471,0.9862724104896188,0.017740994691848755,0.96853141579777
3951,go,tests,checks,configs,infrastructure,0.7071067811865478,0.7071067811865478,0.0,0.8888888888888888,0.8888888888888888,0.0,0.824001841624828,0.8155339950388687,0.008467846585959338,0.864795918367347,0.864795918367347,0.0,0.9739238023757935,0.965323805809021,0.008599996566772461,0.9933590292930603,0.18050536513328552,0.8128536641597748,0.9920317220967263,-0.4592655599117279,1.4512972820084542
3966,go,tests,checks,configs,infrastructure,0.5000000000000001,0.5000000000000001,0.0,0.875,0.875,0.0,0.855244419302389,0.8480772103702153,0.007167208932173708,0.864795918367347,0.864795918367347,0.0,0.9815157055854797,0.9659243822097778,0.015591323375701904,0.9846883416175842,0.115729421377182,0.8689589202404022,0.9808478627819568,-0.631791740655899,1.6126396034378558
3986,go,tests,checks,configs,infrastructure,0.9391044157537529,0.9391044157537529,0.0,0.9166666666666666,0.9166666666666666,0.0,0.9208487130305181,0.9152841329185679,0.005564580111950157,0.8993827160493828,0.8993827160493828,0.0,0.9948543310165405,0.9854789972305298,0.009375333786010742,0.9456818103790283,0.13565675914287567,0.8100250512361526,0.9426788452547044,-0.15008743107318878,1.0927662763278931
3998,go,tests,checks,configs,infrastructure,0.5000000000000001,0.5000000000000001,0.0,0.875,0.875,0.0,0.8746987951332302,0.8683850838700748,0.006313711263155386,0.864795918367347,0.864795918367347,0.0,0.986677885055542,0.9718208909034729,0.014856994152069092,0.9669052362442017,0.41086429357528687,0.5560409426689148,0.9643285886850208,0.3566249832510948,0.607703605433926
4000,go,error,exception,warning,diagnostic,0.9475833735368085,0.9475833735368085,0.0,0.9782608695652174,0.9782608695652174,0.0,0.966793991970303,0.9639398677639641,0.002854124206338904,0.9777318640955005,0.9777318640955005,0.0,0.9933575391769409,0.9929341077804565,0.000423431396484375,0.9584153294563293,0.9270819425582886,0.03133338689804077,0.9565257276408374,0.9253538269549608,0.031171900685876608
4018,go,tests,checks,configs,infrastructure,0.537284965911771,0.537284965911771,0.0,0.8333333333333334,0.8333333333333334,0.0,0.7755113984542052,0.7651943190697988,0.010317079384406402,0.8066666666666668,0.8066666666666668,0.0,0.9744275808334351,0.9611558318138123,0.013271749019622803,0.9951319694519043,0.11933515965938568,0.8757968097925186,0.9946199888363481,-0.455829456448555,1.450449445284903
4027,go,test,check,config,infrastructure,0.537284965911771,0.537284965911771,0.0,0.8333333333333334,0.8333333333333334,0.0,0.7755113984542052,0.7651943190697988,0.010317079384406402,0.8066666666666668,0.8066666666666668,0.0,0.9751622676849365,0.947151243686676,0.028011023998260498,0.9916477203369141,0.2760181725025177,0.7156295478343964,0.9894080739468336,-0.25236353278160095,1.2417716067284346
4039,go,tests,checks,configs,infrastructure,0.3799178428257963,0.3799178428257963,0.0,0.8333333333333334,0.8333333333333334,0.0,0.7496175604893281,0.7383966701746817,0.011220890314646459,0.8066666666666668,0.8066666666666668,0.0,0.9391008615493774,0.9329051375389099,0.006195724010467529,0.9759818315505981,0.6416287422180176,0.33435308933258057,0.9670642511919141,0.3792382478713989,0.5878260033205152
4041,go,test,check,config,infrastructure,0.8153551038173119,0.8153551038173119,0.0,0.9166666666666666,0.9166666666666666,0.0,0.8696958417185683,0.8631594317261466,0.006536409992421666,0.9139118457300276,0.9139118457300276,0.0,0.9769686460494995,0.9837385416030884,-0.006769895553588867,0.9377562999725342,0.0685267448425293,0.8692295551300049,0.9347762702964246,-0.0747886449098587,1.0095649152062833
4079,go,error,exception,warning,diagnostic,0.8003203203845001,0.8003203203845001,0.0,0.9333333333333333,0.9333333333333333,0.0,0.8881785602542732,0.8780758523435028,0.010102707910770392,0.9319727891156462,0.9319727891156462,0.0,0.986201286315918,0.9858656525611877,0.0003356337547302246,0.9736695289611816,0.9212587475776672,0.052410781383514404,0.970770186278969,0.9119352726265788,0.05883491365239024
4089,go,tests,checks,configs,infrastructure,0.8091067115702206,0.8091067115702206,0.0,0.8571428571428571,0.8571428571428571,0.0,0.8627333230850518,0.8535816456251528,0.009151677459898977,0.8551587301587302,0.8551587301587302,0.0,0.986101508140564,0.9747607111930847,0.011340796947479248,0.9806751608848572,0.02835603803396225,0.9523191228508949,0.9783267043530941,-0.6668455377221107,1.6451722420752048
4094,go,tests,checks,configs,infrastructure,0.5000000000000001,0.5000000000000001,0.0,0.875,0.875,0.0,0.8286265315571998,0.8203457925686786,0.008280738988521219,0.864795918367347,0.864795918367347,0.0,0.9774607419967651,0.966774046421051,0.010686695575714111,0.9711359143257141,0.9333994388580322,0.037736475467681885,0.964735250454396,0.9111905749887228,0.05354467546567321
4119,go,test,check,config,infrastructure,0.6580370064762461,0.6580370064762461,0.0,0.9090909090909091,0.9090909090909091,0.0,0.8770587966950614,0.8708509104696062,0.006207886225455206,0.8950617283950617,0.8950617283950617,0.0,0.9833359718322754,0.9630275964736938,0.020308375358581543,0.992222011089325,0.7910976409912109,0.201124370098114,0.9915652640047483,0.7812970783561468,0.2102681856486015
4153,go,test,check,config,infrastructure,0.42728700639623396,0.42728700639623396,0.0,0.8333333333333334,0.8333333333333334,0.0,0.7829890993380567,0.7729438311715756,0.010045268166481103,0.7500000000000001,0.7500000000000001,0.0,0.9764196276664734,0.9636458158493042,0.01277381181716919,0.9936467409133911,0.06383607536554337,0.9298106655478477,0.9933596614282578,-0.6054699644446373,1.5988296258728951
4203,go,tests,checks,configs,infrastructure,0.5946035575013604,0.5946035575013604,0.0,0.75,0.75,0.0,0.7352978361229782,0.719717700674524,0.015580135448454158,0.7361111111111112,0.7361111111111112,0.0,0.958469808101654,0.9469835162162781,0.011486291885375977,0.980974018573761,0.14526578783988953,0.8357082307338715,0.9759860965423286,-0.5692367255687714,1.5452228221111
4226,go,tests,checks,configs,infrastructure,0.9193227152249183,0.9193227152249183,0.0,0.9230769230769231,0.9230769230769231,0.0,0.924533332981536,0.9192102784272893,0.005323054554246642,0.9163223140495868,0.9163223140495868,0.0,0.9951017498970032,0.9862948060035706,0.008806943893432617,0.8786937594413757,0.03024711087346077,0.848446648567915,0.8614923041313887,-0.13242445513606071,0.9939167592674494
4236,go,tests,checks,configs,infrastructure,0.8633400213704508,0.8633400213704508,0.0,0.875,0.875,0.0,0.8826316035380034,0.874661264031933,0.0079703395060704,0.8737244897959183,0.8737244897959183,0.0,0.9783540368080139,0.9729584455490112,0.0053955912590026855,0.9669333696365356,0.017669130116701126,0.9492642395198345,0.9646039269864559,-0.47031746432185173,1.4349213913083076
4240,go,test,check,config,infrastructure,0.8931539818068699,0.8931539818068699,0.0,0.9090909090909091,0.9090909090909091,0.0,0.92605637775842,0.9197767787553548,0.006279599003065184,0.9086363636363638,0.9086363636363638,0.0,0.9993913173675537,0.9994066953659058,-1.537799835205078e-05,0.9901047348976135,0.12957161664962769,0.8605331182479858,0.9881855179555714,-0.6092616319656372,1.5974471499212086
4262,go,function,method,variable,close_entity,0.7598356856515927,0.7598356856515927,0.0,0.8333333333333334,0.8333333333333334,0.0,0.7648084797118877,0.7501833588122276,0.01462512089966006,0.8300000000000002,0.8300000000000002,0.0,0.986802875995636,0.9762948751449585,0.01050800085067749,0.9279565215110779,0.3408930003643036,0.5870635211467743,0.9184169983491302,0.20890307426452637,0.7095139240846038
4292,go,logs,traces,outputs,infrastructure,0.9184678024441791,0.9184678024441791,0.0,0.9666666666666667,0.9666666666666667,0.0,0.9573657643795488,0.9571662991869051,0.00019946519264368856,0.966508125247721,0.966508125247721,0.0,0.9944069981575012,0.9945717453956604,-0.0001647472381591797,0.5923749804496765,0.5770953893661499,0.015279591083526611,0.2562585771083832,0.19379153847694397,0.06246703863143921
4324,go,error,exception,warning,diagnostic,0.5000000000000001,0.5000000000000001,0.0,0.8571428571428571,0.8571428571428571,0.0,0.7115512468305347,0.6825690890607531,0.028982157769781636,0.8066666666666668,0.8066666666666668,0.0,0.9769777655601501,0.9566705226898193,0.02030724287033081,0.9335840344429016,0.35072916746139526,0.5828548669815063,0.8953037858009338,0.21032831072807312,0.6849754750728607
4332,go,method,function,attribute,close_entity,0.9475833735368085,0.9475833735368085,0.0,0.9777777777777777,0.9777777777777777,0.0,0.959676800170778,0.958776141076051,0.0009006590947270299,0.9755487804878049,0.9755487804878049,0.0,0.9961429834365845,0.9954749345779419,0.0006680488586425781,0.8791030645370483,0.71342933177948,0.16567373275756836,0.851127227768302,0.5404274463653564,0.3106997814029455
4337,go,function,method,variable,close_entity,0.9257518071011761,0.9257518071011761,0.0,0.9705882352941176,0.9705882352941176,0.0,0.9437730456937069,0.940668134769794,0.0031049109239128514,0.970480203100524,0.970480203100524,0.0,0.9982853531837463,0.9948732852935791,0.0034120678901672363,0.9675261974334717,0.8130095601081848,0.15451663732528687,0.9588554287329316,0.8017051815986633,0.15715024713426828
4337,go,error,exception,warning,diagnostic,0.7976501109363603,0.7976501109363603,0.0,0.9117647058823528,0.9117647058823528,0.0,0.8786971744809844,0.8676206006996003,0.011076573781384047,0.9107853339046336,0.9107853339046336,0.0,0.9855126738548279,0.9862093925476074,-0.000696718692779541,0.950132429599762,0.22124364972114563,0.7288887798786163,0.9249269310384989,-0.409033864736557,1.3339607957750559
4347,go,tests,checks,configs,infrastructure,0.9022090549437042,0.9022090549437042,0.0,0.9591836734693877,0.9591836734693877,0.0,0.9357515626410721,0.9323077832365502,0.003443779404521896,0.9582004174543164,0.9582004174543164,0.0,0.9960620999336243,0.9906507730484009,0.005411326885223389,0.9055826663970947,0.18084032833576202,0.7247423380613327,0.9009788390249014,0.1028195396065712,0.7981592994183302
4359,go,error,exception,warning,diagnostic,0.8492326635760686,0.8492326635760686,0.0,0.9473684210526315,0.9473684210526315,0.0,0.9127965168873373,0.9050385321551757,0.007757984732161605,0.9467186484730344,0.9467186484730344,0.0,0.9900320768356323,0.9899048805236816,0.0001271963119506836,0.9412194490432739,0.9766225814819336,-0.03540313243865967,0.8969793058931828,0.9761223812238313,-0.07914307533064857
4403,go,log,trace,output,infrastructure,0.6580370064762461,0.6580370064762461,0.0,0.9,0.9,0.0,0.8804512798396082,0.880106523750589,0.00034475608901929355,0.8950617283950617,0.8950617283950617,0.0,0.9886965751647949,0.9839065074920654,0.004790067672729492,0.4845212697982788,0.49032169580459595,-0.005800426006317139,0.06888848543167114,0.08977052569389343,-0.02088204026222229
4477,go,log,trace,output,infrastructure,0.82651681837938,0.82651681837938,0.0,0.9090909090909091,0.9090909090909091,0.0,0.870887119634983,0.8705276819248521,0.0003594377101309165,0.8950617283950617,0.8950617283950617,0.0,0.9888013601303101,0.9872300624847412,0.0015712976455688477,0.018550483509898186,0.06892284005880356,-0.05037235654890537,-0.7202778775244951,-0.3663116469979286,-0.3539662305265665
4881,go,error,exception,warning,diagnostic,0.8980003331500593,0.8980003331500593,0.0,0.9534883720930233,0.9534883720930233,0.0,0.9288870205240808,0.9226108318274782,0.006276188696602625,0.9533016061867936,0.9526237151197376,0.0006778910670559579,0.9947596788406372,0.9919158220291138,0.0028438568115234375,0.8497115969657898,0.6112068295478821,0.23850476741790771,0.7777025699615479,0.293032705783844,0.48466986417770386
4881,go,warning,alert,error,diagnostic,0.8921877278718925,0.8921877278718925,0.0,0.9534883720930233,0.9534883720930233,0.0,0.9099068267361967,0.9099068267361967,0.0,0.9533016061867936,0.9511157533583277,0.0021858528284659506,0.9972882270812988,0.9953295588493347,0.0019586682319641113,0.7472567558288574,0.5813864469528198,0.1658703088760376,0.6189461946487427,0.33860644698143005,0.2803397476673126
4881,go,logs,traces,outputs,infrastructure,0.9629257778548405,0.9629257778548405,0.0,0.9767441860465116,0.9767441860465116,0.0,0.9754589667974052,0.9753065933335613,0.00015237346384389117,0.9767375942625112,0.9767375942625112,0.0,0.9919431209564209,0.9953892230987549,-0.0034461021423339844,0.20277920365333557,0.6473782062530518,-0.4445990025997162,0.13731001317501068,0.626039294525981,-0.48872928135097027
4892,go,method,function,attribute,close_entity,0.8492326635760686,0.8492326635760686,0.0,0.9444444444444444,0.9444444444444444,0.0,0.9083138005503603,0.9081269987461815,0.00018680180417873782,0.943675509419454,0.943675509419454,0.0,0.9950068593025208,0.989652156829834,0.005354702472686768,0.9516302347183228,0.3510476052761078,0.600582629442215,0.9378036400303245,-0.06856074929237366,1.0063643893226981
4984,go,function,method,variable,close_entity,0.8633400213704508,0.8633400213704508,0.0,0.8888888888888888,0.8888888888888888,0.0,0.8382465399753053,0.827399731001182,0.010846808974123268,0.8880208333333333,0.8880208333333333,0.0,0.9892284274101257,0.9822882413864136,0.006940186023712158,0.9703071713447571,0.37950167059898376,0.5908055007457733,0.9643875658512115,0.058177679777145386,0.9062098860740662
4997,go,error,exception,warning,diagnostic,0.6580370064762461,0.6580370064762461,0.0,0.9,0.9,0.0,0.8595301561472727,0.846612000559713,0.01291815558755971,0.8950617283950617,0.8950617283950617,0.0,0.9816259145736694,0.9894839525222778,-0.007858037948608398,0.9953677654266357,0.9669626355171204,0.02840512990951538,0.9949828145618085,0.9667363090702565,0.028246505491551943
5010,go,tests,checks,configs,infrastructure,0.7825422900366438,0.7825422900366438,0.0,0.9,0.9,0.0,0.8519602509638152,0.8446522700991944,0.007307980864620811,0.8950617283950617,0.8950617283950617,0.0,0.9774506092071533,0.9684401154518127,0.009010493755340576,0.9943991303443909,0.09366360306739807,0.9007355272769928,0.9933046088553965,-0.40089720487594604,1.3942018137313426
44,java,method,function,attribute,close_entity,0.8423626743789753,0.8423626743789753,0.0,0.9230769230769231,0.9230769230769231,0.0,0.8710295640951392,0.86843448707945,0.0025950770156891734,0.920940170940171,0.920940170940171,0.0,0.9927235841751099,0.9882491230964661,0.004474461078643799,0.8197252750396729,0.0204058475792408,0.799319427460432,0.8020442798733711,-0.5024584345519543,1.3045027144253254
253,java,method,function,attribute,close_entity,0.5946035575013604,0.5946035575013604,0.0,0.8333333333333334,0.8333333333333334,0.0,0.8266217832755516,0.82332509475402,0.0032966885215315322,0.864795918367347,0.864795918367347,0.0,0.9962563514709473,0.9911155700683594,0.005140781402587891,0.89305180311203,0.15073908865451813,0.7423127144575119,0.8453391119837761,-0.34895722568035126,1.1942963376641273
523,java,method,function,attribute,close_entity,0.3799178428257963,0.3799178428257963,0.0,0.8333333333333334,0.8333333333333334,0.0,0.8026257999148136,0.798990831364194,0.0036349685506196217,0.8066666666666668,0.8066666666666668,0.0,0.9959326386451721,0.9890144467353821,0.006918191909790039,0.9685714244842529,0.525412380695343,0.4431590437889099,0.9625061256811023,0.39315664768218994,0.5693494779989123
731,java,method,function,attribute,close_entity,0.6606328636027612,0.6606328636027612,0.0,0.8888888888888888,0.8888888888888888,0.0,0.8230364621966589,0.8196874097255292,0.00334905247112971,0.8819444444444444,0.8819444444444444,0.0,0.9943222403526306,0.9903502464294434,0.003971993923187256,0.9346440434455872,0.055666904896497726,0.8789771385490894,0.9131869971752167,-0.7594018764793873,1.672588873654604
1508,java,import,include,export,directional,0.5969491792019644,0.5969491792019644,0.0,0.8333333333333334,0.8333333333333334,0.0,0.8404619195073786,0.9058585844143391,-0.0653966649069605,0.8819444444444444,0.8819444444444444,0.0,0.9845088720321655,0.9929183721542358,-0.008409500122070312,0.4314332604408264,0.0019100145436823368,0.4295232458971441,-0.0679672360420227,-0.9823165102861822,0.9143492742441595
2143,java,import,include,export,directional,0.5000000000000001,0.5000000000000001,0.0,0.875,0.875,0.0,0.8498077877162507,0.9114232923185939,-0.06161550460234322,0.864795918367347,0.864795918367347,0.0,0.9677846431732178,0.9890867471694946,-0.021302103996276855,0.8321245908737183,0.001418561558239162,0.8307060293154791,0.7504358813166618,-0.984178154845722,1.7346140361623839
2218,java,class,type,module,close_entity,0.6580370064762461,0.6580370064762461,0.0,0.8888888888888888,0.8888888888888888,0.0,0.8120029645771641,0.8077783332279991,0.0042246313491650644,0.8950617283950617,0.8950617283950617,0.0,0.9898979663848877,0.9893788695335388,0.000519096851348877,0.9879486560821533,0.8135235905647278,0.17442506551742554,0.9842396648600698,0.6798744797706604,0.30436518508940935
2218,java,log,trace,output,infrastructure,0.7071067811865478,0.7071067811865478,0.0,0.8888888888888888,0.8888888888888888,0.0,0.8500212653750279,0.8496976445039782,0.00032362087104964576,0.8950617283950617,0.8950617283950617,0.0,0.987309455871582,0.9818741679191589,0.005435287952423096,0.8758583664894104,0.7221543192863464,0.15370404720306396,0.7956176176667213,0.4873625785112381,0.30825503915548325
2535,java,method,function,attribute,close_entity,0.8633400213704508,0.8633400213704508,0.0,0.8888888888888888,0.8888888888888888,0.0,0.8611772440521022,0.8572691075625647,0.003908136489537473,0.8880208333333333,0.8880208333333333,0.0,0.9921818375587463,0.9856868386268616,0.006494998931884766,0.8741793036460876,0.3384566605091095,0.5357226431369781,0.8664893722161651,0.2894393838942051,0.57704998832196
2698,java,tests,checks,configs,infrastructure,0.7016879391277372,0.7016879391277372,0.0,0.8571428571428571,0.8571428571428571,0.0,0.867041339532936,0.8603876720918875,0.006653667441048561,0.9054545454545455,0.9054545454545455,0.0,0.9881312847137451,0.9821949601173401,0.005936324596405029,0.942487895488739,0.027584774419665337,0.9149031210690737,0.9389212876558304,-0.19754748232662678,1.1364687699824572
2796,java,methods,functions,attributes,close_entity,0.8242367502646057,0.8242367502646057,0.0,0.9166666666666666,0.9166666666666666,0.0,0.8985373294249598,0.8964261053553719,0.002111224069587858,0.9319727891156462,0.9319727891156462,0.0,0.9961707592010498,0.9921144843101501,0.004056274890899658,0.8109238147735596,0.0028967654798179865,0.8080270492937416,0.7807432860136032,-0.30779319046996534,1.0885364764835685
2829,java,test,check,config,infrastructure,0.6580370064762461,0.6580370064762461,0.0,0.875,0.875,0.0,0.8191201418100401,0.8104568260053518,0.008663315804688265,0.8950617283950617,0.8950617283950617,0.0,0.9841242432594299,0.969592809677124,0.014531433582305908,0.67633455991745,0.01645798422396183,0.6598765756934881,0.4208149015903473,-0.8602213766425848,1.281036278232932
3290,java,import,include,export,directional,0.537284965911771,0.537284965911771,0.0,0.8333333333333334,0.8333333333333334,0.0,0.7666591034123162,0.874867123046677,-0.10820801963436077,0.8066666666666668,0.8066666666666668,0.0,0.9569939374923706,0.9884843826293945,-0.031490445137023926,0.9019669890403748,0.005822684615850449,0.8961443044245243,0.8453471586108208,-0.9725491143763065,1.8178962729871273
3601,java,test,check,config,infrastructure,0.855526185871245,0.855526185871245,0.0,0.9090909090909091,0.9090909090909091,0.0,0.8999207513207038,0.8943365150002924,0.005584236320411384,0.9268808114961962,0.9268808114961962,0.0,0.9804470539093018,0.9720321893692017,0.008414864540100098,0.9949474334716797,0.19874930381774902,0.7961981296539307,0.9940384474466555,-0.3738456964492798,1.3678841438959353
3883,java,log,trace,output,infrastructure,0.8091067115702206,0.8091067115702206,0.0,0.8571428571428571,0.8571428571428571,0.0,0.9167256324266131,0.9122583624894098,0.004467269937203255,0.8551587301587302,0.8551587301587302,0.0,0.9990665912628174,0.9995805621147156,-0.0005139708518981934,0.9438551664352417,0.7078713178634644,0.23598384857177734,0.938973689917475,0.5165533572435379,0.4224203326739371
4431,java,input,entry,output,directional,0.9025139799587889,0.9025139799587889,0.0,0.96,0.96,0.0,0.9426468986311393,0.9624178325018575,-0.019770933870718266,0.9640897511267882,0.9640897511267882,0.0,0.9926586747169495,0.9933596253395081,-0.0007009506225585938,0.8245548605918884,0.00019941279606427997,0.8243554477958241,0.8125678999349475,-0.9887314682273427,1.8012993681622902
4431,java,inputs,entries,outputs,directional,0.8020219183488042,0.8020219183488042,0.0,0.92,0.92,0.0,0.8850782205583763,0.9249557013474036,-0.03987748078902731,0.9278581994928149,0.9278581994928149,0.0,0.986355721950531,0.9924848675727844,-0.006129145622253418,0.10169366747140884,0.0029325131326913834,0.09876115433871746,-0.7321162447333336,-0.9205275531858206,0.188411308452487
4471,java,methods,functions,attributes,close_entity,0.7506238537503396,0.7506238537503396,0.0,0.8571428571428571,0.8571428571428571,0.0,0.8070765694131673,0.8035021810587258,0.00357438835444146,0.8819444444444444,0.8819444444444444,0.0,0.9806345701217651,0.9689363837242126,0.01169818639755249,0.9966220855712891,0.7759556174278259,0.22066646814346313,0.996010200062301,0.6600169613957405,0.3359932386665605
4664,java,tests,checks,configs,infrastructure,0.4889230224349009,0.4889230224349009,0.0,0.8333333333333334,0.8333333333333334,0.0,0.8191201418100401,0.8104568260053518,0.008663315804688265,0.8412698412698414,0.8412698412698414,0.0,0.984428882598877,0.9725573658943176,0.011871516704559326,0.9768142104148865,0.06646654009819031,0.9103476703166962,0.9717978131957352,-0.6910193860530853,1.6628171992488205
4825,java,test,check,config,infrastructure,0.6580370064762461,0.6580370064762461,0.0,0.9,0.9,0.0,0.8876391846069639,0.8819118377300987,0.005727346876865158,0.8950617283950617,0.8950617283950617,0.0,0.9886693954467773,0.9778403043746948,0.01082909107208252,0.9778587222099304,0.09571831673383713,0.8821404054760933,0.971166281029582,0.05847066640853882,0.9126956146210432
4944,java,functions,methods,variables,close_entity,0.6580370064762461,0.6580370064762461,0.0,0.8888888888888888,0.8888888888888888,0.0,0.7992958089415193,0.789638081091684,0.009657727849835318,0.8950617283950617,0.8950617283950617,0.0,0.9899011254310608,0.984522819519043,0.005378305912017822,0.9914537668228149,0.025216463953256607,0.9662373028695583,0.9898283022921532,-0.8119090758264065,1.8017373781185597
5257,java,test,check,config,infrastructure,0.4889230224349009,0.4889230224349009,0.0,0.8571428571428571,0.8571428571428571,0.0,0.8997196411522933,0.8945531976539097,0.005166443498383577,0.8412698412698414,0.8412698412698414,0.0,0.9930650591850281,0.98427414894104,0.008790910243988037,0.992218017578125,0.7187849283218384,0.2734330892562866,0.9908493203110993,0.6711893975734711,0.3196599227376282
5346,java,class,type,module,close_entity,0.8153551038173119,0.8153551038173119,0.0,0.9090909090909091,0.9090909090909091,0.0,0.8715973336601681,0.8683252310335828,0.0032721026265852826,0.9363888888888889,0.9363888888888889,0.0,0.9904714226722717,0.9934763312339783,-0.003004908561706543,0.009169088676571846,0.0006734537892043591,0.008495634887367487,-0.8330086003988981,-0.919984717387706,0.08697611698880792
6117,java,imports,includes,exports,directional,0.7598356856515927,0.7598356856515927,0.0,0.75,0.75,0.0,0.7539062034614369,0.8105260989681278,-0.05661989550669089,0.8300000000000002,0.8300000000000002,0.0,0.9745699167251587,0.9894251227378845,-0.01485520601272583,0.43982744216918945,0.006578548811376095,0.43324889335781336,0.10425800085067749,-0.972608701325953,1.0768667021766305
6182,java,method,function,attribute,close_entity,0.6606328636027612,0.6606328636027612,0.0,0.8888888888888888,0.8888888888888888,0.0,0.8300645693703701,0.8268187650118493,0.003245804358520843,0.8819444444444444,0.8819444444444444,0.0,0.9922849535942078,0.9831098318099976,0.009175121784210205,0.9830771088600159,0.9275657534599304,0.05551135540008545,0.9806065573357046,0.8983300607651472,0.08227649657055736
6334,java,test,check,config,infrastructure,0.8787419089273847,0.8787419089273847,0.0,0.9500000000000001,0.9500000000000001,0.0,0.9366710353219837,0.9333017459807151,0.0033692893412685665,0.9561624146604384,0.9561624146604384,0.0,0.9878652095794678,0.9877517819404602,0.00011342763900756836,0.9502754807472229,0.09570376574993134,0.8545717149972916,0.9476942175533623,-0.34125421941280365,1.288948436966166
6558,java,methods,functions,attributes,close_entity,0.9036020036098446,0.9036020036098446,0.0,0.9,0.9,0.0,0.8995347855429549,0.8969306195665044,0.002604165976450412,0.9163223140495868,0.9163223140495868,0.0,0.9951015710830688,0.9901416897773743,0.00495988130569458,0.78911954164505,0.23966079950332642,0.5494587421417236,0.7759825624525547,0.16621115058660507,0.6097714118659496
6563,java,logs,traces,outputs,infrastructure,0.8408964152537145,0.8408964152537145,0.0,0.875,0.875,0.0,0.9074503068635761,0.9069391830078799,0.0005111238556961828,0.8737244897959183,0.8737244897959183,0.0,0.9852274656295776,0.982979953289032,0.0022475123405456543,0.5580483078956604,0.4582834541797638,0.0997648537158966,0.37108659744262695,0.2717565596103668,0.09933003783226013
6927,java,function,method,variable,close_entity,0.82651681837938,0.82651681837938,0.0,0.8571428571428571,0.8571428571428571,0.0,0.8841323479340165,0.8768316455507033,0.007300702383313262,0.9139118457300276,0.9139118457300276,0.0,0.9950603246688843,0.9881548881530762,0.0069054365158081055,0.6653649806976318,0.03534843400120735,0.6300165466964245,0.6472176294773817,-0.09193485602736473,0.7391524855047464
7015,java,class,type,module,close_entity,0.7348889200874659,0.7348889200874659,0.0,0.8888888888888888,0.8888888888888888,0.0,0.8167309026333084,0.8125686999465485,0.0041622026867599304,0.9139118457300276,0.9139118457300276,0.0,0.9832272529602051,0.9886908531188965,-0.005463600158691406,0.792555034160614,0.5669528841972351,0.2256021499633789,0.6489544808864594,0.23271450400352478,0.41623997688293457
7120,java,test,check,config,infrastructure,0.7825422900366438,0.7825422900366438,0.0,0.8571428571428571,0.8571428571428571,0.0,0.9077569903212712,0.9044477842288701,0.0033092060924011513,0.8950617283950617,0.8950617283950617,0.0,0.9814477562904358,0.9851624965667725,-0.00371474027633667,0.8696342706680298,0.09297426044940948,0.7766600102186203,0.816130381077528,-0.5824365466833115,1.3985669277608395
7460,java,tests,checks,configs,infrastructure,0.7071067811865478,0.7071067811865478,0.0,0.8888888888888888,0.8888888888888888,0.0,0.8642763170997741,0.8575011756703432,0.00677514142943092,0.8950617283950617,0.8950617283950617,0.0,0.9825817346572876,0.9792521595954895,0.0033295750617980957,0.9684740900993347,0.004568666685372591,0.9639054234139621,0.9637798466719687,-0.8225916917435825,1.7863715384155512
7768,java,test,check,config,infrastructure,0.3781790427652475,0.3781790427652475,0.0,0.8000000000000002,0.8000000000000002,0.0,0.6913135087796377,0.6776778009557057,0.013635707823931975,0.8030303030303031,0.8030303030303031,0.0,0.9704774618148804,0.961525559425354,0.008951902389526367,0.783011257648468,0.002971238223835826,0.7800400194246322,0.6629612892866135,-0.9659506615716964,1.6289119508583099
8020,java,warning,alert,error,diagnostic,0.7016879391277372,0.7016879391277372,0.0,0.9090909090909091,0.9090909090909091,0.0,0.8395117285169504,0.8366182088562142,0.0028935196607362546,0.9054545454545455,0.9054545454545455,0.0,0.9921505451202393,0.9895767569541931,0.0025737881660461426,0.6611098051071167,0.5762408971786499,0.0848689079284668,0.35988786816596985,0.2727949023246765,0.08709296584129333
8573,java,test,check,config,infrastructure,0.3799178428257963,0.3799178428257963,0.0,0.8333333333333334,0.8333333333333334,0.0,0.7755113984542052,0.7651943190697988,0.010317079384406402,0.8066666666666668,0.8066666666666668,0.0,0.981902003288269,0.9560136198997498,0.025888383388519287,0.9872521162033081,0.27974972128868103,0.7075023949146271,0.9840666193049401,-0.031034141778945923,1.015100761083886
8755,java,error,exception,warning,diagnostic,0.8371170098777919,0.8371170098777919,0.0,0.9285714285714286,0.9285714285714286,0.0,0.9020107990727397,0.8932339890616702,0.008776810011069558,0.9363888888888889,0.9363888888888889,0.0,0.9887741208076477,0.9912446737289429,-0.002470552921295166,0.9893693923950195,0.8097848892211914,0.17958450317382812,0.9878513913135976,0.7782889753580093,0.20956241595558822
8755,java,inputs,entries,outputs,directional,0.8153551038173119,0.8153551038173119,0.0,0.9285714285714286,0.9285714285714286,0.0,0.9001233546849593,0.9347626875118027,-0.034639332826843394,0.9363888888888889,0.9363888888888889,0.0,0.9881569743156433,0.9928433895111084,-0.004686415195465088,0.9048672318458557,0.019657855853438377,0.8852093759924173,0.8814842514693737,-0.8869772497564554,1.7684615012258291
8796,java,functions,methods,variables,close_entity,0.7419446627365011,0.7419446627365011,0.0,0.9,0.9,0.0,0.8363271781581137,0.8281553462434181,0.008171831914695615,0.9054545454545455,0.9054545454545455,0.0,0.9952118396759033,0.9895470142364502,0.005664825439453125,0.9778423309326172,0.07073497772216797,0.9071073532104492,0.9753999297972769,-0.7651185989379883,1.7405185287352651
8833,java,tests,checks,configs,infrastructure,0.9036020036098446,0.9036020036098446,0.0,0.9375,0.9375,0.0,0.9224949116530439,0.9176882263602877,0.004806685292756185,0.9494459833795015,0.9494459833795015,0.0,0.9880290627479553,0.9855378866195679,0.002491176128387451,0.6482889652252197,0.002258020220324397,0.6460309450048953,0.6403344487771392,-0.6072958533186466,1.2476303020957857
9274,java,method,function,attribute,close_entity,0.8895260356363631,0.8895260356363631,0.0,0.9523809523809523,0.9523809523809523,0.0,0.9264285329685272,0.9248464140272746,0.0015821189412525971,0.9597222222222221,0.9597222222222221,0.0,0.9973337650299072,0.9934417605400085,0.0038920044898986816,0.7811033725738525,0.20708216726779938,0.5740212053060532,0.7037423998117447,-0.20114944875240326,0.904891848564148
9389,java,tests,checks,configs,infrastructure,0.8003203203845001,0.8003203203845001,0.0,0.8888888888888888,0.8888888888888888,0.0,0.9055233953623759,0.9006310761297428,0.004892319232633113,0.9319727891156462,0.9319727891156462,0.0,0.9866909384727478,0.9844768047332764,0.0022141337394714355,0.9133122563362122,0.023570243269205093,0.8897420130670071,0.9050764748826623,-0.4652909003198147,1.370367375202477
9513,java,method,function,attribute,close_entity,0.7071067811865478,0.7071067811865478,0.0,0.8888888888888888,0.8888888888888888,0.0,0.8070765694131673,0.8107336922836551,-0.0036571228704878056,0.8950617283950617,0.8950617283950617,0.0,0.9940505623817444,0.9884910583496094,0.00555950403213501,0.9788917303085327,0.28968867659568787,0.6892030537128448,0.9705091388896108,-0.3046201765537262,1.275129315443337
9522,java,tests,checks,configs,infrastructure,0.8492326635760686,0.8492326635760686,0.0,0.9411764705882353,0.9411764705882353,0.0,0.9298715394529948,0.9261622904279997,0.0037092490249951426,0.9467186484730344,0.9467186484730344,0.0,0.9877530336380005,0.9804179072380066,0.0073351263999938965,0.9867256879806519,0.570737361907959,0.41598832607269287,0.9850916415452957,0.28561219573020935,0.6994794458150864
10342,java,method,function,attribute,close_entity,0.7506238537503396,0.7506238537503396,0.0,0.8333333333333334,0.8333333333333334,0.0,0.8664548302493619,0.8631276364972617,0.0033271937521002215,0.8819444444444444,0.8819444444444444,0.0,0.9944358468055725,0.9880822896957397,0.006353557109832764,0.9577516913414001,0.5782821178436279,0.3794695734977722,0.9458353370428085,0.5038668289780617,0.44196850806474686
10355,java,argument,parameter,keyword,close_entity,0.5000000000000001,0.5000000000000001,0.0,0.875,0.875,0.0,0.7678612916526211,0.7560730352142887,0.011788256438332367,0.864795918367347,0.864795918367347,0.0,0.9918864965438843,0.9778440594673157,0.014042437076568604,0.9871532320976257,0.15049849450588226,0.8366547375917435,0.983458966948092,-0.3067965656518936,1.2902555325999856
10373,java,methods,functions,attributes,close_entity,0.7348889200874659,0.7348889200874659,0.0,0.9,0.9,0.0,0.9202642525056989,0.9185618551194756,0.0017023973862232422,0.9139118457300276,0.9139118457300276,0.0,0.9969870448112488,0.9935915470123291,0.0033954977989196777,0.9871364831924438,0.04694057255983353,0.9401959106326103,0.9860456007299945,-0.10973633080720901,1.0957819315372035
11189,java,tests,checks,configs,infrastructure,0.7071067811865478,0.7071067811865478,0.0,0.8571428571428571,0.8571428571428571,0.0,0.8557622701063288,0.8473350228768214,0.008427247229507384,0.864795918367347,0.864795918367347,0.0,0.9864030480384827,0.9723528623580933,0.014050185680389404,0.9838618636131287,0.002148417290300131,0.9817134463228285,0.9815109793562442,-0.9456376158632338,1.927148595219478
11310,java,methods,functions,attributes,close_entity,0.8091067115702206,0.8091067115702206,0.0,0.9230769230769231,0.9230769230769231,0.0,0.8748013935117273,0.8722704319969753,0.0025309615147519615,0.9268808114961962,0.9268808114961962,0.0,0.9963574409484863,0.9899215698242188,0.006435871124267578,0.9674742221832275,0.5384345054626465,0.42903971672058105,0.963603843934834,0.33356402814388275,0.6300398157909513
11310,java,parameters,arguments,constants,close_entity,0.855526185871245,0.855526185871245,0.0,0.9230769230769231,0.9230769230769231,0.0,0.8654167970380634,0.8535791005799201,0.011837696458143254,0.9268808114961962,0.9268808114961962,0.0,0.9954139590263367,0.9910886287689209,0.0043253302574157715,0.8844666481018066,0.0009492034441791475,0.8835174446576275,0.8790894253179431,-0.7880861168378033,1.6671755421557464
11548,java,methods,functions,attributes,close_entity,0.7825422900366438,0.7825422900366438,0.0,0.8888888888888888,0.8888888888888888,0.0,0.8300645693703701,0.8268187650118493,0.003245804358520843,0.8950617283950617,0.8950617283950617,0.0,0.9950820207595825,0.9902756214141846,0.004806399345397949,0.9076690077781677,0.031927548348903656,0.8757414594292641,0.8520610108971596,-0.7375336065888405,1.589594617486
12259,java,tests,checks,configs,infrastructure,0.82651681837938,0.82651681837938,0.0,0.8888888888888888,0.8888888888888888,0.0,0.8752953847274121,0.8678789838691182,0.00741640085829387,0.9139118457300276,0.9139118457300276,0.0,0.9825171828269958,0.9714860916137695,0.011031091213226318,0.9772242307662964,0.005066319834440947,0.9721579109318554,0.9759257235564291,-0.48398079024627805,1.4599065138027072
12616,java,method,function,attribute,close_entity,0.855526185871245,0.855526185871245,0.0,0.9285714285714286,0.9285714285714286,0.0,0.8690570699178213,0.8664287455480866,0.0026283243697347025,0.9268808114961962,0.9268808114961962,0.0,0.9940385818481445,0.9893316030502319,0.004706978797912598,0.8394142389297485,0.01296770665794611,0.8264465322718024,0.8204573523253202,-0.02806402649730444,0.8485213788226247
12655,java,test,check,config,infrastructure,0.9533589351059681,0.9533589351059681,0.0,0.9523809523809523,0.9523809523809523,0.0,0.9486601877442579,0.9442071021252127,0.004453085619045116,0.9564768235716853,0.9564768235716853,0.0,0.9994940757751465,0.9997063875198364,-0.0002123117446899414,0.9755750894546509,0.07953757047653198,0.8960375189781189,0.9733199742622674,-0.6903362274169922,1.6636562016792595
12904,java,imports,includes,exports,directional,0.7348889200874659,0.7348889200874659,0.0,0.8888888888888888,0.8888888888888888,0.0,0.8526841739891171,0.9131347008317043,-0.06045052684258723,0.9139118457300276,0.9139118457300276,0.0,0.9778450727462769,0.9951711893081665,-0.01732611656188965,0.61829674243927,0.0030134159605950117,0.615283326478675,0.29434335231781006,-0.9380408686120063,1.2323842209298164
12961,java,error,exception,warning,diagnostic,0.7825422900366438,0.7825422900366438,0.0,0.875,0.875,0.0,0.8159924588042535,0.7986148862068273,0.017377572597426227,0.8950617283950617,0.8950617283950617,0.0,0.988637387752533,0.9899133443832397,-0.0012759566307067871,0.9775249361991882,0.8306177258491516,0.14690721035003662,0.9753053428139538,0.8164532165974379,0.1588521262165159
13031,java,comment,note,command,infrastructure,0.7825422900366438,0.7825422900366438,0.0,0.9166666666666666,0.9166666666666666,0.0,0.8485368499989856,0.9009236469514522,-0.05238679695246662,0.9268808114961962,0.9268808114961962,0.0,0.9853713512420654,0.9734494090080261,0.011921942234039307,0.9818567633628845,0.27772584557533264,0.7041309177875519,0.9762746398337185,-0.017835915088653564,0.9941105549223721
13802,java,class,type,module,close_entity,0.5731224484094259,0.5731224484094259,0.0,0.8181818181818182,0.8181818181818182,0.0,0.8070423588135083,0.8028519934819588,0.004190365331549484,0.8504464285714286,0.8504464285714286,0.0,0.9761090278625488,0.984843909740448,-0.00873488187789917,0.5831423997879028,0.10236377269029617,0.48077862709760666,0.26953181624412537,-0.60875254124403,0.8782843574881554
13839,java,log,trace,output,infrastructure,0.9306048591020994,0.9306048591020994,0.0,0.9285714285714286,0.9285714285714286,0.0,0.942226584343431,0.9417412992817679,0.000485285061663121,0.9373611111111111,0.9373611111111111,0.0,0.9829530119895935,0.9857146739959717,-0.002761662006378174,0.3349076509475708,0.4044792652130127,-0.0695716142654419,0.055109381675720215,0.04517483711242676,0.009934544563293457
13862,java,parameters,arguments,constants,close_entity,0.7506238537503396,0.7506238537503396,0.0,0.8571428571428571,0.8571428571428571,0.0,0.7510221207782806,0.73181842964502,0.019203691133260592,0.8819444444444444,0.8819444444444444,0.0,0.9931809306144714,0.9853710532188416,0.007809877395629883,0.8847852349281311,0.025441689416766167,0.8593435455113649,0.8306713216006756,-0.9186927247792482,1.7493640463799238
13862,java,log,trace,output,infrastructure,0.7506238537503396,0.7506238537503396,0.0,0.8571428571428571,0.8571428571428571,0.0,0.8698739656660373,0.8694781268104563,0.00039583885558092113,0.8819444444444444,0.8819444444444444,0.0,0.9841259717941284,0.9830846786499023,0.0010412931442260742,0.1779761165380478,0.05372382327914238,0.12425229325890541,-0.5676584988832474,-0.8040014393627644,0.23634294047951698
14244,java,bug,issue,feature,diagnostic,0.913071494040541,0.913071494040541,0.0,0.9473684210526315,0.9473684210526315,0.0,0.9514817068332778,0.9476095278062252,0.0038721790270526135,0.9640897511267882,0.9640897511267882,0.0,0.9965724945068359,0.9934759736061096,0.0030965209007263184,0.43326425552368164,0.07937008887529373,0.3538941666483879,0.43021263601258397,0.07567118504084647,0.3545414509717375
14439,java,log,trace,output,infrastructure,0.9554427922043663,0.9554427922043663,0.0,0.9545454545454546,0.9545454545454546,0.0,0.9681864667876195,0.966378034089651,0.0018084326979685983,0.9582939508506617,0.9582939508506617,0.0,0.9995109438896179,0.9993388652801514,0.00017207860946655273,0.004349471069872379,0.034658581018447876,-0.030309109948575497,-0.9832310667261481,-0.903058797121048,-0.08017226960510015
14443,java,method,function,attribute,close_entity,0.7691605673134587,0.7691605673134587,0.0,0.9090909090909091,0.9090909090909091,0.0,0.8154012366182445,0.8188735601047054,-0.003472323486460871,0.9139118457300276,0.9139118457300276,0.0,0.9955280423164368,0.9883745908737183,0.007153451442718506,0.9942223429679871,0.9555972218513489,0.038625121116638184,0.9930916443699971,0.9450633954256773,0.048028248944319785
15564,java,method,function,attribute,close_entity,0.5000000000000001,0.5000000000000001,0.0,0.8571428571428571,0.8571428571428571,0.0,0.8192995573653217,0.819256824512624,4.27328526976245e-05,0.864795918367347,0.864795918367347,0.0,0.9942523837089539,0.9839954376220703,0.010256946086883545,0.9812429547309875,0.6949090957641602,0.2863338589668274,0.9776537020225078,0.5886405855417252,0.38901311648078263
15564,java,warning,alert,error,diagnostic,0.8408964152537145,0.8408964152537145,0.0,0.8571428571428571,0.8571428571428571,0.0,0.8664087295014279,0.8630485118385616,0.003360217662866316,0.8737244897959183,0.8737244897959183,0.0,0.9908392429351807,0.9923392534255981,-0.0015000104904174805,0.9880557060241699,0.710185170173645,0.2778705358505249,0.987312723940704,0.6985840564593673,0.28872866748133674
15696,java,method,function,attribute,close_entity,0.7825422900366438,0.7825422900366438,0.0,0.8888888888888888,0.8888888888888888,0.0,0.836555265306882,0.8334069971123033,0.003148268194578696,0.8950617283950617,0.8950617283950617,0.0,0.9949745535850525,0.9884134531021118,0.006561100482940674,0.288006067276001,0.006476479582488537,0.28152958769351244,-0.28278815746307373,-0.9117981614544988,0.629010003991425
17314,java,test,check,config,infrastructure,0.8492326635760686,0.8492326635760686,0.0,0.9375,0.9375,0.0,0.9153238574410227,0.9109013103254844,0.0044225471155383556,0.9402573529411764,0.9402573529411764,0.0,0.9910769462585449,0.9834997653961182,0.007577180862426758,0.9191091656684875,0.4157325327396393,0.5033766329288483,0.9090245272964239,0.30877604335546494,0.600248483940959
17420,java,test,check,config,infrastructure,0.6606328636027612,0.6606328636027612,0.0,0.8888888888888888,0.8888888888888888,0.0,0.9298715394529948,0.9261622904279997,0.0037092490249951426,0.8819444444444444,0.8819444444444444,0.0,0.9882402420043945,0.9866369962692261,0.001603245735168457,0.9684149622917175,0.054811324924230576,0.913603637367487,0.9604675099253654,-0.55483153834939,1.5152990482747555
17487,java,warning,alert,error,diagnostic,0.5000000000000001,0.5000000000000001,0.0,0.8000000000000002,0.8000000000000002,0.0,0.7537457406284428,0.7494279427148772,0.004317797913565569,0.864795918367347,0.864795918367347,0.0,0.9925256371498108,0.9774584770202637,0.01506716012954712,0.9926238059997559,0.890603244304657,0.10202056169509888,0.9916201196610928,0.8708234690129757,0.12079665064811707
17966,java,method,function,attribute,close_entity,0.8787419089273847,0.8787419089273847,0.0,0.9444444444444444,0.9444444444444444,0.0,0.9063076822202798,0.9061205928669583,0.00018708935332145682,0.9561624146604384,0.9561624146604384,0.0,0.996272623538971,0.9919975996017456,0.004275023937225342,0.9791978597640991,0.859201192855835,0.11999666690826416,0.9788431255146861,0.851391535717994,0.12745158979669213
18046,java,method,function,attribute,close_entity,0.7071067811865478,0.7071067811865478,0.0,0.875,0.875,0.0,0.7825566980014422,0.7826672198598976,-0.00011052185845539242,0.864795918367347,0.864795918367347,0.0,0.9901312589645386,0.9780799746513367,0.012051284313201904,0.9798830151557922,0.42281225323677063,0.5570707619190216,0.9744529072195292,0.30784428864717484,0.6666086185723543
18180,java,test,check,config,infrastructure,0.865603055254171,0.865603055254171,0.0,0.9473684210526315,0.9473684210526315,0.0,0.9204791232311436,0.916307160481741,0.004171962749402569,0.9519047619047619,0.9519047619047619,0.0,0.9930989742279053,0.9828523397445679,0.010246634483337402,0.9823231101036072,0.1786949187517166,0.8036281913518906,0.9793194027151912,-0.48540984094142914,1.4647292436566204
18205,java,class,type,module,close_entity,0.8895260356363631,0.8895260356363631,0.0,0.9500000000000001,0.9500000000000001,0.0,0.9375411604142398,0.9357416243819847,0.0017995360322551335,0.9519047619047619,0.9519047619047619,0.0,0.995471715927124,0.9964408278465271,-0.0009691119194030762,0.8000090718269348,0.2864125669002533,0.5135965049266815,0.6561605483293533,-0.3569992482662201,1.0131597965955734
18459,java,class,type,module,close_entity,0.4111336169005198,0.4111336169005198,0.0,0.8000000000000002,0.8000000000000002,0.0,0.8295860606070741,0.8256050595908545,0.003981001016219565,0.8412698412698414,0.8412698412698414,0.0,0.989136815071106,0.9864956736564636,0.002641141414642334,0.0009505076450295746,0.0009047499042935669,4.575774073600769e-05,-0.9941338376956992,-0.9919658789294772,-0.002167958766222
18838,java,log,trace,output,infrastructure,0.82651681837938,0.82651681837938,0.0,0.9090909090909091,0.9090909090909091,0.0,0.9068871043748339,0.9065605496816854,0.00032655469314846197,0.9139118457300276,0.9139118457300276,0.0,0.9907851219177246,0.9927289485931396,-0.001943826675415039,0.10063757002353668,0.13532230257987976,-0.03468473255634308,-0.746401235461235,-0.6442514955997467,-0.10214973986148834
19035,java,tests,checks,configs,infrastructure,0.8153551038173119,0.8153551038173119,0.0,0.9333333333333333,0.9333333333333333,0.0,0.9291103889382533,0.9253633449077021,0.00374704403055115,0.9363888888888889,0.9363888888888889,0.0,0.9937225580215454,0.9878792762756348,0.0058432817459106445,0.9432463645935059,0.0035365174990147352,0.9397098470944911,0.9406141792424023,-0.11122414958663285,1.0518383288290352
19469,java,methods,functions,attributes,close_entity,0.8931539818068699,0.8931539818068699,0.0,0.9090909090909091,0.9090909090909091,0.0,0.8980495297201051,0.8954114739098884,0.0026380558102166995,0.9086363636363638,0.9086363636363638,0.0,0.9941742420196533,0.9873405694961548,0.006833672523498535,0.7796409726142883,0.01963421143591404,0.7600067611783743,0.6896350607275963,-0.3989087101072073,1.0885437708348036
19622,java,bug,issue,feature,diagnostic,0.8153551038173119,0.8153551038173119,0.0,0.9333333333333333,0.9333333333333333,0.0,0.9398345332006315,0.937635318719223,0.0021992144814084735,0.9363888888888889,0.9363888888888889,0.0,0.9973642826080322,0.9936496019363403,0.0037146806716918945,0.9365447759628296,0.19804367423057556,0.738501101732254,0.9344292473979294,-0.26872557401657104,1.2031548214145005
19684,java,tests,checks,configs,infrastructure,0.6580370064762461,0.6580370064762461,0.0,0.9,0.9,0.0,0.8770587966950614,0.8708509104696062,0.006207886225455206,0.8950617283950617,0.8950617283950617,0.0,0.9799516201019287,0.9707854986190796,0.009166121482849121,0.9930412769317627,0.17057955265045166,0.822461724281311,0.9917017256375402,-0.4858740568161011,1.4775757824536413
19764,java,warning,alert,error,diagnostic,0.8003203203845001,0.8003203203845001,0.0,0.9285714285714286,0.9285714285714286,0.0,0.8423993004999984,0.8395551583836509,0.0028441421163475367,0.9319727891156462,0.9319727891156462,0.0,0.9900725483894348,0.9743903875350952,0.0156821608543396,0.9821369051933289,0.02664146199822426,0.9554954431951046,0.9811291132355109,-0.179608266800642,1.160737380036153
20120,java,classes,types,modules,close_entity,0.5946035575013604,0.5946035575013604,0.0,0.875,0.875,0.0,0.8409086265539287,0.836991967882831,0.003916658671097695,0.864795918367347,0.864795918367347,0.0,0.9867472648620605,0.9859490394592285,0.0007982254028320312,0.33030563592910767,0.025159694254398346,0.3051459416747093,0.07287195324897766,-0.8172549232840538,0.8901268765330315
20218,java,method,function,attribute,close_entity,0.82651681837938,0.82651681837938,0.0,0.9166666666666666,0.9166666666666666,0.0,0.8301379602048458,0.82682650082327,0.003311459381575732,0.9139118457300276,0.9139118457300276,0.0,0.9889082312583923,0.9820133447647095,0.006894886493682861,0.7890630960464478,0.015822596848011017,0.7732404991984367,0.6404109001159668,-0.8019448444247246,1.4423557445406914
20600,java,function,method,variable,close_entity,0.7071067811865478,0.7071067811865478,0.0,0.8888888888888888,0.8888888888888888,0.0,0.7899156623973093,0.7797254209199168,0.010190241477392448,0.8950617283950617,0.8950617283950617,0.0,0.9924091100692749,0.9807963967323303,0.01161271333694458,0.19828377664089203,0.004474272485822439,0.1938095041550696,-0.5665961652994156,-0.9828583695925772,0.41626220429316163
20793,java,log,trace,output,infrastructure,0.7506238537503396,0.7506238537503396,0.0,0.8888888888888888,0.8888888888888888,0.0,0.9038502212695793,0.9035198668203879,0.00033035444919138346,0.8819444444444444,0.8819444444444444,0.0,0.9897559285163879,0.9893051385879517,0.0004507899284362793,0.03302047401666641,0.08836870640516281,-0.0553482323884964,-0.8451624736189842,-0.6107221320271492,-0.23444034159183502
21087,java,methods,functions,attributes,close_entity,0.7419446627365011,0.7419446627365011,0.0,0.8571428571428571,0.8571428571428571,0.0,0.8879127145230494,0.8856101386045871,0.0023025759184622796,0.9054545454545455,0.9054545454545455,0.0,0.996919572353363,0.9926581382751465,0.004261434078216553,0.8338421583175659,0.03463733196258545,0.7992048263549805,0.8082131277769804,-0.21030062437057495,1.0185137521475554
21087,java,tests,checks,configs,infrastructure,0.7016879391277372,0.7016879391277372,0.0,0.8571428571428571,0.8571428571428571,0.0,0.9142115046919821,0.9097352033272178,0.00447630136476429,0.9054545454545455,0.9054545454545455,0.0,0.9926413297653198,0.9875503182411194,0.0050910115242004395,0.9031627178192139,0.04932060092687607,0.8538421168923378,0.8944160249084234,-0.4315473213791847,1.3259633462876081
21724,java,methods,functions,attributes,close_entity,0.8003203203845001,0.8003203203845001,0.0,0.9166666666666666,0.9166666666666666,0.0,0.8729434811087354,0.8703808493007719,0.002562631807963567,0.9319727891156462,0.9319727891156462,0.0,0.9961103200912476,0.9892596006393433,0.006850719451904297,0.9651961922645569,0.004413478076457977,0.9607827141880989,0.963495638105087,-0.0003453190438449383,0.9638409571489319
21893,java,methods,functions,attributes,close_entity,0.8801117367933934,0.8801117367933934,0.0,0.9,0.9,0.0,0.8862801932687447,0.8833783333590125,0.0029018599097322406,0.8993827160493828,0.8993827160493828,0.0,0.9897142648696899,0.9809659719467163,0.008748292922973633,0.7378520965576172,0.0451020821928978,0.6927500143647194,0.6275475099682808,-0.14134899526834488,0.7688965052366257
21904,java,method,function,attribute,close_entity,0.82651681837938,0.82651681837938,0.0,0.9,0.9,0.0,0.8995347855429549,0.8969306195665044,0.002604165976450412,0.9139118457300276,0.9139118457300276,0.0,0.9957705140113831,0.9885827898979187,0.0071877241134643555,0.8894820213317871,0.17221033573150635,0.7172716856002808,0.8763778228312731,-0.025421440601348877,0.901799263432622
22476,java,classes,types,modules,close_entity,0.7839204411491599,0.7839204411491599,0.0,0.8823529411764706,0.8823529411764706,0.0,0.8723539670367418,0.8689264463814633,0.0034275206552785153,0.9075568181818183,0.9075568181818183,0.0,0.9918267130851746,0.9921307563781738,-0.0003040432929992676,0.9414551258087158,0.9068114757537842,0.03464365005493164,0.9345832304097712,0.8983860528096557,0.03619717760011554
22567,java,error,exception,warning,diagnostic,0.855526185871245,0.855526185871245,0.0,0.9230769230769231,0.9230769230769231,0.0,0.9148784815376121,0.9073156462466885,0.0075628352909236085,0.9268808114961962,0.9268808114961962,0.0,0.9887793064117432,0.9870359897613525,0.001743316650390625,0.9955126643180847,0.9902377724647522,0.0052748918533325195,0.9951151091081556,0.9900905457179761,0.005024563390179537
22592,java,test,check,config,infrastructure,0.7506238537503396,0.7506238537503396,0.0,0.875,0.875,0.0,0.8490688891871189,0.841441953221802,0.007626935965316828,0.8819444444444444,0.8819444444444444,0.0,0.9788841009140015,0.9636054039001465,0.01527869701385498,0.9936783909797668,0.3496934473514557,0.6439849436283112,0.9917760745156556,-0.228764146566391,1.2205402210820466
22849,java,error,exception,warning,diagnostic,0.7825422900366438,0.7825422900366438,0.0,0.9285714285714286,0.9285714285714286,0.0,0.8826565322805512,0.8720184323915935,0.010638099888957697,0.9268808114961962,0.9268808114961962,0.0,0.9857723712921143,0.9886982440948486,-0.002925872802734375,0.9742423892021179,0.7984277606010437,0.17581462860107422,0.9725810731761158,0.7975752186612226,0.17500585451489314
22868,java,comments,notes,commands,infrastructure,0.9391044157537529,0.9391044157537529,0.0,0.9285714285714286,0.9285714285714286,0.0,0.916491735790028,0.9271296150607905,-0.01063787927076254,0.9443483275663207,0.9443483275663207,0.0,0.9993128776550293,0.9992725253105164,4.035234451293945e-05,0.9959618449211121,0.9666240215301514,0.029337823390960693,0.9957397087273421,0.9608585052192211,0.03488120350812096
23154,java,log,trace,output,infrastructure,0.8633400213704508,0.8633400213704508,0.0,0.875,0.875,0.0,0.9101082413093166,0.905323034276437,0.004785207032879546,0.8880208333333333,0.8880208333333333,0.0,0.9991464614868164,0.9986816644668579,0.0004647970199584961,0.4155544340610504,0.9475682973861694,-0.532013863325119,-0.10911038517951965,0.9068414606153965,-1.0159518457949162
23181,java,test,check,config,infrastructure,0.7071067811865478,0.7071067811865478,0.0,0.8000000000000002,0.8000000000000002,0.0,0.8007147186660943,0.7881904121454731,0.012524306520621198,0.864795918367347,0.864795918367347,0.0,0.98423171043396,0.9784191846847534,0.005812525749206543,0.941950798034668,0.00847041979432106,0.9334803782403469,0.9234681334346533,-0.8802006803452969,1.8036688137799501
23308,java,tests,checks,configs,infrastructure,0.8091067115702206,0.8091067115702206,0.0,0.8571428571428571,0.8571428571428571,0.0,0.8700769789764826,0.861355635493255,0.008721343483227617,0.8551587301587302,0.8551587301587302,0.0,0.9811111688613892,0.9699329733848572,0.011178195476531982,0.6136047840118408,0.009923579171299934,0.6036812048405409,0.54926847666502,-0.7456693630665541,1.294937839731574
23527,java,error,exception,warning,diagnostic,0.8003203203845001,0.8003203203845001,0.0,0.9333333333333333,0.9333333333333333,0.0,0.8826565322805512,0.8746893728151054,0.007967159465445794,0.9319727891156462,0.9319727891156462,0.0,0.9879823923110962,0.9900518655776978,-0.0020694732666015625,0.9568532705307007,0.37202978134155273,0.584823489189148,0.9486581832170486,0.3704922202741727,0.5781659629428759
23574,java,class,type,module,close_entity,0.8153551038173119,0.8153551038173119,0.0,0.9285714285714286,0.9285714285714286,0.0,0.909727850669072,0.9072536720844611,0.0024741785846109643,0.9363888888888889,0.9363888888888889,0.0,0.9899481534957886,0.9913957715034485,-0.0014476180076599121,0.7465888261795044,0.4145473539829254,0.332041472196579,0.6646592319011688,0.13109716773033142,0.5335620641708374
23725,java,tests,checks,configs,infrastructure,0.8070557274927979,0.8070557274927979,0.0,0.9,0.9,0.0,0.8815215724308101,0.8755151584020058,0.006006414028804308,0.9054545454545455,0.9054545454545455,0.0,0.9825049638748169,0.9810813069343567,0.001423656940460205,0.9919845461845398,0.056537508964538574,0.9354470372200012,0.9912283908342943,-0.7568082809448242,1.7480366717791185
24048,java,methods,functions,attributes,close_entity,0.8423626743789753,0.8423626743789753,0.0,0.9090909090909091,0.9090909090909091,0.0,0.8639104674746502,0.8608304629883297,0.003080004486320509,0.920940170940171,0.920940170940171,0.0,0.995600700378418,0.9896702766418457,0.005930423736572266,0.922453761100769,0.015216213651001453,0.9072375474497676,0.9058684892952442,-0.6608001170679927,1.566668606363237
24220,java,classes,types,modules,close_entity,0.7016879391277372,0.7016879391277372,0.0,0.9,0.9,0.0,0.8809595395403683,0.877781690880126,0.0031778486602422884,0.9054545454545455,0.9054545454545455,0.0,0.9837620258331299,0.9894974827766418,-0.005735456943511963,0.5243124961853027,0.0064973472617566586,0.5178151489235461,0.30278491973876953,-0.8558849454857409,1.1586698652245104
24507,java,methods,functions,attributes,close_entity,0.8070557274927979,0.8070557274927979,0.0,0.8888888888888888,0.8888888888888888,0.0,0.8686393759418227,0.8656490933231552,0.002990282618667517,0.9054545454545455,0.9054545454545455,0.0,0.9943426847457886,0.9899106025695801,0.004432082176208496,0.928155779838562,0.8130309581756592,0.11512482166290283,0.920678083319217,0.7875552140176296,0.13312286930158734
24992,java,error,exception,warning,diagnostic,0.5000000000000001,0.5000000000000001,0.0,0.875,0.875,0.0,0.8159924588042535,0.7986148862068273,0.017377572597426227,0.864795918367347,0.864795918367347,0.0,0.9840490818023682,0.9844442009925842,-0.00039511919021606445,0.9847875237464905,0.8141388297080994,0.1706486940383911,0.9843884731235448,0.8138050070847385,0.17058346603880636
24992,java,log,trace,output,infrastructure,0.7071067811865478,0.7071067811865478,0.0,0.875,0.875,0.0,0.8597163275764953,0.8593250240370034,0.0003913035394919051,0.864795918367347,0.864795918367347,0.0,0.9819450378417969,0.9872450828552246,-0.005300045013427734,0.8960173726081848,0.9806134700775146,-0.08459609746932983,0.8402397446334362,0.9736598334275186,-0.1334200887940824
25233,java,test,check,config,infrastructure,0.8979542144404238,0.8979542144404238,0.0,0.9375,0.9375,0.0,0.9390514844880908,0.9367852502488933,0.0022662342391975843,0.9467186484730344,0.9467186484730344,0.0,0.9866772890090942,0.9886734485626221,-0.001996159553527832,0.9378445744514465,0.10278807580471039,0.8350564986467361,0.9224634356796741,-0.6190512329339981,1.5415146686136723
25474,java,method,function,attribute,close_entity,0.7071067811865478,0.7071067811865478,0.0,0.8888888888888888,0.8888888888888888,0.0,0.8026257999148136,0.798990831364194,0.0036349685506196217,0.8950617283950617,0.8950617283950617,0.0,0.9861672520637512,0.9802072048187256,0.005960047245025635,0.9915943741798401,0.9385107159614563,0.05308365821838379,0.9903533133910969,0.9256098354235291,0.06474347796756774
26273,java,function,method,variable,close_entity,0.6606328636027612,0.6606328636027612,0.0,0.875,0.875,0.0,0.7992958089415193,0.789638081091684,0.009657727849835318,0.8819444444444444,0.8819444444444444,0.0,0.9944123029708862,0.9873257875442505,0.007086515426635742,0.4521433711051941,0.003803649451583624,0.44833972165361047,0.25728581845760345,-0.859271785710007,1.1165576041676104
26273,java,error,exception,warning,diagnostic,0.6606328636027612,0.6606328636027612,0.0,0.875,0.875,0.0,0.8567055617375398,0.8435047276967939,0.013200834040745901,0.8819444444444444,0.8819444444444444,0.0,0.986911416053772,0.9910151362419128,-0.004103720188140869,0.9891991019248962,0.9430955648422241,0.04610353708267212,0.9880476080579683,0.9381088898517191,0.04993871820624918
26843,java,function,method,variable,close_entity,0.3799178428257963,0.3799178428257963,0.0,0.8333333333333334,0.8333333333333334,0.0,0.6031448070916656,0.5878056484578223,0.015339158633843275,0.8066666666666668,0.8066666666666668,0.0,0.985332190990448,0.9742534160614014,0.01107877492904663,0.9955119490623474,0.9645334482192993,0.030978500843048096,0.9949964440893382,0.9554935814812779,0.03950286260806024
27030,java,method,function,attribute,close_entity,0.7348889200874659,0.7348889200874659,0.0,0.9,0.9,0.0,0.8558260452123987,0.8529797132203951,0.00284633199200357,0.9139118457300276,0.9139118457300276,0.0,0.9887551665306091,0.980378270149231,0.008376896381378174,0.7281379103660583,0.0622822605073452,0.6658556498587132,0.6174424365162849,-0.26416921988129616,0.8816116563975811
27259,java,parameters,arguments,constants,close_entity,0.537284965911771,0.537284965911771,0.0,0.8333333333333334,0.8333333333333334,0.0,0.7570008001582147,0.7382297321966376,0.018771067961577126,0.8066666666666668,0.8066666666666668,0.0,0.9822224974632263,0.974932849407196,0.0072896480560302734,0.9176744222640991,0.2040867805480957,0.7135876417160034,0.8750772587954998,-0.4715164303779602,1.34659368917346
27384,java,class,type,module,close_entity,0.6606328636027612,0.6606328636027612,0.0,0.875,0.875,0.0,0.7551122355259772,0.7503144458678768,0.004797789658100404,0.8819444444444444,0.8819444444444444,0.0,0.9816529154777527,0.9851598739624023,-0.003506958484649658,0.7105663418769836,0.24246296286582947,0.4681033790111542,0.4571753442287445,-0.4753292500972748,0.9325045943260193
28075,java,method,function,attribute,close_entity,0.9193227152249183,0.9193227152249183,0.0,0.9166666666666666,0.9166666666666666,0.0,0.9229416768849411,0.9206074522396426,0.0023342246452985327,0.9283601014370245,0.9283601014370245,0.0,0.9952043294906616,0.9883168935775757,0.0068874359130859375,0.5761017799377441,0.2266649305820465,0.34943684935569763,0.5227864310145378,0.1602511703968048,0.362535260617733
28075,java,warning,alert,error,diagnostic,0.855526185871245,0.855526185871245,0.0,0.9166666666666666,0.9166666666666666,0.0,0.8870840787125878,0.8850162538553057,0.0020678248572820745,0.9268808114961962,0.9268808114961962,0.0,0.9935204386711121,0.9902287125587463,0.0032917261123657227,0.9900033473968506,0.986594557762146,0.00340878963470459,0.9862197060137987,0.9841957781463861,0.002023927867412567
28158,java,parameters,arguments,constants,close_entity,0.7825422900366438,0.7825422900366438,0.0,0.9285714285714286,0.9285714285714286,0.0,0.854902218077615,0.8408762825109105,0.014025935566704506,0.9268808114961962,0.9268808114961962,0.0,0.99443519115448,0.9916613698005676,0.0027738213539123535,0.9561457633972168,0.014140119776129723,0.9420056436210871,0.9479243708774447,-0.7269716951996088,1.6748960660770535
28201,java,methods,functions,attributes,close_entity,0.7825422900366438,0.7825422900366438,0.0,0.8888888888888888,0.8888888888888888,0.0,0.8154012366182445,0.8119428021807018,0.003458434437542679,0.8950617283950617,0.8950617283950617,0.0,0.987544596195221,0.9736933708190918,0.01385122537612915,0.9651418924331665,0.23389282822608948,0.731249064207077,0.9540986362844706,-0.39345207810401917,1.3475507143884897
28646,java,test,check,config,infrastructure,0.8915993127600096,0.8915993127600096,0.0,0.9166666666666666,0.9166666666666666,0.0,0.920826245642442,0.9179426606143337,0.00288358502810826,0.943675509419454,0.943675509419454,0.0,0.9878138303756714,0.988142192363739,-0.00032836198806762695,0.963069498538971,0.11626112461090088,0.8468083739280701,0.9557721996679902,-0.28906363248825073,1.244835832156241
28790,java,error,exception,warning,diagnostic,0.5253819788848316,0.5253819788848316,0.0,0.8000000000000002,0.8000000000000002,0.0,0.7179444794793943,0.6833107693002755,0.03463371017911887,0.7937500000000002,0.7937500000000002,0.0,0.9758504033088684,0.9764261245727539,-0.000575721263885498,0.5325107574462891,0.011734182015061378,0.5207765754312277,0.25893551111221313,-0.7970920857042074,1.0560275968164206
28832,java,test,check,config,infrastructure,0.7348889200874659,0.7348889200874659,0.0,0.875,0.875,0.0,0.8956753220531456,0.8929156757439596,0.0027596463091860146,0.9139118457300276,0.9139118457300276,0.0,0.982464611530304,0.979576826095581,0.0028877854347229004,0.679499089717865,0.10796588659286499,0.571533203125,0.5652182996273041,-0.5170857310295105,1.0823040306568146
28937,java,function,method,variable,close_entity,0.6580370064762461,0.6580370064762461,0.0,0.8888888888888888,0.8888888888888888,0.0,0.7992958089415193,0.789638081091684,0.009657727849835318,0.8950617283950617,0.8950617283950617,0.0,0.9931585788726807,0.9893659353256226,0.0037926435470581055,0.697962760925293,0.020690932869911194,0.6772718280553818,0.509497344493866,-0.8157949894666672,1.3252923339605331
28937,java,error,exception,warning,diagnostic,0.7825422900366438,0.7825422900366438,0.0,0.8888888888888888,0.8888888888888888,0.0,0.8567055617375398,0.8435047276967939,0.013200834040745901,0.8950617283950617,0.8950617283950617,0.0,0.9862715005874634,0.9895768165588379,-0.0033053159713745117,0.9955447912216187,0.9764278531074524,0.01911693811416626,0.9951574016304221,0.975750400335528,0.019407001294894144
28947,java,error,exception,warning,diagnostic,0.8153551038173119,0.8153551038173119,0.0,0.9333333333333333,0.9333333333333333,0.0,0.8595301561472727,0.8497926627377642,0.009737493409508469,0.9363888888888889,0.9363888888888889,0.0,0.9896271228790283,0.9922345280647278,-0.002607405185699463,0.9919724464416504,0.975774347782135,0.01619809865951538,0.9885148627217859,0.9754170627566054,0.013097799965180457
29615,java,test,check,config,infrastructure,0.5000000000000001,0.5000000000000001,0.0,0.875,0.875,0.0,0.8913780586080539,0.8858229142279829,0.0055551443800709865,0.864795918367347,0.864795918367347,0.0,0.9902151823043823,0.9763537049293518,0.013861477375030518,0.9936158657073975,0.033002499490976334,0.9606133662164211,0.9913597598206252,-0.6809323988854885,1.6722921587061137
30080,java,tests,checks,configs,infrastructure,0.8070557274927979,0.8070557274927979,0.0,0.9,0.9,0.0,0.9258930066558242,0.9219867826443953,0.003906224011428927,0.9054545454545455,0.9054545454545455,0.0,0.9826865196228027,0.9722024202346802,0.010484099388122559,0.9864482283592224,0.013668589293956757,0.9727796390652657,0.9830686799250543,-0.9475792720913887,1.930647952016443
30091,java,method,function,attribute,close_entity,0.8153551038173119,0.8153551038173119,0.0,0.9090909090909091,0.9090909090909091,0.0,0.8690570699178213,0.8664287455480866,0.0026283243697347025,0.9363888888888889,0.9363888888888889,0.0,0.995004415512085,0.9885544776916504,0.00644993782043457,0.8777681589126587,0.5086531043052673,0.36911505460739136,0.8403732739388943,0.4965713731944561,0.34380190074443817
31146,java,error,exception,warning,diagnostic,0.8207202632332538,0.8207202632332538,0.0,0.9,0.9,0.0,0.8609587789998983,0.8481322828410025,0.01282649615889575,0.9221754807692308,0.9221754807692308,0.0,0.9879167675971985,0.985112726688385,0.0028040409088134766,0.9426892399787903,0.04681333526968956,0.8958759047091007,0.9394303679000586,-0.6016791202127934,1.541109488112852
31316,java,parameters,arguments,constants,close_entity,0.5000000000000001,0.5000000000000001,0.0,0.875,0.875,0.0,0.791962172322454,0.7757479811315612,0.016214191190892846,0.864795918367347,0.864795918367347,0.0,0.9861228466033936,0.9851741790771484,0.0009486675262451172,0.960114061832428,0.680759608745575,0.279354453086853,0.9447620362043381,0.47066567838191986,0.4740963578224182
31339,java,errors,exceptions,warnings,diagnostic,0.9193227152249183,0.9193227152249183,0.0,0.9230769230769231,0.9230769230769231,0.0,0.9334267205135065,0.9257714020737835,0.007655318439723002,0.9283601014370245,0.9283601014370245,0.0,0.9926133155822754,0.9943335056304932,-0.0017201900482177734,0.9563305377960205,0.5136732459068298,0.4426572918891907,0.951602490618825,0.4959081169217825,0.45569437369704247
31379,java,error,exception,warning,diagnostic,0.7419446627365011,0.7419446627365011,0.0,0.9,0.9,0.0,0.8765603560090198,0.8681329975717244,0.008427358437295474,0.9054545454545455,0.9054545454545455,0.0,0.9834379553794861,0.9898951053619385,-0.006457149982452393,0.9946302175521851,0.9524328112602234,0.04219740629196167,0.993909137963783,0.9509946842445061,0.042914453719276935
31414,java,test,check,config,infrastructure,0.7506238537503396,0.7506238537503396,0.0,0.8571428571428571,0.8571428571428571,0.0,0.8452779687525976,0.8401313210095642,0.005146647743033417,0.8819444444444444,0.8819444444444444,0.0,0.9739540815353394,0.9793441891670227,-0.00539010763168335,0.3117041289806366,0.055877357721328735,0.25582677125930786,-0.18536806106567383,-0.7962482869625092,0.6108802258968353
31414,java,tests,checks,configs,infrastructure,0.5969491792019644,0.5969491792019644,0.0,0.8571428571428571,0.8571428571428571,0.0,0.7965400491249945,0.7869997368301973,0.009540312294797237,0.8819444444444444,0.8819444444444444,0.0,0.9816060066223145,0.9630633592605591,0.01854264736175537,0.971892237663269,0.4679592251777649,0.5039330124855042,0.9624058846384287,0.16235539317131042,0.8000504914671183
31511,java,methods,functions,attributes,close_entity,0.8578928092681432,0.8578928092681432,0.0,0.9444444444444444,0.9444444444444444,0.0,0.907321599474716,0.9053728309485136,0.0019487685262024046,0.9494459833795015,0.9494459833795015,0.0,0.9961410164833069,0.9886462688446045,0.007494747638702393,0.9552106261253357,0.009620511904358864,0.9455901142209768,0.9513930927496403,-0.09342332743108273,1.044816420180723
31762,java,warning,alert,error,diagnostic,0.8003203203845001,0.8003203203845001,0.0,0.9090909090909091,0.9090909090909091,0.0,0.8684343927779449,0.8660397563241378,0.0023946364538071085,0.8819444444444444,0.8819444444444444,0.0,0.9932307004928589,0.9924090504646301,0.0008216500282287598,0.9939747452735901,0.9183244109153748,0.07565033435821533,0.9927647471195087,0.8769053444266319,0.11585940269287676
31892,java,test,check,config,infrastructure,0.7071067811865478,0.7071067811865478,0.0,0.9,0.9,0.0,0.8191201418100401,0.8104568260053518,0.008663315804688265,0.8950617283950617,0.8950617283950617,0.0,0.9845689535140991,0.9670426845550537,0.01752626895904541,0.9966874718666077,0.5150764584541321,0.4816110134124756,0.9962500559049658,0.346313014626503,0.6499370412784629
32028,java,test,check,config,infrastructure,0.7071067811865478,0.7071067811865478,0.0,0.8888888888888888,0.8888888888888888,0.0,0.8948759634135981,0.889483055484246,0.005392907929352098,0.8950617283950617,0.8950617283950617,0.0,0.9851763844490051,0.9776486158370972,0.007527768611907959,0.9859112501144409,0.20357507467269897,0.7823361754417419,0.98452704527881,0.19971187389455736,0.7848151713842526
32446,java,input,entry,output,directional,0.8282477531331043,0.8282477531331043,0.0,0.9375,0.9375,0.0,0.9114638322368155,0.9420100218054437,-0.0305461895686282,0.9402573529411764,0.9402573529411764,0.0,0.9915324449539185,0.9908506870269775,0.000681757926940918,0.9479491710662842,0.0007706772303208709,0.9471784938359633,0.9254267476499081,-0.9846562255406752,1.9100829731905833
32450,java,method,function,attribute,close_entity,0.7348889200874659,0.7348889200874659,0.0,0.8888888888888888,0.8888888888888888,0.0,0.8300645693703701,0.8299873341057712,7.723526459890717e-05,0.9139118457300276,0.9139118457300276,0.0,0.9947446584701538,0.9886819124221802,0.006062746047973633,0.9918410778045654,0.8938164114952087,0.09802466630935669,0.9905232033925131,0.8896797145716846,0.1008434888208285
32687,java,tests,checks,configs,infrastructure,0.6606328636027612,0.6606328636027612,0.0,0.8571428571428571,0.8571428571428571,0.0,0.8191201418100401,0.8104568260053518,0.008663315804688265,0.8819444444444444,0.8819444444444444,0.0,0.9600548148155212,0.9738131165504456,-0.013758301734924316,0.981665313243866,0.25602492690086365,0.7256403863430023,0.9785192355047911,-0.007961630821228027,0.9864808663260192
32945,java,functions,methods,variables,close_entity,0.9036020036098446,0.9036020036098446,0.0,0.9375,0.9375,0.0,0.9201996551544576,0.9153935102716936,0.004806144882763985,0.9494459833795015,0.9494459833795015,0.0,0.9951496720314026,0.9868355989456177,0.008314073085784912,0.14480826258659363,0.006666629109531641,0.138141633477062,0.09614299610257149,-0.21673943242058158,0.31288242852315307
32945,java,class,type,module,close_entity,0.8578928092681432,0.8578928092681432,0.0,0.9375,0.9375,0.0,0.9335611559489894,0.9316602928581016,0.0019008630908877722,0.9494459833795015,0.9494459833795015,0.0,0.9923775792121887,0.9937630295753479,-0.0013854503631591797,0.9413114190101624,0.3463248014450073,0.594986617565155,0.9201396349817514,-0.2178027629852295,1.137942397966981
33563,java,method,function,attribute,close_entity,0.8091067115702206,0.8091067115702206,0.0,0.8571428571428571,0.8571428571428571,0.0,0.8084864926194597,0.8034446520285443,0.005041840590915392,0.8551587301587302,0.8551587301587302,0.0,0.9863881468772888,0.9754259586334229,0.010962188243865967,0.9585756063461304,0.39474421739578247,0.5638313889503479,0.9501059437170625,0.17859143018722534,0.7715145135298371
33563,java,test,check,config,infrastructure,0.4889230224349009,0.4889230224349009,0.0,0.8571428571428571,0.8571428571428571,0.0,0.7899834842151191,0.7801968559414592,0.009786628273659947,0.8412698412698414,0.8412698412698414,0.0,0.9665873050689697,0.9557881951332092,0.010799109935760498,0.9956099390983582,0.11582856625318527,0.8797813728451729,0.9952280669531319,-0.528977282345295,1.5242053492984269
35029,java,function,method,variable,close_entity,0.6580370064762461,0.6580370064762461,0.0,0.9,0.9,0.0,0.8180135293135486,0.8090902861467244,0.008923243166824246,0.8950617283950617,0.8950617283950617,0.0,0.9837790727615356,0.9782692790031433,0.005509793758392334,0.9927922487258911,0.2862946689128876,0.7064975798130035,0.9914757824735716,-0.31891557574272156,1.3103913582162932
35166,java,methods,functions,attributes,close_entity,0.7348889200874659,0.7348889200874659,0.0,0.9090909090909091,0.9090909090909091,0.0,0.889360955506158,0.8870841316462524,0.0022768238599055746,0.9139118457300276,0.9139118457300276,0.0,0.9950469136238098,0.9906789660453796,0.004367947578430176,0.9750617146492004,0.33950328826904297,0.6355584263801575,0.9720647239591926,-0.02218535542488098,0.9942500793840736
35573,java,methods,functions,attributes,close_entity,0.7348889200874659,0.7348889200874659,0.0,0.9090909090909091,0.9090909090909091,0.0,0.8848993781750499,0.8825435551863587,0.002355822988691192,0.9139118457300276,0.9139118457300276,0.0,0.9939377307891846,0.990513801574707,0.003423929214477539,0.9790163040161133,0.6743770241737366,0.3046392798423767,0.9771168681327254,0.5425926744937897,0.4345241936389357
36056,java,method,function,attribute,close_entity,0.9457416090031756,0.9457416090031756,0.0,0.9473684210526315,0.9473684210526315,0.0,0.9447167834462192,0.9430004246593587,0.0017163587868604946,0.9499307479224378,0.9499307479224378,0.0,0.9935261011123657,0.9862712025642395,0.007254898548126221,0.04865808039903641,0.003849342465400696,0.04480873793363571,0.013803910464048386,-0.006392034702003002,0.020195945166051388
36431,java,error,exception,warning,diagnostic,0.7825422900366438,0.7825422900366438,0.0,0.9166666666666666,0.9166666666666666,0.0,0.9071168116351636,0.8988239589259116,0.008292852709251952,0.9268808114961962,0.9268808114961962,0.0,0.9900767803192139,0.9881788492202759,0.0018979310989379883,0.982774555683136,0.6714951992034912,0.3112793564796448,0.9815815255278721,0.6679009618237615,0.3136805637041107
36674,java,tests,checks,configs,infrastructure,0.8666415730847506,0.8666415730847506,0.0,0.9230769230769231,0.9230769230769231,0.0,0.9118276559638662,0.907115937739962,0.004711718223904149,0.9319727891156462,0.9319727891156462,0.0,0.9850544333457947,0.9754471778869629,0.009607255458831787,0.9540336728096008,0.08253564685583115,0.8714980259537697,0.9437613692134619,-0.750640906393528,1.6944022756069899
37442,java,class,type,module,close_entity,0.7447819789879645,0.7447819789879645,0.0,0.8666666666666667,0.8666666666666667,0.0,0.8266928000453376,0.8219085014020777,0.00478429864325991,0.8737244897959183,0.8737244897959183,0.0,0.9816238880157471,0.9817632436752319,-0.00013935565948486328,0.0992385596036911,0.010684657841920853,0.08855390176177025,-0.689621165394783,-0.9203540794551373,0.23073291406035423
38003,java,class,type,module,close_entity,0.7624658586234858,0.7624658586234858,0.0,0.8666666666666667,0.8666666666666667,0.0,0.8360887059517218,0.8314670453962155,0.0046216605555062795,0.8813071895424837,0.8813071895424837,0.0,0.9867837429046631,0.9878962635993958,-0.001112520694732666,0.08302295207977295,0.04743243381381035,0.0355905182659626,-0.6973337531089783,-0.8432218916714191,0.14588813856244087
38706,java,tests,checks,configs,infrastructure,0.5969491792019644,0.5969491792019644,0.0,0.875,0.875,0.0,0.8815215724308101,0.8755151584020058,0.006006414028804308,0.8819444444444444,0.8819444444444444,0.0,0.987808108329773,0.9793395400047302,0.008468568325042725,0.9758716225624084,0.6893904209136963,0.28648120164871216,0.9612673139199615,0.5858055651187897,0.3754617488011718
39959,java,log,trace,output,infrastructure,0.6060032073808247,0.6060032073808247,0.0,0.8461538461538461,0.8461538461538461,0.0,0.7834791177466564,0.7806234797688668,0.002855637977789538,0.8504464285714286,0.8504464285714286,0.0,0.9767634272575378,0.9742053151130676,0.002558112144470215,0.00770951621234417,0.031213441863656044,-0.023503925651311874,-0.952559994533658,-0.8804818000644445,-0.07207819446921349
40300,java,parameters,arguments,constants,close_entity,0.7283559259623764,0.7283559259623764,0.0,0.875,0.875,0.0,0.730233674705593,0.7064680497797966,0.02376562492579637,0.8922782735385176,0.8922782735385176,0.0,0.9911695718765259,0.9883825778961182,0.002786993980407715,0.6698120832443237,0.08159933239221573,0.588212750852108,0.4424256235361099,-0.5321452245116234,0.9745708480477333
40460,java,class,type,module,close_entity,0.8578928092681432,0.8578928092681432,0.0,0.9375,0.9375,0.0,0.9062483342083535,0.9036952527321175,0.0025530814762360077,0.9494459833795015,0.9494459833795015,0.0,0.993019700050354,0.9937451481819153,-0.0007254481315612793,0.38691988587379456,0.08528497070074081,0.30163491517305374,0.07941463589668274,-0.6923349872231483,0.7717496231198311
40460,java,tests,checks,configs,infrastructure,0.7590994812356263,0.7590994812356263,0.0,0.875,0.875,0.0,0.8332423616040571,0.8249683073341919,0.008274054269865161,0.8979166666666667,0.8979166666666667,0.0,0.9813171029090881,0.9772974252700806,0.004019677639007568,0.962931215763092,0.01932627521455288,0.9436049405485392,0.9565848005004227,-0.8030956331640482,1.759680433664471
40524,java,function,method,variable,close_entity,0.7348889200874659,0.7348889200874659,0.0,0.9090909090909091,0.9090909090909091,0.0,0.7812969331250263,0.7709647836749411,0.010332149450085204,0.9139118457300276,0.9139118457300276,0.0,0.9817584753036499,0.9762285947799683,0.005529880523681641,0.4474523365497589,0.006531255319714546,0.44092108123004436,0.2301153689622879,-0.5824531745165586,0.8125685434788465
40616,java,test,check,config,infrastructure,0.5969491792019644,0.5969491792019644,0.0,0.8888888888888888,0.8888888888888888,0.0,0.8191201418100401,0.8104568260053518,0.008663315804688265,0.8819444444444444,0.8819444444444444,0.0,0.9871912598609924,0.9559527635574341,0.03123849630355835,0.9943239688873291,0.4828210771083832,0.5115028917789459,0.9931351934792474,0.19768106937408447,0.7954541241051629
40722,java,log,trace,output,infrastructure,0.82651681837938,0.82651681837938,0.0,0.9090909090909091,0.9090909090909091,0.0,0.8779760765006217,0.8776313464438614,0.00034473005676027846,0.9139118457300276,0.9139118457300276,0.0,0.9885473251342773,0.9878075122833252,0.0007398128509521484,0.8024198412895203,0.8536853790283203,-0.05126553773880005,0.7106981724500656,0.7882556244730949,-0.07755745202302933
40897,java,functions,methods,variables,close_entity,0.7825422900366438,0.7825422900366438,0.0,0.8888888888888888,0.8888888888888888,0.0,0.8484223252873193,0.839888426341585,0.008533898945734308,0.8950617283950617,0.8950617283950617,0.0,0.9951050281524658,0.9873853325843811,0.007719695568084717,0.9628291130065918,0.002043268410488963,0.9607858445961028,0.9488741038367152,-0.9054907944519073,1.8543648982886225
40900,java,errors,exceptions,warnings,diagnostic,0.6434588841607617,0.6434588841607617,0.0,0.8333333333333334,0.8333333333333334,0.0,0.8140167062170023,0.79343756782669,0.020579138390312335,0.8412698412698414,0.8412698412698414,0.0,0.9795423150062561,0.9836032390594482,-0.004060924053192139,0.9019631147384644,0.056808508932590485,0.8451546058058739,0.8823521975427866,-0.3773316368460655,1.2596838343888521
41218,java,methods,functions,attributes,close_entity,0.7598356856515927,0.7598356856515927,0.0,0.8333333333333334,0.8333333333333334,0.0,0.7818931537163681,0.7770202590545766,0.004872894661791527,0.8300000000000002,0.8300000000000002,0.0,0.9771304130554199,0.9729523062705994,0.004178106784820557,0.9309707880020142,0.0888432189822197,0.8421275690197945,0.9168009050190449,-0.3607756868004799,1.2775765918195248
77,js,test,check,config,infrastructure,0.7348889200874659,0.7348889200874659,0.0,0.875,0.875,0.0,0.8449229507866814,0.837316535254893,0.007606415531788424,0.9139118457300276,0.9139118457300276,0.0,0.9891477823257446,0.9775149822235107,0.011632800102233887,0.8809202313423157,0.02627161517739296,0.8546486161649227,0.8783569005317986,-0.4239240251481533,1.302280925679952
502,js,test,check,config,infrastructure,0.8663975517813622,0.8663975517813622,0.0,0.9375,0.9375,0.0,0.9055233953623759,0.9006310761297428,0.004892319232633113,0.9467186484730344,0.9467186484730344,0.0,0.9900159239768982,0.9823821187019348,0.007633805274963379,0.9442757964134216,0.012996220961213112,0.9312795754522085,0.9363458631560206,0.011851710034534335,0.9244941531214863
613,js,function,method,variable,close_entity,0.7691605673134587,0.7691605673134587,0.0,0.9090909090909091,0.9090909090909091,0.0,0.8180135293135486,0.8090902861467244,0.008923243166824246,0.9139118457300276,0.9139118457300276,0.0,0.9930762052536011,0.9869647026062012,0.006111502647399902,0.9540941715240479,0.093660868704319,0.8604333028197289,0.9319180082529783,-0.7383002266287804,1.6702182348817587
815,js,functions,methods,variables,close_entity,0.3781790427652475,0.3781790427652475,0.0,0.8000000000000002,0.8000000000000002,0.0,0.5952612578645953,0.5792761621833676,0.015985095681227635,0.8030303030303031,0.8030303030303031,0.0,0.9857630133628845,0.9820815920829773,0.0036814212799072266,0.049580566585063934,0.01717248372733593,0.032408082857728004,-0.7657256796956062,-0.8946804124861956,0.12895473279058933
951,js,function,method,variable,close_entity,0.7825422900366438,0.7825422900366438,0.0,0.9090909090909091,0.9090909090909091,0.0,0.84661608060023,0.8388806646698136,0.007735415930416378,0.9268808114961962,0.9268808114961962,0.0,0.9957247972488403,0.9892234802246094,0.006501317024230957,0.8473957777023315,0.20597270131111145,0.6414230763912201,0.7796324118971825,-0.24156436324119568,1.0211967751383781
1923,js,error,exception,warning,diagnostic,0.8070557274927979,0.8070557274927979,0.0,0.9,0.9,0.0,0.8292284485286301,0.8132298051835904,0.015998643345039643,0.9054545454545455,0.9054545454545455,0.0,0.9768969416618347,0.9752662181854248,0.0016307234764099121,0.45103996992111206,0.06969241797924042,0.38134755194187164,-0.04933863878250122,-0.6736338883638382,0.624295249581337
1923,js,errors,exceptions,warnings,diagnostic,0.7016879391277372,0.7016879391277372,0.0,0.9,0.9,0.0,0.8292284485286301,0.8132298051835904,0.015998643345039643,0.9054545454545455,0.9054545454545455,0.0,0.9810017347335815,0.9732441306114197,0.007757604122161865,0.40852227807044983,0.18910156190395355,0.21942071616649628,0.26123155653476715,-0.3509589582681656,0.6121905148029327
3433,js,import,include,export,directional,0.9193227152249183,0.9193227152249183,0.0,0.9090909090909091,0.9090909090909091,0.0,0.9048432371021923,0.9195714707093391,-0.014728233607146812,0.9163223140495868,0.9163223140495868,0.0,0.9765067100524902,0.9908158779144287,-0.014309167861938477,0.7636999487876892,0.10517053306102753,0.6585294157266617,0.7626059266040102,-0.6839451938867569,1.446551120490767
4368,js,methods,functions,attributes,close_entity,0.8895260356363631,0.8895260356363631,0.0,0.9523809523809523,0.9523809523809523,0.0,0.9129722470223686,0.9111300144457003,0.001842232576668268,0.9597222222222221,0.9597222222222221,0.0,0.9972949028015137,0.992985725402832,0.004309177398681641,0.9154521822929382,0.12950071692466736,0.7859514653682709,0.9132620531599969,-0.04051865637302399,0.9537807095330209
4510,js,methods,functions,attributes,close_entity,0.8801117367933934,0.8801117367933934,0.0,0.875,0.875,0.0,0.8689928361747223,0.8657187590421442,0.0032740771325781015,0.8993827160493828,0.8993827160493828,0.0,0.9943166971206665,0.9891465902328491,0.005170106887817383,0.7607176899909973,0.021152429282665253,0.7395652607083321,0.7175011485815048,-0.5226778462529182,1.240178994834423
4918,js,method,function,attribute,close_entity,0.6704226838163331,0.6704226838163331,0.0,0.8181818181818182,0.8181818181818182,0.0,0.7960392323873137,0.7893250294960006,0.006714202891313081,0.8300000000000002,0.8300000000000002,0.0,0.990161657333374,0.9805969595909119,0.009564697742462158,0.9553385376930237,0.5048738121986389,0.45046472549438477,0.9503685189411044,0.49332455080002546,0.45704396814107895
5757,js,tests,checks,configs,infrastructure,0.8070557274927979,0.8070557274927979,0.0,0.8333333333333334,0.8333333333333334,0.0,0.8176539138047069,0.8073698988371332,0.010284014967573696,0.9054545454545455,0.9054545454545455,0.0,0.9818539619445801,0.9756947159767151,0.00615924596786499,0.9771665930747986,0.05653967335820198,0.9206269197165966,0.9740351436194032,-0.533563893288374,1.5075990369077772
6081,js,test,check,config,infrastructure,0.7016879391277372,0.7016879391277372,0.0,0.875,0.875,0.0,0.8613937176316244,0.8544926591715393,0.006901058460085152,0.9054545454545455,0.9054545454545455,0.0,0.9865868091583252,0.9742523431777954,0.012334465980529785,0.9869304895401001,0.5784929990768433,0.40843749046325684,0.9844504999928176,0.4869840368628502,0.49746646312996745
6174,js,input,entry,output,directional,0.8003203203845001,0.8003203203845001,0.0,0.9333333333333333,0.9333333333333333,0.0,0.8762964007397075,0.9190163072681458,-0.04271990652843827,0.9319727891156462,0.9319727891156462,0.0,0.990940511226654,0.9908899068832397,5.060434341430664e-05,0.994382381439209,0.0007864401559345424,0.9935959412832744,0.9933983634691685,-0.9940361811895855,1.987434544658754
6517,js,log,trace,output,infrastructure,0.8633400213704508,0.8633400213704508,0.0,0.8571428571428571,0.8571428571428571,0.0,0.9317840292541529,0.9312292184161997,0.000554810837953279,0.8880208333333333,0.8880208333333333,0.0,0.9795729517936707,0.9844602346420288,-0.004887282848358154,0.3288912773132324,0.699601411819458,-0.3707101345062256,0.001745671033859253,0.6262260153889656,-0.6244803443551064
6876,js,input,entry,output,directional,0.6580370064762461,0.6580370064762461,0.0,0.8888888888888888,0.8888888888888888,0.0,0.8158315640825271,0.8795359411127915,-0.06370437703026444,0.8950617283950617,0.8950617283950617,0.0,0.9914183020591736,0.9888903498649597,0.002527952194213867,0.9876086711883545,0.986775815486908,0.0008328557014465332,0.9843685012310743,0.9834575275890529,0.0009109736420214176
7960,js,error,exception,warning,diagnostic,0.8423626743789753,0.8423626743789753,0.0,0.9230769230769231,0.9230769230769231,0.0,0.8765603560090198,0.8653271611099691,0.011233194899050725,0.920940170940171,0.920940170940171,0.0,0.9841407537460327,0.9907252788543701,-0.006584525108337402,0.9959344863891602,0.9875401854515076,0.008394300937652588,0.9952723339083605,0.9873459218069911,0.007926412101369351
8779,js,error,exception,warning,diagnostic,0.9193227152249183,0.9193227152249183,0.0,0.9230769230769231,0.9230769230769231,0.0,0.939174148224982,0.9309436044992474,0.008230543725734618,0.9283601014370245,0.922865595942519,0.005494505494505475,0.9911137819290161,0.9840954542160034,0.007018327713012695,0.9825332164764404,0.9761934280395508,0.0063397884368896484,0.9820401400793344,0.9753224879968911,0.006717652082443237
8779,js,warning,alert,error,diagnostic,0.7825422900366438,0.7825422900366438,0.0,0.9230769230769231,0.9230769230769231,0.0,0.8825434937178487,0.8803957271418831,0.002147766575965604,0.9268808114961962,0.9268808114961962,0.0,0.9951416850090027,0.9898500442504883,0.005291640758514404,0.9874310493469238,0.8972200155258179,0.09021103382110596,0.9867034176713787,0.8803197182714939,0.10638369939988479
10097,js,argument,parameter,keyword,close_entity,0.9184678024441791,0.9184678024441791,0.0,0.9642857142857143,0.9642857142857143,0.0,0.9192798790234042,0.9154659679998651,0.0038139110235391183,0.9695785984848485,0.9695785984848485,0.0,0.9974717497825623,0.993480384349823,0.003991365432739258,0.9505947232246399,0.727574348449707,0.22302037477493286,0.9493006804259494,0.7211333778686821,0.22816730255726725
10487,js,class,type,module,close_entity,0.9157103753711765,0.9157103753711765,0.0,0.9411764705882353,0.9411764705882353,0.0,0.9187715176545478,0.9165081349122101,0.0022633827423377273,0.9686199271592091,0.9686199271592091,0.0,0.9947050213813782,0.9928004145622253,0.001904606819152832,0.8042052388191223,0.848516047000885,-0.044310808181762695,0.6614115685224533,0.7936946526169777,-0.13228308409452438
12904,js,method,function,attribute,close_entity,0.8423626743789753,0.8423626743789753,0.0,0.9,0.9,0.0,0.8521295674118573,0.8485099119763064,0.0036196554355508725,0.920940170940171,0.920940170940171,0.0,0.993773877620697,0.9752888679504395,0.01848500967025757,0.09521298110485077,0.004446930717676878,0.09076605038717389,-0.5268308073282242,-0.656145088840276,0.12931428151205182
12942,js,test,check,config,infrastructure,0.7348889200874659,0.7348889200874659,0.0,0.9,0.9,0.0,0.858385869806183,0.8513542087881099,0.0070316610180731765,0.9139118457300276,0.9139118457300276,0.0,0.9887667298316956,0.9855784177780151,0.00318831205368042,0.9450439810752869,0.006024973001331091,0.9390190080739558,0.9418010076042265,-0.8393946723081172,1.7811956799123436
12942,js,comment,note,command,infrastructure,0.9036020036098446,0.9036020036098446,0.0,0.9,0.9,0.0,0.8707044044872095,0.8873976856929149,-0.016693281205705346,0.9163223140495868,0.9163223140495868,0.0,0.9987281560897827,0.9987377524375916,-9.59634780883789e-06,0.9850179553031921,0.5816784501075745,0.4033395051956177,0.979896885342896,0.2832607924938202,0.6966360928490758
12947,js,error,exception,warning,diagnostic,0.39281465090051304,0.39281465090051304,0.0,0.7142857142857143,0.7142857142857143,0.0,0.6300752923216946,0.5908256582958029,0.039249634025891655,0.7789062500000001,0.7789062500000001,0.0,0.9716867208480835,0.9736969470977783,-0.0020102262496948242,0.3307914435863495,0.0571645125746727,0.2736269310116768,-0.2792671024799347,-0.5384871736168861,0.25922007113695145
13215,js,functions,methods,variables,close_entity,0.7825422900366438,0.7825422900366438,0.0,0.9090909090909091,0.9090909090909091,0.0,0.8774308527174519,0.8710640603456826,0.006366792371769292,0.9268808114961962,0.9268808114961962,0.0,0.9965200424194336,0.9906311631202698,0.005888879299163818,0.6398666501045227,0.03211238235235214,0.6077542677521706,0.5103517770767212,-0.5991379395127296,1.1094897165894508
13215,js,argument,parameter,keyword,close_entity,0.6298129992394241,0.6298129992394241,0.0,0.8181818181818182,0.8181818181818182,0.0,0.76254060212479,0.7498656292355063,0.012674972889283764,0.8504464285714286,0.8504464285714286,0.0,0.9904239177703857,0.979807436466217,0.010616481304168701,0.9415448307991028,0.004093032330274582,0.9374517984688282,0.9386938735842705,-0.9261306114494801,1.8648244850337505
13323,js,method,function,attribute,close_entity,0.5969491792019644,0.5969491792019644,0.0,0.8571428571428571,0.8571428571428571,0.0,0.8113307976419641,0.807815235496171,0.003515562145793183,0.8819444444444444,0.8819444444444444,0.0,0.9951134324073792,0.9897312521934509,0.005382180213928223,0.9829860329627991,0.6018682718276978,0.3811177611351013,0.979973086155951,0.5927036553621292,0.3872694307938218
13465,js,method,function,attribute,close_entity,0.7265407815865125,0.7265407815865125,0.0,0.8666666666666667,0.8666666666666667,0.0,0.7826534841125207,0.7787302749753102,0.003923209137210448,0.8979166666666667,0.8979166666666667,0.0,0.9921435713768005,0.9836109280586243,0.00853264331817627,0.10249384492635727,0.015395301394164562,0.08709854353219271,-0.35205037146806717,-0.6662050308659673,0.3141546593979001
13602,js,tests,checks,configs,infrastructure,0.7506238537503396,0.7506238537503396,0.0,0.8571428571428571,0.8571428571428571,0.0,0.7899834842151191,0.7801968559414592,0.009786628273659947,0.8819444444444444,0.8819444444444444,0.0,0.9805290699005127,0.9697936773300171,0.010735392570495605,0.9928328990936279,0.021448660641908646,0.9713842384517193,0.9913514838553965,-0.89015157148242,1.8815030553378165
13737,js,error,exception,warning,diagnostic,0.791066507175436,0.791066507175436,0.0,0.9090909090909091,0.9090909090909091,0.0,0.8250335486873503,0.8086000830783232,0.016433465609027142,0.920940170940171,0.920940170940171,0.0,0.9708715677261353,0.9678822159767151,0.002989351749420166,0.9778723120689392,0.31727659702301025,0.660595715045929,0.976653901510872,0.20095022022724152,0.7757036812836304
13743,js,function,method,variable,close_entity,0.7016879391277372,0.7016879391277372,0.0,0.9,0.9,0.0,0.8245574389730571,0.8158989652613216,0.00865847371173556,0.9054545454545455,0.9054545454545455,0.0,0.9949659109115601,0.9877808094024658,0.007185101509094238,0.5830323696136475,0.0029502271208912134,0.5800821424927562,0.20719963312149048,-0.8434297086205333,1.0506293417420238
14622,js,tests,checks,configs,infrastructure,0.7348889200874659,0.7348889200874659,0.0,0.9090909090909091,0.9090909090909091,0.0,0.8286265315571998,0.8203457925686786,0.008280738988521219,0.9139118457300276,0.9139118457300276,0.0,0.9801158905029297,0.9610509276390076,0.01906496286392212,0.9769462943077087,0.02512383833527565,0.9518224559724331,0.9743644392583519,-0.8519564233720303,1.8263208626303822
14929,js,function,method,variable,close_entity,0.7016879391277372,0.7016879391277372,0.0,0.875,0.875,0.0,0.8033414864975312,0.7938396468892347,0.009501839608296536,0.9054545454545455,0.9054545454545455,0.0,0.9955602288246155,0.9921461939811707,0.0034140348434448242,0.8752297759056091,0.00218572816811502,0.8730440477374941,0.8025835826992989,-0.9395214656833559,1.7421050483826548
15090,js,function,method,variable,close_entity,0.865603055254171,0.865603055254171,0.0,0.9375,0.9375,0.0,0.8898739570046951,0.8840860673546858,0.005787889650009315,0.9519047619047619,0.9519047619047619,0.0,0.9963580965995789,0.9931570291519165,0.0032010674476623535,0.9463111162185669,0.025519298389554024,0.9207918178290129,0.9384482903406024,-0.9133551251143217,1.851803415454924
15095,js,function,method,variable,close_entity,0.7506238537503396,0.7506238537503396,0.0,0.8571428571428571,0.8571428571428571,0.0,0.823480810224208,0.8129926444970387,0.010488165727169374,0.8819444444444444,0.8819444444444444,0.0,0.9945091605186462,0.9854024648666382,0.009106695652008057,0.7786380648612976,0.006680321879684925,0.7719577429816127,0.6795815974473953,-0.9048967240378261,1.5844783214852214
15095,js,import,include,export,directional,0.5969491792019644,0.5969491792019644,0.0,0.8571428571428571,0.8571428571428571,0.0,0.8335563529137953,0.9017428993154181,-0.0681865464016228,0.8819444444444444,0.8819444444444444,0.0,0.968852162361145,0.9838310480117798,-0.014978885650634766,0.9219808578491211,0.03267233446240425,0.8893085233867168,0.8680852316319942,-0.9210937134921551,1.7891789451241493
16214,js,error,exception,warning,diagnostic,0.7506238537503396,0.7506238537503396,0.0,0.8888888888888888,0.8888888888888888,0.0,0.8441704001318834,0.8297040040289939,0.014466396102889467,0.8819444444444444,0.8819444444444444,0.0,0.986903190612793,0.984825849533081,0.002077341079711914,0.9958581328392029,0.903989851474762,0.09186828136444092,0.9951363017316908,0.8790580257773399,0.11607827595435083
16453,js,function,method,variable,close_entity,0.865603055254171,0.865603055254171,0.0,0.9166666666666666,0.9166666666666666,0.0,0.8577897170155441,0.8505398904506197,0.007249826564924344,0.9519047619047619,0.9519047619047619,0.0,0.9962650537490845,0.9889273643493652,0.007337689399719238,0.9832648634910583,0.26450055837631226,0.7187643051147461,0.9776992117986083,0.13925717771053314,0.8384420340880752
16590,js,method,function,attribute,close_entity,0.7825422900366438,0.7825422900366438,0.0,0.9166666666666666,0.9166666666666666,0.0,0.8817194649787242,0.879307941979367,0.0024115229993572074,0.9268808114961962,0.9268808114961962,0.0,0.995805025100708,0.9908196926116943,0.004985332489013672,0.9525299072265625,0.4356825053691864,0.5168474018573761,0.9511106155114248,0.4273634646087885,0.5237471509026363
17525,js,classes,types,modules,close_entity,0.7348889200874659,0.7348889200874659,0.0,0.9090909090909091,0.9090909090909091,0.0,0.8208015350488158,0.8165767947509596,0.004224740297856244,0.9139118457300276,0.9139118457300276,0.0,0.992246150970459,0.9919106960296631,0.00033545494079589844,0.934609591960907,0.3575498163700104,0.5770597755908966,0.911671619862318,0.03077062964439392,0.8809009902179241
17596,js,error,exception,warning,diagnostic,0.9036020036098446,0.9036020036098446,0.0,0.9,0.9,0.0,0.9076199217155333,0.8948374772833196,0.012782444432213658,0.9163223140495868,0.9163223140495868,0.0,0.9887282848358154,0.9828504323959351,0.005877852439880371,0.5817162394523621,0.0995711237192154,0.48214511573314667,0.5405328907072544,0.04546615853905678,0.49506673216819763
17678,js,log,trace,output,infrastructure,0.8492326635760686,0.8492326635760686,0.0,0.9285714285714286,0.9285714285714286,0.0,0.9124192389089216,0.9121007384008906,0.000318500508031061,0.9467186484730344,0.9467186484730344,0.0,0.9871379137039185,0.9897425174713135,-0.0026046037673950195,0.7544967532157898,0.8963205814361572,-0.14182382822036743,0.6720501035451889,0.8788963183760643,-0.2068462148308754
18587,js,test,check,config,infrastructure,0.6591844162499148,0.6591844162499148,0.0,0.8181818181818182,0.8181818181818182,0.0,0.7848630645707892,0.7741829582447225,0.010680106326066752,0.7789062500000001,0.7789062500000001,0.0,0.9816365242004395,0.9779387712478638,0.0036977529525756836,0.7337135672569275,0.036090999841690063,0.6976225674152374,0.5246406346559525,-0.7872176468372345,1.311858281493187
19668,js,method,function,attribute,close_entity,0.7016879391277372,0.7016879391277372,0.0,0.9090909090909091,0.9090909090909091,0.0,0.7709068070536237,0.7710774020026798,-0.00017059494905613537,0.9054545454545455,0.9054545454545455,0.0,0.9932769536972046,0.9864749312400818,0.006802022457122803,0.9665876030921936,0.936952531337738,0.029635071754455566,0.9594013346359134,0.9177439417690039,0.041657392866909504
19953,js,class,type,module,close_entity,0.6580370064762461,0.6580370064762461,0.0,0.875,0.875,0.0,0.8407538774745196,0.8369438874068217,0.003809990067697888,0.8950617283950617,0.8950617283950617,0.0,0.9885575771331787,0.991430938243866,-0.002873361110687256,0.9564106464385986,0.8638988137245178,0.09251183271408081,0.9392054304480553,0.7960078418254852,0.14319758862257004
20114,js,warning,alert,error,diagnostic,0.8423626743789753,0.8423626743789753,0.0,0.8333333333333334,0.8333333333333334,0.0,0.7215899031279719,0.7164774074907976,0.005112495637174308,0.920940170940171,0.920940170940171,0.0,0.9896956086158752,0.9898591637611389,-0.00016355514526367188,0.995788037776947,0.9894305467605591,0.0063574910163879395,0.9950485054287128,0.9879689485533163,0.00707955687539652
21122,js,tests,checks,configs,infrastructure,0.7611606003349888,0.7611606003349888,0.0,0.9,0.9,0.0,0.8746987951332302,0.8683850838700748,0.006313711263155386,0.920940170940171,0.920940170940171,0.0,0.9815301895141602,0.9777768850326538,0.0037533044815063477,0.984188973903656,0.20041723549365997,0.783771738409996,0.9799067908897996,-0.42643170058727264,1.4063384914770722
21591,js,test,check,config,infrastructure,0.7611606003349888,0.7611606003349888,0.0,0.9090909090909091,0.9090909090909091,0.0,0.8913780586080539,0.8858229142279829,0.0055551443800709865,0.920940170940171,0.920940170940171,0.0,0.9552366733551025,0.9836482405662537,-0.028411567211151123,0.9418436884880066,0.04781249165534973,0.8940311968326569,0.9177270997315645,-0.6491688787937164,1.566895978525281
21741,js,error,exception,warning,diagnostic,0.7506238537503396,0.7506238537503396,0.0,0.875,0.875,0.0,0.8915797991267431,0.8842779331688372,0.00730186595790594,0.8819444444444444,0.8819444444444444,0.0,0.9919917583465576,0.9902600646018982,0.0017316937446594238,0.9290180802345276,0.25587034225463867,0.6731477379798889,0.9226464610546827,0.1998189464211464,0.7228275146335363
22048,js,argument,parameter,keyword,close_entity,0.8282477531331043,0.8282477531331043,0.0,0.9230769230769231,0.9230769230769231,0.0,0.8535311411914818,0.8463900685947546,0.007141072596727138,0.9402573529411764,0.9402573529411764,0.0,0.9929301738739014,0.9874554872512817,0.005474686622619629,0.9621227979660034,0.9597356915473938,0.002387106418609619,0.9614677742356434,0.959014012303669,0.002453761931974441
22052,js,method,function,attribute,close_entity,0.7611606003349888,0.7611606003349888,0.0,0.9090909090909091,0.9090909090909091,0.0,0.8481536507095861,0.8451848925462754,0.0029687581633107696,0.920940170940171,0.920940170940171,0.0,0.9945946931838989,0.9871160984039307,0.007478594779968262,0.9207183718681335,0.6078214049339294,0.3128969669342041,0.9169225359801203,0.5995830642059445,0.31733947177417576
22922,js,error,exception,warning,diagnostic,0.5969491792019644,0.5969491792019644,0.0,0.8571428571428571,0.8571428571428571,0.0,0.8292284485286301,0.8132298051835904,0.015998643345039643,0.8819444444444444,0.8819444444444444,0.0,0.9803498387336731,0.9610252380371094,0.01932460069656372,0.9130461812019348,0.9159508943557739,-0.0029047131538391113,0.888359421864152,0.9106540125794709,-0.022294590715318918
22960,js,tests,checks,configs,infrastructure,0.8915993127600096,0.8915993127600096,0.0,0.9333333333333333,0.9333333333333333,0.0,0.9235660448166549,0.9188213470438299,0.004744697772825046,0.943675509419454,0.943675509419454,0.0,0.9873447418212891,0.9798194766044617,0.007525265216827393,0.9454264044761658,0.00610923720523715,0.9393171672709286,0.9428206684533507,-0.7918011550791562,1.7346218235325068
23419,js,method,function,attribute,close_entity,0.8843946454355333,0.8843946454355333,0.0,0.9333333333333333,0.9333333333333333,0.0,0.9194753827109199,0.9173392034048072,0.002136179306112651,0.9402573529411764,0.9402573529411764,0.0,0.9884098768234253,0.984829843044281,0.003580033779144287,0.9361060261726379,0.0032483788672834635,0.9328576473053545,0.9326572397258133,-0.0023371882271021605,0.9349944279529154
23968,js,error,exception,warning,diagnostic,0.5969491792019644,0.5969491792019644,0.0,0.8888888888888888,0.8888888888888888,0.0,0.8743849467589371,0.8629383664343427,0.011446580324594335,0.8819444444444444,0.8819444444444444,0.0,0.9865480065345764,0.9896267056465149,-0.0030786991119384766,0.9915619492530823,0.9757094979286194,0.01585245132446289,0.9898847982985899,0.9717303114011884,0.01815448689740151
25643,js,warning,alert,error,diagnostic,0.8492326635760686,0.8492326635760686,0.0,0.9333333333333333,0.9333333333333333,0.0,0.876433352272725,0.8718099209329615,0.004623431339763506,0.9467186484730344,0.9467186484730344,0.0,0.9941133260726929,0.9940535426139832,5.97834587097168e-05,0.9812342524528503,0.7073255777359009,0.27390867471694946,0.9794858723180369,0.6984593700617552,0.2810265022562817
26950,js,warning,alert,error,diagnostic,0.7641254083103469,0.7641254083103469,0.0,0.8947368421052632,0.8947368421052632,0.0,0.8159134209795333,0.8125189872531441,0.0033944337263892566,0.915504476584022,0.915504476584022,0.0,0.988797128200531,0.9910153150558472,-0.002218186855316162,0.9388934373855591,0.8639563322067261,0.07493710517883301,0.929550432600081,0.8535004667937756,0.07604996580630541
26950,js,log,trace,output,infrastructure,0.8843865924896839,0.8843865924896839,0.0,0.9473684210526315,0.9473684210526315,0.0,0.9387827890543651,0.9385226117773068,0.0002601772770582933,0.9580182734719597,0.9580182734719597,0.0,0.9921990036964417,0.992057204246521,0.0001417994499206543,0.6338402032852173,0.5848247408866882,0.04901546239852905,0.4236106276512146,0.23338758945465088,0.19022303819656372
27293,js,log,trace,output,infrastructure,0.9121679090703875,0.9121679090703875,0.0,0.9090909090909091,0.9090909090909091,0.0,0.9545825756551727,0.9520392260088273,0.002543349646345394,0.8880208333333333,0.8880208333333333,0.0,0.9994926452636719,0.9996396899223328,-0.00014704465866088867,0.05380425974726677,0.7600395083427429,-0.7062352485954762,-0.847450990229845,0.6926469951868057,-1.5400979854166508
29768,js,function,method,variable,close_entity,0.865603055254171,0.865603055254171,0.0,0.9285714285714286,0.9285714285714286,0.0,0.8804331300866385,0.8742046307263778,0.006228499360260709,0.9519047619047619,0.9519047619047619,0.0,0.9962335228919983,0.9937198162078857,0.002513706684112549,0.8476247191429138,0.6358439326286316,0.21178078651428223,0.8443646479863673,0.599125400185585,0.24523924780078232
29768,js,method,function,attribute,close_entity,0.865603055254171,0.865603055254171,0.0,0.9285714285714286,0.9285714285714286,0.0,0.8960746616853642,0.8939185835510596,0.0021560781343046287,0.9485714285714285,0.9519047619047619,-0.0033333333333334103,0.9951999187469482,0.99184250831604,0.003357410430908203,0.7892372012138367,0.3642534017562866,0.42498379945755005,0.7846192186698318,0.30037203431129456,0.4842471843585372
30005,js,test,check,config,infrastructure,0.5253819788848316,0.5253819788848316,0.0,0.75,0.75,0.0,0.8125547434793936,0.8011177352625252,0.011437008216868438,0.7937500000000002,0.7937500000000002,0.0,0.9754873514175415,0.976224422454834,-0.0007370710372924805,0.9050159454345703,0.0063726953230798244,0.8986432501114905,0.8995373947545886,-0.8140018531121314,1.71353924786672
30240,js,method,function,attribute,close_entity,0.9025139799587889,0.9025139799587889,0.0,0.9375,0.9375,0.0,0.9056969196769034,0.90359321295715,0.002103706719753351,0.9640897511267882,0.9640897511267882,0.0,0.9964431524276733,0.9914542436599731,0.004988908767700195,0.7441228032112122,0.014568495564162731,0.7295543076470494,0.7290398823097348,-0.5924121858552098,1.3214520681649446
30838,js,function,method,variable,close_entity,0.7016879391277372,0.7016879391277372,0.0,0.9090909090909091,0.9090909090909091,0.0,0.8145548582194843,0.8054933483022643,0.00906150991721999,0.9054545454545455,0.9054545454545455,0.0,0.9925028681755066,0.9849061965942383,0.0075966715812683105,0.9318581223487854,0.03373880311846733,0.8981193192303181,0.905948044732213,-0.7808936722576618,1.6868417169898748
31446,js,parameter,argument,constant,close_entity,0.865603055254171,0.865603055254171,0.0,0.9285714285714286,0.9285714285714286,0.0,0.8857967374718766,0.8766790423261629,0.0091176951457137,0.9519047619047619,0.9519047619047619,0.0,0.9967462420463562,0.9865777492523193,0.010168492794036865,0.9773939847946167,0.42243850231170654,0.5549554824829102,0.9748937173280865,0.3574475273489952,0.6174461899790913
31446,js,test,check,config,infrastructure,0.865603055254171,0.865603055254171,0.0,0.9285714285714286,0.9285714285714286,0.0,0.9267244330488509,0.9228592540862082,0.0038651789626427124,0.9519047619047619,0.9519047619047619,0.0,0.9844821691513062,0.9820699691772461,0.0024121999740600586,0.9644258618354797,0.10623498260974884,0.8581908792257309,0.9610251160338521,-0.5502617210149765,1.5112868370488286
33779,js,errors,exceptions,warnings,diagnostic,0.7825422900366438,0.7825422900366438,0.0,0.8888888888888888,0.8888888888888888,0.0,0.8441704001318834,0.8297040040289939,0.014466396102889467,0.8950617283950617,0.8950617283950617,0.0,0.980242133140564,0.9850471019744873,-0.00480496883392334,0.768879234790802,0.67928147315979,0.08959776163101196,0.5654379427433014,0.6517000906169415,-0.08626214787364006
34445,js,method,function,attribute,close_entity,0.8985396083419644,0.8985396083419644,0.0,0.9545454545454546,0.9545454545454546,0.0,0.9163714048151893,0.9177961494219881,-0.0014247446067987557,0.9627438088976551,0.9627438088976551,0.0,0.9967827200889587,0.9925311803817749,0.004251539707183838,0.9385861158370972,0.7768828272819519,0.16170328855514526,0.9289896171540022,0.6969470083713531,0.23204260878264904
34994,js,function,method,variable,close_entity,0.7076534431960266,0.7076534431960266,0.0,0.8666666666666667,0.8666666666666667,0.0,0.8052309157773476,0.7956834762756979,0.009547439501649713,0.8979166666666667,0.8979166666666667,0.0,0.9912102222442627,0.9850427508354187,0.006167471408843994,0.9490658640861511,0.013824786059558392,0.9352410780265927,0.9409200707450509,-0.9462417112663388,1.8871617820113897
35256,js,method,function,attribute,close_entity,0.6606328636027612,0.6606328636027612,0.0,0.8888888888888888,0.8888888888888888,0.0,0.8333731624239686,0.8301768145946721,0.003196347829296564,0.8819444444444444,0.8819444444444444,0.0,0.9897642135620117,0.97215336561203,0.01761084794998169,0.9926071166992188,0.9750471115112305,0.01756000518798828,0.9914019494317472,0.9702531504444778,0.0211487989872694
35288,js,input,entry,output,directional,0.7825422900366438,0.7825422900366438,0.0,0.875,0.875,0.0,0.8504619991690787,0.9021394857624239,-0.051677486593345145,0.9268808114961962,0.9268808114961962,0.0,0.9876198768615723,0.9901993274688721,-0.0025794506072998047,0.08391392230987549,0.022865328937768936,0.06104859337210655,-0.6526066064834595,-0.9082280062139034,0.25562139973044395
563,js,import,include,export,directional,0.7825422900366438,0.7825422900366438,0.0,0.8888888888888888,0.8888888888888888,0.0,0.8606876559665065,0.917893569547509,-0.057205913581002465,0.9268808114961962,0.9268808114961962,0.0,0.9862057566642761,0.9904879331588745,-0.004282176494598389,0.5377973914146423,0.00232987804338336,0.535467513371259,0.2069770097732544,-0.925782807637006,1.1327598174102604
1778,js,class,type,module,close_entity,0.5969491792019644,0.5969491792019644,0.0,0.8888888888888888,0.8888888888888888,0.0,0.8969826244139568,0.8942253935072838,0.002757230906673014,0.8819444444444444,0.8819444444444444,0.0,0.9916175603866577,0.9932973980903625,-0.001679837703704834,0.7834368944168091,0.6924378275871277,0.0909990668296814,0.7740547927096486,0.6570299044251442,0.11702488828450441
4644,js,comments,notes,commands,infrastructure,0.5969491792019644,0.5969491792019644,0.0,0.875,0.875,0.0,0.8295219235743394,0.8907686683511374,-0.061246744776798034,0.8819444444444444,0.8819444444444444,0.0,0.9879926443099976,0.9756247997283936,0.012367844581604004,0.9831265807151794,0.1506141871213913,0.8325123935937881,0.9818173870444298,-0.4255134016275406,1.4073307886719704
5433,js,import,include,export,directional,0.7691605673134587,0.7691605673134587,0.0,0.875,0.875,0.0,0.8219975551354171,0.8948463436021696,-0.07284878846675258,0.8950617283950617,0.8950617283950617,0.0,0.9817735552787781,0.990879476070404,-0.009105920791625977,0.7190529704093933,0.015079899691045284,0.703973070718348,0.6353342905640602,-0.8473231354728341,1.4826574260368943
6316,js,logs,traces,outputs,infrastructure,0.4889230224349009,0.4889230224349009,0.0,0.8333333333333334,0.8333333333333334,0.0,0.8229669749558637,0.8227006413982759,0.00026633355758776123,0.8412698412698414,0.8412698412698414,0.0,0.9833608865737915,0.9844329357147217,-0.0010720491409301758,0.8472736477851868,0.9155065417289734,-0.06823289394378662,0.7730851843953133,0.8613333329558372,-0.08824814856052399
6593,js,error,exception,warning,diagnostic,0.6434588841607617,0.6434588841607617,0.0,0.8571428571428571,0.8571428571428571,0.0,0.7886852576720645,0.7737060873490275,0.014979170323037083,0.8412698412698414,0.8412698412698414,0.0,0.9670596122741699,0.9575813412666321,0.009478271007537842,0.9861195087432861,0.8910984396934509,0.0950210690498352,0.9818247300572693,0.8889012646395713,0.09292346541769803
7951,js,methods,functions,attributes,close_entity,0.8394327083733333,0.8394327083733333,0.0,0.9166666666666666,0.9166666666666666,0.0,0.8582139505481792,0.8554063195619074,0.002807630986271792,0.943675509419454,0.943675509419454,0.0,0.9941883087158203,0.991092324256897,0.00309598445892334,0.9728206396102905,0.032526977360248566,0.940293662250042,0.9657616522163153,-0.30691929906606674,1.272680951282382
9339,js,import,include,export,directional,0.791066507175436,0.791066507175436,0.0,0.9090909090909091,0.9090909090909091,0.0,0.8631655060122353,0.919365977563579,-0.05620047155134367,0.920940170940171,0.920940170940171,0.0,0.9899503588676453,0.9912322759628296,-0.0012819170951843262,0.8689663410186768,0.5184161067008972,0.35055023431777954,0.7745795100927353,0.1133977472782135,0.6611817628145218
9807,js,methods,functions,attributes,close_entity,0.9173176373893106,0.9173176373893106,0.0,0.9444444444444444,0.9444444444444444,0.0,0.9116216450191849,0.9095039295009139,0.0021177155182710017,0.9561624146604384,0.9561624146604384,0.0,0.9956892132759094,0.9899495840072632,0.00573962926864624,0.9163514971733093,0.22979824244976044,0.6865532547235489,0.9143012824933976,0.2130749672651291,0.7012263152282685
10474,js,test,check,config,infrastructure,0.6434588841607617,0.6434588841607617,0.0,0.8571428571428571,0.8571428571428571,0.0,0.8330140186708261,0.8249125277961266,0.00810149087469958,0.8412698412698414,0.8412698412698414,0.0,0.9782739281654358,0.9609395265579224,0.017334401607513428,0.9928500652313232,0.5130186080932617,0.4798314571380615,0.991909182514064,0.29054446518421173,0.7013647173298523
10513,js,warnings,alerts,errors,diagnostic,0.5969491792019644,0.5969491792019644,0.0,0.875,0.875,0.0,0.7185117126940314,0.7084388972113874,0.010072815482643938,0.8819444444444444,0.8819444444444444,0.0,0.976308286190033,0.9872575402259827,-0.010949254035949707,0.9890326261520386,0.7931039929389954,0.1959286332130432,0.9869684097357094,0.744414895772934,0.24255351396277547
11387,js,method,function,attribute,close_entity,0.4889230224349009,0.4889230224349009,0.0,0.8571428571428571,0.8571428571428571,0.0,0.7768839797030545,0.7729179669318491,0.003966012771205341,0.8412698412698414,0.8412698412698414,0.0,0.9834554195404053,0.9765821099281311,0.00687330961227417,0.9923352599143982,0.9936339855194092,-0.0012987256050109863,0.9918830465467181,0.9930483447387815,-0.0011652981920633465
11541,js,argument,parameter,keyword,close_entity,0.6434588841607617,0.6434588841607617,0.0,0.8333333333333334,0.8333333333333334,0.0,0.7025665923651024,0.686988314775547,0.015578277589555434,0.8412698412698414,0.8412698412698414,0.0,0.9871479272842407,0.980523943901062,0.006623983383178711,0.8581270575523376,0.007552716881036758,0.8505743406713009,0.7594633027911186,-0.9497795961797237,1.7092428989708424
11881,js,function,method,variable,close_entity,0.6434588841607617,0.6434588841607617,0.0,0.8333333333333334,0.8333333333333334,0.0,0.7677021922887198,0.7546617030363159,0.013040489252403975,0.8412698412698414,0.8412698412698414,0.0,0.99249666929245,0.9805464148521423,0.011950254440307617,0.638176441192627,0.017269641160964966,0.620906800031662,0.45856069028377533,-0.8311543166637421,1.2897150069475174
13132,js,method,function,attribute,close_entity,0.8931539818068699,0.8931539818068699,0.0,0.9090909090909091,0.9090909090909091,0.0,0.904792054974704,0.901967926895416,0.002824128079288002,0.9086363636363638,0.9086363636363638,0.0,0.995557427406311,0.9862200617790222,0.009337365627288818,0.8797540664672852,0.5760111212730408,0.3037429451942444,0.8579986784607172,0.5561995375901461,0.30179914087057114
13773,js,method,function,attribute,close_entity,0.9121679090703875,0.9121679090703875,0.0,0.9090909090909091,0.9090909090909091,0.0,0.8642870286359493,0.860451820793458,0.0038352078424912506,0.9228098290598291,0.9228098290598291,0.0,0.9928851127624512,0.9837141036987305,0.009171009063720703,0.8791614770889282,0.4291742742061615,0.4499872028827667,0.8659380497410893,0.3572598397731781,0.5086782099679112
14255,js,method,function,attribute,close_entity,0.8408964152537145,0.8408964152537145,0.0,0.875,0.875,0.0,0.8471664474767325,0.8429380517725872,0.004228395704145349,0.8737244897959183,0.8737244897959183,0.0,0.9951913356781006,0.9868050217628479,0.008386313915252686,0.9824286103248596,0.08969593793153763,0.892732672393322,0.9800580113660544,0.06149230897426605,0.9185657023917884
15135,js,error,exception,warning,diagnostic,0.537284965911771,0.537284965911771,0.0,0.8333333333333334,0.8333333333333334,0.0,0.7886852576720645,0.768398212839463,0.020287044832601575,0.8066666666666668,0.8066666666666668,0.0,0.9733070731163025,0.9716775417327881,0.0016295313835144043,0.9948467016220093,0.9845243096351624,0.010322391986846924,0.9945590028364677,0.9843143336911453,0.010244669145322405
17593,js,function,method,variable,close_entity,0.8091067115702206,0.8091067115702206,0.0,0.9230769230769231,0.9230769230769231,0.0,0.8512899403892475,0.8437561668059793,0.007533773583268233,0.9268808114961962,0.9268808114961962,0.0,0.9955850839614868,0.9903647303581238,0.005220353603363037,0.9721465706825256,0.8719894886016846,0.10015708208084106,0.9684838759712875,0.8244211561977863,0.14406271977350116
18357,js,method,function,attribute,close_entity,0.8801117367933934,0.8801117367933934,0.0,0.875,0.875,0.0,0.8545088948876853,0.8504466360219649,0.004062258865720425,0.8993827160493828,0.8993827160493828,0.0,0.9913513660430908,0.9856712818145752,0.005680084228515625,0.8735280632972717,0.3128020167350769,0.5607260465621948,0.8531709425151348,0.20006607472896576,0.653104867786169
18777,js,functions,methods,variables,close_entity,0.7598356856515927,0.7598356856515927,0.0,0.8333333333333334,0.8333333333333334,0.0,0.728699971321444,0.7140888013698078,0.01461116995163625,0.8300000000000002,0.8300000000000002,0.0,0.9808295965194702,0.9836728572845459,-0.0028432607650756836,0.9768450260162354,0.11580055207014084,0.8610444739460945,0.9708888581953943,-0.5690596774220467,1.539948535617441
20472,js,error,exception,warning,diagnostic,0.855526185871245,0.855526185871245,0.0,0.9285714285714286,0.9285714285714286,0.0,0.8721314232908851,0.8604632251370242,0.011668198153860887,0.9268808114961962,0.9268808114961962,0.0,0.9799178838729858,0.9859580993652344,-0.006040215492248535,0.988893449306488,0.9133967161178589,0.07549673318862915,0.9859502632170916,0.9130419848952442,0.07290827832184732
21919,js,method,function,attribute,close_entity,0.865603055254171,0.865603055254171,0.0,0.9444444444444444,0.9444444444444444,0.0,0.8817194649787242,0.879307941979367,0.0024115229993572074,0.9519047619047619,0.9519047619047619,0.0,0.9887731075286865,0.9825613498687744,0.006211757659912109,0.966846764087677,0.9216891527175903,0.04515761137008667,0.952474663965404,0.8857336938381195,0.06674097012728453
24482,js,test,check,config,infrastructure,0.4889230224349009,0.4889230224349009,0.0,0.8571428571428571,0.8571428571428571,0.0,0.7287449775172115,0.7168376392950448,0.011907338222166608,0.8412698412698414,0.8412698412698414,0.0,0.980379045009613,0.9659829139709473,0.014396131038665771,0.9942716360092163,0.4645284414291382,0.5297431945800781,0.9938067916664295,0.2579050809144974,0.7359017107519321
25270,js,import,include,export,directional,0.82651681837938,0.82651681837938,0.0,0.875,0.875,0.0,0.8260250706053679,0.8972504357155736,-0.07122536511020572,0.9054545454545455,0.9054545454545455,0.0,0.978257417678833,0.9894360303878784,-0.01117861270904541,0.8773817420005798,0.014071510173380375,0.8633102318271995,0.7946990430355072,-0.9252270003780723,1.7199260434135795
26682,js,test,check,config,infrastructure,0.9121679090703875,0.9121679090703875,0.0,0.9,0.9,0.0,0.9201984784443907,0.9134587349411284,0.006739743503262341,0.9228098290598291,0.9228098290598291,0.0,0.9994980096817017,0.9987680912017822,0.0007299184799194336,0.9449631571769714,0.0338984839618206,0.9110646732151508,0.9321359219029546,-0.6150189526379108,1.5471548745408654
26761,js,tests,checks,configs,infrastructure,0.9457416090031756,0.9457416090031756,0.0,0.9166666666666666,0.9166666666666666,0.0,0.9384736292971132,0.9331873668872523,0.0052862624098608535,0.9499307479224378,0.9499307479224378,0.0,0.9997131824493408,0.986732542514801,0.012980639934539795,0.9676387906074524,0.033325303345918655,0.9343134872615337,0.9594174809753895,-0.8159149400889874,1.7753324210643768
28439,js,argument,parameter,keyword,close_entity,0.5969491792019644,0.5969491792019644,0.0,0.8888888888888888,0.8888888888888888,0.0,0.8017005039646983,0.7917910882707285,0.009909415693969748,0.8819444444444444,0.8819444444444444,0.0,0.9932803511619568,0.9830225110054016,0.010257840156555176,0.9611139297485352,0.26992395520210266,0.6911899745464325,0.9571444150060415,0.04061923921108246,0.9165251757949591
29480,js,class,type,module,close_entity,0.7825422900366438,0.7825422900366438,0.0,0.9090909090909091,0.9090909090909091,0.0,0.8738186176632017,0.8705889673993974,0.0032296502638042845,0.8950617283950617,0.8950617283950617,0.0,0.9916415214538574,0.9924614429473877,-0.0008199214935302734,0.12870261073112488,0.06835418194532394,0.060348428785800934,-0.5655361711978912,-0.8192749097943306,0.25373873859643936
32055,js,function,method,variable,close_entity,0.6580370064762461,0.6580370064762461,0.0,0.8888888888888888,0.8888888888888888,0.0,0.7655231117079133,0.7546255269383461,0.010897584769567259,0.8950617283950617,0.8950617283950617,0.0,0.9921423196792603,0.977477490901947,0.014664828777313232,0.9080384373664856,0.08313272148370743,0.8249057158827782,0.8708110861480236,-0.7313512787222862,1.6021623648703098
33763,js,tests,checks,configs,infrastructure,0.3799178428257963,0.3799178428257963,0.0,0.8333333333333334,0.8333333333333334,0.0,0.8084947842447385,0.7994132344582582,0.009081549786480347,0.8066666666666668,0.8066666666666668,0.0,0.9706916213035583,0.9695003032684326,0.0011913180351257324,0.970182478427887,0.11429014801979065,0.8558923304080963,0.963619711343199,-0.6214422881603241,1.5850619995035231
36539,js,error,exception,warning,diagnostic,0.8242367502646057,0.8242367502646057,0.0,0.9230769230769231,0.9230769230769231,0.0,0.8963104331716093,0.8869898420990678,0.009320591072541462,0.9319727891156462,0.9319727891156462,0.0,0.9923449754714966,0.9911715388298035,0.0011734366416931152,0.9666774272918701,0.4156057834625244,0.5510716438293457,0.966337163670687,0.4119989685714245,0.5543381950992625
36539,js,test,check,config,infrastructure,0.8242367502646057,0.8242367502646057,0.0,0.9230769230769231,0.9230769230769231,0.0,0.9041363960388128,0.8991782906832555,0.004958105355557296,0.9319727891156462,0.9319727891156462,0.0,0.9917219877243042,0.9839701652526855,0.007751822471618652,0.989561140537262,0.20470993220806122,0.7848512083292007,0.9893456402205629,0.20163583452813327,0.7877098056924297
36539,js,tests,checks,configs,infrastructure,0.8003203203845001,0.8003203203845001,0.0,0.9230769230769231,0.9230769230769231,0.0,0.9041363960388128,0.8991782906832555,0.004958105355557296,0.9319727891156462,0.9319727891156462,0.0,0.9873584508895874,0.9769778847694397,0.010380566120147705,0.9766919612884521,0.008479639887809753,0.9682123214006424,0.9762946241244208,0.003064421471208334,0.9732302026532125
37068,js,class,type,module,close_entity,0.8408964152537145,0.8408964152537145,0.0,0.875,0.875,0.0,0.8983875750975189,0.8941654028274745,0.0042221722700444,0.8737244897959183,0.8737244897959183,0.0,0.9856923818588257,0.9782626032829285,0.007429778575897217,0.9314199090003967,0.11766894906759262,0.8137509599328041,0.9181560212746263,-0.25965071469545364,1.17780673597008
37132,js,error,exception,warning,diagnostic,0.8070557274927979,0.8070557274927979,0.0,0.8888888888888888,0.8888888888888888,0.0,0.8595301561472727,0.846612000559713,0.01291815558755971,0.9054545454545455,0.9054545454545455,0.0,0.981842577457428,0.9783439636230469,0.0034986138343811035,0.9957960844039917,0.7994862794876099,0.19630980491638184,0.9951413088710979,0.7976267490303144,0.19751455984078348
37175,js,function,method,variable,close_entity,0.8578928092681432,0.8578928092681432,0.0,0.9333333333333333,0.9333333333333333,0.0,0.9109627658628713,0.9061906251513773,0.004772140711494011,0.9494459833795015,0.9494459833795015,0.0,0.9956441521644592,0.9936109185218811,0.002033233642578125,0.9555206894874573,0.2234117090702057,0.7321089804172516,0.9509914079681039,-0.4373643696308136,1.3883557775989175
37220,js,class,type,module,close_entity,0.8003203203845001,0.8003203203845001,0.0,0.9090909090909091,0.9090909090909091,0.0,0.8618700833977807,0.8584179537416687,0.0034521296561119685,0.9319727891156462,0.9319727891156462,0.0,0.9889302253723145,0.9903146028518677,-0.0013843774795532227,0.41170522570610046,0.04928748682141304,0.3624177388846874,-0.0830240547657013,-0.8759971968829632,0.7929731421172619
37326,js,methods,functions,attributes,close_entity,0.8394327083733333,0.8394327083733333,0.0,0.9375,0.9375,0.0,0.8864260391715605,0.8840971364637356,0.0023289027078249314,0.943675509419454,0.943675509419454,0.0,0.996067464351654,0.9920242428779602,0.004043221473693848,0.5120195150375366,0.005630097351968288,0.5063894176855683,0.1329973042011261,-0.8215706730261445,0.9545679772272706
37784,js,test,check,config,infrastructure,0.7611606003349888,0.7611606003349888,0.0,0.9090909090909091,0.9090909090909091,0.0,0.8746987951332302,0.8683850838700748,0.006313711263155386,0.920940170940171,0.920940170940171,0.0,0.984776496887207,0.9841240644454956,0.0006524324417114258,0.9671928882598877,0.03919542580842972,0.927997462451458,0.960696960799396,-0.07472830265760422,1.0354252634570003
37784,js,import,include,export,directional,0.7611606003349888,0.7611606003349888,0.0,0.9090909090909091,0.9090909090909091,0.0,0.8526841739891171,0.9131347008317043,-0.06045052684258723,0.920940170940171,0.920940170940171,0.0,0.9587234854698181,0.9928507804870605,-0.03412729501724243,0.5724968314170837,0.035514336079359055,0.5369824953377247,0.21218055486679077,-0.9113032408058643,1.123483795672655
37921,js,error,exception,warning,diagnostic,0.8423626743789753,0.8423626743789753,0.0,0.9230769230769231,0.9230769230769231,0.0,0.8479755895497622,0.8411382583034239,0.00683733124633823,0.920940170940171,0.920940170940171,0.0,0.9869276285171509,0.9854425191879272,0.0014851093292236328,0.992152750492096,0.9371092915534973,0.05504345893859863,0.9907969249179587,0.9368373108445667,0.053959614073392004
37921,js,log,trace,output,infrastructure,0.9121679090703875,0.9121679090703875,0.0,0.9230769230769231,0.9230769230769231,0.0,0.9258235129543767,0.9218022950144131,0.004021217939963573,0.9228098290598291,0.9228098290598291,0.0,0.9993958473205566,0.9997978210449219,-0.0004019737243652344,0.9488664865493774,0.8962297439575195,0.05263674259185791,0.9338510418310761,0.8339928276836872,0.09985821414738894
38327,js,methods,functions,attributes,close_entity,0.9193227152249183,0.9193227152249183,0.0,0.9,0.9,0.0,0.8689928361747223,0.8657187590421442,0.0032740771325781015,0.9283601014370245,0.9283601014370245,0.0,0.995878279209137,0.9836146235466003,0.012263655662536621,0.886419415473938,0.07595449686050415,0.8104649186134338,0.8712811041623354,0.04492572508752346,0.8263553790748119
38635,js,tests,checks,configs,infrastructure,0.8423626743789753,0.8423626743789753,0.0,0.875,0.875,0.0,0.8289561054927546,0.8192069280172349,0.009749177475519621,0.920940170940171,0.920940170940171,0.0,0.9910907745361328,0.9772158861160278,0.01387488842010498,0.9735465049743652,0.00436527281999588,0.9691812321543694,0.9702345591504127,-0.8855314776301384,1.855766036780551
38995,js,class,type,module,close_entity,0.8153551038173119,0.8153551038173119,0.0,0.9333333333333333,0.9333333333333333,0.0,0.9062483342083535,0.9036952527321175,0.0025530814762360077,0.9363888888888889,0.9363888888888889,0.0,0.9936683177947998,0.9905165433883667,0.0031517744064331055,0.8152057528495789,0.11791665107011795,0.6972891017794609,0.7871747612953186,-0.28632091730833054,1.0734956786036491
39790,js,methods,functions,attributes,close_entity,0.7691605673134587,0.7691605673134587,0.0,0.9090909090909091,0.9090909090909091,0.0,0.850800334919773,0.8478734780929165,0.002926856826856561,0.9139118457300276,0.9139118457300276,0.0,0.9949881434440613,0.9882752299308777,0.006712913513183594,0.9768344759941101,0.9270939826965332,0.049740493297576904,0.9742506605107337,0.8933227993547916,0.08092786115594208
39859,js,argument,parameter,keyword,close_entity,0.7691605673134587,0.7691605673134587,0.0,0.9166666666666666,0.9166666666666666,0.0,0.8300113280229426,0.8216302268048868,0.008381101218055798,0.9139118457300276,0.9139118457300276,0.0,0.98946213722229,0.9822379350662231,0.0072242021560668945,0.989978551864624,0.8132187128067017,0.17675983905792236,0.9892883931752294,0.810429512988776,0.17885888018645346
40030,js,error,exception,warning,diagnostic,0.8408964152537145,0.8408964152537145,0.0,0.875,0.875,0.0,0.8669357982245551,0.8715805769546072,-0.00464477873005209,0.8737244897959183,0.8737244897959183,0.0,0.9990509152412415,0.9987599849700928,0.00029093027114868164,0.9415718913078308,0.9747081995010376,-0.03313630819320679,0.9348167981952429,0.973599175689742,-0.03878237749449909
40072,js,error,exception,warning,diagnostic,0.5969491792019644,0.5969491792019644,0.0,0.8888888888888888,0.8888888888888888,0.0,0.8159924588042535,0.7986148862068273,0.017377572597426227,0.8819444444444444,0.8819444444444444,0.0,0.9844446182250977,0.9860700368881226,-0.0016254186630249023,0.8964947462081909,0.8499294519424438,0.04656529426574707,0.8162562921643257,0.8455661074258387,-0.029309815261512995
40547,js,function,method,variable,close_entity,0.7506238537503396,0.7506238537503396,0.0,0.875,0.875,0.0,0.7521085890304556,0.73565571789256,0.01645287113789562,0.8819444444444444,0.8819444444444444,0.0,0.9761710166931152,0.9711418151855469,0.005029201507568359,0.9719470739364624,0.13212332129478455,0.8398237526416779,0.9558204114437103,-0.5951314866542816,1.550951898097992
40672,js,errors,exceptions,warnings,diagnostic,0.7506238537503396,0.7506238537503396,0.0,0.875,0.875,0.0,0.8507009192635587,0.8368961082856208,0.013804810977937954,0.8819444444444444,0.8819444444444444,0.0,0.9752600193023682,0.9567642211914062,0.018495798110961914,0.9756217002868652,0.9641076326370239,0.011514067649841309,0.9613253083080053,0.947998721152544,0.013326587155461311
40672,js,warnings,alerts,errors,diagnostic,0.5969491792019644,0.5969491792019644,0.0,0.875,0.875,0.0,0.8119424486685163,0.8085822311811286,0.0033602174873876844,0.8819444444444444,0.8333333333333333,0.04861111111111116,0.9867690801620483,0.9589900374412537,0.027779042720794678,0.995841920375824,0.7679579854011536,0.2278839349746704,0.995558132941369,0.6399095952510834,0.3556485376902856
41874,js,error,exception,warning,diagnostic,0.7506238537503396,0.7506238537503396,0.0,0.8888888888888888,0.8888888888888888,0.0,0.8159924588042535,0.7986148862068273,0.017377572597426227,0.8819444444444444,0.8819444444444444,0.0,0.9817209243774414,0.9850977659225464,-0.0033768415451049805,0.9902760982513428,0.95680171251297,0.0334743857383728,0.9891895217588171,0.9563030459685251,0.032886475790292025
43031,js,warnings,alerts,errors,diagnostic,0.7598356856515927,0.7598356856515927,0.0,0.8000000000000002,0.8000000000000002,0.0,0.6887163602322817,0.6822058642150762,0.006510496017205436,0.8300000000000002,0.8300000000000002,0.0,0.9633074998855591,0.9289820194244385,0.034325480461120605,0.4801739454269409,0.157303586602211,0.3228703588247299,0.14001810550689697,-0.2716874033212662,0.41170550882816315
44072,js,class,type,module,close_entity,0.8492326635760686,0.8492326635760686,0.0,0.9473684210526315,0.9473684210526315,0.0,0.9169220308435091,0.9146148673082173,0.002307163535291812,0.9467186484730344,0.9467186484730344,0.0,0.9940572381019592,0.9938660264015198,0.00019121170043945312,0.8088128566741943,0.15088319778442383,0.6579296588897705,0.7963731978088617,-0.4262247085571289,1.2225979063659906
44101,js,function,method,variable,close_entity,0.791066507175436,0.791066507175436,0.0,0.9166666666666666,0.9166666666666666,0.0,0.7944199642822095,0.7844024020338939,0.010017562248315626,0.920940170940171,0.920940170940171,0.0,0.9936280846595764,0.9820523858070374,0.011575698852539062,0.9338670969009399,0.008519898168742657,0.9253471987321973,0.8795286640524864,-0.967722405679524,1.8472510697320104
44907,js,function,method,variable,close_entity,0.5969491792019644,0.5969491792019644,0.0,0.875,0.875,0.0,0.7334752078119451,0.7215022787391208,0.011972929072824323,0.8819444444444444,0.8819444444444444,0.0,0.9871328473091125,0.9695307016372681,0.017602145671844482,0.950877845287323,0.06079450249671936,0.8900833427906036,0.9232105873525143,-0.8317248523235321,1.7549354396760464
3319,js,input,entry,output,directional,0.537284965911771,0.537284965911771,0.0,0.8333333333333334,0.8333333333333334,0.0,0.7753396666584522,0.8531349241005075,-0.07779525744205529,0.8066666666666668,0.8066666666666668,0.0,0.9828689694404602,0.985580325126648,-0.002711355686187744,0.9861305356025696,0.0004106531268917024,0.9857198824756779,0.9843074802774936,-0.9951036801212467,1.9794111603987403
4080,js,function,method,variable,close_entity,0.8578928092681432,0.8578928092681432,0.0,0.9333333333333333,0.9333333333333333,0.0,0.9109627658628713,0.9061906251513773,0.004772140711494011,0.9494459833795015,0.9494459833795015,0.0,0.9959813356399536,0.9937978982925415,0.0021834373474121094,0.9567267894744873,0.3065643310546875,0.6501624584197998,0.9523462788201869,-0.2562497854232788,1.2085960642434657
4770,js,test,check,config,infrastructure,0.8761560783209456,0.8761560783209456,0.0,0.9,0.9,0.0,0.8815215724308101,0.8755151584020058,0.006006414028804308,0.9363888888888889,0.9363888888888889,0.0,0.9840414524078369,0.9893612861633301,-0.005319833755493164,0.9663466811180115,0.03880230709910393,0.9275443740189075,0.9557903474196792,-0.8714735694229603,1.8272639168426394
4919,js,input,entry,output,directional,0.6434588841607617,0.6434588841607617,0.0,0.8571428571428571,0.8571428571428571,0.0,0.7946897351696114,0.865747491011129,-0.07105775584151763,0.8412698412698414,0.8412698412698414,0.0,0.9839197397232056,0.9908885359764099,-0.006968796253204346,0.983176589012146,0.04255792498588562,0.9406186640262604,0.981157885864377,-0.8437170684337616,1.8248749542981386
5952,js,test,check,config,infrastructure,0.5000000000000001,0.5000000000000001,0.0,0.875,0.875,0.0,0.8371821227797756,0.8292524859643079,0.007929636815467656,0.864795918367347,0.864795918367347,0.0,0.9944349527359009,0.9902873635292053,0.004147589206695557,0.9947654008865356,0.14777813851833344,0.8469872623682022,0.9942037375294603,0.028117522597312927,0.9660862149321474
7005,js,functions,methods,variables,close_entity,0.6687403049764218,0.6687403049764218,0.0,0.8000000000000002,0.8000000000000002,0.0,0.7457774056681403,0.7318323773791042,0.013945028289036099,0.7937500000000002,0.7937500000000002,0.0,0.9846185445785522,0.9770294427871704,0.007589101791381836,0.8226030468940735,0.035267435014247894,0.7873356118798256,0.7756252028048038,-0.7667123451828957,1.5423375479876995
7915,js,function,method,variable,close_entity,0.6434588841607617,0.6434588841607617,0.0,0.8571428571428571,0.8571428571428571,0.0,0.7860930283912356,0.7759375421320381,0.010155486259197488,0.8412698412698414,0.8412698412698414,0.0,0.9934120178222656,0.9790357947349548,0.014376223087310791,0.6512671709060669,0.05316206440329552,0.5981051065027714,0.48919777572155,-0.6860344745218754,1.1752322502434254
7915,js,parameters,arguments,constants,close_entity,0.4889230224349009,0.4889230224349009,0.0,0.8571428571428571,0.8571428571428571,0.0,0.7782929643951616,0.7610735597045433,0.017219404690618334,0.8412698412698414,0.8412698412698414,0.0,0.9902067184448242,0.981451153755188,0.00875556468963623,0.9798134565353394,0.1832515001296997,0.7965619564056396,0.9770771875046194,-0.5197736620903015,1.4968508495949209
8098,js,test,check,config,infrastructure,0.7419446627365011,0.7419446627365011,0.0,0.8888888888888888,0.8888888888888888,0.0,0.8696958417185683,0.8631594317261466,0.006536409992421666,0.9054545454545455,0.9054545454545455,0.0,0.9834159016609192,0.9661043286323547,0.017311573028564453,0.9920831918716431,0.9088547825813293,0.08322840929031372,0.9906601624097675,0.8666853159666061,0.12397484644316137
8368,js,log,trace,output,infrastructure,0.537284965911771,0.537284965911771,0.0,0.8333333333333334,0.8333333333333334,0.0,0.8330101343630196,0.8327182633665755,0.0002918709964441213,0.8066666666666668,0.8066666666666668,0.0,0.9760096073150635,0.981722354888916,-0.005712747573852539,0.6678221225738525,0.6348101496696472,0.03301197290420532,0.4055049419403076,0.4219706356525421,-0.016465693712234497
9266,js,comments,notes,commands,infrastructure,0.5969491792019644,0.5969491792019644,0.0,0.8888888888888888,0.8888888888888888,0.0,0.8221493184681615,0.8860982358304613,-0.0639489173622998,0.8819444444444444,0.8819444444444444,0.0,0.9833165407180786,0.9870765209197998,-0.0037599802017211914,0.9600816965103149,0.45729875564575195,0.502782940864563,0.9503830969333649,0.25664427876472473,0.6937388181686401
9988,js,arguments,parameters,keywords,close_entity,0.8282477531331043,0.8282477531331043,0.0,0.9,0.9,0.0,0.8413355420513375,0.8335548154696325,0.007780726581705033,0.9319727891156462,0.9319727891156462,0.0,0.9965039491653442,0.9892499446868896,0.00725400447845459,0.9664618968963623,0.2395244538784027,0.7269374430179596,0.9627344561740756,0.018992140889167786,0.9437423152849078
11006,js,test,check,config,infrastructure,0.7071067811865478,0.7071067811865478,0.0,0.8888888888888888,0.8888888888888888,0.0,0.8286265315571998,0.8203457925686786,0.008280738988521219,0.8950617283950617,0.8950617283950617,0.0,0.9746654033660889,0.968512237071991,0.0061531662940979,0.9930518865585327,0.03651975840330124,0.9565321281552315,0.991604027338326,-0.8536636903882027,1.8452677177265286
11099,js,method,function,attribute,close_entity,0.4659538415189962,0.4659538415189962,0.0,0.8333333333333334,0.8333333333333334,0.0,0.7647389463940228,0.7605945673687262,0.0041443790252966295,0.8220833333333335,0.8220833333333335,0.0,0.9872803688049316,0.9802052974700928,0.007075071334838867,0.3913590610027313,0.02486003190279007,0.36649902909994125,-0.09828463196754456,-0.8801278993487358,0.7818432673811913
11462,js,function,method,variable,close_entity,0.5000000000000001,0.5000000000000001,0.0,0.875,0.875,0.0,0.7655231117079133,0.7546255269383461,0.010897584769567259,0.864795918367347,0.864795918367347,0.0,0.9456870555877686,0.9494200944900513,-0.003733038902282715,0.986769437789917,0.2330767661333084,0.7536926716566086,0.9829842220060527,-0.4316595047712326,1.4146437267772853
12269,js,method,function,attribute,close_entity,0.8282477531331043,0.8282477531331043,0.0,0.9090909090909091,0.9090909090909091,0.0,0.8396180019172624,0.8365164856840254,0.003101516233237067,0.9402573529411764,0.9402573529411764,0.0,0.9900130033493042,0.9885905981063843,0.0014224052429199219,0.8571646809577942,0.19394490122795105,0.6632197797298431,0.7765020281076431,-0.36938944458961487,1.145891472697258
12269,js,test,check,config,infrastructure,0.7085876411943929,0.7085876411943929,0.0,0.8181818181818182,0.8181818181818182,0.0,0.7901010149841412,0.7784177204521704,0.011683294531970811,0.8788235294117647,0.8788235294117647,0.0,0.979485034942627,0.9753025770187378,0.00418245792388916,0.9215356111526489,0.003353823209181428,0.9181817879434675,0.9039260111749172,-0.9557003488298506,1.8596263600047678
12269,js,tests,checks,configs,infrastructure,0.8282477531331043,0.8282477531331043,0.0,0.9090909090909091,0.9090909090909091,0.0,0.8770587966950614,0.8708509104696062,0.006207886225455206,0.9402573529411764,0.9402573529411764,0.0,0.986826479434967,0.9804590344429016,0.00636744499206543,0.9693599343299866,0.24842703342437744,0.7209329009056091,0.9650478702969849,-0.05685567855834961,1.0219035488553345
12296,js,test,check,config,infrastructure,0.5000000000000001,0.5000000000000001,0.0,0.875,0.875,0.0,0.8613937176316244,0.8544926591715393,0.006901058460085152,0.864795918367347,0.864795918367347,0.0,0.9870067834854126,0.9719562530517578,0.015050530433654785,0.9961816072463989,0.356510728597641,0.6396708786487579,0.9953971320646815,0.2193511575460434,0.7760459745186381
14646,js,error,exception,warning,diagnostic,0.6434588841607617,0.6434588841607617,0.0,0.8571428571428571,0.8571428571428571,0.0,0.8250335486873503,0.8086000830783232,0.016433465609027142,0.8412698412698414,0.8412698412698414,0.0,0.9820976257324219,0.9879699945449829,-0.005872368812561035,0.9971956014633179,0.9833452701568604,0.01385033130645752,0.996952257148223,0.9832326762771118,0.013719580871111248
14666,js,error,exception,warning,diagnostic,0.7598356856515927,0.7598356856515927,0.0,0.8333333333333334,0.8333333333333334,0.0,0.8240099803264259,0.8296977286493301,-0.005687748322904196,0.8300000000000002,0.8300000000000002,0.0,0.9949905872344971,0.9855226874351501,0.009467899799346924,0.9931941032409668,0.9738513827323914,0.01934272050857544,0.9923851067433134,0.9712441784795374,0.021140928263776004
14943,js,parameter,argument,constant,close_entity,0.8787419089273847,0.8787419089273847,0.0,0.9375,0.9375,0.0,0.8963162758300025,0.8880159449477574,0.008300330882245133,0.9561624146604384,0.9561624146604384,0.0,0.9969901442527771,0.9850874543190002,0.011902689933776855,0.9183663725852966,0.2645542323589325,0.6538121402263641,0.9158128222916275,0.2603451441973448,0.6554676780942827
15423,js,test,check,config,infrastructure,0.4111336169005198,0.4111336169005198,0.0,0.8571428571428571,0.8571428571428571,0.0,0.7829890993380567,0.7729438311715756,0.010045268166481103,0.8412698412698414,0.8412698412698414,0.0,0.9761832356452942,0.9446954131126404,0.03148782253265381,0.9950492978096008,0.9583076238632202,0.036741673946380615,0.9942017595167272,0.9448343077674508,0.04936745174927637
15537,js,function,method,variable,close_entity,0.5000000000000001,0.5000000000000001,0.0,0.875,0.875,0.0,0.7472928485143168,0.7398365458378293,0.007456302676487447,0.864795918367347,0.864795918367347,0.0,0.9941579103469849,0.9844045639038086,0.00975334644317627,0.9907440543174744,0.43083256483078003,0.5599114894866943,0.989044789224863,0.14528906345367432,0.8437557257711887
16044,js,functions,methods,variables,close_entity,0.3799178428257963,0.3799178428257963,0.0,0.8333333333333334,0.8333333333333334,0.0,0.6811473486024768,0.667629300430861,0.013518048171615837,0.8066666666666668,0.8066666666666668,0.0,0.9802404642105103,0.9803192019462585,-7.873773574829102e-05,0.9389968514442444,0.0035992441698908806,0.9353976072743535,0.9234066028147936,-0.9410792412236333,1.8644858440384269
16952,js,functions,methods,variables,close_entity,0.5946035575013604,0.5946035575013604,0.0,0.8333333333333334,0.8333333333333334,0.0,0.7710282832177829,0.7603253249582383,0.010702958259544593,0.864795918367347,0.864795918367347,0.0,0.9922630190849304,0.9819486141204834,0.010314404964447021,0.9886766672134399,0.21287888288497925,0.7757977843284607,0.9863273331429809,-0.45257192850112915,1.43889926164411
17123,js,method,function,attribute,close_entity,0.7071067811865478,0.7071067811865478,0.0,0.8571428571428571,0.8571428571428571,0.0,0.8582136870862044,0.8547167193638978,0.0034969677223065654,0.864795918367347,0.864795918367347,0.0,0.9948923587799072,0.988385796546936,0.006506562232971191,0.9695783853530884,0.3823874294757843,0.5871909558773041,0.966502642724663,0.2698284983634949,0.6966741443611681
19407,js,error,exception,warning,diagnostic,0.7598356856515927,0.7598356856515927,0.0,0.8333333333333334,0.8333333333333334,0.0,0.8681162310397981,0.8493575250655528,0.018758705974245227,0.8300000000000002,0.8300000000000002,0.0,0.9701585173606873,0.9678698778152466,0.002288639545440674,0.9836117625236511,0.7309026122093201,0.25270915031433105,0.9826577744679525,0.726930090226233,0.25572768424171954
19714,js,warning,alert,error,diagnostic,0.8153551038173119,0.8153551038173119,0.0,0.9090909090909091,0.9090909090909091,0.0,0.852979570333159,0.8503171627677965,0.0026624075653625123,0.9363888888888889,0.9363888888888889,0.0,0.9938309788703918,0.992743194103241,0.001087784767150879,0.9881106615066528,0.773078203201294,0.2150324583053589,0.9869601901154965,0.751467801630497,0.23549238848499954
20312,js,method,function,attribute,close_entity,0.6687403049764218,0.6687403049764218,0.0,0.8000000000000002,0.8000000000000002,0.0,0.7320827269979623,0.7257401785085444,0.006342548489417843,0.7937500000000002,0.7937500000000002,0.0,0.9893331527709961,0.9687566161155701,0.020576536655426025,0.9642479419708252,0.2780335247516632,0.686214417219162,0.9612686482723802,0.12180690467357635,0.8394617435988039
20962,js,error,exception,warning,diagnostic,0.8091067115702206,0.8091067115702206,0.0,0.8571428571428571,0.8571428571428571,0.0,0.8461664856564483,0.8239513541511854,0.022215131505262886,0.8551587301587302,0.8551587301587302,0.0,0.9853461384773254,0.9839472770690918,0.0013988614082336426,0.9920696020126343,0.9801490902900696,0.011920511722564697,0.9912602184922434,0.9792951119598001,0.011965106532443315
21470,js,tests,checks,configs,infrastructure,0.6434588841607617,0.6434588841607617,0.0,0.8571428571428571,0.8571428571428571,0.0,0.8026987418475372,0.793393211121877,0.009305530725660205,0.8412698412698414,0.8412698412698414,0.0,0.974311888217926,0.9565594792366028,0.017752408981323242,0.9905984997749329,0.056326527148485184,0.9342719726264477,0.9878077679313719,-0.8210743479430676,1.8088821158744395
21625,js,comments,notes,commands,infrastructure,0.7691605673134587,0.7691605673134587,0.0,0.875,0.875,0.0,0.8395009124064517,0.8970971915958965,-0.057596279189444766,0.9139118457300276,0.9139118457300276,0.0,0.9893854856491089,0.9862474203109741,0.0031380653381347656,0.9762424230575562,0.2537340521812439,0.7225083708763123,0.9748339857906103,-0.1362316906452179,1.1110656764358282
22532,js,imports,includes,exports,directional,0.6580370064762461,0.6580370064762461,0.0,0.875,0.875,0.0,0.8219975551354171,0.8948463436021696,-0.07284878846675258,0.8950617283950617,0.8950617283950617,0.0,0.9832619428634644,0.993196427822113,-0.009934484958648682,0.8760449886322021,0.02251017652451992,0.8535348121076822,0.803326241672039,-0.8779411260038614,1.6812673676759005
22866,js,tests,checks,configs,infrastructure,0.8091067115702206,0.8091067115702206,0.0,0.8333333333333334,0.8333333333333334,0.0,0.8225942248672284,0.8112065561343053,0.011387668732923184,0.7937500000000002,0.7937500000000002,0.0,0.9868578314781189,0.9755103588104248,0.011347472667694092,0.9862521290779114,0.1104266569018364,0.875825472176075,0.9826331320218742,-0.19164711982011795,1.1742802518419921
23609,js,import,include,export,directional,0.8408964152537145,0.8408964152537145,0.0,0.8571428571428571,0.8571428571428571,0.0,0.8808247567518818,0.8989113842525766,-0.018086627500694785,0.8737244897959183,0.8737244897959183,0.0,0.9776744842529297,0.9929667711257935,-0.01529228687286377,0.8414598107337952,0.009157228283584118,0.832302582450211,0.7873008251190186,-0.9380579711869359,1.7253587963059545
23674,js,function,method,variable,close_entity,0.7691605673134587,0.7691605673134587,0.0,0.8888888888888888,0.8888888888888888,0.0,0.8577897170155441,0.8505398904506197,0.007249826564924344,0.9139118457300276,0.9139118457300276,0.0,0.9942072629928589,0.9876092076301575,0.006598055362701416,0.4336966574192047,0.004257090389728546,0.42943956702947617,-0.00565531849861145,-0.9631662294268608,0.9575109109282494
24248,js,errors,exceptions,warnings,diagnostic,0.7071067811865478,0.7071067811865478,0.0,0.875,0.875,0.0,0.8567055617375398,0.8435047276967939,0.013200834040745901,0.864795918367347,0.864795918367347,0.0,0.9824057221412659,0.9640254378318787,0.018380284309387207,0.9813220500946045,0.732986330986023,0.24833571910858154,0.9762998279184103,0.6669122874736786,0.3093875404447317
25503,js,warning,alert,error,diagnostic,0.7825422900366438,0.7825422900366438,0.0,0.8888888888888888,0.8888888888888888,0.0,0.8451847194190172,0.8423882978763174,0.0027964215426997674,0.8950617283950617,0.8950617283950617,0.0,0.9884356260299683,0.9753381013870239,0.013097524642944336,0.9721845388412476,0.8492259383201599,0.12295860052108765,0.9540575258433819,0.8175866231322289,0.13647090271115303
25907,js,error,exception,warning,diagnostic,0.6434588841607617,0.6434588841607617,0.0,0.8571428571428571,0.8571428571428571,0.0,0.8292284485286301,0.8132298051835904,0.015998643345039643,0.8412698412698414,0.8412698412698414,0.0,0.979827880859375,0.9748612642288208,0.004966616630554199,0.9959653615951538,0.8970173001289368,0.09894806146621704,0.9954627092229202,0.8952085463097319,0.10025416291318834
27255,js,methods,functions,attributes,close_entity,0.7071067811865478,0.7071067811865478,0.0,0.8571428571428571,0.8571428571428571,0.0,0.7931298260311666,0.7888555719369034,0.004274254094263186,0.864795918367347,0.864795918367347,0.0,0.9923261404037476,0.9787369966506958,0.013589143753051758,0.9001511931419373,0.0029365266673266888,0.8972146664746106,0.8714787568897009,-0.915862635243684,1.787341392133385
27255,js,arguments,parameters,keywords,close_entity,0.7071067811865478,0.7071067811865478,0.0,0.8571428571428571,0.8571428571428571,0.0,0.750105638988882,0.7366434478023107,0.013462191186571326,0.864795918367347,0.864795918367347,0.0,0.9860072135925293,0.9732641577720642,0.012743055820465088,0.9829665422439575,0.865621030330658,0.11734551191329956,0.9786542905494571,0.7856206148862839,0.1930336756631732
27255,js,test,check,config,infrastructure,0.5000000000000001,0.5000000000000001,0.0,0.8571428571428571,0.8571428571428571,0.0,0.8191201418100401,0.8104568260053518,0.008663315804688265,0.864795918367347,0.864795918367347,0.0,0.986846387386322,0.9684786796569824,0.0183677077293396,0.9910264611244202,0.6362072825431824,0.3548191785812378,0.9892051607603207,0.3640027642250061,0.6252023965353146
27967,js,methods,functions,attributes,close_entity,0.8091067115702206,0.8091067115702206,0.0,0.8571428571428571,0.8571428571428571,0.0,0.8117179839020682,0.8073405685511519,0.004377415350916292,0.8551587301587302,0.8551587301587302,0.0,0.9921289682388306,0.98743736743927,0.004691600799560547,0.9813888669013977,0.31728067994117737,0.6641081869602203,0.9793542325496674,0.21661865711212158,0.7627355754375458
28509,js,method,function,attribute,close_entity,0.3799178428257963,0.3799178428257963,0.0,0.8333333333333334,0.8333333333333334,0.0,0.7180000842563892,0.7185132664336187,-0.0005131821772295098,0.8066666666666668,0.8066666666666668,0.0,0.9825850129127502,0.967738687992096,0.014846324920654297,0.9830563068389893,0.7433145642280579,0.2397417426109314,0.9779283180832863,0.6208372563123703,0.357091061770916
28990,js,error,exception,warning,diagnostic,0.6434588841607617,0.6434588841607617,0.0,0.8571428571428571,0.8571428571428571,0.0,0.8250335486873503,0.8086000830783232,0.016433465609027142,0.8412698412698414,0.8412698412698414,0.0,0.9810284376144409,0.981266975402832,-0.00023853778839111328,0.9851163029670715,0.6963186860084534,0.28879761695861816,0.9823181484825909,0.6946577242342755,0.2876604242483154
29360,js,test,check,config,infrastructure,0.4889230224349009,0.4889230224349009,0.0,0.8333333333333334,0.8333333333333334,0.0,0.7674983365222886,0.7568953682682058,0.0106029682540828,0.8412698412698414,0.8412698412698414,0.0,0.9881436824798584,0.9756367206573486,0.012506961822509766,0.9897794127464294,0.19534258544445038,0.7944368273019791,0.9874862041324377,-0.5333578735589981,1.5208440776914358
31053,js,comments,notes,commands,infrastructure,0.9121679090703875,0.9121679090703875,0.0,0.9166666666666666,0.9166666666666666,0.0,0.8982635962079892,0.94379169285337,-0.04552809664538071,0.9228098290598291,0.9228098290598291,0.0,0.9824222326278687,0.972779393196106,0.009642839431762695,0.962285041809082,0.2190631479024887,0.7432218939065933,0.9588225616607815,0.04928871989250183,0.9095338417682797
32723,js,test,check,config,infrastructure,0.537284965911771,0.537284965911771,0.0,0.8333333333333334,0.8333333333333334,0.0,0.7965400491249945,0.7869997368301973,0.009540312294797237,0.8066666666666668,0.8066666666666668,0.0,0.9837069511413574,0.9807697534561157,0.0029371976852416992,0.8653372526168823,0.011227433569729328,0.854109819047153,0.8485620208084583,-0.8929359270259738,1.7414979478344321
32883,js,warning,alert,error,diagnostic,0.7016879391277372,0.7016879391277372,0.0,0.8888888888888888,0.8888888888888888,0.0,0.860026631717829,0.8574859807197923,0.0025406509980366865,0.9054545454545455,0.9054545454545455,0.0,0.9925849437713623,0.9905738234519958,0.002011120319366455,0.9798933267593384,0.8266298174858093,0.15326350927352905,0.9791376414359547,0.8190761911682785,0.16006145026767626
34616,js,arguments,parameters,keywords,close_entity,0.5000000000000001,0.5000000000000001,0.0,0.875,0.875,0.0,0.8017005039646983,0.7917910882707285,0.009909415693969748,0.864795918367347,0.864795918367347,0.0,0.9951908588409424,0.9893476963043213,0.005843162536621094,0.9794283509254456,0.11398565769195557,0.86544269323349,0.9772648802027106,-0.3094720244407654,1.286736904643476
37520,js,test,check,config,infrastructure,0.7598356856515927,0.7598356856515927,0.0,0.8333333333333334,0.8333333333333334,0.0,0.8719950842011308,0.8616731693311208,0.010321914870009996,0.8300000000000002,0.8300000000000002,0.0,0.9677207469940186,0.9483163356781006,0.01940441131591797,0.9646651744842529,0.19848261773586273,0.7661825567483902,0.9620944815687835,0.029224112629890442,0.9328703689388931
37595,js,comment,note,command,infrastructure,0.7825422900366438,0.7825422900366438,0.0,0.8888888888888888,0.8888888888888888,0.0,0.8395009124064517,0.8970971915958965,-0.057596279189444766,0.9268808114961962,0.9268808114961962,0.0,0.9870639443397522,0.982291579246521,0.004772365093231201,0.9112485647201538,0.13753275573253632,0.7737158089876175,0.8786317817866802,-0.4281855374574661,1.3068173192441463
37937,js,error,exception,warning,diagnostic,0.8070557274927979,0.8070557274927979,0.0,0.875,0.875,0.0,0.8567055617375398,0.8435047276967939,0.013200834040745901,0.8950617283950617,0.8950617283950617,0.0,0.9846218824386597,0.9883905649185181,-0.0037686824798583984,0.993506908416748,0.9769342541694641,0.016572654247283936,0.9926082162419334,0.9766590038780123,0.015949212363921106
38718,js,warning,alert,error,diagnostic,0.4111336169005198,0.4111336169005198,0.0,0.8571428571428571,0.8571428571428571,0.0,0.7786601712285455,0.7747478029135426,0.0039123683150028565,0.8412698412698414,0.8412698412698414,0.0,0.987726092338562,0.9844231605529785,0.003302931785583496,0.987903892993927,0.966429591178894,0.02147430181503296,0.9843914466910064,0.9618720812723041,0.022519365418702364
39425,js,methods,functions,attributes,close_entity,0.7071067811865478,0.7071067811865478,0.0,0.8571428571428571,0.8571428571428571,0.0,0.8614158837655735,0.8582890506562735,0.0031268331093000645,0.864795918367347,0.864795918367347,0.0,0.9923669695854187,0.9834305047988892,0.008936464786529541,0.9693282246589661,0.13890282809734344,0.8304253965616226,0.9678040622966364,-0.1905079036951065,1.158311965991743
39425,js,argument,parameter,keyword,close_entity,0.5000000000000001,0.5000000000000001,0.0,0.8571428571428571,0.8571428571428571,0.0,0.8237201293857649,0.8150027984685508,0.00871733091721405,0.864795918367347,0.864795918367347,0.0,0.9947060346603394,0.977363646030426,0.01734238862991333,0.989541232585907,0.5426263213157654,0.4469149112701416,0.9888336707372218,0.5415182964643463,0.4473153742728755
15,php,method,function,attribute,close_entity,0.5946035575013604,0.5946035575013604,0.0,0.75,0.75,0.0,0.7059630389095801,0.699269495382316,0.006693543527264145,0.7361111111111112,0.7361111111111112,0.0,0.9276624917984009,0.9184322357177734,0.009230256080627441,0.8929812908172607,0.31083616614341736,0.5821451246738434,0.8623007442802191,0.060964494943618774,0.8013362493366003
44,php,errors,exceptions,warnings,diagnostic,0.3466806371753173,0.3466806371753173,0.0,0.6666666666666666,0.6666666666666666,0.0,0.5967684050257318,0.5643299646254151,0.03243844040031674,0.3333333333333333,0.3333333333333333,0.0,0.9690937995910645,0.9353575706481934,0.033736228942871094,0.9875810146331787,0.9136963486671448,0.07388466596603394,0.9863305715844035,0.9022391811013222,0.08409139048308134
111,php,class,type,module,close_entity,0.42728700639623396,0.42728700639623396,0.0,0.8000000000000002,0.8000000000000002,0.0,0.7007559716140418,0.6955714595080891,0.005184512105952721,0.7500000000000001,0.7500000000000001,0.0,0.9818583726882935,0.9897435307502747,-0.007885158061981201,0.553814709186554,0.02142678014934063,0.5323879290372133,0.2869889736175537,-0.8590194154530764,1.14600838907063
126,php,class,type,module,close_entity,0.5503212081491042,0.5503212081491042,0.0,0.6666666666666666,0.6666666666666666,0.0,0.7493237883300704,0.7415404441204778,0.007783344209592591,0.625,0.625,0.0,0.9444319009780884,0.9659135341644287,-0.021481633186340332,0.5930895805358887,0.15915456414222717,0.4339350163936615,0.3794441670179367,-0.42780134081840515,0.8072455078363419
127,php,class,type,module,close_entity,0.5503212081491042,0.5503212081491042,0.0,0.6666666666666666,0.6666666666666666,0.0,0.7493237883300704,0.7415404441204778,0.007783344209592591,0.625,0.625,0.0,0.9358081817626953,0.9766066074371338,-0.04079842567443848,0.27553051710128784,0.0798078328371048,0.19572268426418304,-0.2502920627593994,-0.7075934857130051,0.45730142295360565
127,php,arguments,parameters,keywords,close_entity,0.3466806371753173,0.3466806371753173,0.0,0.6666666666666666,0.6666666666666666,0.0,0.48299510906158505,0.4694388341717641,0.013556274889820974,0.3333333333333333,0.3333333333333333,0.0,0.9511714577674866,0.943898618221283,0.007272839546203613,0.016589252278208733,0.00028769459458999336,0.01630155768361874,-0.9392497260123491,-0.9950892499473412,0.05583952393499203
218,php,method,function,attribute,close_entity,0.8578928092681432,0.8578928092681432,0.0,0.9444444444444444,0.9444444444444444,0.0,0.9202642525056989,0.9185618551194756,0.0017023973862232422,0.9402573529411764,0.9402573529411764,0.0,0.9920584559440613,0.9946185350418091,-0.0025600790977478027,0.911170244216919,0.28488343954086304,0.6262868046760559,0.8890456762164831,0.2506127841770649,0.6384328920394182
219,php,method,function,attribute,close_entity,0.8578928092681432,0.8578928092681432,0.0,0.9444444444444444,0.9444444444444444,0.0,0.9195149554928426,0.9177980669340237,0.0017168885588189076,0.9402573529411764,0.9402573529411764,0.0,0.9917365312576294,0.9937502145767212,-0.002013683319091797,0.9110432267189026,0.22317492961883545,0.6878682971000671,0.8882572837173939,0.1881950944662094,0.7000621892511845
224,php,class,type,module,close_entity,0.8070557274927979,0.8070557274927979,0.0,0.9090909090909091,0.9090909090909091,0.0,0.8379666764126327,0.8338033612946271,0.004163315118005606,0.9054545454545455,0.9054545454545455,0.0,0.9863408803939819,0.9855344295501709,0.0008064508438110352,0.5382644534111023,0.02626875229179859,0.5119957011193037,0.19984012842178345,-0.8890583794564009,1.0888985078781843
228,php,error,exception,warning,diagnostic,0.6580370064762461,0.6580370064762461,0.0,0.9,0.9,0.0,0.840685837977441,0.8258644197827623,0.014821418194678748,0.8950617283950617,0.8950617283950617,0.0,0.9638181924819946,0.9734675288200378,-0.009649336338043213,0.9864054322242737,0.627364993095398,0.35904043912887573,0.9844668138539419,0.6192848542705178,0.36518195958342403
233,php,warning,alert,error,diagnostic,0.8423626743789753,0.8423626743789753,0.0,0.9230769230769231,0.9230769230769231,0.0,0.852979570333159,0.8503171627677965,0.0026624075653625123,0.920940170940171,0.920940170940171,0.0,0.9897587299346924,0.9772694706916809,0.012489259243011475,0.9970840811729431,0.914634108543396,0.08244997262954712,0.9963748638401739,0.8918639719486237,0.10451089189155027
283,php,tests,checks,configs,infrastructure,0.8408964152537145,0.8408964152537145,0.0,0.8333333333333334,0.8333333333333334,0.0,0.8401324964232785,0.8296977286493301,0.010434767773948361,0.8300000000000002,0.8300000000000002,0.0,0.9858736991882324,0.972298800945282,0.01357489824295044,0.9216686487197876,0.004645691253244877,0.9170229574665427,0.9079929599538445,-0.8266573091968894,1.734650269150734
294,php,errors,exceptions,warnings,diagnostic,0.9121679090703875,0.9121679090703875,0.0,0.9090909090909091,0.9090909090909091,0.0,0.9197357799819278,0.9104189740894035,0.00931680589252426,0.9086363636363638,0.9086363636363638,0.0,0.9886535406112671,0.9903967976570129,-0.0017432570457458496,0.9562280178070068,0.28872013092041016,0.6675078868865967,0.9476570505648851,0.25787467136979103,0.6897823791950941
303,php,function,method,variable,close_entity,0.7825422900366438,0.7825422900366438,0.0,0.9285714285714286,0.9285714285714286,0.0,0.7992958089415193,0.789638081091684,0.009657727849835318,0.9268808114961962,0.9268808114961962,0.0,0.9940840601921082,0.985439121723175,0.008644938468933105,0.9794166088104248,0.49480676651000977,0.48460984230041504,0.976277993991971,0.48831748170778155,0.48796051228418946
303,php,log,trace,output,infrastructure,0.8091067115702206,0.8091067115702206,0.0,0.9285714285714286,0.9285714285714286,0.0,0.8804512798396082,0.880106523750589,0.00034475608901929355,0.9268808114961962,0.9268808114961962,0.0,0.9903355836868286,0.9906761646270752,-0.00034058094024658203,0.9677380323410034,0.9180946350097656,0.04964339733123779,0.9551664441823959,0.8538894653320312,0.10127697885036469
324,php,classes,types,modules,close_entity,0.9025139799587889,0.9025139799587889,0.0,0.9411764705882353,0.9411764705882353,0.0,0.9225393280107593,0.9203045667754036,0.002234761235355709,0.920940170940171,0.920940170940171,0.0,0.994491696357727,0.9962635040283203,-0.0017718076705932617,0.8082862496376038,0.04650504142045975,0.761781208217144,0.7363879829645157,-0.8029524013400078,1.5393403843045235
366,php,parameters,arguments,constants,close_entity,0.8801117367933934,0.8801117367933934,0.0,0.875,0.875,0.0,0.8758835924676422,0.8614528263744334,0.014430766093208813,0.8737244897959183,0.8737244897959183,0.0,0.9933783411979675,0.9928014278411865,0.0005769133567810059,0.7135244011878967,0.2500072121620178,0.4635171890258789,0.6738332509994507,-0.18601006269454956,0.8598433136940002
400,php,test,check,config,infrastructure,0.5000000000000001,0.5000000000000001,0.0,0.8571428571428571,0.8571428571428571,0.0,0.8286265315571998,0.8203457925686786,0.008280738988521219,0.864795918367347,0.864795918367347,0.0,0.9750567078590393,0.966856837272644,0.008199870586395264,0.9844247102737427,0.5273546576499939,0.4570700526237488,0.9824879798106849,0.25387996435165405,0.7286080154590309
441,php,function,method,variable,close_entity,0.7598356856515927,0.7598356856515927,0.0,0.8333333333333334,0.8333333333333334,0.0,0.6822058642150762,0.6641701776484384,0.018035686566637787,0.8300000000000002,0.8300000000000002,0.0,0.9775089025497437,0.9794808626174927,-0.0019719600677490234,0.9848281741142273,0.2936793863773346,0.6911487877368927,0.9803029540926218,0.032106250524520874,0.9481967035681009
458,php,functions,methods,variables,close_entity,0.6580370064762461,0.6580370064762461,0.0,0.9,0.9,0.0,0.7472928485143168,0.7357715051874232,0.011521343326893585,0.8950617283950617,0.8950617283950617,0.0,0.9915097951889038,0.9855012893676758,0.006008505821228027,0.9681264162063599,0.045157987624406815,0.922968428581953,0.9589499542489648,-0.61586819216609,1.5748181464150548
545,php,method,function,attribute,close_entity,0.5946035575013604,0.5946035575013604,0.0,0.875,0.875,0.0,0.6750830991283864,0.6759584978377927,-0.0008753987094063387,0.864795918367347,0.864795918367347,0.0,0.9889543652534485,0.975555956363678,0.013398408889770508,0.9809504747390747,0.7050660848617554,0.27588438987731934,0.9751264844089746,0.594914399087429,0.3802120853215456
594,php,argument,parameter,keyword,close_entity,0.7598356856515927,0.7598356856515927,0.0,0.75,0.75,0.0,0.7595516857327114,0.7433612744563844,0.01619041127632692,0.7361111111111112,0.7361111111111112,0.0,0.9920791387557983,0.986232340335846,0.005846798419952393,0.9591954946517944,0.1021910235285759,0.8570044711232185,0.9517126525752246,-0.17422453314065933,1.125937185715884
615,php,method,function,attribute,close_entity,0.9351334836242394,0.9351334836242394,0.0,0.9,0.9,0.0,0.9142209817456901,0.9116485172828969,0.0025724644627932447,0.8737244897959183,0.8737244897959183,0.0,0.9974172711372375,0.9919435977935791,0.005473673343658447,0.8185291886329651,0.15310251712799072,0.6654266715049744,0.8033099304884672,0.13325425423681736,0.6700556762516499
717,php,test,check,config,infrastructure,0.7825422900366438,0.7825422900366438,0.0,0.9166666666666666,0.9166666666666666,0.0,0.9118967174910528,0.9073089118515114,0.00458780563954142,0.9139118457300276,0.9139118457300276,0.0,0.9918575882911682,0.9855937957763672,0.006263792514801025,0.9360184073448181,0.015819061547517776,0.9201993457973003,0.9311108565889299,-0.7453035227954388,1.6764143793843687
721,php,test,check,config,infrastructure,0.537284965911771,0.537284965911771,0.0,0.8571428571428571,0.8571428571428571,0.0,0.7899834842151191,0.7851868815141736,0.004796602700945507,0.8066666666666668,0.8066666666666668,0.0,0.9766634106636047,0.9496639966964722,0.02699941396713257,0.9872639179229736,0.3767755925655365,0.6104883253574371,0.9839666155166924,-0.047844260931015015,1.0318108764477074
782,php,function,method,variable,close_entity,0.7419446627365011,0.7419446627365011,0.0,0.9090909090909091,0.9090909090909091,0.0,0.7812969331250263,0.7709647836749411,0.010332149450085204,0.9054545454545455,0.9054545454545455,0.0,0.986473560333252,0.9717227816581726,0.014750778675079346,0.931690514087677,0.012536375783383846,0.9191541383042932,0.894294548779726,-0.9008134910836816,1.7951080398634076
869,php,log,trace,output,infrastructure,0.5946035575013604,0.5946035575013604,0.0,0.75,0.75,0.0,0.8083133076056787,0.8074270207636054,0.0008862868420732584,0.7361111111111112,0.7361111111111112,0.0,0.9820123314857483,0.9785269498825073,0.003485381603240967,0.7772001028060913,0.9661662578582764,-0.18896615505218506,0.6951170563697815,0.9578216830268502,-0.26270462665706873
974,php,class,type,module,close_entity,0.8408964152537145,0.8408964152537145,0.0,0.875,0.875,0.0,0.8710431299366332,0.8659310401445168,0.005112089792116414,0.8737244897959183,0.8737244897959183,0.0,0.9881600141525269,0.9889645576477051,-0.0008045434951782227,0.014159582555294037,0.014661374501883984,-0.0005017919465899467,-0.6842869892716408,-0.7895037503913045,0.10521676111966372
1010,php,method,function,attribute,close_entity,0.8153551038173119,0.8153551038173119,0.0,0.9230769230769231,0.9230769230769231,0.0,0.9276711016423937,0.9261134575341259,0.0015576441082678638,0.920940170940171,0.920940170940171,0.0,0.994762659072876,0.9912163019180298,0.0035463571548461914,0.9524160027503967,0.7649309039115906,0.18748509883880615,0.9363184031099081,0.7538861623033881,0.18243224080651999
1010,php,class,type,module,close_entity,0.6128081331864041,0.6128081331864041,0.0,0.8461538461538461,0.8461538461538461,0.0,0.8759317167057303,0.8727856453868568,0.0031460713188735667,0.8375715193897013,0.8375715193897013,0.0,0.9879269599914551,0.9851675033569336,0.0027594566345214844,0.8765259981155396,0.6964064836502075,0.18011951446533203,0.8035520240664482,0.508434385061264,0.2951176390051842
1028,php,argument,parameter,keyword,close_entity,0.791066507175436,0.791066507175436,0.0,0.9230769230769231,0.9230769230769231,0.0,0.8975993225651184,0.8927106402208654,0.0048886823442529925,0.920940170940171,0.920940170940171,0.0,0.99582839012146,0.9904803037643433,0.005348086357116699,0.9911484718322754,0.4779074490070343,0.5132410228252411,0.9899157538311556,0.45859385281801224,0.5313219010131434
1061,php,tests,checks,configs,infrastructure,0.8408964152537145,0.8408964152537145,0.0,0.8333333333333334,0.8333333333333334,0.0,0.8545076927453862,0.8448818250304266,0.009625867714959546,0.8300000000000002,0.8300000000000002,0.0,0.9859427213668823,0.9751432538032532,0.01079946756362915,0.857725977897644,0.00783336628228426,0.8498926116153598,0.8423935389146209,-0.7995567275211215,1.6419502664357424
1215,php,class,type,module,close_entity,0.8787419089273847,0.8787419089273847,0.0,0.9500000000000001,0.9500000000000001,0.0,0.9316957683757151,0.9297479646057063,0.0019478037700088047,0.9494459833795015,0.9494459833795015,0.0,0.9944837689399719,0.9938731789588928,0.0006105899810791016,0.8603802919387817,0.5710102915763855,0.28937000036239624,0.849612289108336,0.43914709985256195,0.410465189255774
1215,php,errors,exceptions,warnings,diagnostic,0.8787419089273847,0.8787419089273847,0.0,0.9500000000000001,0.9500000000000001,0.0,0.9338333559832518,0.9280247541430553,0.005808601840196492,0.9494459833795015,0.9494459833795015,0.0,0.9946867823600769,0.9971117973327637,-0.0024250149726867676,0.8128560781478882,0.629132091999054,0.18372398614883423,0.8108704560436308,0.6260608930606395,0.18480956298299134
1228,php,class,type,module,close_entity,0.8828704089744474,0.8828704089744474,0.0,0.9428571428571428,0.9428571428571428,0.0,0.9395918080731639,0.9378557383853606,0.0017360696878032655,0.9441200499807767,0.9441200499807767,0.0,0.9957889318466187,0.9955794811248779,0.00020945072174072266,0.8612191081047058,0.8709158897399902,-0.009696781635284424,0.8309755362570286,0.8117544054985046,0.01922113075852394
1228,php,comment,note,command,infrastructure,0.7471327820265266,0.7471327820265266,0.0,0.8857142857142857,0.8857142857142857,0.0,0.8632004432196232,0.911796530311381,-0.04859608709175778,0.8871934678819444,0.8871934678819444,0.0,0.990436851978302,0.9869627356529236,0.003474116325378418,0.933349072933197,0.8916693925857544,0.04167968034744263,0.919682702049613,0.8782714623957872,0.04141123965382576
1293,php,parameter,argument,constant,close_entity,0.5946035575013604,0.5946035575013604,0.0,0.875,0.875,0.0,0.7681352553643817,0.750173471403653,0.017961783960728672,0.864795918367347,0.864795918367347,0.0,0.9884686470031738,0.9829331636428833,0.005535483360290527,0.9849228858947754,0.35002264380455017,0.6349002420902252,0.9804887734353542,-0.1833990514278412,1.1638878248631954
1335,php,function,method,variable,close_entity,0.7348889200874659,0.7348889200874659,0.0,0.9166666666666666,0.9166666666666666,0.0,0.8535215966031573,0.8460848512610165,0.0074367453421407825,0.9139118457300276,0.9139118457300276,0.0,0.9941313862800598,0.9886957406997681,0.005435645580291748,0.9549055099487305,0.43430599570274353,0.5205995142459869,0.9471121695823967,0.40451496839523315,0.5425972011871636
1365,php,function,method,variable,close_entity,0.6434588841607617,0.6434588841607617,0.0,0.8571428571428571,0.8571428571428571,0.0,0.6811473486024768,0.667629300430861,0.013518048171615837,0.8412698412698414,0.8412698412698414,0.0,0.9907118082046509,0.9822455644607544,0.008466243743896484,0.9878485202789307,0.07356341928243637,0.9142851009964943,0.983652766328305,-0.7407955899834633,1.7244483563117683
1409,php,function,method,variable,close_entity,0.3799178428257963,0.3799178428257963,0.0,0.8333333333333334,0.8333333333333334,0.0,0.6588036623477841,0.6447051385235015,0.01409852382428256,0.8066666666666668,0.8066666666666668,0.0,0.978344738483429,0.9677956104278564,0.01054912805557251,0.9739083647727966,0.957051157951355,0.01685720682144165,0.9649510392919183,0.9469981640577316,0.01795287523418665
1436,php,method,function,attribute,close_entity,0.8282477531331043,0.8282477531331043,0.0,0.9285714285714286,0.9285714285714286,0.0,0.893489425854018,0.8933043428278835,0.00018508302613451377,0.9268808114961962,0.9268808114961962,0.0,0.9957764148712158,0.9909719228744507,0.004804491996765137,0.9754482507705688,0.9546862840652466,0.020761966705322266,0.9749971216660924,0.9504912593401968,0.024505862325895578
1454,php,method,function,attribute,close_entity,0.8003203203845001,0.8003203203845001,0.0,0.9285714285714286,0.9285714285714286,0.0,0.8766057253141972,0.8741056852915832,0.0025000400226140584,0.920940170940171,0.920940170940171,0.0,0.994867205619812,0.9922922849655151,0.002574920654296875,0.9661136269569397,0.8981318473815918,0.0679817795753479,0.9583535767160356,0.8472657017409801,0.11108787497505546
1502,php,parameter,argument,constant,close_entity,0.8739351325046801,0.8739351325046801,0.0,0.9473684210526315,0.9473684210526315,0.0,0.8760121234855973,0.866138172181515,0.009873951304082307,0.9467186484730344,0.9467186484730344,0.0,0.9967435002326965,0.9932962656021118,0.003447234630584717,0.9608197808265686,0.8344259262084961,0.1263938546180725,0.9595142626203597,0.7941074818372726,0.16540678078308702
1502,php,error,exception,warning,diagnostic,0.9036020036098446,0.9036020036098446,0.0,0.9473684210526315,0.9473684210526315,0.0,0.9342280060472389,0.9266690008562419,0.007559005190996948,0.9472871994801819,0.9472871994801819,0.0,0.9947769045829773,0.9843288064002991,0.010448098182678223,0.8550652861595154,0.5992540717124939,0.2558112144470215,0.8447680175304413,0.5044051557779312,0.34036286175251007
1542,php,parameter,argument,constant,close_entity,0.7598356856515927,0.7598356856515927,0.0,0.8333333333333334,0.8333333333333334,0.0,0.8178337631220057,0.7990626947772568,0.018771068344748953,0.8300000000000002,0.8300000000000002,0.0,0.9882044792175293,0.9744580984115601,0.013746380805969238,0.9585399627685547,0.24658408761024475,0.7119558751583099,0.9514398705214262,0.20181162655353546,0.7496282439678907
1543,php,method,function,attribute,close_entity,0.7016879391277372,0.7016879391277372,0.0,0.9090909090909091,0.9090909090909091,0.0,0.8533562690638975,0.8504702077837636,0.0028860612801339114,0.9054545454545455,0.9054545454545455,0.0,0.987913966178894,0.9833239912986755,0.004589974880218506,0.944236695766449,0.5781514644622803,0.3660852313041687,0.9410121676046401,0.5498931836336851,0.391118983970955
1543,php,argument,parameter,keyword,close_entity,0.8070557274927979,0.8070557274927979,0.0,0.9090909090909091,0.9090909090909091,0.0,0.8447136131503901,0.8367068617514248,0.008006751398965228,0.9054545454545455,0.9054545454545455,0.0,0.9867867231369019,0.9802661538124084,0.006520569324493408,0.9727997779846191,0.8663508296012878,0.1064489483833313,0.9647913137450814,0.82225326821208,0.14253804553300142
1583,php,methods,functions,attributes,close_entity,0.5946035575013604,0.5946035575013604,0.0,0.8571428571428571,0.8571428571428571,0.0,0.7768839797030545,0.7729179669318491,0.003966012771205341,0.8066666666666668,0.8066666666666668,0.0,0.9950143694877625,0.9879690408706665,0.007045328617095947,0.9842599034309387,0.3045479357242584,0.6797119677066803,0.9789037583395839,-0.2348410189151764,1.2137447772547603
1609,php,imports,includes,exports,directional,0.5969491792019644,0.5969491792019644,0.0,0.875,0.875,0.0,0.8087106740665007,0.8869070241487921,-0.07819635008229142,0.864795918367347,0.864795918367347,0.0,0.9713354110717773,0.9923465847969055,-0.021011173725128174,0.9612108469009399,0.0044753761030733585,0.9567354707978666,0.9496998116374016,-0.9551598220132291,1.9048596336506307
1714,php,comment,note,command,infrastructure,0.3799178428257963,0.3799178428257963,0.0,0.8000000000000002,0.8000000000000002,0.0,0.703633050946581,0.8080832438822799,-0.1044501929356989,0.7500000000000001,0.7500000000000001,0.0,0.9742148518562317,0.9712560176849365,0.002958834171295166,0.9930042624473572,0.3165647089481354,0.6764395534992218,0.9915486810496077,-0.242680162191391,1.2342288432409987
1715,php,function,method,variable,close_entity,0.3799178428257963,0.3799178428257963,0.0,0.8333333333333334,0.8333333333333334,0.0,0.7597462745964053,0.7486475851620491,0.011098689434356213,0.8066666666666668,0.8066666666666668,0.0,0.9808648824691772,0.9793621301651001,0.0015027523040771484,0.9872137308120728,0.945523202419281,0.04169052839279175,0.9838418492581695,0.9221667181700468,0.061675131088122725
1804,php,error,exception,warning,diagnostic,0.82651681837938,0.82651681837938,0.0,0.9,0.9,0.0,0.8655921732045152,0.8596526870977909,0.005939486106724345,0.8819444444444444,0.8819444444444444,0.0,0.9822366237640381,0.9903473258018494,-0.00811070203781128,0.9964978098869324,0.9904642105102539,0.006033599376678467,0.9959053255151957,0.9900963068939745,0.005809018621221185
1873,php,function,method,variable,close_entity,0.7016879391277372,0.7016879391277372,0.0,0.9,0.9,0.0,0.7536771208936419,0.7423705963608791,0.011306524532762818,0.8819444444444444,0.8819444444444444,0.0,0.9951612949371338,0.9856999516487122,0.00946134328842163,0.9880496859550476,0.1299569010734558,0.8580927848815918,0.9853983102366328,-0.6000765562057495,1.5854748664423823
1879,php,class,type,module,close_entity,0.7348889200874659,0.7348889200874659,0.0,0.9,0.9,0.0,0.8507657575767977,0.843717128346052,0.007048629230745784,0.864795918367347,0.864795918367347,0.0,0.9891607165336609,0.991002082824707,-0.0018413662910461426,0.9711142182350159,0.4010363221168518,0.5700778961181641,0.9580537676811218,-0.08876752853393555,1.0468212962150574
2031,php,import,include,export,directional,0.8070557274927979,0.8070557274927979,0.0,0.8888888888888888,0.8888888888888888,0.0,0.8676005862878998,0.899546929868499,-0.031946343580599224,0.8880208333333333,0.8880208333333333,0.0,0.9869856238365173,0.9943882822990417,-0.007402658462524414,0.15396463871002197,0.02135009691119194,0.13261454179883003,-0.6761850714683533,-0.9494948275387287,0.27330975607037544
2090,php,method,function,attribute,close_entity,0.7016879391277372,0.7016879391277372,0.0,0.9,0.9,0.0,0.8300645693703701,0.8299873341057712,7.723526459890717e-05,0.8950617283950617,0.8950617283950617,0.0,0.9946620464324951,0.9882957935333252,0.006366252899169922,0.9784083366394043,0.012655929662287235,0.9657524069771171,0.9753585422877222,-0.8939055046066642,1.8692640468943864
2091,php,method,function,attribute,close_entity,0.7071067811865478,0.7071067811865478,0.0,0.8571428571428571,0.8571428571428571,0.0,0.7904978383592962,0.7905632007878254,-6.536242852916985e-05,0.8412698412698414,0.8412698412698414,0.0,0.9879993200302124,0.9798997640609741,0.008099555969238281,0.4850636422634125,0.006221054587513208,0.47884258767589927,-0.002103954553604126,-0.9638898386619985,0.9617858841083944
2097,php,method,function,attribute,close_entity,0.6434588841607617,0.6434588841607617,0.0,0.8333333333333334,0.8333333333333334,0.0,0.8167284490430555,0.8124395881517305,0.004288860891325075,0.8300000000000002,0.8300000000000002,0.0,0.9940625429153442,0.9885351657867432,0.005527377128601074,0.9647002816200256,0.07251730561256409,0.8921829760074615,0.9536968152970076,-0.6674283444881439,1.6211251597851515
2137,php,log,trace,output,infrastructure,0.7615624524945332,0.7615624524945332,0.0,0.8888888888888888,0.8888888888888888,0.0,0.8852053865153231,0.8817864822406112,0.0034189042747119203,0.8444636678200692,0.8444636678200692,0.0,0.9872817397117615,0.9912403225898743,-0.003958582878112793,0.006386592518538237,0.007611390668898821,-0.0012247981503605843,-0.9456178401596844,-0.9239574703387916,-0.02166036982089281
2225,php,parameter,argument,constant,close_entity,0.791066507175436,0.791066507175436,0.0,0.9333333333333333,0.9333333333333333,0.0,0.8760121234855973,0.866138172181515,0.009873951304082307,0.920940170940171,0.920940170940171,0.0,0.9951493740081787,0.9894992113113403,0.005650162696838379,0.9791978597640991,0.5404318571090698,0.4387660026550293,0.976000810507685,0.1527256965637207,0.8232751139439642
2256,php,function,method,variable,close_entity,0.8492326635760686,0.8492326635760686,0.0,0.9444444444444444,0.9444444444444444,0.0,0.8818797606869796,0.8757182113528232,0.006161549334156358,0.943675509419454,0.943675509419454,0.0,0.9963914155960083,0.9879709482192993,0.008420467376708984,0.9801567792892456,0.9420700073242188,0.038086771965026855,0.9790953999618068,0.93815603479743,0.040939365164376795
2256,php,class,type,module,close_entity,0.8663975517813622,0.8663975517813622,0.0,0.9444444444444444,0.9444444444444444,0.0,0.9119074494949635,0.909483319142708,0.002424130352255527,0.943675509419454,0.943675509419454,0.0,0.9920291304588318,0.9938839673995972,-0.0018548369407653809,0.9668856263160706,0.31861498951911926,0.6482706367969513,0.9519341550767422,-0.2543852627277374,1.2063194178044796
2266,php,parameters,arguments,constants,close_entity,0.6580370064762461,0.6580370064762461,0.0,0.9,0.9,0.0,0.7510221207782806,0.73181842964502,0.019203691133260592,0.8950617283950617,0.8950617283950617,0.0,0.9836442470550537,0.9877495765686035,-0.004105329513549805,0.982222318649292,0.004316963255405426,0.9779053553938866,0.9781227959319949,-0.8908885940909386,1.8690113900229335
2296,php,methods,functions,attributes,close_entity,0.791066507175436,0.791066507175436,0.0,0.9230769230769231,0.9230769230769231,0.0,0.8582139505481792,0.8554063195619074,0.002807630986271792,0.920940170940171,0.920940170940171,0.0,0.9919262528419495,0.98623126745224,0.005694985389709473,0.9914236664772034,0.9444147348403931,0.0470089316368103,0.988746025133878,0.9166236277669668,0.07212239736691117
2321,php,warning,alert,error,diagnostic,0.5969491792019644,0.5969491792019644,0.0,0.8888888888888888,0.8888888888888888,0.0,0.8233248131637229,0.8201562435480777,0.003168569615645156,0.8819444444444444,0.8819444444444444,0.0,0.9816495180130005,0.9110068678855896,0.07064265012741089,0.9433157444000244,0.2845783531665802,0.6587373912334442,0.934687152504921,0.06444025039672852,0.8702469021081924
2447,php,import,include,export,directional,0.8091067115702206,0.8091067115702206,0.0,0.9230769230769231,0.9230769230769231,0.0,0.8820448510074292,0.9305703112084807,-0.04852546020105142,0.920940170940171,0.920940170940171,0.0,0.9796892404556274,0.9948116540908813,-0.015122413635253906,0.9439123868942261,0.0048954240046441555,0.9390169628895819,0.9129633642733097,-0.9857234009541571,1.8986867652274668
2514,php,error,exception,warning,diagnostic,0.42728700639623396,0.42728700639623396,0.0,0.8000000000000002,0.8000000000000002,0.0,0.6555712839766411,0.6198286861963885,0.03574259778025257,0.7500000000000001,0.7500000000000001,0.0,0.9708700180053711,0.9446700811386108,0.026199936866760254,0.9764466285705566,0.9593956470489502,0.017050981521606445,0.9740280397236347,0.9560959676746279,0.01793207204900682
2547,php,classes,types,modules,close_entity,0.6687403049764218,0.6687403049764218,0.0,0.8000000000000002,0.8000000000000002,0.0,0.772575282961318,0.7668800144087501,0.005695268552567967,0.7937500000000002,0.7937500000000002,0.0,0.9863426685333252,0.9853628277778625,0.0009798407554626465,0.4510563015937805,0.05834769085049629,0.3927086107432842,0.2269664704799652,-0.5247124545276165,0.7516789250075817
2569,php,methods,functions,attributes,close_entity,0.7691605673134587,0.7691605673134587,0.0,0.9090909090909091,0.9090909090909091,0.0,0.8454112918597234,0.8423994854486792,0.00301180641104426,0.9054545454545455,0.9054545454545455,0.0,0.9948757886886597,0.9896463751792908,0.0052294135093688965,0.9855967164039612,0.9460686445236206,0.039528071880340576,0.9823990773875266,0.922277569770813,0.06012150761671364
2593,php,method,function,attribute,close_entity,0.3799178428257963,0.3799178428257963,0.0,0.8000000000000002,0.8000000000000002,0.0,0.7136810316480302,0.7036867402175581,0.009994291430472146,0.7500000000000001,0.7500000000000001,0.0,0.9867827892303467,0.9730346202850342,0.0137481689453125,0.967173159122467,0.03698715940117836,0.9301859997212887,0.9553428553044796,-0.8608066104352474,1.816149465739727
2593,php,tests,checks,configs,infrastructure,0.537284965911771,0.537284965911771,0.0,0.8000000000000002,0.8000000000000002,0.0,0.8114218796048381,0.8008486476132766,0.010573231991561571,0.7937500000000002,0.7937500000000002,0.0,0.9799861311912537,0.970690906047821,0.009295225143432617,0.9166139364242554,0.00035003197262994945,0.9162639044516254,0.8805290162563324,-0.9729292057745624,1.8534582220308948
2621,php,method,function,attribute,close_entity,0.5969491792019644,0.5969491792019644,0.0,0.8888888888888888,0.8888888888888888,0.0,0.7645999473058406,0.7604875788015855,0.004112368504255115,0.8819444444444444,0.8819444444444444,0.0,0.9933769702911377,0.9881271719932556,0.00524979829788208,0.8319780230522156,0.20962388813495636,0.6223541349172592,0.7363175004720688,-0.2123078554868698,0.9486253559589386
2625,php,tests,checks,configs,infrastructure,0.1964073254502565,0.1964073254502565,0.0,0.7142857142857143,0.7142857142857143,0.0,0.6300301732832281,0.614548381232264,0.015481792050964116,0.6371428571428571,0.6371428571428571,0.0,0.9781179428100586,0.952757716178894,0.02536022663116455,0.9518944621086121,0.011873121373355389,0.9400213407352567,0.9353214912116528,-0.7782994555309415,1.7136209467425942
2821,php,argument,parameter,keyword,close_entity,0.5946035575013604,0.5946035575013604,0.0,0.8333333333333334,0.8333333333333334,0.0,0.8266857285364269,0.8150027984685508,0.011682930067876018,0.8066666666666668,0.8066666666666668,0.0,0.9953278303146362,0.9885081052780151,0.006819725036621094,0.9841405153274536,0.15686482191085815,0.8272756934165955,0.9797511305660009,-0.002519965171813965,0.9822710957378149
2831,php,class,type,module,close_entity,0.7506238537503396,0.7506238537503396,0.0,0.8888888888888888,0.8888888888888888,0.0,0.847419037158709,0.843717128346052,0.0037019088126570843,0.8819444444444444,0.8819444444444444,0.0,0.9850265383720398,0.9896082282066345,-0.0045816898345947266,0.976116418838501,0.7784115672111511,0.19770485162734985,0.9703973303548992,0.6729190349578857,0.2974782953970134
2885,php,methods,functions,attributes,close_entity,0.5946035575013604,0.5946035575013604,0.0,0.75,0.75,0.0,0.7747539878070487,0.7697705328492794,0.004983454957769307,0.7361111111111112,0.7361111111111112,0.0,0.9957695007324219,0.9910879731178284,0.004681527614593506,0.9881987571716309,0.1504492312669754,0.8377495259046555,0.9852187721990049,-0.19448547065258026,1.1797042428515851
2897,php,test,check,config,infrastructure,0.7506238537503396,0.7506238537503396,0.0,0.8888888888888888,0.8888888888888888,0.0,0.8185584973300233,0.8091529982059155,0.009405499124107819,0.8819444444444444,0.8819444444444444,0.0,0.9634875059127808,0.9682103395462036,-0.0047228336334228516,0.8782921433448792,0.015649551525712013,0.8626425918191671,0.8091621771454811,-0.6586197670549154,1.4677819442003965
2989,php,error,exception,warning,diagnostic,0.3466806371753173,0.3466806371753173,0.0,0.6666666666666666,0.6666666666666666,0.0,0.6379857843028355,0.6000398385905155,0.03794594571232002,0.3333333333333333,0.3333333333333333,0.0,0.9501003623008728,0.9010228514671326,0.049077510833740234,0.26449769735336304,0.5084495544433594,-0.24395185708999634,-0.38364744186401367,0.2562522888183594,-0.639899730682373
3024,php,error,exception,warning,diagnostic,0.7071067811865478,0.7071067811865478,0.0,0.875,0.875,0.0,0.8250335486873503,0.8086000830783232,0.016433465609027142,0.864795918367347,0.864795918367347,0.0,0.9812414646148682,0.9615047574043274,0.01973670721054077,0.9934287667274475,0.8602213263511658,0.13320744037628174,0.9919146065367386,0.8440921045839787,0.14782250195275992
3163,php,test,check,config,infrastructure,0.9036020036098446,0.9036020036098446,0.0,0.9,0.9,0.0,0.9246741147394502,0.918285449121138,0.006388665618312195,0.8993827160493828,0.8993827160493828,0.0,0.9988316893577576,0.9991735219955444,-0.00034183263778686523,0.7848914265632629,0.010972528718411922,0.773918897844851,0.6173677891492844,-0.8933831760659814,1.5107509652152658
3166,php,test,check,config,infrastructure,0.7598356856515927,0.7598356856515927,0.0,0.75,0.75,0.0,0.7813648756770079,0.765278403984704,0.016086471692303816,0.7361111111111112,0.7361111111111112,0.0,0.9836942553520203,0.9778522849082947,0.005841970443725586,0.9725593328475952,0.15271221101284027,0.8198471218347549,0.9703848036006093,0.0023792535066604614,0.9680055500939488
3185,php,tests,checks,configs,infrastructure,0.6434588841607617,0.6434588841607617,0.0,0.75,0.75,0.0,0.7898676150823373,0.7783251918795057,0.011542423202831609,0.7361111111111112,0.7361111111111112,0.0,0.9887939095497131,0.9725046157836914,0.01628929376602173,0.9648512601852417,0.0018618910107761621,0.9629893691744655,0.9566980823874474,-0.9746966750826687,1.931394757470116
3281,php,test,check,config,infrastructure,0.7016879391277372,0.7016879391277372,0.0,0.875,0.875,0.0,0.8286265315571998,0.8203457925686786,0.008280738988521219,0.864795918367347,0.864795918367347,0.0,0.9913746118545532,0.9852704405784607,0.006104171276092529,0.991592288017273,0.1307753324508667,0.8608169555664062,0.9888063028920442,-0.5850598216056824,1.5738661244977266
3306,php,tests,checks,configs,infrastructure,0.6580370064762461,0.6580370064762461,0.0,0.875,0.875,0.0,0.8191201418100401,0.8104568260053518,0.008663315804688265,0.8412698412698414,0.8412698412698414,0.0,0.9889029860496521,0.9825268387794495,0.006376147270202637,0.9804165959358215,0.01009451039135456,0.970322085544467,0.9779852631036192,-0.8797456752508879,1.857730938354507
3452,php,class,type,module,close_entity,0.9391044157537529,0.9391044157537529,0.0,0.9285714285714286,0.9285714285714286,0.0,0.9216357452484801,0.9182526588642503,0.0033830863842297942,0.9228098290598291,0.9228098290598291,0.0,0.9927445650100708,0.9938387274742126,-0.0010941624641418457,0.24080102145671844,0.1093173548579216,0.13148366659879684,-0.014115914702415466,-0.24095789343118668,0.2268419787287712
3454,php,class,type,module,close_entity,0.9210500207490826,0.9210500207490826,0.0,0.9565217391304348,0.9565217391304348,0.0,0.948548465904616,0.9470374900929996,0.0015109758116162997,0.9519047619047619,0.9519047619047619,0.0,0.9938511848449707,0.996285080909729,-0.0024338960647583008,0.8127707242965698,0.4169977009296417,0.3957730233669281,0.7566519901156425,-0.04404047131538391,0.8006924614310265
3454,php,parameter,argument,constant,close_entity,0.8403034716144347,0.8403034716144347,0.0,0.9130434782608695,0.9130434782608695,0.0,0.8568137126932533,0.8452555577592265,0.011558154934026899,0.9029811370531593,0.9029811370531593,0.0,0.9960240125656128,0.9891952872276306,0.006828725337982178,0.8900249600410461,0.058345235884189606,0.8316797241568565,0.8500952199101448,-0.7356410250067711,1.585736244916916
3473,php,method,function,attribute,close_entity,0.9234732618882049,0.9234732618882049,0.0,0.9565217391304348,0.9565217391304348,0.0,0.9338186401206253,0.93238321765314,0.0014354224674852922,0.9467186484730344,0.9467186484730344,0.0,0.9980531334877014,0.9957332611083984,0.0023198723793029785,0.7995942234992981,0.5961564779281616,0.20343774557113647,0.7866755938157439,0.5831941915675998,0.20348140224814415
3482,php,parameters,arguments,constants,close_entity,0.9278982724420876,0.9278982724420876,0.0,0.9722222222222222,0.9722222222222222,0.0,0.9395901816542503,0.9346996873456095,0.004890494308640858,0.9713297083539298,0.9713297083539298,0.0,0.9975826740264893,0.9965224266052246,0.0010602474212646484,0.9769410490989685,0.21880318224430084,0.7581378668546677,0.9730462417937815,-0.45538292825222015,1.4284291700460017
3496,php,input,entry,output,directional,0.9353695731020621,0.9353695731020621,0.0,0.972972972972973,0.972972972972973,0.0,0.9610429455356497,0.9744656440884829,-0.013422698552833179,0.9713297083539298,0.9713297083539298,0.0,0.997280478477478,0.9957237243652344,0.0015567541122436523,0.799146294593811,0.41193458437919617,0.38721171021461487,0.794032814912498,0.007101237773895264,0.7869315771386027
3521,php,method,function,attribute,close_entity,0.7016879391277372,0.7016879391277372,0.0,0.8888888888888888,0.8888888888888888,0.0,0.7979645278425331,0.80182672429753,-0.003862196454996858,0.8819444444444444,0.8819444444444444,0.0,0.9943803548812866,0.9879037141799927,0.006476640701293945,0.9634745717048645,0.8026352524757385,0.16083931922912598,0.9472612515091896,0.7527126483619213,0.1945486031472683
3599,php,class,type,module,close_entity,0.8003203203845001,0.8003203203845001,0.0,0.9285714285714286,0.9285714285714286,0.0,0.9050280843535999,0.9024476215869377,0.0025804627666622393,0.9268808114961962,0.9268808114961962,0.0,0.992026150226593,0.9901376962661743,0.0018884539604187012,0.7151473760604858,0.06302851438522339,0.6521188616752625,0.5529636144638062,-0.8037521839141846,1.3567157983779907
3609,php,method,function,attribute,close_entity,0.7265407815865125,0.7265407815865125,0.0,0.8666666666666667,0.8666666666666667,0.0,0.7931534838220041,0.7893671124984253,0.003786371323578841,0.8706951530612245,0.8706951530612245,0.0,0.9904959797859192,0.9861672520637512,0.004328727722167969,0.23812051117420197,0.016756070777773857,0.2213644403964281,-0.4503169506788254,-0.902910815551877,0.45259386487305164
3609,php,test,check,config,infrastructure,0.9457416090031756,0.9457416090031756,0.0,0.9333333333333333,0.9333333333333333,0.0,0.951148543528173,0.9469014996407412,0.004247043887431801,0.9373611111111111,0.9373611111111111,0.0,0.9967707991600037,0.9977172613143921,-0.0009464621543884277,0.985668420791626,0.029780784621834755,0.9558876361697912,0.9816450527869165,-0.892263313755393,1.8739083665423095
3645,php,method,function,attribute,close_entity,0.7016879391277372,0.7016879391277372,0.0,0.9090909090909091,0.9090909090909091,0.0,0.8605239922731748,0.8577540704727683,0.002769921800406472,0.9054545454545455,0.9054545454545455,0.0,0.994642972946167,0.9886282682418823,0.006014704704284668,0.9672799706459045,0.08466345071792603,0.8826165199279785,0.9634592505171895,-0.5514387488365173,1.5148979993537068
3674,php,class,type,module,close_entity,0.4889230224349009,0.4889230224349009,0.0,0.8571428571428571,0.8571428571428571,0.0,0.8120029645771641,0.8077783332279991,0.0042246313491650644,0.8412698412698414,0.8412698412698414,0.0,0.9838988184928894,0.9807863831520081,0.0031124353408813477,0.6301014423370361,0.035461656749248505,0.5946397855877876,0.5204010084271431,-0.8081448748707771,1.3285458832979202
3708,php,method,function,attribute,close_entity,0.6687403049764218,0.6687403049764218,0.0,0.8000000000000002,0.8000000000000002,0.0,0.7724566327828859,0.7667506602100757,0.005705972572810247,0.7937500000000002,0.7937500000000002,0.0,0.9929667711257935,0.9831199645996094,0.009846806526184082,0.9792746901512146,0.37807515263557434,0.6011995375156403,0.9736134065315127,0.1441279947757721,0.8294854117557406
3823,php,method,function,attribute,close_entity,0.7691605673134587,0.7691605673134587,0.0,0.9,0.9,0.0,0.8558260452123987,0.8529797132203951,0.00284633199200357,0.8819444444444444,0.8819444444444444,0.0,0.9945144653320312,0.9855841398239136,0.008930325508117676,0.9506916999816895,0.8516282439231873,0.0990634560585022,0.9466049801558256,0.8012614026665688,0.14534357748925686
3869,php,class,type,module,close_entity,0.7825422900366438,0.7825422900366438,0.0,0.9090909090909091,0.9090909090909091,0.0,0.875964296427729,0.8727761272593321,0.003188169168396926,0.9054545454545455,0.9054545454545455,0.0,0.9901033639907837,0.9938259124755859,-0.003722548484802246,0.48564013838768005,0.062373071908950806,0.42326706647872925,0.13742512464523315,-0.7432164251804352,0.8806415498256683
4098,php,comment,note,command,infrastructure,0.4889230224349009,0.4889230224349009,0.0,0.875,0.875,0.0,0.7774015857216687,0.8551131524815735,-0.07771156675990476,0.8412698412698414,0.8412698412698414,0.0,0.9810504913330078,0.9711169600486755,0.009933531284332275,0.9881007671356201,0.28603219985961914,0.702068567276001,0.9857562605757266,-0.30999141931533813,1.2957476798910648
4107,php,error,exception,warning,diagnostic,0.7506238537503396,0.7506238537503396,0.0,0.8888888888888888,0.8888888888888888,0.0,0.8250335486873503,0.8086000830783232,0.016433465609027142,0.8819444444444444,0.8819444444444444,0.0,0.9786675572395325,0.9725433588027954,0.0061241984367370605,0.987969160079956,0.3743898272514343,0.6135793328285217,0.9852862069383264,0.18943604826927185,0.7958501586690545
4109,php,function,method,variable,close_entity,0.7825422900366438,0.7825422900366438,0.0,0.9285714285714286,0.9285714285714286,0.0,0.8789506116882128,0.8726537135089322,0.006296898179280586,0.9268808114961962,0.9268808114961962,0.0,0.9943159222602844,0.9899565577507019,0.0043593645095825195,0.780217707157135,0.032390046864748,0.747827660292387,0.7745248437859118,-0.1269143931567669,0.9014392369426787
4109,php,class,type,module,close_entity,0.9193227152249183,0.9193227152249183,0.0,0.9285714285714286,0.9285714285714286,0.0,0.9409333468959586,0.9383041005377177,0.002629246358240911,0.9283601014370245,0.9283601014370245,0.0,0.9903206825256348,0.9932804107666016,-0.002959728240966797,0.44177743792533875,0.07167479395866394,0.3701026439666748,0.41064676456153393,-0.01689494401216507,0.427541708573699
4121,php,method,function,attribute,close_entity,0.7691605673134587,0.7691605673134587,0.0,0.9166666666666666,0.9166666666666666,0.0,0.8710295640951392,0.8708640306727211,0.000165533422418096,0.9139118457300276,0.9139118457300276,0.0,0.9884634017944336,0.9701970815658569,0.01826632022857666,0.988976001739502,0.9902415871620178,-0.0012655854225158691,0.9881442681071348,0.9885507851140574,-0.00040651700692251325
4424,php,error,exception,warning,diagnostic,0.42728700639623396,0.42728700639623396,0.0,0.8000000000000002,0.8000000000000002,0.0,0.699342141649518,0.6689181831374821,0.030423958512035942,0.7500000000000001,0.7500000000000001,0.0,0.9818288087844849,0.9799066781997681,0.0019221305847167969,0.992250382900238,0.6216548681259155,0.3705955147743225,0.9903066327096894,0.620044503826648,0.37026212888304144
4542,php,error,exception,warning,diagnostic,0.7071067811865478,0.7071067811865478,0.0,0.9090909090909091,0.9090909090909091,0.0,0.880692544602973,0.8698631874838787,0.010829357119094274,0.8950617283950617,0.8950617283950617,0.0,0.9849072694778442,0.9825735092163086,0.0023337602615356445,0.9541307687759399,0.3899989426136017,0.5641318261623383,0.9381391499191523,0.1732066422700882,0.7649325076490641
4569,php,methods,functions,attributes,close_entity,0.7598356856515927,0.7598356856515927,0.0,0.8333333333333334,0.8333333333333334,0.0,0.7948918313291591,0.7902282200302906,0.0046636112988684975,0.8300000000000002,0.8300000000000002,0.0,0.9739850759506226,0.9688817858695984,0.00510329008102417,0.9639554023742676,0.06847795844078064,0.8954774439334869,0.957423937972635,-0.6233066618442535,1.5807305998168886
4571,php,method,function,attribute,close_entity,0.4889230224349009,0.4889230224349009,0.0,0.8000000000000002,0.8000000000000002,0.0,0.8154012366182445,0.8119428021807018,0.003458434437542679,0.7500000000000001,0.7500000000000001,0.0,0.9944366812705994,0.9872847199440002,0.007151961326599121,0.971256673336029,0.08159070461988449,0.8896659687161446,0.96494319755584,-0.45573682337999344,1.4206800209358335
4575,php,method,function,attribute,close_entity,0.6262844962765469,0.6262844962765469,0.0,0.8461538461538461,0.8461538461538461,0.0,0.74360896167415,0.7415691544001632,0.0020398072739867823,0.8375715193897013,0.8375715193897013,0.0,0.9901754856109619,0.977705717086792,0.012469768524169922,0.3946334421634674,0.04503095522522926,0.34960248693823814,-0.15383514761924744,-0.8050663433969021,0.6512311957776546
4592,php,method,function,attribute,close_entity,0.7506238537503396,0.7506238537503396,0.0,0.875,0.875,0.0,0.7825566980014422,0.7786608055717481,0.0038958924296941255,0.864795918367347,0.864795918367347,0.0,0.9771891236305237,0.9763424396514893,0.0008466839790344238,0.7735318541526794,0.07146869599819183,0.7020631581544876,0.5896860212087631,-0.8015427142381668,1.39122873544693
4606,php,argument,parameter,keyword,close_entity,0.537284965911771,0.537284965911771,0.0,0.8333333333333334,0.8333333333333334,0.0,0.6717710054556792,0.6543278110927608,0.017443194362918413,0.8066666666666668,0.8066666666666668,0.0,0.9896646738052368,0.9785350561141968,0.011129617691040039,0.8735811114311218,0.14200042188167572,0.7315806895494461,0.78656105697155,-0.6262387782335281,1.4127998352050781
4644,php,errors,exceptions,warnings,diagnostic,0.865603055254171,0.865603055254171,0.0,0.9285714285714286,0.9285714285714286,0.0,0.9083112046713435,0.9001311329165376,0.008180071754805951,0.9139118457300276,0.9139118457300276,0.0,0.9927974939346313,0.9946625232696533,-0.0018650293350219727,0.30257174372673035,0.007005996070802212,0.29556574765592813,0.2440197840332985,-0.16028472129255533,0.4043045053258538
4644,php,test,check,config,infrastructure,0.9086549610666288,0.9086549610666288,0.0,0.9285714285714286,0.9285714285714286,0.0,0.9153238574410227,0.9109013103254844,0.0044225471155383556,0.9139118457300276,0.9139118457300276,0.0,0.9905427098274231,0.9896478652954102,0.0008948445320129395,0.6852293014526367,0.007711418438702822,0.6775178830139339,0.677260966040194,-0.4434703807346523,1.1207313467748463
4645,php,class,type,module,close_entity,0.8153551038173119,0.8153551038173119,0.0,0.9333333333333333,0.9333333333333333,0.0,0.8984169269320484,0.8956907304269935,0.002726196505054901,0.9319727891156462,0.9319727891156462,0.0,0.9856480360031128,0.9865245223045349,-0.0008764863014221191,0.1807267665863037,0.0016909664263948798,0.17903580015990883,-0.43745630979537964,-0.9799860889324918,0.5425297791371122
4660,php,parameter,argument,constant,close_entity,0.6298129992394241,0.6298129992394241,0.0,0.8571428571428571,0.8571428571428571,0.0,0.76846119343606,0.7499831888653555,0.018478004570704476,0.8504464285714286,0.8504464285714286,0.0,0.9825441241264343,0.9674386978149414,0.01510542631149292,0.439209908246994,0.03768831863999367,0.40152158960700035,-0.08952972292900085,-0.9069230519235134,0.8173933289945126
4666,php,method,function,attribute,close_entity,0.8003203203845001,0.8003203203845001,0.0,0.9166666666666666,0.9166666666666666,0.0,0.880062662996175,0.8776223187020797,0.0024403442940952313,0.920940170940171,0.920940170940171,0.0,0.9949722290039062,0.9900611639022827,0.004911065101623535,0.40369048714637756,0.18186591565608978,0.22182457149028778,-0.1370420753955841,-0.45496387779712677,0.31792180240154266
4878,php,class,type,module,close_entity,0.3799178428257963,0.3799178428257963,0.0,0.8000000000000002,0.8000000000000002,0.0,0.8167309026333084,0.8125686999465485,0.0041622026867599304,0.8066666666666668,0.8066666666666668,0.0,0.9921600222587585,0.9860700368881226,0.006089985370635986,0.4178040325641632,0.0015546557260677218,0.4162493768380955,0.2864912748336792,-0.9411738041089848,1.227665078942664
4885,php,methods,functions,attributes,close_entity,0.8633400213704508,0.8633400213704508,0.0,0.875,0.875,0.0,0.8843731500535487,0.8814293375878549,0.0029438124656937514,0.8880208333333333,0.8880208333333333,0.0,0.9845302104949951,0.9804664850234985,0.004063725471496582,0.4351191818714142,0.02945869229733944,0.40566048957407475,0.32389018684625626,-0.41606889106333256,0.7399590779095888
4898,php,method,function,attribute,close_entity,0.5946035575013604,0.5946035575013604,0.0,0.75,0.75,0.0,0.7539218748746372,0.7479095135048399,0.0060123613697973255,0.7361111111111112,0.7361111111111112,0.0,0.9795598983764648,0.9655778408050537,0.013982057571411133,0.9551345705986023,0.5527417063713074,0.4023928642272949,0.9398141643032432,0.36702483892440796,0.5727893253788352
4903,php,method,function,attribute,close_entity,0.8153551038173119,0.8153551038173119,0.0,0.9166666666666666,0.9166666666666666,0.0,0.9092849759301916,0.9073730439320109,0.0019119319981807381,0.920940170940171,0.920940170940171,0.0,0.9976322650909424,0.9936182498931885,0.004014015197753906,0.9230843186378479,0.760391354560852,0.16269296407699585,0.9178712642751634,0.7554923337884247,0.16237893048673868
5015,php,class,type,module,close_entity,0.5000000000000001,0.5000000000000001,0.0,0.8333333333333334,0.8333333333333334,0.0,0.8295860606070741,0.8256050595908545,0.003981001016219565,0.8412698412698414,0.8412698412698414,0.0,0.9876666069030762,0.9887606501579285,-0.001094043254852295,0.0037408366333693266,0.0008106782916001976,0.002930158341769129,-0.22585708950646222,-0.8249110028264113,0.5990539133199491
6247,php,test,check,config,infrastructure,0.5503212081491042,0.5503212081491042,0.0,0.6666666666666666,0.6666666666666666,0.0,0.8205355243162695,0.8067865236999752,0.01374900061629436,0.625,0.625,0.0,0.995229959487915,0.9905967712402344,0.004633188247680664,0.9882398843765259,0.06881219148635864,0.9194276928901672,0.9874322359100915,-0.7333260178565979,1.7207582537666894
6254,php,parameter,argument,constant,close_entity,0.8091067115702206,0.8091067115702206,0.0,0.8571428571428571,0.8571428571428571,0.0,0.7812264058143819,0.7589409120555699,0.022285493758811947,0.8551587301587302,0.8551587301587302,0.0,0.9850912094116211,0.9616066217422485,0.02348458766937256,0.9781275987625122,0.03614198789000511,0.9419856108725071,0.9751553940586746,0.012131256982684135,0.9630241370759904
6267,php,method,function,attribute,close_entity,0.7419446627365011,0.7419446627365011,0.0,0.8888888888888888,0.8888888888888888,0.0,0.7930774355695889,0.7893158274257543,0.0037616081438345272,0.8819444444444444,0.8819444444444444,0.0,0.9873561859130859,0.9815136194229126,0.00584256649017334,0.9930016398429871,0.9721308946609497,0.020870745182037354,0.9921051264973357,0.9688773865345865,0.023227739962749183
6424,php,parameters,arguments,constants,close_entity,0.7598356856515927,0.7598356856515927,0.0,0.8333333333333334,0.8333333333333334,0.0,0.7343399827022004,0.7101102194596725,0.024229763242527902,0.8300000000000002,0.8300000000000002,0.0,0.9822580814361572,0.9831947088241577,-0.0009366273880004883,0.6580128073692322,0.04357736185193062,0.6144354455173016,0.5268726795911789,-0.7316290847957134,1.2585017643868923
6449,php,function,method,variable,close_entity,0.7598356856515927,0.7598356856515927,0.0,0.8333333333333334,0.8333333333333334,0.0,0.7976371815918484,0.7846137533444035,0.013023428247444846,0.8300000000000002,0.8300000000000002,0.0,0.9865989685058594,0.9749603271484375,0.011638641357421875,0.9811243414878845,0.3241865932941437,0.6569377481937408,0.976527794264257,0.2476370632648468,0.7288907309994102
6450,php,function,method,variable,close_entity,0.5946035575013604,0.5946035575013604,0.0,0.75,0.75,0.0,0.7192143222192823,0.7025974111031581,0.016616911116124178,0.7361111111111112,0.7361111111111112,0.0,0.9802206754684448,0.9701263904571533,0.010094285011291504,0.9729517698287964,0.4781728982925415,0.4947788715362549,0.9653075374662876,0.24158325791358948,0.7237242795526981
6631,php,class,type,module,close_entity,0.9193227152249183,0.9193227152249183,0.0,0.9090909090909091,0.9090909090909091,0.0,0.9146639172504148,0.9110212636067676,0.0036426536436472423,0.8993827160493828,0.8993827160493828,0.0,0.9824074506759644,0.9908110499382019,-0.008403599262237549,0.1403087079524994,0.018957585096359253,0.12135112285614014,-0.048690855503082275,-0.5969878137111664,0.5482969582080841
6645,php,arguments,parameters,keywords,close_entity,0.7825422900366438,0.7825422900366438,0.0,0.9375,0.9375,0.0,0.843934570238084,0.8362907614385182,0.007643808799565832,0.9268808114961962,0.9268808114961962,0.0,0.9916777014732361,0.9864303469657898,0.005247354507446289,0.684478223323822,0.4183638095855713,0.26611441373825073,0.6657576821744442,0.2562238276004791,0.4095338545739651
6715,php,comment,note,command,infrastructure,0.9636953777259365,0.9636953777259365,0.0,0.975,0.975,0.0,0.9567420456217316,0.9720566510375228,-0.015314605415791216,0.9728895562228896,0.9728895562228896,0.0,0.9980590343475342,0.9973702430725098,0.0006887912750244141,0.6540259122848511,0.6042364239692688,0.049789488315582275,0.35419580340385437,0.2581276297569275,0.09606817364692688
6716,php,method,function,attribute,close_entity,0.8492919530422434,0.8492919530422434,0.0,0.9354838709677419,0.9354838709677419,0.0,0.9020098265843667,0.8999566922453284,0.0020531343390383094,0.9389682464604421,0.9389682464604421,0.0,0.9974452257156372,0.993796169757843,0.0036490559577941895,0.9466027617454529,0.9435089826583862,0.0030937790870666504,0.9439345623832196,0.9405703565571457,0.003364205826073885
7180,php,error,exception,warning,diagnostic,0.537284965911771,0.537284965911771,0.0,0.8333333333333334,0.8333333333333334,0.0,0.6379857843028355,0.6000398385905155,0.03794594571232002,0.8066666666666668,0.8066666666666668,0.0,0.9725396633148193,0.9753744602203369,-0.002834796905517578,0.9869972467422485,0.9694003462791443,0.017596900463104248,0.9852383086690679,0.9688474365975708,0.016390872071497142
7233,php,parameters,arguments,constants,close_entity,0.6422727797927409,0.6422727797927409,0.0,0.875,0.875,0.0,0.7451619529099436,0.7248854795034636,0.020276473406479978,0.8706951530612245,0.8706951530612245,0.0,0.9933596253395081,0.991344690322876,0.00201493501663208,0.9016051292419434,0.8827781081199646,0.01882702112197876,0.8730387538671494,0.83244938403368,0.04058936983346939
7243,php,error,exception,warning,diagnostic,0.7071067811865478,0.7071067811865478,0.0,0.875,0.875,0.0,0.8705900719801198,0.8584770000353978,0.012113071944721998,0.864795918367347,0.864795918367347,0.0,0.9863623380661011,0.991631269454956,-0.0052689313888549805,0.9749599695205688,0.9728907942771912,0.0020691752433776855,0.9725276294630021,0.9718923809705302,0.0006352484924718738
7323,php,function,method,variable,close_entity,0.7611606003349888,0.7611606003349888,0.0,0.9230769230769231,0.9230769230769231,0.0,0.8245574389730571,0.8158989652613216,0.00865847371173556,0.9054545454545455,0.9054545454545455,0.0,0.9899436831474304,0.980468213558197,0.009475469589233398,0.977495551109314,0.7814367413520813,0.19605880975723267,0.9680124847218394,0.722685907036066,0.24532657768577337
7359,php,methods,functions,attributes,close_entity,0.8096427216101602,0.8096427216101602,0.0,0.92,0.92,0.0,0.8792100550911232,0.8767463021084312,0.002463752982691969,0.9189792060491494,0.9189792060491494,0.0,0.9967452883720398,0.9921537637710571,0.004591524600982666,0.5274583101272583,0.610072135925293,-0.08261382579803467,0.11778253316879272,0.27125295996665955,-0.15347042679786682
7412,php,warning,alert,error,diagnostic,0.6703420896351792,0.6703420896351792,0.0,0.8333333333333334,0.8333333333333334,0.0,0.7870785969558356,0.7848324141931752,0.0022461827626604203,0.8300000000000002,0.8300000000000002,0.0,0.9910597205162048,0.9820826649665833,0.008977055549621582,0.884865939617157,0.1155712902545929,0.7692946493625641,0.7923663184046745,-0.7355165779590607,1.5278828963637352
7521,php,error,exception,warning,diagnostic,0.7071067811865478,0.7071067811865478,0.0,0.8571428571428571,0.8571428571428571,0.0,0.8059642828031646,0.7875283867580579,0.018435896045106648,0.8412698412698414,0.8412698412698414,0.0,0.9644381999969482,0.9613892436027527,0.0030489563941955566,0.9812753796577454,0.8508250117301941,0.13045036792755127,0.978613548213616,0.8202369958162308,0.15837655239738524
7571,php,parameter,argument,constant,close_entity,0.6580370064762461,0.6580370064762461,0.0,0.875,0.875,0.0,0.8001747362557146,0.7845679231982154,0.015606813057499114,0.864795918367347,0.864795918367347,0.0,0.9946639537811279,0.9689494967460632,0.025714457035064697,0.9717499613761902,0.23079653084278107,0.7409534305334091,0.9615717511624098,-0.20498110353946686,1.1665528547018766
7580,php,class,type,module,close_entity,0.8408964152537145,0.8408964152537145,0.0,0.8333333333333334,0.8333333333333334,0.0,0.8914865163518619,0.8870298384379456,0.0044566779139163515,0.8300000000000002,0.8300000000000002,0.0,0.9911826252937317,0.9934968948364258,-0.002314269542694092,0.4549383819103241,0.24539293348789215,0.20954544842243195,0.27447453141212463,-0.03408332169055939,0.308557853102684
7706,php,methods,functions,attributes,close_entity,0.7016879391277372,0.7016879391277372,0.0,0.9090909090909091,0.9090909090909091,0.0,0.8582139505481792,0.8554063195619074,0.002807630986271792,0.9054545454545455,0.9054545454545455,0.0,0.992383599281311,0.9898197054862976,0.0025638937950134277,0.9784668684005737,0.050768908113241196,0.9276979602873325,0.9771152605535462,-0.5117993392050266,1.4889145997585729
7709,php,argument,parameter,keyword,close_entity,0.8895260356363631,0.8895260356363631,0.0,0.9583333333333334,0.9583333333333334,0.0,0.9199577192730228,0.9161770611216471,0.0037806581513757376,0.9580182734719597,0.9580182734719597,0.0,0.9966663718223572,0.9927396774291992,0.003926694393157959,0.974908709526062,0.0036608378868550062,0.971247871639207,0.9727734476327896,-0.11496404302306473,1.0877374906558543
7754,php,class,type,module,close_entity,0.9184678024441791,0.9184678024441791,0.0,0.9655172413793104,0.9655172413793104,0.0,0.958495567153951,0.9572558755055066,0.0012396916484443965,0.9607670654468684,0.9653413089373681,-0.00457424349049973,0.9946756362915039,0.9961455464363098,-0.0014699101448059082,0.8121433258056641,0.3212110698223114,0.49093225598335266,0.7846507299691439,0.28306275233626366,0.5015879776328802
7771,php,method,function,attribute,close_entity,0.7825422900366438,0.7825422900366438,0.0,0.9,0.9,0.0,0.8154012366182445,0.8153721593566273,2.9077261617160843e-05,0.8950617283950617,0.8950617283950617,0.0,0.9948011636734009,0.9853473901748657,0.009453773498535156,0.5126650929450989,0.007384876720607281,0.5052802162244916,0.30465950071811676,-0.7716460423544049,1.0763055430725217
7788,php,error,exception,warning,diagnostic,0.8091067115702206,0.8091067115702206,0.0,0.9230769230769231,0.9230769230769231,0.0,0.8977968420335594,0.8886184007234067,0.009178441310152663,0.920940170940171,0.920940170940171,0.0,0.9824678897857666,0.9813204407691956,0.001147449016571045,0.9185095429420471,0.6147347688674927,0.30377477407455444,0.8637205772101879,0.43123185634613037,0.43248872086405754
7796,php,error,exception,warning,diagnostic,0.7691605673134587,0.7691605673134587,0.0,0.9090909090909091,0.9090909090909091,0.0,0.8845568645036501,0.8741034044935219,0.010453460010128257,0.9054545454545455,0.9054545454545455,0.0,0.9902292490005493,0.9913517832756042,-0.0011225342750549316,0.960818886756897,0.719740092754364,0.24107879400253296,0.9550526351667941,0.709868005476892,0.24518462968990207
7809,php,error,exception,warning,diagnostic,0.7691605673134587,0.7691605673134587,0.0,0.9166666666666666,0.9166666666666666,0.0,0.8899054585244509,0.879969470833473,0.009935987690977921,0.9139118457300276,0.9139118457300276,0.0,0.9906351566314697,0.9886925220489502,0.0019426345825195312,0.936305582523346,0.0942830741405487,0.8420225083827972,0.9238672619685531,-0.6728622019290924,1.5967294638976455
7832,php,parameters,arguments,constants,close_entity,0.6580370064762461,0.6580370064762461,0.0,0.9090909090909091,0.9090909090909091,0.0,0.8384347512806543,0.8256919336366028,0.012742817644051496,0.8950617283950617,0.8950617283950617,0.0,0.9886970520019531,0.9873487949371338,0.001348257064819336,0.7335774898529053,0.043248772621154785,0.6903287172317505,0.5927882343530655,-0.2845976650714874,0.8773858994245529
7832,php,test,check,config,infrastructure,0.7825422900366438,0.7825422900366438,0.0,0.9090909090909091,0.9090909090909091,0.0,0.8965417212449834,0.8912264580089422,0.005315263236041257,0.8950617283950617,0.8950617283950617,0.0,0.9864681363105774,0.9881898164749146,-0.0017216801643371582,0.9396160244941711,0.41622427105903625,0.5233917534351349,0.9348978991620243,0.37088948115706444,0.5640084180049598
7873,php,comment,note,command,infrastructure,0.7825422900366438,0.7825422900366438,0.0,0.9166666666666666,0.9166666666666666,0.0,0.8425723900195575,0.8990466953471022,-0.056474305327544716,0.9139118457300276,0.9139118457300276,0.0,0.9885157942771912,0.9824302196502686,0.006085574626922607,0.8133949637413025,0.07422321289777756,0.7391717508435249,0.7317667230963707,-0.6237652376294136,1.3555319607257843
7903,php,argument,parameter,keyword,close_entity,0.8843946454355333,0.8843946454355333,0.0,0.9090909090909091,0.9090909090909091,0.0,0.9077666201623011,0.9024880867658925,0.005278533396408602,0.8551587301587302,0.8551587301587302,0.0,0.9973869323730469,0.9905039072036743,0.006883025169372559,0.9159359931945801,0.5726900696754456,0.3432459235191345,0.8939474020153284,0.5435535591095686,0.3503938429057598
7953,php,test,check,config,infrastructure,0.42728700639623396,0.42728700639623396,0.0,0.8000000000000002,0.8000000000000002,0.0,0.8026987418475372,0.793393211121877,0.009305530725660205,0.7500000000000001,0.7500000000000001,0.0,0.9834654331207275,0.9697868227958679,0.01367861032485962,0.984264612197876,0.10724860429763794,0.877016007900238,0.983298523875419,-0.2505890130996704,1.2338875369750895
8163,php,method,function,attribute,close_entity,0.5969491792019644,0.5969491792019644,0.0,0.8571428571428571,0.8571428571428571,0.0,0.8230364621966589,0.8229812189228393,5.5243273819671757e-05,0.8412698412698414,0.8412698412698414,0.0,0.9945806264877319,0.9876902103424072,0.006890416145324707,0.9494010806083679,0.9228737950325012,0.0265272855758667,0.942468058783561,0.9176433673128486,0.024824691470712423
8327,php,method,function,attribute,close_entity,0.7348889200874659,0.7348889200874659,0.0,0.9090909090909091,0.9090909090909091,0.0,0.8300645693703701,0.8299873341057712,7.723526459890717e-05,0.9054545454545455,0.9054545454545455,0.0,0.9810703992843628,0.9706328511238098,0.010437548160552979,0.9459076523780823,0.2843243181705475,0.6615833342075348,0.9315282879397273,0.12472905218601227,0.806799235753715
8391,php,class,type,module,close_entity,0.9036020036098446,0.9036020036098446,0.0,0.9166666666666666,0.9166666666666666,0.0,0.906328911851946,0.9023848573343024,0.003944054517643569,0.9163223140495868,0.9163223140495868,0.0,0.9902654886245728,0.990509033203125,-0.0002435445785522461,0.8957286477088928,0.5405157804489136,0.35521286725997925,0.8930370658636093,0.5171766504645348,0.37586041539907455
100,py,import,include,export,directional,0.7071067811865478,0.7071067811865478,0.0,0.8333333333333334,0.8333333333333334,0.0,0.8201534887325872,0.8627102494630958,-0.042556760730508625,0.864795918367347,0.864795918367347,0.0,0.9391093850135803,0.972872793674469,-0.03376340866088867,0.4091980755329132,0.0005658473237417638,0.40863222820917144,-0.036742180585861206,-0.9907979164854623,0.9540557358996011
219,py,class,type,module,close_entity,0.7611606003349888,0.7611606003349888,0.0,0.9166666666666666,0.9166666666666666,0.0,0.9085970812924067,0.9060971268315408,0.0024999544608659274,0.920940170940171,0.920940170940171,0.0,0.9928092956542969,0.9927229285240173,8.636713027954102e-05,0.7232476472854614,0.7951851487159729,-0.07193750143051147,0.6972850505262613,0.7156825959682465,-0.01839754544198513
372,py,method,function,attribute,close_entity,0.9529500947560264,0.9529500947560264,0.0,0.9565217391304348,0.9565217391304348,0.0,0.9319741768125465,0.9317992598789421,0.00017491693360438543,0.8819444444444444,0.8819444444444444,0.0,0.9976135492324829,0.992189347743988,0.005424201488494873,0.9554004669189453,0.3565075993537903,0.598892867565155,0.9391671940684319,-0.18121719360351562,1.1203843876719475
372,py,test,check,config,infrastructure,0.8576417730196241,0.8576417730196241,0.0,0.8695652173913043,0.8695652173913043,0.0,0.8617225905002636,0.8536471390412141,0.00807545145904942,0.625,0.625,0.0,0.9950666427612305,0.9901429414749146,0.004923701286315918,0.9271599650382996,0.007357240188866854,0.9198027248494327,0.9020895473659039,-0.9383444185368717,1.8404339659027755
652,py,function,method,variable,close_entity,0.8578928092681432,0.8578928092681432,0.0,0.9411764705882353,0.9411764705882353,0.0,0.8444351089255694,0.8364686445439024,0.007966464381667038,0.943675509419454,0.943675509419454,0.0,0.9953277111053467,0.9883597493171692,0.00696796178817749,0.5811329483985901,0.0022778352722525597,0.5788551131263375,0.18896880745887756,-0.9833963671699166,1.1723651746287942
727,py,bug,issue,feature,diagnostic,0.7071067811865478,0.7071067811865478,0.0,0.875,0.875,0.0,0.8575853895858829,0.8492882103132133,0.008297179272669597,0.864795918367347,0.864795918367347,0.0,0.9923773407936096,0.9728505611419678,0.019526779651641846,0.9936609268188477,0.33780115842819214,0.6558597683906555,0.9922915952047333,-0.28468817472457886,1.2769797699293122
848,py,error,exception,warning,diagnostic,0.7071067811865478,0.7071067811865478,0.0,0.8571428571428571,0.8571428571428571,0.0,0.7947776899015178,0.7751473415037564,0.019630348397761344,0.864795918367347,0.864795918367347,0.0,0.9858353734016418,0.9877609014511108,-0.0019255280494689941,0.997574508190155,0.9772871732711792,0.02028733491897583,0.9972311547608115,0.9766378490603529,0.020593305700458586
1105,py,function,method,variable,close_entity,0.8633400213704508,0.8633400213704508,0.0,0.875,0.875,0.0,0.8132680449396364,0.801056774163321,0.012211270776315453,0.8551587301587302,0.8551587301587302,0.0,0.9943846464157104,0.9796578884124756,0.014726758003234863,0.9162145853042603,0.33450713753700256,0.5817074477672577,0.9054835913702846,0.2794533707201481,0.6260302206501365
1105,py,imports,includes,exports,directional,0.5969491792019644,0.5969491792019644,0.0,0.875,0.875,0.0,0.8038288848133693,0.8839868610728687,-0.08015797625949939,0.8412698412698414,0.8412698412698414,0.0,0.9649081230163574,0.9874768257141113,-0.022568702697753906,0.9687477946281433,0.008535749278962612,0.9602120453491807,0.964194412343204,-0.9637520248070359,1.92794643715024
1133,py,method,function,attribute,close_entity,0.7071067811865478,0.7071067811865478,0.0,0.8571428571428571,0.8571428571428571,0.0,0.7488205852460923,0.739204605734258,0.00961597951183435,0.864795918367347,0.864795918367347,0.0,0.9892749786376953,0.9785964488983154,0.010678529739379883,0.9494982361793518,0.6637366414070129,0.28576159477233887,0.9226532410830259,0.4524300545454025,0.4702231865376234
1170,py,parameter,argument,constant,close_entity,0.8282477531331043,0.8282477531331043,0.0,0.9,0.9,0.0,0.821331469655243,0.8073013305490975,0.014030139106145478,0.9402573529411764,0.9402573529411764,0.0,0.9864373803138733,0.979580283164978,0.006857097148895264,0.9766501188278198,0.39520150423049927,0.5814486145973206,0.9728484847582877,-0.011323541402816772,0.9841720261611044
2252,py,functions,methods,variables,close_entity,0.8153551038173119,0.8153551038173119,0.0,0.9,0.9,0.0,0.8335354292762279,0.8252469531319148,0.008288476144313162,0.8950617283950617,0.8950617283950617,0.0,0.9961246848106384,0.9914302825927734,0.00469440221786499,0.7965654134750366,0.0008492488414049149,0.7957161646336317,0.6647648513317108,-0.8890350442379713,1.5537998955696821
2400,py,arguments,parameters,keywords,close_entity,0.4889230224349009,0.4889230224349009,0.0,0.8571428571428571,0.8571428571428571,0.0,0.7678612916526211,0.7560730352142887,0.011788256438332367,0.8412698412698414,0.8412698412698414,0.0,0.9837010502815247,0.9839680194854736,-0.0002669692039489746,0.9879151582717896,0.18420080840587616,0.8037143498659134,0.9861465244321153,-0.3872687369585037,1.373415261390619
2701,py,parameter,argument,constant,close_entity,0.7611606003349888,0.7611606003349888,0.0,0.9230769230769231,0.9230769230769231,0.0,0.8358154249769596,0.8228747146273047,0.012940710349654938,0.920940170940171,0.920940170940171,0.0,0.9837547540664673,0.9827848076820374,0.0009699463844299316,0.9740675091743469,0.02466992475092411,0.9493975844234228,0.9722578559303656,-0.539416154846549,1.5116740107769147
2760,py,argument,parameter,keyword,close_entity,0.7825422900366438,0.7825422900366438,0.0,0.9090909090909091,0.9090909090909091,0.0,0.8386484253228015,0.8307257977298886,0.007922627592912845,0.8950617283950617,0.8950617283950617,0.0,0.9890445470809937,0.9791757464408875,0.009868800640106201,0.9860467314720154,0.31226587295532227,0.6737808585166931,0.9846845926949754,0.30354608315974474,0.6811385095352307
2822,py,errors,exceptions,warnings,diagnostic,0.5969491792019644,0.5969491792019644,0.0,0.8571428571428571,0.8571428571428571,0.0,0.8159924588042535,0.7986148862068273,0.017377572597426227,0.8819444444444444,0.8819444444444444,0.0,0.9784387350082397,0.9858570098876953,-0.007418274879455566,0.9591764211654663,0.23045721650123596,0.7287192046642303,0.9510349724441767,0.13246646523475647,0.8185685072094202
2832,py,imports,includes,exports,directional,0.7076534431960266,0.7076534431960266,0.0,0.8888888888888888,0.8888888888888888,0.0,0.8219433655785978,0.8951330219304353,-0.0731896563518375,0.8859592013888888,0.8859592013888888,0.0,0.9734290838241577,0.9921890497207642,-0.018759965896606445,0.05374666675925255,0.03132418543100357,0.022422481328248978,-0.7168723084032536,-0.7699697837233543,0.053097475320100784
2997,py,method,function,attribute,close_entity,0.5946035575013604,0.5946035575013604,0.0,0.875,0.875,0.0,0.7825566980014422,0.7786608055717481,0.0038958924296941255,0.864795918367347,0.864795918367347,0.0,0.990809977054596,0.9786300659179688,0.012179911136627197,0.9838501214981079,0.9225432276725769,0.061306893825531006,0.9800565857440233,0.8872702904045582,0.09278629533946514
3086,py,parameter,argument,constant,close_entity,0.7348889200874659,0.7348889200874659,0.0,0.8571428571428571,0.8571428571428571,0.0,0.7381350822356059,0.718003420037132,0.020131662198473843,0.8950617283950617,0.8950617283950617,0.0,0.9916754364967346,0.9828818440437317,0.00879359245300293,0.9824497699737549,0.33028656244277954,0.6521632075309753,0.979933514026925,-0.07304614782333374,1.0529796618502587
3257,py,arguments,parameters,keywords,close_entity,0.7348889200874659,0.7348889200874659,0.0,0.9090909090909091,0.9090909090909091,0.0,0.8358686614714641,0.8277988731178367,0.008069788353627372,0.9139118457300276,0.9139118457300276,0.0,0.9910688400268555,0.9838387966156006,0.007230043411254883,0.9797353744506836,0.6270915269851685,0.35264384746551514,0.977652219356969,0.3402256965637207,0.6374265227932483
3257,py,tests,checks,configs,infrastructure,0.7691605673134587,0.7691605673134587,0.0,0.9090909090909091,0.9090909090909091,0.0,0.8876391846069639,0.8819118377300987,0.005727346876865158,0.9139118457300276,0.9139118457300276,0.0,0.9831752777099609,0.9721915125846863,0.010983765125274658,0.9951033592224121,0.9664061069488525,0.02869725227355957,0.9944746996625327,0.9450886286795139,0.049386070983018726
4111,py,methods,functions,attributes,close_entity,0.7071067811865478,0.7071067811865478,0.0,0.8571428571428571,0.8571428571428571,0.0,0.8146081587527688,0.8109160397766343,0.0036921189761345286,0.864795918367347,0.864795918367347,0.0,0.9917668104171753,0.9834168553352356,0.008349955081939697,0.9528617262840271,0.03588283434510231,0.9169788919389248,0.9447664991021156,-0.45540710911154747,1.400173608213663
4923,py,methods,functions,attributes,close_entity,0.7348889200874659,0.7348889200874659,0.0,0.9090909090909091,0.9090909090909091,0.0,0.8154012366182445,0.8119428021807018,0.003458434437542679,0.9139118457300276,0.9139118457300276,0.0,0.9911937713623047,0.9853456020355225,0.0058481693267822266,0.9740443229675293,0.7336865663528442,0.24035775661468506,0.9729632044909522,0.6707314699888229,0.30223173450212926
4960,py,error,exception,warning,diagnostic,0.7071067811865478,0.7071067811865478,0.0,0.8571428571428571,0.8571428571428571,0.0,0.7947776899015178,0.7751473415037564,0.019630348397761344,0.864795918367347,0.864795918367347,0.0,0.9813420176506042,0.9862199425697327,-0.004877924919128418,0.9418846964836121,0.12375028431415558,0.8181344121694565,0.9267257852479815,-0.31213338673114777,1.2388591719791293
5125,py,argument,parameter,keyword,close_entity,0.8153551038173119,0.8153551038173119,0.0,0.9090909090909091,0.9090909090909091,0.0,0.7930837078413512,0.7827012897516876,0.010382418089663559,0.9363888888888889,0.9363888888888889,0.0,0.9932239651679993,0.9836493134498596,0.009574651718139648,0.981654167175293,0.5008118748664856,0.4808422923088074,0.9800685887457803,0.4855042500421405,0.4945643387036398
5336,py,functions,methods,variables,close_entity,0.8003203203845001,0.8003203203845001,0.0,0.9090909090909091,0.9090909090909091,0.0,0.8072271250206322,0.7978764933915294,0.009350631629102768,0.920940170940171,0.920940170940171,0.0,0.9952252507209778,0.9894908666610718,0.005734384059906006,0.983314037322998,0.6210824847221375,0.3622315526008606,0.9780182209797204,0.48475678265094757,0.4932614383287728
5338,py,method,function,attribute,close_entity,0.7348889200874659,0.7348889200874659,0.0,0.9,0.9,0.0,0.8333731624239686,0.833286268504001,8.68939199676344e-05,0.8950617283950617,0.8950617283950617,0.0,0.9948077201843262,0.9857916831970215,0.009016036987304688,0.9818186163902283,0.9477823972702026,0.034036219120025635,0.9762046406976879,0.9393953634425998,0.03680927725508809
5338,py,test,check,config,infrastructure,0.7348889200874659,0.7348889200874659,0.0,0.9,0.9,0.0,0.8722463262924424,0.8658231689724096,0.006423157320032735,0.8950617283950617,0.8950617283950617,0.0,0.9788375496864319,0.9525931477546692,0.026244401931762695,0.9947454929351807,0.049208253622055054,0.9455372393131256,0.9934843744849786,-0.19699767231941223,1.1904820468043908
5865,py,test,check,config,infrastructure,0.6888365053466561,0.6888365053466561,0.0,0.8333333333333334,0.8333333333333334,0.0,0.800053477419987,0.7903886435789392,0.00966483384104777,0.8922782735385176,0.8922782735385176,0.0,0.9879477024078369,0.9823904037475586,0.00555729866027832,0.08088623732328415,0.0035185476299375296,0.07736768969334662,-0.8198573663830757,-0.9273308257106692,0.10747345932759345
5913,py,parameter,argument,constant,close_entity,0.8282477531331043,0.8282477531331043,0.0,0.9166666666666666,0.9166666666666666,0.0,0.8661844942325917,0.8555548262085879,0.01062966802400378,0.9402573529411764,0.9402573529411764,0.0,0.9945584535598755,0.9866149425506592,0.007943511009216309,0.974877655506134,0.4021833539009094,0.5726943016052246,0.9722744629252702,0.39517093542963266,0.5771035274956375
6194,py,comments,notes,commands,infrastructure,0.8843865924896839,0.8843865924896839,0.0,0.9473684210526315,0.9473684210526315,0.0,0.9273461983534322,0.9531563183974867,-0.025810120044054474,0.9580182734719597,0.9580182734719597,0.0,0.9961463212966919,0.992276668548584,0.00386965274810791,0.8462811708450317,0.027884697541594505,0.8183964733034372,0.8438786352053285,0.023985353764146566,0.8198932814411819
6240,py,comment,note,command,infrastructure,0.8003203203845001,0.8003203203845001,0.0,0.8888888888888888,0.8888888888888888,0.0,0.8363070891943167,0.8950708422916551,-0.05876375309733839,0.9319727891156462,0.9224489795918368,0.009523809523809379,0.9946237802505493,0.9892207980155945,0.005402982234954834,0.9670183658599854,0.8847824931144714,0.08223587274551392,0.9658251910004765,0.8788522728718817,0.08697291812859476
6302,py,tests,checks,configs,infrastructure,0.6580370064762461,0.6580370064762461,0.0,0.9,0.9,0.0,0.8746987951332302,0.8683850838700748,0.006313711263155386,0.8950617283950617,0.8950617283950617,0.0,0.9905301928520203,0.9749961495399475,0.015534043312072754,0.9715069532394409,0.006474682129919529,0.9650322711095214,0.965388529933989,-0.8933581626042724,1.8587466925382614
6432,py,imports,includes,exports,directional,0.6606328636027612,0.6606328636027612,0.0,0.8888888888888888,0.8888888888888888,0.0,0.8038288848133693,0.8839868610728687,-0.08015797625949939,0.8819444444444444,0.8819444444444444,0.0,0.9799594879150391,0.9938662648200989,-0.013906776905059814,0.9265974164009094,0.018966443836688995,0.9076309725642204,0.9065806735306978,-0.8435640260577202,1.750144699588418
6478,py,class,type,module,close_entity,0.5969491792019644,0.5969491792019644,0.0,0.875,0.875,0.0,0.7841525565615681,0.7796062299278251,0.004546326633742992,0.8819444444444444,0.8819444444444444,0.0,0.9860541820526123,0.9874980449676514,-0.0014438629150390625,0.12238374352455139,0.007634651847183704,0.11474909167736769,-0.6715758144855499,-0.9690031884238124,0.29742737393826246
7172,py,tests,checks,configs,infrastructure,0.7825422900366438,0.7825422900366438,0.0,0.875,0.875,0.0,0.8662392092126037,0.8583491423610087,0.00789006685159499,0.8950617283950617,0.8950617283950617,0.0,0.982759952545166,0.9736402630805969,0.009119689464569092,0.9619894623756409,0.0008271656697615981,0.9611622967058793,0.9563682973384857,-0.9445165671641007,1.9008848645025864
7483,py,parameters,arguments,constants,close_entity,0.5946035575013604,0.5946035575013604,0.0,0.8333333333333334,0.8333333333333334,0.0,0.7380728242905024,0.7169189381584375,0.021153886132064814,0.864795918367347,0.864795918367347,0.0,0.9900121688842773,0.9865444898605347,0.0034676790237426758,0.5629043579101562,0.0028054520953446627,0.5600989058148116,0.2045297920703888,-0.9829988672863692,1.187528659356758
7573,py,import,include,export,directional,0.82651681837938,0.82651681837938,0.0,0.9166666666666666,0.9166666666666666,0.0,0.8655566815300003,0.920786468189495,-0.05522978665949474,0.9139118457300276,0.9139118457300276,0.0,0.985436737537384,0.9853969216346741,3.981590270996094e-05,0.8586341738700867,0.0006738573429174721,0.8579603165271692,0.7796580567955971,-0.9929153054836206,1.7725733622792177
8054,py,class,type,module,close_entity,0.8070557274927979,0.8070557274927979,0.0,0.9,0.9,0.0,0.8752691018633236,0.8710584016760887,0.004210700187234906,0.9054545454545455,0.9054545454545455,0.0,0.9901190400123596,0.9918886423110962,-0.0017696022987365723,0.25953224301338196,0.020036792382597923,0.23949545063078403,-0.3817347586154938,-0.9212681297212839,0.5395333711057901
8054,py,test,check,config,infrastructure,0.7419446627365011,0.7419446627365011,0.0,0.9,0.9,0.0,0.855244419302389,0.8480772103702153,0.007167208932173708,0.9054545454545455,0.9054545454545455,0.0,0.9884576201438904,0.9840068817138672,0.004450738430023193,0.9329038262367249,0.001078620320186019,0.9318252059165388,0.9265370955690742,-0.9807340952102095,1.9072711907792836
8054,py,tests,checks,configs,infrastructure,0.7016879391277372,0.7016879391277372,0.0,0.9,0.9,0.0,0.855244419302389,0.8480772103702153,0.007167208932173708,0.9054545454545455,0.9054545454545455,0.0,0.9903987646102905,0.9801928400993347,0.01020592451095581,0.985416829586029,0.26977163553237915,0.7156451940536499,0.9835735001834109,-0.22303339838981628,1.2066068985732272
8104,py,warning,alert,error,diagnostic,0.8843946454355333,0.8843946454355333,0.0,0.9090909090909091,0.9090909090909091,0.0,0.9012341235385157,0.8989999855961137,0.0022341379424020147,0.9319727891156462,0.9319727891156462,0.0,0.9947493076324463,0.9859042167663574,0.008845090866088867,0.9869402050971985,0.8808422684669495,0.10609793663024902,0.986354923225008,0.8784523238427937,0.10790259938221425
8396,py,tests,checks,configs,infrastructure,0.6580370064762461,0.6580370064762461,0.0,0.9,0.9,0.0,0.8931556513642203,0.8876828167075523,0.005472834656667924,0.8950617283950617,0.8950617283950617,0.0,0.9835380911827087,0.9776525497436523,0.0058855414390563965,0.9766556620597839,0.07432059943675995,0.902335062623024,0.9742297073826194,-0.630256250500679,1.6044859578832984
8874,py,function,method,variable,close_entity,0.8153551038173119,0.8153551038173119,0.0,0.9285714285714286,0.9285714285714286,0.0,0.84661608060023,0.8388806646698136,0.007735415930416378,0.9139118457300276,0.9139118457300276,0.0,0.9931111335754395,0.9893946051597595,0.0037165284156799316,0.8978394269943237,0.01171958725899458,0.8861198397353292,0.877841031178832,-0.90526741463691,1.783108445815742
9181,py,test,check,config,infrastructure,0.7825422900366438,0.7825422900366438,0.0,0.9090909090909091,0.9090909090909091,0.0,0.8815215724308101,0.8755151584020058,0.006006414028804308,0.9268808114961962,0.9268808114961962,0.0,0.9870095252990723,0.9787383079528809,0.008271217346191406,0.9718766212463379,0.4593766927719116,0.5124999284744263,0.9663979783654213,0.24874721467494965,0.7176507636904716
9400,py,error,exception,warning,diagnostic,0.6434588841607617,0.6434588841607617,0.0,0.8333333333333334,0.8333333333333334,0.0,0.7680191634123084,0.7454719580767375,0.022547205335570863,0.8412698412698414,0.8412698412698414,0.0,0.9810524582862854,0.9824894070625305,-0.0014369487762451172,0.9781225919723511,0.9018511176109314,0.07627147436141968,0.9759899489581585,0.8907670853659511,0.08522286359220743
10135,py,parameter,argument,constant,close_entity,0.7419446627365011,0.7419446627365011,0.0,0.875,0.875,0.0,0.7238387792858709,0.7026848934722147,0.02115388581365618,0.8819444444444444,0.8819444444444444,0.0,0.9925743341445923,0.9839380979537964,0.008636236190795898,0.9952796697616577,0.2376069873571396,0.7576726824045181,0.9946137446095236,-0.3398795872926712,1.3344933319021948
10190,py,tests,checks,configs,infrastructure,0.7506238537503396,0.7506238537503396,0.0,0.8888888888888888,0.8888888888888888,0.0,0.8286265315571998,0.8203457925686786,0.008280738988521219,0.8819444444444444,0.8819444444444444,0.0,0.9817718863487244,0.9680525064468384,0.013719379901885986,0.9888134598731995,0.21238598227500916,0.7764274775981903,0.9864925399888307,-0.186104416847229,1.1725969568360597
10320,py,parameter,argument,constant,close_entity,0.7348889200874659,0.7348889200874659,0.0,0.9,0.9,0.0,0.7681352553643817,0.750173471403653,0.017961783960728672,0.9139118457300276,0.9139118457300276,0.0,0.9941744208335876,0.9841336011886597,0.010040819644927979,0.9854975342750549,0.6731660962104797,0.3123314380645752,0.9793617753311992,0.40278375148773193,0.5765780238434672
10352,py,functions,methods,variables,close_entity,0.8921616972156076,0.8921616972156076,0.0,0.9444444444444444,0.9444444444444444,0.0,0.8758724315166733,0.8694342010373193,0.00643823047935399,0.9561624146604384,0.9561624146604384,0.0,0.996429443359375,0.9944255948066711,0.0020038485527038574,0.8740777373313904,0.01727871410548687,0.8567990232259035,0.8654732769355178,-0.35310150869190693,1.2185747856274247
10352,py,import,include,export,directional,0.8787419089273847,0.8787419089273847,0.0,0.9444444444444444,0.9444444444444444,0.0,0.9028837859942973,0.9429082353313082,-0.04002444933701088,0.9561624146604384,0.9561624146604384,0.0,0.9874930381774902,0.9929153919219971,-0.005422353744506836,0.77558434009552,0.16058510541915894,0.6149992346763611,0.6168265789747238,-0.5218712091445923,1.138697788119316
10490,py,function,method,variable,close_entity,0.8070557274927979,0.8070557274927979,0.0,0.9,0.9,0.0,0.805966472662129,0.796053968457565,0.00991250420456391,0.8819444444444444,0.8819444444444444,0.0,0.9942045211791992,0.9835162162780762,0.010688304901123047,0.9524381160736084,0.015964321792125702,0.9364737942814827,0.9221450872719288,-0.9007651284337044,1.8229102157056332
10825,py,method,function,attribute,close_entity,0.6580370064762461,0.6580370064762461,0.0,0.875,0.875,0.0,0.8113307976419641,0.8113166381534321,1.4159488532006215e-05,0.864795918367347,0.864795918367347,0.0,0.9904881119728088,0.9737734794616699,0.016714632511138916,0.9855469465255737,0.9146268367767334,0.07092010974884033,0.9828249469865113,0.9001141050830483,0.082710841903463
10889,py,log,trace,output,infrastructure,0.5969491792019644,0.5969491792019644,0.0,0.8888888888888888,0.8888888888888888,0.0,0.8281354649900028,0.8278553564202437,0.0002801085697591299,0.8819444444444444,0.8819444444444444,0.0,0.9624038934707642,0.961349368095398,0.001054525375366211,0.766721785068512,0.784649133682251,-0.017927348613739014,0.7058762796223164,0.677827276289463,0.028049003332853317
10925,py,error,exception,warning,diagnostic,0.7348889200874659,0.7348889200874659,0.0,0.8571428571428571,0.8571428571428571,0.0,0.8765603560090198,0.8653271611099691,0.011233194899050725,0.9139118457300276,0.9139118457300276,0.0,0.9918564558029175,0.9921419620513916,-0.0002855062484741211,0.9685090184211731,0.8770960569381714,0.09141296148300171,0.9634410277940333,0.8611854445189238,0.10225558327510953
10938,py,tests,checks,configs,infrastructure,0.6434588841607617,0.6434588841607617,0.0,0.8333333333333334,0.8333333333333334,0.0,0.750943960366514,0.738841319974646,0.012102640391868036,0.8412698412698414,0.8412698412698414,0.0,0.977237343788147,0.9676911234855652,0.009546220302581787,0.9917787909507751,0.0015775560168549418,0.9902012349339202,0.990889459673781,-0.9743399025173858,1.9652293621911667
11547,py,imports,includes,exports,directional,0.5946035575013604,0.5946035575013604,0.0,0.8333333333333334,0.8333333333333334,0.0,0.6946065832508048,0.8182110562545346,-0.12360447300372979,0.864795918367347,0.864795918367347,0.0,0.9460415840148926,0.9878969788551331,-0.04185539484024048,0.9533635973930359,0.000653458817396313,0.9527101385756396,0.9432727880775928,-0.9933297503157519,1.9366025383933447
11781,py,function,method,variable,close_entity,0.8895260356363631,0.8895260356363631,0.0,0.9545454545454546,0.9545454545454546,0.0,0.9222986823858321,0.9180905799415343,0.004208102444297812,0.9597222222222221,0.9597222222222221,0.0,0.9967253804206848,0.9922884106636047,0.004436969757080078,0.9442389011383057,0.00511083984747529,0.9391280612908304,0.9432298291940242,-0.035103277768939734,0.9783331069629639
12379,py,log,trace,output,infrastructure,0.9036020036098446,0.9036020036098446,0.0,0.9090909090909091,0.9090909090909091,0.0,0.9401922956117887,0.9368965870588671,0.0032957085529216057,0.8993827160493828,0.8993827160493828,0.0,0.9997283220291138,0.9995710253715515,0.00015729665756225586,0.19896993041038513,0.4726974070072174,-0.2737274765968323,-0.05585530400276184,0.3597855567932129,-0.41564086079597473
12601,py,function,method,variable,close_entity,0.7825422900366438,0.7825422900366438,0.0,0.875,0.875,0.0,0.8195431102635703,0.8088628918207741,0.010680218442796208,0.864795918367347,0.864795918367347,0.0,0.993236780166626,0.9837440848350525,0.009492695331573486,0.8750055432319641,0.008666858077049255,0.8663386851549149,0.8478557579219341,-0.9386497288942337,1.7865054868161678
12878,py,tests,checks,configs,infrastructure,0.6434588841607617,0.6434588841607617,0.0,0.8333333333333334,0.8333333333333334,0.0,0.8389362048116696,0.8296703921086122,0.009265812703057485,0.8412698412698414,0.8412698412698414,0.0,0.9754105806350708,0.9667832255363464,0.008627355098724365,0.9784963130950928,0.006259797606617212,0.9722365154884756,0.9731906116940081,-0.854178489651531,1.827369101345539
13368,py,parameters,arguments,constants,close_entity,0.8153551038173119,0.8153551038173119,0.0,0.9,0.9,0.0,0.8244292937484815,0.8106314727446153,0.013797821003866173,0.9054545454545455,0.9054545454545455,0.0,0.9962432384490967,0.9908301830291748,0.005413055419921875,0.9634249806404114,0.006545766722410917,0.9568792139180005,0.9523738110437989,-0.41129611479118466,1.3636699258349836
14244,py,function,method,variable,close_entity,0.6606328636027612,0.6606328636027612,0.0,0.8888888888888888,0.8888888888888888,0.0,0.8072271250206322,0.7978764933915294,0.009350631629102768,0.8819444444444444,0.8819444444444444,0.0,0.9916148781776428,0.9856452345848083,0.005969643592834473,0.9408053159713745,0.1034107655286789,0.8373945504426956,0.9127849042415619,-0.5635414868593216,1.4763263911008835
14244,py,error,exception,warning,diagnostic,0.5969491792019644,0.5969491792019644,0.0,0.8888888888888888,0.8888888888888888,0.0,0.8622454453137038,0.8495981657082536,0.012647279605450201,0.8819444444444444,0.8819444444444444,0.0,0.9867166876792908,0.9893667101860046,-0.002650022506713867,0.991567075252533,0.9497994780540466,0.04176759719848633,0.9905362863792107,0.9493283832853194,0.04120790309389122
14301,py,function,method,variable,close_entity,0.7071067811865478,0.7071067811865478,0.0,0.8571428571428571,0.8571428571428571,0.0,0.8111152600645039,0.8000300662370011,0.011085193827502726,0.864795918367347,0.864795918367347,0.0,0.9845790266990662,0.9743912220001221,0.010187804698944092,0.8624886870384216,0.14025020599365234,0.7222384810447693,0.8351094927638769,-0.6155582666397095,1.4506677594035864
14316,py,argument,parameter,keyword,close_entity,0.8985396083419644,0.8985396083419644,0.0,0.9444444444444444,0.9444444444444444,0.0,0.8838744415720234,0.8782940767334653,0.005580364838558172,0.9519047619047619,0.9519047619047619,0.0,0.9975277781486511,0.9926456212997437,0.004882156848907471,0.9521369338035583,0.2696664035320282,0.6824705302715302,0.9512797527713701,0.26706291385926306,0.684216838912107
14322,py,methods,functions,attributes,close_entity,0.82651681837938,0.82651681837938,0.0,0.9,0.9,0.0,0.8810392638707917,0.8782901538788229,0.0027491099919687567,0.9139118457300276,0.9139118457300276,0.0,0.9959216713905334,0.9904116988182068,0.00550997257232666,0.7878272533416748,0.0010244814911857247,0.7868027718504891,0.7480111457407475,-0.38706910924520344,1.1350802549859509
14322,py,class,type,module,close_entity,0.7691605673134587,0.7691605673134587,0.0,0.9,0.9,0.0,0.8838632880355272,0.8859841267420617,-0.002120838706534567,0.9139118457300276,0.9139118457300276,0.0,0.990339457988739,0.993064284324646,-0.0027248263359069824,0.18182595074176788,0.0029990302864462137,0.17882692045532167,-0.12242765724658966,-0.7974375260528177,0.675009868806228
14324,py,function,method,variable,close_entity,0.7016879391277372,0.7016879391277372,0.0,0.8888888888888888,0.8888888888888888,0.0,0.7812969331250263,0.7709647836749411,0.010332149450085204,0.9054545454545455,0.9054545454545455,0.0,0.9918361902236938,0.9855688214302063,0.006267368793487549,0.9805965423583984,0.15868183970451355,0.8219147026538849,0.9728657728992403,-0.5716206133365631,1.5444863862358034
14324,py,error,exception,warning,diagnostic,0.8931539818068699,0.8931539818068699,0.0,0.8888888888888888,0.8888888888888888,0.0,0.8996036109411945,0.8856335717549699,0.013970039186224525,0.9086363636363638,0.9086363636363638,0.0,0.987076461315155,0.9678953886032104,0.01918107271194458,0.9039696455001831,0.6341827511787415,0.26978689432144165,0.8995747002772987,0.6040878668427467,0.29548683343455195
14444,py,argument,parameter,keyword,close_entity,0.8423626743789753,0.8423626743789753,0.0,0.9230769230769231,0.9230769230769231,0.0,0.8824419750504694,0.8767889105665319,0.005653064483937542,0.920940170940171,0.920940170940171,0.0,0.9865245819091797,0.9818140864372253,0.004710495471954346,0.6272577047348022,0.06691526621580124,0.560342438519001,0.5262342318892479,-0.6769112423062325,1.2031454741954803
14444,py,tests,checks,configs,infrastructure,0.7611606003349888,0.7611606003349888,0.0,0.9230769230769231,0.9230769230769231,0.0,0.9194989267030346,0.9152791344407823,0.00421979226225222,0.920940170940171,0.920940170940171,0.0,0.9869563579559326,0.9775952696800232,0.009361088275909424,0.9803794622421265,0.7025873064994812,0.27779215574264526,0.978079978376627,0.5605452358722687,0.4175347425043583
14688,py,function,method,variable,close_entity,0.7691605673134587,0.7691605673134587,0.0,0.9166666666666666,0.9166666666666666,0.0,0.8489891888774236,0.8413558897042216,0.007633299173201991,0.9139118457300276,0.9139118457300276,0.0,0.9951545000076294,0.9884138107299805,0.006740689277648926,0.7256457209587097,0.015071936883032322,0.7105737840756774,0.5712532699108124,-0.6688647186383605,1.2401179885491729
14688,py,parameter,argument,constant,close_entity,0.82651681837938,0.82651681837938,0.0,0.9166666666666666,0.9166666666666666,0.0,0.8434302969365862,0.8310656452539982,0.012364651682588046,0.9139118457300276,0.9139118457300276,0.0,0.9909109473228455,0.9845486879348755,0.006362259387969971,0.07808519899845123,0.004220630973577499,0.07386456802487373,-0.5134984105825424,-0.5371292568743229,0.023630846291780472
14688,py,parameters,arguments,constants,close_entity,0.7348889200874659,0.7348889200874659,0.0,0.9166666666666666,0.9166666666666666,0.0,0.8434302969365862,0.8310656452539982,0.012364651682588046,0.9139118457300276,0.9139118457300276,0.0,0.9921716451644897,0.9872152805328369,0.004956364631652832,0.6194421648979187,0.009945361874997616,0.6094968030229211,0.3724595308303833,-0.6845402428880334,1.0569997737184167
14756,py,tests,checks,configs,infrastructure,0.7016879391277372,0.7016879391277372,0.0,0.875,0.875,0.0,0.867041339532936,0.8603876720918875,0.006653667441048561,0.8819444444444444,0.8819444444444444,0.0,0.9877547025680542,0.9801498055458069,0.0076048970222473145,0.9766514897346497,0.44133883714675903,0.5353126525878906,0.9682763647288084,-0.031032860279083252,0.9993092250078917
14847,py,comment,note,command,infrastructure,0.5946035575013604,0.5946035575013604,0.0,0.8333333333333334,0.8333333333333334,0.0,0.7279823091949709,0.8268284266634148,-0.09884611746844396,0.864795918367347,0.864795918367347,0.0,0.9769105911254883,0.9462414383888245,0.03066915273666382,0.08476682752370834,0.0024680064525455236,0.08229882107116282,-0.6898815408349037,-0.9463905526790768,0.2565090118441731
15330,py,import,include,export,directional,0.9193227152249183,0.9193227152249183,0.0,0.9,0.9,0.0,0.8894576028840633,0.9632666556781088,-0.07380905279404548,0.8993827160493828,0.8993827160493828,0.0,0.9986875057220459,0.9993429780006409,-0.0006554722785949707,0.9115776419639587,0.047615837305784225,0.8639618046581745,0.8648904040455818,-0.8886225707828999,1.7535129748284817
15962,py,log,trace,output,infrastructure,0.6434588841607617,0.6434588841607617,0.0,0.8333333333333334,0.8333333333333334,0.0,0.7839637766777539,0.7838451016228309,0.00011867505492291208,0.8412698412698414,0.8412698412698414,0.0,0.9741024971008301,0.9724112749099731,0.0016912221908569336,0.08147711306810379,0.010481568984687328,0.07099554408341646,-0.726448230445385,-0.9044794710353017,0.1780312405899167
16076,py,error,exception,warning,diagnostic,0.8070557274927979,0.8070557274927979,0.0,0.9,0.9,0.0,0.8250335486873503,0.8086000830783232,0.016433465609027142,0.9054545454545455,0.9054545454545455,0.0,0.9889446496963501,0.9856740832328796,0.003270566463470459,0.9889984726905823,0.7750789523124695,0.2139195203781128,0.987453676876612,0.7602357212454081,0.22721795563120395
16729,py,class,type,module,close_entity,0.8931539818068699,0.8931539818068699,0.0,0.9090909090909091,0.9090909090909091,0.0,0.8983875750975189,0.8941654028274745,0.0042221722700444,0.9086363636363638,0.896818181818182,0.011818181818181839,0.9891242384910583,0.984060525894165,0.0050637125968933105,0.49785348773002625,0.09588465839624405,0.4019688293337822,0.409841887652874,-0.29308991879224777,0.7029318064451218
17246,py,function,method,variable,close_entity,0.8371170098777919,0.8371170098777919,0.0,0.9230769230769231,0.9230769230769231,0.0,0.8390267667351626,0.8309684471098175,0.00805831962534509,0.9139118457300276,0.9139118457300276,0.0,0.996040940284729,0.9921736717224121,0.0038672685623168945,0.9279571175575256,0.003230198984965682,0.92472691857256,0.9252388253808022,-0.8741392048541456,1.7993780302349478
17624,py,parameter,argument,constant,close_entity,0.7691605673134587,0.7691605673134587,0.0,0.9,0.9,0.0,0.8147956091728278,0.8002765445299871,0.014519064642840696,0.8950617283950617,0.8950617283950617,0.0,0.9939582347869873,0.9802196025848389,0.013738632202148438,0.9849445223808289,0.24805761873722076,0.7368869036436081,0.9829264625441283,-0.37898407876491547,1.3619105413090438
18068,py,method,function,attribute,close_entity,0.9253911813809742,0.9253911813809742,0.0,0.9230769230769231,0.9230769230769231,0.0,0.9062640735402059,0.9034788290446429,0.002785244495562944,0.9228098290598291,0.9228098290598291,0.0,0.9960088729858398,0.9880359172821045,0.007972955703735352,0.963992178440094,0.7877172827720642,0.17627489566802979,0.9625884575070813,0.7835821839980781,0.17900627350900322
18706,py,function,method,variable,close_entity,0.7419446627365011,0.7419446627365011,0.0,0.9,0.9,0.0,0.8245574389730571,0.8158989652613216,0.00865847371173556,0.9054545454545455,0.9054545454545455,0.0,0.9809238910675049,0.9877973794937134,-0.006873488426208496,0.994074285030365,0.8804879188537598,0.11358636617660522,0.993645688664401,0.8381032422184944,0.15554244644590653
19003,py,parameter,argument,constant,close_entity,0.5946035575013604,0.5946035575013604,0.0,0.8333333333333334,0.8333333333333334,0.0,0.6585659537695512,0.6328398546263546,0.025726099143196568,0.864795918367347,0.864795918367347,0.0,0.9725914597511292,0.9646950960159302,0.007896363735198975,0.9901521801948547,0.6254785656929016,0.3646736145019531,0.9869311950169504,0.5419113710522652,0.4450198239646852
19394,py,methods,functions,attributes,close_entity,0.8578928092681432,0.8578928092681432,0.0,0.9444444444444444,0.9444444444444444,0.0,0.9020199347469707,0.8999726574798581,0.002047277267112624,0.9494459833795015,0.9494459833795015,0.0,0.9961369037628174,0.9919272065162659,0.004209697246551514,0.7643503546714783,0.0016977123450487852,0.7626526423264295,0.6601173132658005,-0.9046076007653028,1.5647249140311033
19394,py,class,type,module,close_entity,0.8578928092681432,0.8578928092681432,0.0,0.9444444444444444,0.9444444444444444,0.0,0.9159653291220577,0.9136356542047211,0.0023296749173365994,0.9494459833795015,0.9494459833795015,0.0,0.9928796291351318,0.9939266443252563,-0.0010470151901245117,0.9638712406158447,0.11176956444978714,0.8521016761660576,0.9617048557847738,-0.5694791600108147,1.5311840157955885
20080,py,tests,checks,configs,infrastructure,0.7419446627365011,0.7419446627365011,0.0,0.8888888888888888,0.8888888888888888,0.0,0.846337598703622,0.8381654798712997,0.008172118832322273,0.9054545454545455,0.9054545454545455,0.0,0.9885903596878052,0.9765645265579224,0.012025833129882812,0.7041997909545898,0.0037441300228238106,0.700455660931766,0.5654582381248474,-0.9224258614704013,1.4878840995952487
20249,py,methods,functions,attributes,close_entity,0.9121679090703875,0.9121679090703875,0.0,0.9230769230769231,0.9230769230769231,0.0,0.8760587998332405,0.8729346656355221,0.003124134197718398,0.9228098290598291,0.9228098290598291,0.0,0.9935245513916016,0.9889572262763977,0.004567325115203857,0.9308958649635315,0.6133316159248352,0.3175642490386963,0.9284699121490121,0.5252091735601425,0.40326073858886957
20980,py,function,method,variable,close_entity,0.4889230224349009,0.4889230224349009,0.0,0.8571428571428571,0.8571428571428571,0.0,0.7096553948736707,0.6969467916159092,0.012708603257761464,0.8412698412698414,0.8412698412698414,0.0,0.9846410751342773,0.984742283821106,-0.00010120868682861328,0.9921787977218628,0.6342102885246277,0.3579685091972351,0.9911044891923666,0.5251160711050034,0.46598841808736324
22291,py,methods,functions,attributes,close_entity,0.5000000000000001,0.5000000000000001,0.0,0.875,0.875,0.0,0.7768839797030545,0.7729179669318491,0.003966012771205341,0.864795918367347,0.864795918367347,0.0,0.994401216506958,0.9852491021156311,0.009152114391326904,0.9331952929496765,0.013593030162155628,0.9196022627875209,0.9158271532505751,-0.7970167277380824,1.7128438809886575
22291,py,imports,includes,exports,directional,0.7071067811865478,0.7071067811865478,0.0,0.875,0.875,0.0,0.7986909320191148,0.8855412722389615,-0.08685034021984672,0.864795918367347,0.864795918367347,0.0,0.9686343669891357,0.9889914989471436,-0.020357131958007812,0.9866625666618347,0.001273617846891284,0.9853889488149434,0.980651673860848,-0.9840191148687154,1.9646707887295634
22463,py,test,check,config,infrastructure,0.4832697830906221,0.4832697830906221,0.0,0.7142857142857143,0.7142857142857143,0.0,0.6691710926095118,0.6528010812994711,0.016370011310040677,0.6371428571428571,0.6371428571428571,0.0,0.9673354029655457,0.9708817005157471,-0.003546297550201416,0.9851337671279907,0.02796301059424877,0.957170756533742,0.9812458115629852,-0.896758945658803,1.8780047572217882
23059,py,warning,alert,error,diagnostic,0.7348889200874659,0.7348889200874659,0.0,0.875,0.875,0.0,0.7893152951949935,0.7855783702545182,0.0037369249404753946,0.8950617283950617,0.8950617283950617,0.0,0.9852911829948425,0.982824444770813,0.002466738224029541,0.9932727813720703,0.9089689254760742,0.0843038558959961,0.9917657114565372,0.868901040405035,0.12286467105150223
23097,py,errors,exceptions,warnings,diagnostic,0.7016879391277372,0.7016879391277372,0.0,0.9090909090909091,0.9090909090909091,0.0,0.894780126389485,0.8853129254962275,0.009467200893257477,0.9054545454545455,0.9054545454545455,0.0,0.9918287992477417,0.988097071647644,0.0037317276000976562,0.1808857023715973,0.4917585551738739,-0.3108728528022766,0.1763879880309105,0.48729763086885214,-0.31090964283794165
23519,py,method,function,attribute,close_entity,0.961284287232436,0.961284287232436,0.0,0.975609756097561,0.975609756097561,0.0,0.9503229739903526,0.949225014847877,0.0010979591424755686,0.9786831838474843,0.9786831838474843,0.0,0.9941885471343994,0.9931716322898865,0.0010169148445129395,0.9014520645141602,0.7796095609664917,0.12184250354766846,0.8903323840349913,0.6578025370836258,0.23252984695136547
23762,py,errors,exceptions,warnings,diagnostic,0.8931539818068699,0.8931539818068699,0.0,0.9090909090909091,0.9090909090909091,0.0,0.9075052770723872,0.8966787898334228,0.0108264872389644,0.9086363636363638,0.9086363636363638,0.0,0.9903303384780884,0.9814236164093018,0.008906722068786621,0.9588204622268677,0.8666760921478271,0.09214437007904053,0.9539505504071712,0.8591691707260907,0.09478137968108058
24017,py,error,exception,warning,diagnostic,0.791066507175436,0.791066507175436,0.0,0.9,0.9,0.0,0.8567055617375398,0.8435047276967939,0.013200834040745901,0.9139118457300276,0.9139118457300276,0.0,0.9900122880935669,0.9915138483047485,-0.0015015602111816406,0.9940098524093628,0.9003728032112122,0.09363704919815063,0.9937697992427275,0.8996155826607719,0.09415421658195555
24666,py,warning,alert,error,diagnostic,0.7506238537503396,0.7506238537503396,0.0,0.875,0.875,0.0,0.7841193285367322,0.7802966938992683,0.0038226346374639064,0.8819444444444444,0.8819444444444444,0.0,0.9844815135002136,0.9794649481773376,0.0050165653228759766,0.9983876943588257,0.5814297199249268,0.4169579744338989,0.9981239375774749,0.23510104417800903,0.7630228933994658
24903,py,bug,issue,feature,diagnostic,0.82651681837938,0.82651681837938,0.0,0.8888888888888888,0.8888888888888888,0.0,0.8999134807764729,0.8911904594007861,0.008723021375686812,0.9139118457300276,0.9139118457300276,0.0,0.9952288866043091,0.9902079701423645,0.00502091646194458,0.9856259226799011,0.027697831392288208,0.9579280912876129,0.9850179270142689,-0.8622086942195892,1.8472266212338582
25648,py,bugs,issues,features,diagnostic,0.7348889200874659,0.7348889200874659,0.0,0.8888888888888888,0.8888888888888888,0.0,0.8221853197904807,0.8123287241054714,0.009856595685009295,0.9139118457300276,0.9139118457300276,0.0,0.9949182868003845,0.9910129308700562,0.003905355930328369,0.9619707465171814,0.0017305780202150345,0.9602401684969664,0.9522009398788214,-0.9741815757006407,1.926382515579462
25648,py,tests,checks,configs,infrastructure,0.7348889200874659,0.7348889200874659,0.0,0.8888888888888888,0.8888888888888888,0.0,0.7965400491249945,0.7869997368301973,0.009540312294797237,0.9139118457300276,0.9139118457300276,0.0,0.9919192790985107,0.9840623140335083,0.007856965065002441,0.9866998195648193,0.03662487119436264,0.9500749483704567,0.9816124639473855,-0.8667725697159767,1.8483850336633623
25656,py,import,include,export,directional,0.9121679090703875,0.9121679090703875,0.0,0.9230769230769231,0.9230769230769231,0.0,0.8914483247250115,0.9639297856515837,-0.07248146092657226,0.9228098290598291,0.9228098290598291,0.0,0.9988743662834167,0.9988710284233093,3.337860107421875e-06,0.995566189289093,0.0034332345239818096,0.9921329547651112,0.9948085868381895,-0.9772723247297108,1.9720809115679003
25656,py,imports,includes,exports,directional,0.7611606003349888,0.7611606003349888,0.0,0.9230769230769231,0.9230769230769231,0.0,0.8606876559665065,0.917893569547509,-0.057205913581002465,0.920940170940171,0.920940170940171,0.0,0.9721673130989075,0.9917940497398376,-0.019626736640930176,0.9096953272819519,0.0037375357933342457,0.9059577914886177,0.8963570790365338,-0.9345080587081611,1.830865137744695
25699,py,function,method,variable,close_entity,0.8843865924896839,0.8843865924896839,0.0,0.9473684210526315,0.9473684210526315,0.0,0.8742738531019032,0.8677625899973038,0.006511263104599374,0.9494459833795015,0.9494459833795015,0.0,0.9890715479850769,0.9881815910339355,0.0008899569511413574,0.9694859385490417,0.6900177597999573,0.2794681787490845,0.9646778050810099,0.6615007147192955,0.30317709036171436
25699,py,functions,methods,variables,close_entity,0.9554427922043663,0.9554427922043663,0.0,0.9473684210526315,0.9473684210526315,0.0,0.8960355854214245,0.8894112352302262,0.006624350191198225,0.9499307479224378,0.9499307479224378,0.0,0.9886142015457153,0.9855141043663025,0.003100097179412842,0.6494755148887634,0.06700791418552399,0.5824676007032394,0.6424184022471309,0.044200461357831955,0.5982179408892989
25885,py,test,check,config,infrastructure,0.7071067811865478,0.7071067811865478,0.0,0.8888888888888888,0.8888888888888888,0.0,0.8696958417185683,0.8631594317261466,0.006536409992421666,0.8950617283950617,0.8950617283950617,0.0,0.984948992729187,0.9761151671409607,0.008833825588226318,0.980987548828125,0.02432970702648163,0.9566578418016434,0.9788094095420092,-0.9047804623842239,1.8835898719262332
25950,py,arguments,parameters,keywords,close_entity,0.5969491792019644,0.5969491792019644,0.0,0.8888888888888888,0.8888888888888888,0.0,0.7884879341182445,0.777851730948235,0.010636203170009462,0.8819444444444444,0.8819444444444444,0.0,0.9802523851394653,0.9820646047592163,-0.0018122196197509766,0.6767500042915344,0.11671900004148483,0.5600310042500496,0.6580277420580387,-0.29953712970018387,0.9575648717582226
26457,py,tests,checks,configs,infrastructure,0.7611606003349888,0.7611606003349888,0.0,0.8888888888888888,0.8888888888888888,0.0,0.8696958417185683,0.8631594317261466,0.006536409992421666,0.9054545454545455,0.9054545454545455,0.0,0.9855072498321533,0.9810558557510376,0.004451394081115723,0.9565629959106445,0.1470288783311844,0.8095341175794601,0.9519471069797873,-0.36686746776103973,1.318814574740827
26747,py,parameter,argument,constant,close_entity,0.5000000000000001,0.5000000000000001,0.0,0.875,0.875,0.0,0.7078882193349778,0.6856027267938117,0.022285492541166074,0.864795918367347,0.864795918367347,0.0,0.9801980257034302,0.9810013175010681,-0.0008032917976379395,0.9606122374534607,0.4774255156517029,0.4831867218017578,0.9425952471792698,0.22430038452148438,0.7182948626577854
26964,py,test,check,config,infrastructure,0.803154665668484,0.803154665668484,0.0,0.8333333333333334,0.8333333333333334,0.0,0.7947957019469469,0.7826404634359524,0.012155238510994537,0.8880208333333333,0.8880208333333333,0.0,0.9899126887321472,0.9890680909156799,0.0008445978164672852,0.0519862100481987,0.004614003002643585,0.047372207045555115,-0.8688870146870613,-0.9495746418833733,0.08068762719631195
28438,py,argument,parameter,keyword,close_entity,0.8153551038173119,0.8153551038173119,0.0,0.8888888888888888,0.8888888888888888,0.0,0.816944964397925,0.8078633786812719,0.009081585716653073,0.9139118457300276,0.9139118457300276,0.0,0.9963001012802124,0.994043231010437,0.0022568702697753906,0.9764468669891357,0.6710439920425415,0.30540287494659424,0.9710725587792695,0.6611458333209157,0.30992672545835376
28595,py,error,exception,warning,diagnostic,0.537284965911771,0.537284965911771,0.0,0.8333333333333334,0.8333333333333334,0.0,0.7947776899015178,0.7751473415037564,0.019630348397761344,0.8066666666666668,0.8066666666666668,0.0,0.9756172895431519,0.9816219806671143,-0.006004691123962402,0.9914665222167969,0.9854698181152344,0.0059967041015625,0.9905061628087424,0.9848836588789709,0.005622503929771483
28632,py,class,type,module,close_entity,0.7016879391277372,0.7016879391277372,0.0,0.9090909090909091,0.9090909090909091,0.0,0.8692963732435879,0.8659808215706417,0.003315551672946171,0.9054545454545455,0.9054545454545455,0.0,0.9829082489013672,0.9848657846450806,-0.001957535743713379,0.9452151656150818,0.8254323601722717,0.11978280544281006,0.9369000010192394,0.7238405868411064,0.213059414178133
29134,py,error,exception,warning,diagnostic,0.7348889200874659,0.7348889200874659,0.0,0.875,0.875,0.0,0.8441704001318834,0.8297040040289939,0.014466396102889467,0.864795918367347,0.864795918367347,0.0,0.9845280647277832,0.9802985787391663,0.004229485988616943,0.9727575778961182,0.9007155299186707,0.07204204797744751,0.9676987561397254,0.8517908528447151,0.11590790329501033
29879,py,function,method,variable,close_entity,0.4889230224349009,0.4889230224349009,0.0,0.8571428571428571,0.8571428571428571,0.0,0.7472928485143168,0.7357715051874232,0.011521343326893585,0.8412698412698414,0.8412698412698414,0.0,0.9855408668518066,0.9850252270698547,0.0005156397819519043,0.9834225177764893,0.607262372970581,0.3761601448059082,0.9778831568546593,0.29957887530326843,0.6783042815513909
30279,py,test,check,config,infrastructure,0.6606328636027612,0.6606328636027612,0.0,0.8571428571428571,0.8571428571428571,0.0,0.8084947842447385,0.7994132344582582,0.009081549786480347,0.8819444444444444,0.8819444444444444,0.0,0.9882451295852661,0.9642123579978943,0.024032771587371826,0.9946980476379395,0.17477105557918549,0.819926992058754,0.9938258369802497,-0.1495267003774643,1.143352537357714
30406,py,method,function,attribute,close_entity,0.6434588841607617,0.6434588841607617,0.0,0.8333333333333334,0.8333333333333334,0.0,0.740799854605585,0.7353331538687342,0.005466700736850738,0.8412698412698414,0.8412698412698414,0.0,0.9916977882385254,0.980103611946106,0.011594176292419434,0.9548483490943909,0.11496111750602722,0.8398872315883636,0.9468898074701428,-0.5305839478969574,1.4774737553671002
30584,py,method,function,attribute,close_entity,0.5969491792019644,0.5969491792019644,0.0,0.8888888888888888,0.8888888888888888,0.0,0.8533562690638975,0.8504702077837636,0.0028860612801339114,0.8819444444444444,0.8819444444444444,0.0,0.9953516721725464,0.9886714816093445,0.006680190563201904,0.9814008474349976,0.9118422865867615,0.06955856084823608,0.9791053973603994,0.8910166583955288,0.08808873896487057
30601,py,method,function,attribute,close_entity,0.865603055254171,0.865603055254171,0.0,0.9444444444444444,0.9444444444444444,0.0,0.8848993781750499,0.8847193604353316,0.00018001773971831891,0.9467186484730344,0.9467186484730344,0.0,0.9953563213348389,0.9918405413627625,0.003515779972076416,0.9848440289497375,0.9400318264961243,0.04481220245361328,0.98345050169155,0.9371496590320021,0.046300842659547925
30793,py,import,include,export,directional,0.8153551038173119,0.8153551038173119,0.0,0.9230769230769231,0.9230769230769231,0.0,0.8655566815300003,0.920786468189495,-0.05522978665949474,0.9268808114961962,0.9268808114961962,0.0,0.9881822466850281,0.9916465282440186,-0.0034642815589904785,0.6167412996292114,0.2148212343454361,0.40192006528377533,0.5301656201481819,-0.3102899640798569,0.8404555842280388
30819,py,tests,checks,configs,infrastructure,0.6580370064762461,0.6580370064762461,0.0,0.8888888888888888,0.8888888888888888,0.0,0.8613937176316244,0.8544926591715393,0.006901058460085152,0.8950617283950617,0.8950617283950617,0.0,0.9877942800521851,0.9734514355659485,0.014342844486236572,0.9895859360694885,0.04360127076506615,0.9459846653044224,0.9867218257859349,-0.7839838303625584,1.7707056561484933
30978,py,argument,parameter,keyword,close_entity,0.8394327083733333,0.8394327083733333,0.0,0.9411764705882353,0.9411764705882353,0.0,0.8838744415720234,0.8782940767334653,0.005580364838558172,0.943675509419454,0.943675509419454,0.0,0.9956390857696533,0.9871430397033691,0.00849604606628418,0.9796279668807983,0.0361858569085598,0.9434421099722385,0.9737204490229487,-0.7949286140501499,1.7686490630730987
31534,py,methods,functions,attributes,close_entity,0.82651681837938,0.82651681837938,0.0,0.9,0.9,0.0,0.8561416529751669,0.8529169511583706,0.0032247018167962382,0.9139118457300276,0.9139118457300276,0.0,0.9947139620780945,0.9885200262069702,0.006193935871124268,0.8614450693130493,0.09274857491254807,0.7686964944005013,0.786530926823616,-0.5794537737965584,1.3659847006201744
31683,py,function,method,variable,close_entity,0.8003203203845001,0.8003203203845001,0.0,0.9,0.9,0.0,0.8245574389730571,0.8158989652613216,0.00865847371173556,0.9268808114961962,0.9268808114961962,0.0,0.9934667348861694,0.9919910430908203,0.001475691795349121,0.919465184211731,0.6301693916320801,0.2892957925796509,0.90419592987746,0.48014919459819794,0.42404673527926207
31740,py,errors,exceptions,warnings,diagnostic,0.7506238537503396,0.7506238537503396,0.0,0.875,0.875,0.0,0.8503804180909144,0.8342065914940123,0.01617382659690203,0.8819444444444444,0.8819444444444444,0.0,0.9820292592048645,0.9873690605163574,-0.00533980131149292,0.8086438775062561,0.12320414185523987,0.6854397356510162,0.7237132489681244,-0.1342264711856842,0.8579397201538086
31864,py,argument,parameter,keyword,close_entity,0.8282477531331043,0.8282477531331043,0.0,0.9285714285714286,0.9285714285714286,0.0,0.8599878463746233,0.8531825384911579,0.00680530788346545,0.9402573529411764,0.9402573529411764,0.0,0.9945531487464905,0.9848332405090332,0.009719908237457275,0.9842584133148193,0.9543417692184448,0.02991664409637451,0.9836817271425389,0.952375725377351,0.03130600176518783
31864,py,log,trace,output,infrastructure,0.8282477531331043,0.8282477531331043,0.0,0.9285714285714286,0.9285714285714286,0.0,0.9137010066822613,0.9133845804850964,0.0003164261971648763,0.9402573529411764,0.9402573529411764,0.0,0.9928655624389648,0.990638792514801,0.0022267699241638184,0.4112491011619568,0.886269748210907,-0.4750206470489502,0.17040346562862396,0.8829290641006082,-0.7125255984719843
32245,py,tests,checks,configs,infrastructure,0.3799178428257963,0.3799178428257963,0.0,0.8333333333333334,0.8333333333333334,0.0,0.7829890993380567,0.7729438311715756,0.010045268166481103,0.8066666666666668,0.8066666666666668,0.0,0.9718974828720093,0.9503293037414551,0.0215681791305542,0.9931136965751648,0.08888857811689377,0.904225118458271,0.9912194281350821,-0.5061407163739204,1.4973601445090026
32473,py,class,type,module,close_entity,0.7016879391277372,0.7016879391277372,0.0,0.8888888888888888,0.8888888888888888,0.0,0.8334789688272689,0.8295561448129678,0.003922824014301107,0.9054545454545455,0.9054545454545455,0.0,0.9886170029640198,0.9888229966163635,-0.00020599365234375,0.20830565690994263,0.031219597905874252,0.17708605900406837,-0.2638508379459381,-0.8843935765326023,0.6205427385866642
32532,py,test,check,config,infrastructure,0.7071067811865478,0.7071067811865478,0.0,0.875,0.875,0.0,0.7588900933746825,0.7479861942697235,0.010903899104959036,0.864795918367347,0.864795918367347,0.0,0.9795845746994019,0.9823343753814697,-0.002749800682067871,0.9040384292602539,0.001421106862835586,0.9026173223974183,0.8925672471523285,-0.9537005295278504,1.846267776680179
32718,py,argument,parameter,keyword,close_entity,0.7016879391277372,0.7016879391277372,0.0,0.9090909090909091,0.9090909090909091,0.0,0.7930837078413512,0.7827012897516876,0.010382418089663559,0.9054545454545455,0.9054545454545455,0.0,0.9845094084739685,0.9766458868980408,0.007863521575927734,0.9768444895744324,0.36143335700035095,0.6154111325740814,0.9709390792995691,0.270136721432209,0.7008023578673601
32861,py,argument,parameter,keyword,close_entity,0.4889230224349009,0.4889230224349009,0.0,0.8000000000000002,0.8000000000000002,0.0,0.6600339267969538,0.641866601726313,0.018167325070640783,0.8412698412698414,0.8412698412698414,0.0,0.9928534626960754,0.9856361746788025,0.007217288017272949,0.9932851791381836,0.3859606385231018,0.6073245406150818,0.9924199627712369,0.10789856314659119,0.8845213996246457
33203,py,import,include,export,directional,0.8070557274927979,0.8070557274927979,0.0,0.8888888888888888,0.8888888888888888,0.0,0.855452354374703,0.9147811742798795,-0.059328819905176466,0.9054545454545455,0.9054545454545455,0.0,0.9611002206802368,0.9921004772186279,-0.031000256538391113,0.9201905727386475,0.0006671241135336459,0.9195234486251138,0.8712467812001705,-0.9934203335433267,1.8646671147434972
33295,py,parameter,argument,constant,close_entity,0.5000000000000001,0.5000000000000001,0.0,0.8571428571428571,0.8571428571428571,0.0,0.7875971737248544,0.7710612116844908,0.01653596204036356,0.8066666666666668,0.8066666666666668,0.0,0.9911112785339355,0.9792864322662354,0.011824846267700195,0.9935364127159119,0.8963252902030945,0.09721112251281738,0.9927232844638638,0.8561979085206985,0.13652537594316527
33505,py,log,trace,output,infrastructure,0.7071067811865478,0.7071067811865478,0.0,0.8888888888888888,0.8888888888888888,0.0,0.8229669749558637,0.8227006413982759,0.00026633355758776123,0.8950617283950617,0.8950617283950617,0.0,0.9838231205940247,0.9826081991195679,0.0012149214744567871,0.3372442424297333,0.611950159072876,-0.2747059166431427,-0.21813049912452698,0.3751993626356125,-0.5933298617601395
33790,py,log,trace,output,infrastructure,0.5946035575013604,0.5946035575013604,0.0,0.875,0.875,0.0,0.8419730080192241,0.8416626123196529,0.0003103956995712531,0.864795918367347,0.864795918367347,0.0,0.9857572317123413,0.9832426905632019,0.0025145411491394043,0.008205904625356197,0.07645443081855774,-0.06824852619320154,-0.9179059127345681,-0.6946229040622711,-0.223283008672297
33968,py,import,include,export,directional,0.8070557274927979,0.8070557274927979,0.0,0.8888888888888888,0.8888888888888888,0.0,0.8512549735099743,0.8869070241487921,-0.03565205063881782,0.9054545454545455,0.9054545454545455,0.0,0.9791988730430603,0.9924381971359253,-0.01323932409286499,0.11053425073623657,0.002623617881909013,0.10791063285432756,-0.6599335670471191,-0.9673641917761415,0.3074306247290224
34385,py,bug,issue,feature,diagnostic,0.8408964152537145,0.8408964152537145,0.0,0.8333333333333334,0.8333333333333334,0.0,0.8979564629234045,0.8868174767746886,0.01113898614871589,0.8737244897959183,0.8737244897959183,0.0,0.9990811944007874,0.9995499849319458,-0.00046879053115844727,0.9883732199668884,0.00040256750071421266,0.9879706524661742,0.982577150221914,-0.9958357833675109,1.978412933589425
34773,py,test,check,config,infrastructure,0.5946035575013604,0.5946035575013604,0.0,0.8571428571428571,0.8571428571428571,0.0,0.824001841624828,0.8155339950388687,0.008467846585959338,0.864795918367347,0.864795918367347,0.0,0.9879227876663208,0.9817681312561035,0.006154656410217285,0.9872897267341614,0.044593971222639084,0.9426957555115223,0.9859551202971488,-0.7129076905548573,1.698862810852006
34821,py,test,check,config,infrastructure,0.8153551038173119,0.8153551038173119,0.0,0.9285714285714286,0.9285714285714286,0.0,0.8793314680667025,0.8732259598411037,0.006105508225598744,0.9363888888888889,0.9363888888888889,0.0,0.9907846450805664,0.9824591279029846,0.008325517177581787,0.9857516884803772,0.11467386037111282,0.8710778281092644,0.9846196509897709,0.10511632636189461,0.8795033246278763
34829,py,error,exception,warning,diagnostic,0.7071067811865478,0.7071067811865478,0.0,0.8571428571428571,0.8571428571428571,0.0,0.8159924588042535,0.7986148862068273,0.017377572597426227,0.864795918367347,0.864795918367347,0.0,0.9784048795700073,0.9816383719444275,-0.003233492374420166,0.9961109757423401,0.9274826049804688,0.06862837076187134,0.9956008760491386,0.9216037187725306,0.07399715727660805
35140,py,log,trace,output,infrastructure,0.537284965911771,0.537284965911771,0.0,0.8333333333333334,0.8333333333333334,0.0,0.7905255083076262,0.7903556297907913,0.0001698785168349204,0.8066666666666668,0.8066666666666668,0.0,0.9425418972969055,0.9638081789016724,-0.021266281604766846,0.96528160572052,0.057560473680496216,0.9077211320400238,0.954862424172461,-0.8323626220226288,1.7872250461950898
35238,py,classes,types,modules,close_entity,0.8423626743789753,0.8423626743789753,0.0,0.9166666666666666,0.9166666666666666,0.0,0.8848244974241912,0.8817267531687811,0.0030977442554100953,0.920940170940171,0.920940170940171,0.0,0.9897834062576294,0.9911290407180786,-0.0013456344604492188,0.7348940372467041,0.11306510865688324,0.6218289285898209,0.5240532606840134,-0.691017284989357,1.2150705456733704
36700,py,class,type,module,close_entity,0.7348889200874659,0.7348889200874659,0.0,0.9,0.9,0.0,0.8564314327776779,0.8528828188458335,0.0035486139318443577,0.9139118457300276,0.9139118457300276,0.0,0.9873040318489075,0.9860625863075256,0.001241445541381836,0.43996480107307434,0.2727303206920624,0.16723448038101196,0.24080364406108856,-0.36295607686042786,0.6037597209215164
36700,py,classes,types,modules,close_entity,0.82651681837938,0.82651681837938,0.0,0.9,0.9,0.0,0.8700012819571978,0.8663291571533737,0.0036721248038241727,0.9139118457300276,0.9139118457300276,0.0,0.9886872172355652,0.9875760078430176,0.0011112093925476074,0.3640504479408264,0.5444636940956116,-0.18041324615478516,0.2588464096188545,0.3405112773180008,-0.08166486769914627
36700,py,error,exception,warning,diagnostic,0.7691605673134587,0.7691605673134587,0.0,0.9,0.9,0.0,0.8622454453137038,0.8495981657082536,0.012647279605450201,0.9139118457300276,0.9139118457300276,0.0,0.9927067160606384,0.991721510887146,0.0009852051734924316,0.9715211391448975,0.043085526674985886,0.9284356124699116,0.9691326764877886,-0.7101553566753864,1.679288033163175
36743,py,functions,methods,variables,close_entity,0.8801117367933934,0.8801117367933934,0.0,0.9,0.9,0.0,0.8601022291880638,0.8514870154014157,0.00861521378664809,0.8993827160493828,0.8993827160493828,0.0,0.9944055676460266,0.9890354871749878,0.005370080471038818,0.46548599004745483,0.019912930205464363,0.44557305984199047,0.4388363007456064,-0.5080122631043196,0.946848563849926
37223,py,warning,alert,error,diagnostic,0.5000000000000001,0.5000000000000001,0.0,0.8333333333333334,0.8333333333333334,0.0,0.7786601712285455,0.7747478029135426,0.0039123683150028565,0.864795918367347,0.864795918367347,0.0,0.9743171334266663,0.9836666584014893,-0.009349524974822998,0.7698102593421936,0.6674655675888062,0.10234469175338745,0.5696412473917007,0.39889219403266907,0.17074905335903168
37710,py,comments,notes,commands,infrastructure,0.7016879391277372,0.7016879391277372,0.0,0.9,0.9,0.0,0.8098102809955676,0.8782914418576918,-0.06848116086212419,0.9054545454545455,0.9054545454545455,0.0,0.9878299236297607,0.9840065240859985,0.003823399543762207,0.22263142466545105,0.002736325142905116,0.21989509952254593,-0.39384201169013977,-0.9014415789861232,0.5075995672959834
38214,py,test,check,config,infrastructure,0.7825422900366438,0.7825422900366438,0.0,0.9166666666666666,0.9166666666666666,0.0,0.8746987951332302,0.8683850838700748,0.006313711263155386,0.9268808114961962,0.9268808114961962,0.0,0.9864961504936218,0.9869670271873474,-0.00047087669372558594,0.8610363006591797,0.06248853728175163,0.798547763377428,0.8499637516215444,-0.3070211596786976,1.156984911300242
38214,py,import,include,export,directional,0.7825422900366438,0.7825422900366438,0.0,0.9166666666666666,0.9166666666666666,0.0,0.8526841739891171,0.9131347008317043,-0.06045052684258723,0.9268808114961962,0.9268808114961962,0.0,0.9751722812652588,0.9887493848800659,-0.013577103614807129,0.9664397239685059,0.004968384280800819,0.961471339687705,0.9631121333222836,-0.9791499581187963,1.94226209144108
38403,py,method,function,attribute,close_entity,0.8985396083419644,0.8985396083419644,0.0,0.9565217391304348,0.9565217391304348,0.0,0.9270551094910757,0.9268788565993619,0.00017625289171385727,0.9627438088976551,0.9627438088976551,0.0,0.997474193572998,0.9893336296081543,0.00814056396484375,0.9803736209869385,0.8037616610527039,0.17661195993423462,0.9775350152049214,0.7644293159246445,0.2131056992802769
38636,py,argument,parameter,keyword,close_entity,0.9210589320522861,0.9210589320522861,0.0,0.9523809523809523,0.9523809523809523,0.0,0.9164496656815999,0.9124966843973771,0.003952981284222834,0.9580182734719597,0.9580182734719597,0.0,0.9962729215621948,0.9929001927375793,0.0033727288246154785,0.7317350506782532,0.0028372243978083134,0.7288978262804449,0.7304164113011211,-0.012677987571805716,0.7430943988729268
39358,py,error,exception,warning,diagnostic,0.8423626743789753,0.8423626743789753,0.0,0.9166666666666666,0.9166666666666666,0.0,0.8721314232908851,0.8604632251370242,0.011668198153860887,0.920940170940171,0.920940170940171,0.0,0.9831938743591309,0.992082953453064,-0.008889079093933105,0.9399478435516357,0.9792641997337341,-0.03931635618209839,0.9359514098614454,0.9769242403563112,-0.040972830494865775
40387,py,import,include,export,directional,0.7611606003349888,0.7611606003349888,0.0,0.9,0.9,0.0,0.8526841739891171,0.9131347008317043,-0.06045052684258723,0.9054545454545455,0.9054545454545455,0.0,0.9814932942390442,0.9813061952590942,0.00018709897994995117,0.7596402764320374,0.006558900699019432,0.7530813757330179,0.6377992033958435,-0.9652821365743876,1.603081339970231
40546,py,error,exception,warning,diagnostic,0.7506238537503396,0.7506238537503396,0.0,0.8571428571428571,0.8571428571428571,0.0,0.8059642828031646,0.7875283867580579,0.018435896045106648,0.8819444444444444,0.8819444444444444,0.0,0.974655270576477,0.9775948524475098,-0.002939581871032715,0.9952685236930847,0.9457019567489624,0.049566566944122314,0.9946189088514075,0.9438074768986553,0.05081143195275217
41144,py,tests,checks,configs,infrastructure,0.5969491792019644,0.5969491792019644,0.0,0.875,0.875,0.0,0.8286265315571998,0.8203457925686786,0.008280738988521219,0.8819444444444444,0.8819444444444444,0.0,0.9812321662902832,0.9734852910041809,0.007746875286102295,0.9961509704589844,0.8597117066383362,0.1364392638206482,0.9955667227040976,0.7974392957985401,0.1981274269055575
41186,py,argument,parameter,keyword,close_entity,0.9025139799587889,0.9025139799587889,0.0,0.9500000000000001,0.9500000000000001,0.0,0.9206242683256178,0.9168762885527709,0.00374797977284691,0.9580182734719597,0.9580182734719597,0.0,0.9977651834487915,0.9938439130783081,0.0039212703704833984,0.8357141017913818,0.11308412998914719,0.7226299718022346,0.8328201037365943,0.11016547004692256,0.7226546336896718
41331,py,error,exception,warning,diagnostic,0.6434588841607617,0.6434588841607617,0.0,0.8333333333333334,0.8333333333333334,0.0,0.8159924588042535,0.7986148862068273,0.017377572597426227,0.8412698412698414,0.8412698412698414,0.0,0.9894537925720215,0.9895751476287842,-0.00012135505676269531,0.9540429711341858,0.6974945664405823,0.2565484046936035,0.950324340723455,0.6410796009004116,0.30924473982304335
41615,py,method,function,attribute,close_entity,0.6434588841607617,0.6434588841607617,0.0,0.8571428571428571,0.8571428571428571,0.0,0.750881448246021,0.7466145071755982,0.004266941070422803,0.8412698412698414,0.8412698412698414,0.0,0.9606680274009705,0.9469627141952515,0.013705313205718994,0.9835745096206665,0.7471305131912231,0.23644399642944336,0.9751283414661884,0.5640085488557816,0.4111197926104069
41664,py,input,entry,output,directional,0.6580370064762461,0.6580370064762461,0.0,0.8888888888888888,0.8888888888888888,0.0,0.8718697595480436,0.9161236387986711,-0.044253879250627515,0.8950617283950617,0.8950617283950617,0.0,0.9908460378646851,0.9911308884620667,-0.0002848505973815918,0.9886327385902405,0.000518782006110996,0.9881139565841295,0.9864192164968699,-0.9926014114753343,1.9790206279722042
41727,py,error,exception,warning,diagnostic,0.7071067811865478,0.7071067811865478,0.0,0.8571428571428571,0.8571428571428571,0.0,0.8567055617375398,0.8435047276967939,0.013200834040745901,0.864795918367347,0.864795918367347,0.0,0.9764261245727539,0.9713617563247681,0.00506436824798584,0.9764385223388672,0.8007799983024597,0.17565852403640747,0.9693802958354354,0.7368381172418594,0.23254217859357595
41921,py,method,function,attribute,close_entity,0.855526185871245,0.855526185871245,0.0,0.9285714285714286,0.9285714285714286,0.0,0.9187514389476497,0.9170198130263116,0.0017316259213380203,0.9268808114961962,0.9268808114961962,0.0,0.9949525594711304,0.9878132939338684,0.007139265537261963,0.9764541387557983,0.948789119720459,0.027665019035339355,0.9743844103068113,0.946541212964803,0.027843197342008352
41952,py,parameter,argument,constant,close_entity,0.8633400213704508,0.8633400213704508,0.0,0.875,0.875,0.0,0.8258056091870118,0.8037278604252475,0.022077748761764382,0.8551587301587302,0.8551587301587302,0.0,0.9908832311630249,0.9787677526473999,0.012115478515625,0.9600354433059692,0.09028113633394241,0.8697543069720268,0.9534255531616509,0.06511496193706989,0.888310591224581
41956,py,test,check,config,infrastructure,0.7016879391277372,0.7016879391277372,0.0,0.9,0.9,0.0,0.8722463262924424,0.8658231689724096,0.006423157320032735,0.8819444444444444,0.8819444444444444,0.0,0.9849282503128052,0.9801825284957886,0.0047457218170166016,0.988973081111908,0.8180267810821533,0.17094630002975464,0.9871103740297258,0.8100583525374532,0.17705202149227262
41956,py,input,entry,output,directional,0.7016879391277372,0.7016879391277372,0.0,0.9,0.9,0.0,0.8592795224846914,0.9078983100521745,-0.04861878756748306,0.8819444444444444,0.8819444444444444,0.0,0.9916583299636841,0.9924453496932983,-0.0007870197296142578,0.9443761110305786,0.004449103958904743,0.9399270070716739,0.905867975205183,-0.979353572241962,1.885221547447145
42453,py,methods,functions,attributes,close_entity,0.7071067811865478,0.7071067811865478,0.0,0.8571428571428571,0.8571428571428571,0.0,0.7746049365220248,0.7700641569800168,0.004540779542007933,0.864795918367347,0.864795918367347,0.0,0.9934446811676025,0.982580304145813,0.01086437702178955,0.9610088467597961,0.006701575126498938,0.9543072716332972,0.952956672757864,-0.9007555381394923,1.8537122108973563
42453,py,tests,checks,configs,infrastructure,0.5946035575013604,0.5946035575013604,0.0,0.8571428571428571,0.8571428571428571,0.0,0.8026987418475372,0.793393211121877,0.009305530725660205,0.864795918367347,0.864795918367347,0.0,0.9621050357818604,0.9526243805885315,0.009480655193328857,0.9924967288970947,0.011000336147844791,0.9814963927492499,0.9915411412948743,-0.9380609979853034,1.9296021392801777
42585,py,parameter,argument,constant,close_entity,0.7016879391277372,0.7016879391277372,0.0,0.8888888888888888,0.8888888888888888,0.0,0.8434302969365862,0.8310656452539982,0.012364651682588046,0.8412698412698414,0.8412698412698414,0.0,0.9949642419815063,0.9866454601287842,0.008318781852722168,0.9817225337028503,0.01288243755698204,0.9688400961458683,0.9763926463201642,-0.9351360537111759,1.9115287000313401
42703,py,bug,issue,feature,diagnostic,0.9306048591020994,0.9306048591020994,0.0,0.9166666666666666,0.9166666666666666,0.0,0.9419742973759512,0.9352773724914833,0.006696924884467825,0.9283601014370245,0.9283601014370245,0.0,0.9976229071617126,0.9920257329940796,0.005597174167633057,0.982503354549408,0.6981885433197021,0.2843148112297058,0.981602733314503,0.6890569161623716,0.29254581715213135
42759,py,function,method,variable,close_entity,0.7348889200874659,0.7348889200874659,0.0,0.9,0.9,0.0,0.8145548582194843,0.8054933483022643,0.00906150991721999,0.9139118457300276,0.9139118457300276,0.0,0.994767427444458,0.9884772300720215,0.0062901973724365234,0.8394795060157776,0.028486080467700958,0.8109934255480766,0.7148139253258705,-0.902603916823864,1.6174178421497345
42759,py,import,include,export,directional,0.9036020036098446,0.9036020036098446,0.0,0.9,0.9,0.0,0.8873924288421158,0.9625786611820649,-0.07518623233994914,0.9163223140495868,0.9163223140495868,0.0,0.9995087385177612,0.9995209574699402,-1.2218952178955078e-05,0.8571187257766724,0.004058028105646372,0.853060697671026,0.7592109441757202,-0.9867775193415582,1.7459884635172784
42845,py,tests,checks,configs,infrastructure,0.6580370064762461,0.6580370064762461,0.0,0.875,0.875,0.0,0.8519602509638152,0.8446522700991944,0.007307980864620811,0.8950617283950617,0.8950617283950617,0.0,0.9870712161064148,0.9802857637405396,0.006785452365875244,0.9764718413352966,0.014898166060447693,0.9615736752748489,0.9702849010936916,-0.7721516042947769,1.7424365053884685
43462,py,method,function,attribute,close_entity,0.7419446627365011,0.7419446627365011,0.0,0.9090909090909091,0.9090909090909091,0.0,0.7870130341026389,0.7830934472393267,0.003919586863312174,0.9054545454545455,0.9054545454545455,0.0,0.9871662855148315,0.9762736558914185,0.010892629623413086,0.96538245677948,0.587999165058136,0.377383291721344,0.958284052554518,0.4297095537185669,0.5285744988359511
43903,py,functions,methods,variables,close_entity,0.7348889200874659,0.7348889200874659,0.0,0.8888888888888888,0.8888888888888888,0.0,0.8033414864975312,0.7938396468892347,0.009501839608296536,0.9139118457300276,0.9139118457300276,0.0,0.9969748258590698,0.9900625944137573,0.0069122314453125,0.9389369487762451,0.32906049489974976,0.6098764538764954,0.9090184159576893,-0.12763988971710205,1.0366583056747913
44063,py,method,function,attribute,close_entity,0.8843865924896839,0.8843865924896839,0.0,0.9411764705882353,0.9411764705882353,0.0,0.8879127145230494,0.8877305798332858,0.00018213468976358005,0.9494459833795015,0.9494459833795015,0.0,0.9959937334060669,0.9882014393806458,0.007792294025421143,0.9658364057540894,0.8800389766693115,0.08579742908477783,0.9575984291732311,0.8525213990360498,0.10507703013718128
63,rust,method,function,attribute,close_entity,0.9304899483313593,0.9304899483313593,0.0,0.9565217391304348,0.9565217391304348,0.0,0.9408721309531652,0.9392650195765548,0.001607111376610404,0.9564768235716853,0.9564768235716853,0.0,0.9974552392959595,0.9930795431137085,0.0043756961822509766,0.8631653785705566,0.06548472493886948,0.7976806536316872,0.8588424297049642,0.04695557430386543,0.8118868554010987
63,rust,test,check,config,infrastructure,0.8985396083419644,0.8985396083419644,0.0,0.9565217391304348,0.9565217391304348,0.0,0.9437595017984635,0.9407490893512778,0.0030104124471856952,0.9561624146604384,0.9561624146604384,0.0,0.9928998351097107,0.9918860197067261,0.0010138154029846191,0.9079781174659729,0.17496554553508759,0.7330125719308853,0.8841144200414419,-0.5271776467561722,1.411292066797614
70,rust,functions,methods,variables,close_entity,0.7825422900366438,0.7825422900366438,0.0,0.9285714285714286,0.9285714285714286,0.0,0.8512899403892475,0.8437561668059793,0.007533773583268233,0.9268808114961962,0.9268808114961962,0.0,0.9960277080535889,0.98929762840271,0.006730079650878906,0.9881598949432373,0.3541543483734131,0.6340055465698242,0.9863987161079422,0.1866668313741684,0.7997318847337738
102,rust,test,check,config,infrastructure,0.7611606003349888,0.7611606003349888,0.0,0.9090909090909091,0.9090909090909091,0.0,0.8746987951332302,0.8683850838700748,0.006313711263155386,0.9054545454545455,0.9054545454545455,0.0,0.9789265394210815,0.9799774885177612,-0.0010509490966796875,0.9236297011375427,0.015892596915364265,0.9077371042221785,0.9173347274772823,0.008984135929495096,0.9083505915477872
127,rust,error,exception,warning,diagnostic,0.5969491792019644,0.5969491792019644,0.0,0.8888888888888888,0.8888888888888888,0.0,0.8332266418104486,0.8176405315849368,0.015586110225511818,0.8819444444444444,0.8819444444444444,0.0,0.985459566116333,0.9865916967391968,-0.0011321306228637695,0.9865140318870544,0.8374565243721008,0.1490575075149536,0.9857376270811073,0.83690133492928,0.14883629215182737
228,rust,tests,checks,configs,infrastructure,0.8931539818068699,0.8931539818068699,0.0,0.9090909090909091,0.9090909090909091,0.0,0.9035850194834529,0.8969113039010133,0.0066737155824396766,0.9086363636363638,0.9086363636363638,0.0,0.9870039224624634,0.968290388584137,0.018713533878326416,0.9792576432228088,0.1631050705909729,0.8161525726318359,0.9766473777126521,-0.2100449800491333,1.1866923577617854
273,rust,error,exception,warning,diagnostic,0.5969491792019644,0.5969491792019644,0.0,0.875,0.875,0.0,0.8332266418104486,0.8176405315849368,0.015586110225511818,0.8412698412698414,0.8412698412698414,0.0,0.9872665405273438,0.986219048500061,0.0010474920272827148,0.9921411275863647,0.4303476810455322,0.5617934465408325,0.9908801779383793,0.4219688596203923,0.568911318317987
289,rust,tests,checks,configs,infrastructure,0.8153551038173119,0.8153551038173119,0.0,0.9411764705882353,0.9411764705882353,0.0,0.9118967174910528,0.9073089118515114,0.00458780563954142,0.9319727891156462,0.9319727891156462,0.0,0.9921929836273193,0.9855053424835205,0.006687641143798828,0.9655959606170654,0.09857219457626343,0.867023766040802,0.9618264604359865,-0.03244699537754059,0.9942734558135271
297,rust,error,exception,warning,diagnostic,0.8985396083419644,0.8985396083419644,0.0,0.9500000000000001,0.9500000000000001,0.0,0.9270666226623809,0.9206364152800348,0.00643020738234612,0.9467186484730344,0.9467186484730344,0.0,0.9874758720397949,0.994785726070404,-0.007309854030609131,0.8677383661270142,0.4108007550239563,0.45693761110305786,0.8409025892615318,0.3600263483822346,0.48087624087929726
390,rust,log,trace,output,infrastructure,0.9121679090703875,0.9121679090703875,0.0,0.9166666666666666,0.9166666666666666,0.0,0.9076618638222582,0.9027605070881691,0.004901356734089091,0.9163223140495868,0.9163223140495868,0.0,0.991543173789978,0.9967060685157776,-0.0051628947257995605,0.932958722114563,0.9393277168273926,-0.00636899471282959,0.8989987932145596,0.9017891921103001,-0.002790398895740509
551,rust,error,exception,warning,diagnostic,0.7506238537503396,0.7506238537503396,0.0,0.8571428571428571,0.8571428571428571,0.0,0.840685837977441,0.8258644197827623,0.014821418194678748,0.8412698412698414,0.8412698412698414,0.0,0.9870306253433228,0.9877746105194092,-0.0007439851760864258,0.9865955710411072,0.9325037598609924,0.054091811180114746,0.9853927062358707,0.9319732385338284,0.05341946770204231
555,rust,errors,exceptions,warnings,diagnostic,0.7598356856515927,0.7598356856515927,0.0,0.8333333333333334,0.8333333333333334,0.0,0.7817018948074034,0.7539218748746372,0.02778001993276613,0.8300000000000002,0.8300000000000002,0.0,0.9676936864852905,0.9701628684997559,-0.002469182014465332,0.9513329863548279,0.22143591940402985,0.729897066950798,0.9493300921749324,0.11271093040704727,0.8366191617678851
752,rust,warning,alert,error,diagnostic,0.7016879391277372,0.7016879391277372,0.0,0.9,0.9,0.0,0.8423993004999984,0.8395551583836509,0.0028441421163475367,0.8819444444444444,0.8819444444444444,0.0,0.9944400787353516,0.9922793507575989,0.0021607279777526855,0.9581172466278076,0.5148552656173706,0.443261981010437,0.9371172599494457,0.15093669295310974,0.786180566996336
752,rust,logs,traces,outputs,infrastructure,0.7016879391277372,0.7016879391277372,0.0,0.9,0.9,0.0,0.8953136349463461,0.8949749679513433,0.00033866699500273434,0.8819444444444444,0.8819444444444444,0.0,0.9920703172683716,0.9898672103881836,0.0022031068801879883,0.9549508094787598,0.2470606118440628,0.707890197634697,0.9448863780125976,-0.43116818368434906,1.3760545616969466
753,rust,log,trace,output,infrastructure,0.7348889200874659,0.7348889200874659,0.0,0.9090909090909091,0.9090909090909091,0.0,0.8779760765006217,0.8776313464438614,0.00034473005676027846,0.8950617283950617,0.8950617283950617,0.0,0.9432685971260071,0.9438892602920532,-0.0006206631660461426,0.0817859023809433,0.2937629818916321,-0.21197707951068878,-0.7953220754861832,-0.34419041872024536,-0.4511316567659378
759,rust,log,trace,output,infrastructure,0.7691605673134587,0.7691605673134587,0.0,0.9,0.9,0.0,0.8419730080192241,0.8375575076990891,0.004415500320135046,0.864795918367347,0.864795918367347,0.0,0.9917660355567932,0.9900188446044922,0.0017471909523010254,0.9782319664955139,0.9722559452056885,0.0059760212898254395,0.9686978561803699,0.9595142770558596,0.009183579124510288
781,rust,method,function,attribute,close_entity,0.7419446627365011,0.7419446627365011,0.0,0.9,0.9,0.0,0.7814627435556746,0.7815768159852908,-0.00011407242961625208,0.8950617283950617,0.8950617283950617,0.0,0.9890893697738647,0.9666634798049927,0.02242588996887207,0.909129798412323,0.2201046347618103,0.6890251636505127,0.832574836909771,-0.49027955532073975,1.3228543922305107
789,rust,log,trace,output,infrastructure,0.7419446627365011,0.7419446627365011,0.0,0.9,0.9,0.0,0.8419730080192241,0.8375575076990891,0.004415500320135046,0.8819444444444444,0.8819444444444444,0.0,0.9912657141685486,0.9869126677513123,0.004353046417236328,0.817305326461792,0.9852384924888611,-0.1679331660270691,0.6563360095024109,0.9802453685551882,-0.3239093590527773
849,rust,test,check,config,infrastructure,0.7487402156832421,0.7487402156832421,0.0,0.8181818181818182,0.8181818181818182,0.0,0.7995198414712658,0.7907004042595323,0.008819437211733505,0.7687074829931974,0.7687074829931974,0.0,0.9667952060699463,0.9677014946937561,-0.0009062886238098145,0.20375511050224304,0.01976720243692398,0.18398790806531906,-0.4726535975933075,-0.420479916036129,-0.0521736815571785
871,rust,log,trace,output,infrastructure,0.7419446627365011,0.7419446627365011,0.0,0.9,0.9,0.0,0.8606636145222061,0.856672451554725,0.003991162967481032,0.8819444444444444,0.8819444444444444,0.0,0.9872843027114868,0.9876900911331177,-0.0004057884216308594,0.5461748838424683,0.8468698859214783,-0.30069500207901,0.11731082201004028,0.7171168029308319,-0.5998059809207916
913,rust,function,method,variable,close_entity,0.7944837206494969,0.7944837206494969,0.0,0.9047619047619048,0.9047619047619048,0.0,0.8228945047436378,0.8140695653357871,0.008824939407850674,0.9029811370531593,0.9029811370531593,0.0,0.9909990429878235,0.9870920181274414,0.00390702486038208,0.7053979635238647,0.17578832805156708,0.5296096354722977,0.47536130249500275,-0.5915284901857376,1.0668897926807404
921,rust,tests,checks,configs,infrastructure,0.6606328636027612,0.6606328636027612,0.0,0.875,0.875,0.0,0.855244419302389,0.8480772103702153,0.007167208932173708,0.864795918367347,0.864795918367347,0.0,0.9795175194740295,0.9757823944091797,0.0037351250648498535,0.9927202463150024,0.8715826272964478,0.12113761901855469,0.9908850577194244,0.8070089519023895,0.18387610581703484
1086,rust,log,trace,output,infrastructure,0.8633400213704508,0.8633400213704508,0.0,0.875,0.875,0.0,0.9187197603715156,0.9143493737971391,0.004370386574376495,0.8737244897959183,0.8737244897959183,0.0,0.9993396997451782,0.9989079236984253,0.0004317760467529297,0.005631118081510067,0.05413268133997917,-0.048501563258469105,-0.9532214710488915,-0.8508998341858387,-0.10232163686305285
1236,rust,log,trace,output,infrastructure,0.7071067811865478,0.7071067811865478,0.0,0.8888888888888888,0.8888888888888888,0.0,0.870887119634983,0.8705276819248521,0.0003594377101309165,0.8819444444444444,0.8819444444444444,0.0,0.9878054261207581,0.9817884564399719,0.006016969680786133,0.8517408967018127,0.9594232439994812,-0.10768234729766846,0.739293061196804,0.9361954554915428,-0.19690239429473877
1307,rust,tests,checks,configs,infrastructure,0.35355339059327373,0.35355339059327373,0.0,0.6666666666666666,0.6666666666666666,0.0,0.6974816378524856,0.6823269946770071,0.015154643175478544,0.625,0.625,0.0,0.9652796387672424,0.9553899168968201,0.009889721870422363,0.9975523352622986,0.3092326521873474,0.6883196830749512,0.9972618965548463,-0.14350789785385132,1.1407697944086976
1362,rust,log,trace,output,infrastructure,0.9086549610666288,0.9086549610666288,0.0,0.9523809523809523,0.9523809523809523,0.0,0.9361312477601177,0.9358637225989636,0.00026752516115413627,0.9519047619047619,0.9519047619047619,0.0,0.9931286573410034,0.9931535720825195,-2.491474151611328e-05,0.06627791374921799,0.08983825892210007,-0.02356034517288208,-0.0035191550850868225,0.075161705724895,-0.07868086080998182
1370,rust,log,trace,output,infrastructure,0.7016879391277372,0.7016879391277372,0.0,0.9090909090909091,0.9090909090909091,0.0,0.8851118991973251,0.8847679018891926,0.0003439973081325043,0.9054545454545455,0.9054545454545455,0.0,0.978363573551178,0.979219377040863,-0.0008558034896850586,0.5846229791641235,0.3253450393676758,0.25927793979644775,0.3248535692691803,0.014861077070236206,0.3099924921989441
1388,rust,error,exception,warning,diagnostic,0.7825422900366438,0.7825422900366438,0.0,0.9230769230769231,0.9230769230769231,0.0,0.8648576591146815,0.852470174597346,0.012387484517335512,0.920940170940171,0.920940170940171,0.0,0.974074125289917,0.98848956823349,-0.014415442943572998,0.9049729704856873,0.44304579496383667,0.4619271755218506,0.8900328828021884,0.1803765594959259,0.7096563233062625
1388,rust,log,trace,output,infrastructure,0.7825422900366438,0.7825422900366438,0.0,0.9230769230769231,0.9230769230769231,0.0,0.8873084180707838,0.886965143495503,0.0003432745752807165,0.920940170940171,0.920940170940171,0.0,0.9803466200828552,0.9886453151702881,-0.008298695087432861,0.9492851495742798,0.9489191770553589,0.00036597251892089844,0.9476058408617973,0.9476530788233504,-4.7237961553037167e-05
1461,rust,method,function,attribute,close_entity,0.7611606003349888,0.7611606003349888,0.0,0.9090909090909091,0.9090909090909091,0.0,0.8425679706182824,0.8424565679601134,0.00011140265816900197,0.9054545454545455,0.9054545454545455,0.0,0.9938557147979736,0.9887544512748718,0.005101263523101807,0.9897119998931885,0.9795597791671753,0.010152220726013184,0.9885759225580841,0.9781269883969799,0.010448934161104262
1475,rust,error,exception,warning,diagnostic,0.7071067811865478,0.7071067811865478,0.0,0.8888888888888888,0.8888888888888888,0.0,0.8159924588042535,0.7986148862068273,0.017377572597426227,0.8819444444444444,0.8819444444444444,0.0,0.9781248569488525,0.9714929461479187,0.006631910800933838,0.9044816493988037,0.034572064876556396,0.8699095845222473,0.8241469115018845,-0.9033861756324768,1.7275330871343613
1475,rust,log,trace,output,infrastructure,0.8801117367933934,0.8801117367933934,0.0,0.8888888888888888,0.8888888888888888,0.0,0.9124280961329131,0.9077537242084869,0.004674371924426213,0.8880208333333333,0.8880208333333333,0.0,0.9992204904556274,0.999377965927124,-0.00015747547149658203,0.9580199718475342,0.87785404920578,0.08016592264175415,0.950166973285377,0.7991825565695763,0.15098441671580076
1619,rust,log,trace,output,infrastructure,0.7419446627365011,0.7419446627365011,0.0,0.9090909090909091,0.9090909090909091,0.0,0.8705482528997095,0.8666153095130064,0.003932943386703136,0.9054545454545455,0.9054545454545455,0.0,0.9822088479995728,0.9775822758674622,0.004626572132110596,0.5922384262084961,0.9050561785697937,-0.3128177523612976,0.209891676902771,0.8645790331065655,-0.6546873562037945
1783,rust,parameter,argument,constant,close_entity,0.7016879391277372,0.7016879391277372,0.0,0.9090909090909091,0.9090909090909091,0.0,0.8077630047780773,0.7927197050349705,0.015043299743106808,0.9054545454545455,0.9054545454545455,0.0,0.9922590255737305,0.9850385785102844,0.007220447063446045,0.9850494265556335,0.030613332986831665,0.9544360935688019,0.9811590705066919,-0.8510527908802032,1.8322118613868952
1821,rust,tests,checks,configs,infrastructure,0.8091067115702206,0.8091067115702206,0.0,0.8571428571428571,0.8571428571428571,0.0,0.8401324964232785,0.8296977286493301,0.010434767773948361,0.8551587301587302,0.8551587301587302,0.0,0.9791141748428345,0.9432213306427002,0.03589284420013428,0.9675887227058411,0.23023253679275513,0.7373561859130859,0.9571542758494616,-0.22490668296813965,1.1820609588176012
1834,rust,warning,alert,error,diagnostic,0.5000000000000001,0.5000000000000001,0.0,0.9,0.9,0.0,0.8035017666700596,0.8000003631133474,0.003501403556712135,0.864795918367347,0.864795918367347,0.0,0.978969395160675,0.963887095451355,0.015082299709320068,0.9927282333374023,0.9329238533973694,0.05980437994003296,0.9913361989893019,0.9051148965954781,0.08622130239382386
1863,rust,tests,checks,configs,infrastructure,0.7071067811865478,0.7071067811865478,0.0,0.875,0.875,0.0,0.813670771895415,0.8045572833306648,0.00911348856475025,0.864795918367347,0.864795918367347,0.0,0.9751715660095215,0.9688366651535034,0.006334900856018066,0.9918364882469177,0.00538175692781806,0.9864547313190997,0.9901530584320426,-0.7117976010777056,1.7019506595097482
1869,rust,method,function,attribute,close_entity,0.8091067115702206,0.8091067115702206,0.0,0.9230769230769231,0.9230769230769231,0.0,0.8864260391715605,0.8862449029753301,0.00018113619623039146,0.9139118457300276,0.9139118457300276,0.0,0.9959120750427246,0.9901795387268066,0.005732536315917969,0.9698665142059326,0.9460717439651489,0.02379477024078369,0.9602620238438249,0.930987736210227,0.02927428763359785
1919,rust,test,check,config,infrastructure,0.9121679090703875,0.9121679090703875,0.0,0.9,0.9,0.0,0.9217483647746184,0.9151298397527148,0.006618525021903632,0.8737244897959183,0.8737244897959183,0.0,0.9906967878341675,0.987520694732666,0.003176093101501465,0.9810771346092224,0.121485635638237,0.8595914989709854,0.98064174503088,0.11145251244306564,0.8691892325878143
1933,rust,error,exception,warning,diagnostic,0.7506238537503396,0.7506238537503396,0.0,0.8888888888888888,0.8888888888888888,0.0,0.8292284485286301,0.8132298051835904,0.015998643345039643,0.8819444444444444,0.8819444444444444,0.0,0.9704097509384155,0.9650474190711975,0.005362331867218018,0.9919722080230713,0.9209915995597839,0.07098060846328735,0.9906753442483023,0.9199774992885068,0.07069784495979548
2001,rust,log,trace,output,infrastructure,0.8801117367933934,0.8801117367933934,0.0,0.8888888888888888,0.8888888888888888,0.0,0.9206204706011385,0.9163428914177503,0.004277579183388225,0.8880208333333333,0.8880208333333333,0.0,0.9978851079940796,0.9991549253463745,-0.0012698173522949219,0.006212411914020777,0.01808556728065014,-0.011873155366629362,-0.9794891490601003,-0.9508627373725176,-0.02862641168758273
2007,rust,warning,alert,error,diagnostic,0.8070557274927979,0.8070557274927979,0.0,0.9,0.9,0.0,0.8230712693393872,0.8197110517856844,0.00336021755370286,0.8950617283950617,0.8950617283950617,0.0,0.9831354022026062,0.9820554852485657,0.0010799169540405273,0.8520505428314209,0.6511682271957397,0.20088231563568115,0.7116580009460449,0.3508237600326538,0.3608342409133911
2007,rust,log,trace,output,infrastructure,0.8931539818068699,0.8931539818068699,0.0,0.9,0.9,0.0,0.9289286813773746,0.9250620695800289,0.0038666117973457093,0.8993827160493828,0.8993827160493828,0.0,0.9932947158813477,0.9992408156394958,-0.005946099758148193,0.45185592770576477,0.09751571714878082,0.35434021055698395,-0.06237408518791199,-0.7716811150312424,0.7093070298433304
2090,rust,error,exception,warning,diagnostic,0.8801117367933934,0.8801117367933934,0.0,0.875,0.875,0.0,0.9057384395961088,0.8926784002698543,0.013060039326254436,0.8737244897959183,0.8737244897959183,0.0,0.9860852956771851,0.988398015499115,-0.0023127198219299316,0.9765676856040955,0.533977210521698,0.44259047508239746,0.9741159023251384,0.5306374093052,0.44347849301993847
2094,rust,methods,functions,attributes,close_entity,0.8242367502646057,0.8242367502646057,0.0,0.9230769230769231,0.9230769230769231,0.0,0.8766057253141972,0.8741056852915832,0.0025000400226140584,0.920940170940171,0.920940170940171,0.0,0.9948132038116455,0.9896969795227051,0.00511622428894043,0.9747254252433777,0.9676433801651001,0.007082045078277588,0.9668656419962645,0.9557811189442873,0.011084523051977158
2103,rust,functions,methods,variables,close_entity,0.8091067115702206,0.8091067115702206,0.0,0.8571428571428571,0.8571428571428571,0.0,0.8018603221498601,0.7903399375251332,0.011520384624726931,0.8551587301587302,0.8551587301587302,0.0,0.9922372102737427,0.9834273457527161,0.008809864521026611,0.9508289098739624,0.06666021049022675,0.8841686993837357,0.9406111808493733,-0.19465763866901398,1.1352688195183873
2160,rust,log,trace,output,infrastructure,0.7071067811865478,0.7071067811865478,0.0,0.9,0.9,0.0,0.8779760765006217,0.8776313464438614,0.00034473005676027846,0.8950617283950617,0.8950617283950617,0.0,0.9849624037742615,0.9846676588058472,0.00029474496841430664,0.8734834790229797,0.9255081415176392,-0.052024662494659424,0.7860723212361336,0.902580838650465,-0.11650851741433144
2207,rust,tests,checks,configs,infrastructure,0.6687403049764218,0.6687403049764218,0.0,0.8000000000000002,0.8000000000000002,0.0,0.8085861859513305,0.7964641525936745,0.012122033357655937,0.7937500000000002,0.7937500000000002,0.0,0.9690225720405579,0.9593415260314941,0.00968104600906372,0.9752101898193359,0.042989104986190796,0.9322210848331451,0.9728570426814258,-0.43025723099708557,1.4031142736785114
2208,rust,error,exception,warning,diagnostic,0.7071067811865478,0.7071067811865478,0.0,0.875,0.875,0.0,0.8107535989895134,0.8019264351140553,0.008827163875458122,0.864795918367347,0.864795918367347,0.0,0.9823470115661621,0.9820281267166138,0.00031888484954833984,0.9894706010818481,0.9578943848609924,0.03157621622085571,0.9880084069445729,0.9574805696029216,0.03052783734165132
2208,rust,log,trace,output,infrastructure,0.8408964152537145,0.8408964152537145,0.0,0.875,0.875,0.0,0.9076618638222582,0.9027605070881691,0.004901356734089091,0.8737244897959183,0.8737244897959183,0.0,0.9995908141136169,0.9987320303916931,0.0008587837219238281,0.6458783745765686,0.798475980758667,-0.1525976061820984,0.38620269298553467,0.7131476625800133,-0.3269449695944786
2241,rust,comment,note,command,infrastructure,0.5000000000000001,0.5000000000000001,0.0,0.875,0.875,0.0,0.7525622656389779,0.8422309819368644,-0.08966871629788653,0.864795918367347,0.864795918367347,0.0,0.9675225615501404,0.9434353113174438,0.024087250232696533,0.98833829164505,0.5997594594955444,0.3885788321495056,0.9873214784311131,0.5402745641767979,0.4470469142543152
2350,rust,warning,alert,error,diagnostic,0.8091067115702206,0.8091067115702206,0.0,0.9230769230769231,0.9230769230769231,0.0,0.8074141342521454,0.8039127306615211,0.0035014035906242302,0.920940170940171,0.920940170940171,0.0,0.9788246750831604,0.9684898853302002,0.010334789752960205,0.9743993878364563,0.2765209376811981,0.6978784501552582,0.9536803457885981,-0.36106857657432556,1.3147489223629236
2350,rust,log,trace,output,infrastructure,0.9193227152249183,0.9193227152249183,0.0,0.9230769230769231,0.9230769230769231,0.0,0.9258235129543767,0.9218022950144131,0.004021217939963573,0.9228098290598291,0.9228098290598291,0.0,0.9995115995407104,0.9995607733726501,-4.9173831939697266e-05,0.7108193039894104,0.6172677278518677,0.09355157613754272,0.45679593086242676,0.26923173666000366,0.1875641942024231
2376,rust,tests,checks,configs,infrastructure,0.7071067811865478,0.7071067811865478,0.0,0.8333333333333334,0.8333333333333334,0.0,0.8389362048116696,0.8296703921086122,0.009265812703057485,0.7937500000000002,0.7937500000000002,0.0,0.9748159646987915,0.9639111161231995,0.010904848575592041,0.9921643733978271,0.006378395017236471,0.9857859783805907,0.9910973473452032,-0.8801433020271361,1.8712406493723392
2392,rust,log,trace,output,infrastructure,0.8666415730847506,0.8666415730847506,0.0,0.9333333333333333,0.9333333333333333,0.0,0.924717874270887,0.9244224947754421,0.00029537949544489184,0.9319727891156462,0.9319727891156462,0.0,0.9851827025413513,0.985860288143158,-0.0006775856018066406,0.34310466051101685,0.09188663214445114,0.2512180283665657,-0.21702885627746582,-0.7272415235638618,0.510212667286396
2863,rust,error,exception,warning,diagnostic,0.7825422900366438,0.7825422900366438,0.0,0.875,0.875,0.0,0.82062703653445,0.8037346129583274,0.01689242357612264,0.864795918367347,0.864795918367347,0.0,0.9833605885505676,0.9871801137924194,-0.0038195252418518066,0.992916464805603,0.9736238718032837,0.019292593002319336,0.9916497096419334,0.9731310555944219,0.018518654047511518
2892,rust,function,method,variable,close_entity,0.8091067115702206,0.8091067115702206,0.0,0.8571428571428571,0.8571428571428571,0.0,0.8179543073577541,0.8059927732853667,0.011961534072387425,0.8551587301587302,0.8551587301587302,0.0,0.9299392700195312,0.9315274357795715,-0.0015881657600402832,0.968482255935669,0.2052595317363739,0.763222724199295,0.9651118144392967,-0.1982918083667755,1.1634036228060722
2894,rust,functions,methods,variables,close_entity,0.7071067811865478,0.7071067811865478,0.0,0.875,0.875,0.0,0.8109620454969745,0.8017581302653444,0.009203915231630111,0.864795918367347,0.864795918367347,0.0,0.9854555726051331,0.9835795164108276,0.00187605619430542,0.9875587224960327,0.10226050764322281,0.8852982148528099,0.9856178412446752,-0.7118550166487694,1.6974728578934446
3048,rust,functions,methods,variables,close_entity,0.6434588841607617,0.6434588841607617,0.0,0.8571428571428571,0.8571428571428571,0.0,0.698433067790861,0.6846791088599798,0.01375395893088116,0.8412698412698414,0.8412698412698414,0.0,0.9752470254898071,0.9668440818786621,0.00840294361114502,0.9956929087638855,0.18670688569545746,0.808986023068428,0.9946342322509736,-0.5546984225511551,1.5493326548021287
3164,rust,error,exception,warning,diagnostic,0.5969491792019644,0.5969491792019644,0.0,0.8888888888888888,0.8888888888888888,0.0,0.8059642828031646,0.7875283867580579,0.018435896045106648,0.8819444444444444,0.8819444444444444,0.0,0.9721385836601257,0.9609688520431519,0.011169731616973877,0.9868330359458923,0.5675179958343506,0.41931504011154175,0.9843846610747278,0.4920526072382927,0.4923320538364351
3390,rust,argument,parameter,keyword,close_entity,0.9157103753711765,0.9157103753711765,0.0,0.9642857142857143,0.9642857142857143,0.0,0.927011821333706,0.9208383151552375,0.0061735061784684575,0.9597222222222221,0.9597222222222221,0.0,0.9965659379959106,0.9925647974014282,0.004001140594482422,0.8839086890220642,0.03142261877655983,0.8524860702455044,0.8779573822394013,0.029937560437247157,0.8480198218021542
3496,rust,errors,exceptions,warnings,diagnostic,0.8242367502646057,0.8242367502646057,0.0,0.9333333333333333,0.9333333333333333,0.0,0.9106101126612939,0.9026466619917108,0.007963450669583039,0.9319727891156462,0.9319727891156462,0.0,0.98932945728302,0.9867116212844849,0.0026178359985351562,0.6856629848480225,0.29696229100227356,0.3887006938457489,0.4417351931333542,0.1797579899430275,0.2619772031903267
3605,rust,error,exception,warning,diagnostic,0.3688939732334405,0.3688939732334405,0.0,0.6666666666666666,0.6666666666666666,0.0,0.5329950459381945,0.48665463453148383,0.046340411406710635,0.5260416666666666,0.5260416666666666,0.0,0.9774510860443115,0.9752211570739746,0.002229928970336914,0.03470594435930252,0.024372005835175514,0.010333938524127007,-0.9052020236849785,-0.8029779549688101,-0.1022240687161684
3672,rust,arguments,parameters,keywords,close_entity,0.5969491792019644,0.5969491792019644,0.0,0.9,0.9,0.0,0.773386598915435,0.7619090427520284,0.011477556163406621,0.8819444444444444,0.8819444444444444,0.0,0.9933258295059204,0.9841085076332092,0.009217321872711182,0.9857481122016907,0.08323903381824493,0.9025090783834457,0.9833502050023526,-0.3293180912733078,1.3126682962756604
3672,rust,test,check,config,infrastructure,0.8633400213704508,0.8633400213704508,0.0,0.9,0.9,0.0,0.9051690044933827,0.8972733914207934,0.007895613072589236,0.8880208333333333,0.8880208333333333,0.0,0.9873492121696472,0.9842739701271057,0.003075242042541504,0.9357563853263855,0.09260701388120651,0.843149371445179,0.9328761536162347,-0.09857561439275742,1.031451768008992
3673,rust,argument,parameter,keyword,close_entity,0.7825422900366438,0.7825422900366438,0.0,0.9285714285714286,0.9285714285714286,0.0,0.8329913716358303,0.8276033326531372,0.005388038982693022,0.9268808114961962,0.9268808114961962,0.0,0.9954007863998413,0.9876986742019653,0.0077021121978759766,0.9908881187438965,0.5147419571876526,0.4761461615562439,0.9891112527111545,0.47502580285072327,0.5140854498604313
3813,rust,function,method,variable,close_entity,0.7506238537503396,0.7506238537503396,0.0,0.875,0.875,0.0,0.7803281299834982,0.7678337605969184,0.012494369386579773,0.8737244897959183,0.8737244897959183,0.0,0.9817972779273987,0.9855087995529175,-0.003711521625518799,0.9906414151191711,0.7138894200325012,0.2767519950866699,0.9887048121308908,0.5867929011583328,0.40191191097255796
3854,rust,error,exception,warning,diagnostic,0.3799178428257963,0.3799178428257963,0.0,0.8333333333333334,0.8333333333333334,0.0,0.7680191634123084,0.7454719580767375,0.022547205335570863,0.8066666666666668,0.8066666666666668,0.0,0.9775965213775635,0.9777042865753174,-0.00010776519775390625,0.9908690452575684,0.9025853276252747,0.0882837176322937,0.9893480509053916,0.8860327117145061,0.10331533919088542
3869,rust,errors,exceptions,warnings,diagnostic,0.6434588841607617,0.6434588841607617,0.0,0.8571428571428571,0.8571428571428571,0.0,0.8250335486873503,0.8086000830783232,0.016433465609027142,0.8412698412698414,0.8412698412698414,0.0,0.9753192067146301,0.9790898561477661,-0.0037706494331359863,0.9526771306991577,0.8959783315658569,0.05669879913330078,0.9279100634157658,0.8856548257172108,0.04225523769855499
3872,rust,methods,functions,attributes,close_entity,0.4889230224349009,0.4889230224349009,0.0,0.875,0.875,0.0,0.7825566980014422,0.7786608055717481,0.0038958924296941255,0.8412698412698414,0.8412698412698414,0.0,0.9750882983207703,0.9692176580429077,0.005870640277862549,0.9833145141601562,0.8642678260803223,0.11904668807983398,0.9786987300030887,0.8033249974250793,0.17537373257800937
3997,rust,test,check,config,infrastructure,0.9525618205602057,0.9525618205602057,0.0,0.98,0.98,0.0,0.9719814432265527,0.9704453244350688,0.0015361187914838537,0.9786831838474843,0.9786831838474843,0.0,0.9977921843528748,0.9914845824241638,0.0063076019287109375,0.8280562162399292,0.045440249145030975,0.7826159670948982,0.8155575953423977,0.028541874140501022,0.7870157212018967
4000,rust,function,method,variable,close_entity,0.7611606003349888,0.7611606003349888,0.0,0.9,0.9,0.0,0.7950799857200395,0.7852614923551906,0.009818493364848857,0.8819444444444444,0.8819444444444444,0.0,0.9917905330657959,0.9833109974861145,0.008479535579681396,0.9832108020782471,0.3288264572620392,0.6543843448162079,0.9787187096662819,0.1625533550977707,0.8161653545685112
4028,rust,function,method,variable,close_entity,0.7419446627365011,0.7419446627365011,0.0,0.9,0.9,0.0,0.8489891888774236,0.8413558897042216,0.007633299173201991,0.8950617283950617,0.8950617283950617,0.0,0.9946454167366028,0.9867557883262634,0.007889628410339355,0.9728244543075562,0.6381056904792786,0.3347187638282776,0.967950337100774,0.5205242186784744,0.4474261184222996
4209,rust,function,method,variable,close_entity,0.8153551038173119,0.8153551038173119,0.0,0.9166666666666666,0.9166666666666666,0.0,0.8213454399212599,0.8125564897206509,0.008788950200608991,0.9054545454545455,0.9054545454545455,0.0,0.986099362373352,0.9875776171684265,-0.0014782547950744629,0.9562616348266602,0.5880863070487976,0.36817532777786255,0.9506595707498491,0.41798873245716095,0.5326708382926881
4376,rust,tests,checks,configs,infrastructure,0.8492326635760686,0.8492326635760686,0.0,0.9444444444444444,0.9444444444444444,0.0,0.9347738154881126,0.931309247558002,0.003464567930110518,0.943675509419454,0.943675509419454,0.0,0.9921995997428894,0.983629047870636,0.008570551872253418,0.9570972323417664,0.3512710630893707,0.6058261692523956,0.9535595253109932,0.14137989282608032,0.8121796324849129
4405,rust,function,method,variable,close_entity,0.8371170098777919,0.8371170098777919,0.0,0.9375,0.9375,0.0,0.8946280486204592,0.889065336191059,0.005562712429400207,0.9363888888888889,0.9363888888888889,0.0,0.9947381615638733,0.987232506275177,0.007505655288696289,0.9914515614509583,0.5308977961540222,0.46055376529693604,0.989515183493495,0.1798778772354126,0.8096373062580824
4496,rust,method,function,attribute,close_entity,0.7016879391277372,0.7016879391277372,0.0,0.9,0.9,0.0,0.8192995573653217,0.8158966077436182,0.0034029496217035105,0.8819444444444444,0.8819444444444444,0.0,0.9947491884231567,0.9834580421447754,0.011291146278381348,0.9771602153778076,0.6480639576911926,0.329096257686615,0.971535730175674,0.48163680732250214,0.4898989228531718
4566,rust,test,check,config,infrastructure,0.8408964152537145,0.8408964152537145,0.0,0.9,0.9,0.0,0.9151566990583843,0.9080252500650883,0.007131448993295986,0.8737244897959183,0.8737244897959183,0.0,0.9882792234420776,0.9800923466682434,0.008186876773834229,0.9732576608657837,0.07433454692363739,0.8989231139421463,0.972072281059809,-0.025164835155010223,0.9972371162148193
4574,rust,inputs,entries,outputs,directional,0.6687403049764218,0.6687403049764218,0.0,0.8000000000000002,0.8000000000000002,0.0,0.8174980135840181,0.8492284946650543,-0.031730481081036266,0.7937500000000002,0.7937500000000002,0.0,0.9787768721580505,0.9851827025413513,-0.006405830383300781,0.4729721248149872,0.005639459937810898,0.4673326648771763,0.005283355712890625,-0.9743222929537296,0.9796056486666203
4591,rust,function,method,variable,close_entity,0.82651681837938,0.82651681837938,0.0,0.9090909090909091,0.9090909090909091,0.0,0.824514009313955,0.8157011438087012,0.008812865505253842,0.9054545454545455,0.9054545454545455,0.0,0.9865924715995789,0.9814768433570862,0.005115628242492676,0.9874136447906494,0.19093459844589233,0.7964790463447571,0.9823266640305519,-0.35474908351898193,1.3370757475495338
4722,rust,function,method,variable,close_entity,0.6606328636027612,0.6606328636027612,0.0,0.875,0.875,0.0,0.8072271250206322,0.7978764933915294,0.009350631629102768,0.8412698412698414,0.8412698412698414,0.0,0.9872490167617798,0.9828863143920898,0.004362702369689941,0.9949471354484558,0.24526192247867584,0.74968521296978,0.9936433880357072,-0.40172795951366425,1.3953713475493714
4727,rust,function,method,variable,close_entity,0.5969491792019644,0.5969491792019644,0.0,0.8888888888888888,0.8888888888888888,0.0,0.7597462745964053,0.7486475851620491,0.011098689434356213,0.8819444444444444,0.8819444444444444,0.0,0.9893147349357605,0.9795780777931213,0.00973665714263916,0.9395106434822083,0.031500738114118576,0.9080099053680897,0.9103780444711447,-0.7539997287094593,1.664377773180604
4745,rust,function,method,variable,close_entity,0.7071067811865478,0.7071067811865478,0.0,0.9090909090909091,0.9090909090909091,0.0,0.8033414864975312,0.7938396468892347,0.009501839608296536,0.8950617283950617,0.8950617283950617,0.0,0.9848860502243042,0.9621074199676514,0.022778630256652832,0.9538872241973877,0.1643029898405075,0.7895842343568802,0.9296463523060083,-0.2531520873308182,1.1827984396368265
4747,rust,inputs,entries,outputs,directional,0.9036020036098446,0.9036020036098446,0.0,0.9166666666666666,0.9166666666666666,0.0,0.9000393908438841,0.917731171705039,-0.01769178086115497,0.9163223140495868,0.9163223140495868,0.0,0.9814863801002502,0.991442859172821,-0.0099564790725708,0.9393538236618042,0.018851881846785545,0.9205019418150187,0.9329557050950825,-0.8019583765417337,1.7349140816368163
4749,rust,function,method,variable,close_entity,0.902927430112354,0.902927430112354,0.0,0.9545454545454546,0.9545454545454546,0.0,0.9064010922518115,0.9012453370530236,0.00515575519878797,0.954371521335807,0.954371521335807,0.0,0.9962996244430542,0.9919677972793579,0.004331827163696289,0.9797335267066956,0.45870259404182434,0.5210309326648712,0.9790908679133281,0.24557621777057648,0.7335146501427516
4749,rust,input,entry,output,directional,0.9427781070492712,0.9427781070492712,0.0,0.9772727272727273,0.9772727272727273,0.0,0.9648631798636912,0.9769683568678263,-0.01210517700413516,0.9772235606470329,0.9772235606470329,0.0,0.9964298009872437,0.9974989891052246,-0.001069188117980957,0.9097162485122681,0.026180297136306763,0.8835359513759613,0.9078065500361845,-0.8274104297161102,1.7352169797522947
4749,rust,inputs,entries,outputs,directional,0.9427781070492712,0.9427781070492712,0.0,0.9772727272727273,0.9772727272727273,0.0,0.9647248704762349,0.9769683568678263,-0.012243486391591452,0.9772235606470329,0.9772235606470329,0.0,0.9968461990356445,0.9981201887130737,-0.0012739896774291992,0.9032219648361206,0.027201425284147263,0.8760205395519733,0.9010768805164844,-0.34094562008976936,1.2420225006062537
4758,rust,function,method,variable,close_entity,0.7506238537503396,0.7506238537503396,0.0,0.8888888888888888,0.8888888888888888,0.0,0.7608329631708682,0.7491664791087128,0.011666484062155424,0.8819444444444444,0.8819444444444444,0.0,0.9865901470184326,0.9692800045013428,0.017310142517089844,0.9868803024291992,0.4701031446456909,0.5167771577835083,0.9834030384663492,0.1504567563533783,0.832946282112971
4808,rust,method,function,attribute,close_entity,0.7825422900366438,0.7825422900366438,0.0,0.9285714285714286,0.9285714285714286,0.0,0.8026257999148136,0.8026458047089541,-2.0004794140437987e-05,0.9268808114961962,0.9268808114961962,0.0,0.9937793016433716,0.9858072400093079,0.00797206163406372,0.9746979475021362,0.8451462984085083,0.12955164909362793,0.9675961970351636,0.7907242886722088,0.17687190836295485
4825,rust,parameters,arguments,constants,close_entity,0.3799178428257963,0.3799178428257963,0.0,0.8333333333333334,0.8333333333333334,0.0,0.625835318846747,0.5916956563913578,0.03413966245538924,0.8066666666666668,0.8066666666666668,0.0,0.95894455909729,0.9639778733253479,-0.005033314228057861,0.9550304412841797,0.8846698999404907,0.07036054134368896,0.9438027050346136,0.8426464311778545,0.10115627385675907
4838,rust,function,method,variable,close_entity,0.42728700639623396,0.42728700639623396,0.0,0.8000000000000002,0.8000000000000002,0.0,0.6330804444420796,0.6183721854986223,0.014708258943457286,0.7500000000000001,0.7500000000000001,0.0,0.9890568852424622,0.9780819416046143,0.0109749436378479,0.982693076133728,0.17800097167491913,0.8046921044588089,0.978908815421164,-0.5233042985200882,1.5022131139412522
4838,rust,inputs,entries,outputs,directional,0.6687403049764218,0.6687403049764218,0.0,0.8000000000000002,0.8000000000000002,0.0,0.7973925166893727,0.8324635965926284,-0.03507107990325564,0.7937500000000002,0.7937500000000002,0.0,0.9696922898292542,0.9825273752212524,-0.012835085391998291,0.35022398829460144,0.005405502859503031,0.3448184854350984,-0.23731890320777893,-0.9656430906616151,0.7283241874538362
4901,rust,log,trace,output,infrastructure,0.9157103753711765,0.9157103753711765,0.0,0.967741935483871,0.967741935483871,0.0,0.9550939517046294,0.9548862022582305,0.00020774944639889714,0.9675985663082438,0.9675985663082438,0.0,0.9958206415176392,0.9941489696502686,0.0016716718673706055,0.8274015188217163,0.7731449604034424,0.054256558418273926,0.7020922899246216,0.6372443288564682,0.06484796106815338
4924,rust,function,method,variable,close_entity,0.791066507175436,0.791066507175436,0.0,0.9230769230769231,0.9230769230769231,0.0,0.8418709087306879,0.8337933058668797,0.008077602863808209,0.920940170940171,0.920940170940171,0.0,0.9921413660049438,0.9883561134338379,0.003785252571105957,0.5065457224845886,0.007993673905730247,0.4985520485788584,0.06455487012863159,-0.960791015997529,1.0253458861261606
4924,rust,method,function,attribute,close_entity,0.9121679090703875,0.9121679090703875,0.0,0.9230769230769231,0.9230769230769231,0.0,0.9017047207360837,0.8987995275504297,0.0029051931856539648,0.9158653846153847,0.9228098290598291,-0.00694444444444442,0.9914499521255493,0.9870293140411377,0.004420638084411621,0.629991352558136,0.08769574761390686,0.5422956049442291,0.5704898945987225,0.04768545553088188,0.5228044390678406
4937,rust,function,method,variable,close_entity,0.8633400213704508,0.8633400213704508,0.0,0.9,0.9,0.0,0.8483841398325004,0.8381145526357322,0.010269587196768182,0.8880208333333333,0.8880208333333333,0.0,0.988622784614563,0.9830633997917175,0.005559384822845459,0.9022326469421387,0.22793398797512054,0.6742986589670181,0.8784061297774315,0.17519011721014977,0.7032160125672817
4991,rust,function,method,variable,close_entity,0.8843865924896839,0.8843865924896839,0.0,0.9565217391304348,0.9565217391304348,0.0,0.9155813118030843,0.9110374497773869,0.004543862025697454,0.9561624146604384,0.9561624146604384,0.0,0.9976549744606018,0.9932324290275574,0.004422545433044434,0.9604350924491882,0.6513631343841553,0.30907195806503296,0.9566899614874274,0.4610886722803116,0.49560128920711577
5024,rust,log,trace,output,infrastructure,0.6434588841607617,0.6434588841607617,0.0,0.8571428571428571,0.8571428571428571,0.0,0.8229669749558637,0.8227006413982759,0.00026633355758776123,0.8412698412698414,0.8412698412698414,0.0,0.977334201335907,0.9741748571395874,0.00315934419631958,0.027885282412171364,0.4835001230239868,-0.45561484061181545,-0.9162041898816824,0.1546444296836853,-1.0708486195653677
5025,rust,method,function,attribute,close_entity,0.6606328636027612,0.6606328636027612,0.0,0.8888888888888888,0.8888888888888888,0.0,0.8230364621966589,0.8229812189228393,5.5243273819671757e-05,0.8819444444444444,0.8819444444444444,0.0,0.9814960956573486,0.9621440768241882,0.0193520188331604,0.9020148515701294,0.7668153047561646,0.13519954681396484,0.8946456289850175,0.7154905721545219,0.1791550568304956
5076,rust,function,method,variable,close_entity,0.7071067811865478,0.7071067811865478,0.0,0.875,0.875,0.0,0.7253164391791083,0.7124139633330809,0.012902475846027328,0.864795918367347,0.864795918367347,0.0,0.9843401312828064,0.9706380367279053,0.013702094554901123,0.9897225499153137,0.3992195427417755,0.5905030071735382,0.986765009118244,0.005107372999191284,0.9816576361190528
5083,rust,function,method,variable,close_entity,0.6434588841607617,0.6434588841607617,0.0,0.8571428571428571,0.8571428571428571,0.0,0.6882596779492488,0.6742023313943502,0.014057346554898653,0.8412698412698414,0.8412698412698414,0.0,0.9751111268997192,0.9732077121734619,0.0019034147262573242,0.9935665726661682,0.8548518419265747,0.1387147307395935,0.9925062776310369,0.7941099368035793,0.1983963408274576
5102,rust,function,method,variable,close_entity,0.7506238537503396,0.7506238537503396,0.0,0.8888888888888888,0.8888888888888888,0.0,0.7451528918537071,0.7283382938955696,0.016814597958137556,0.8819444444444444,0.8819444444444444,0.0,0.9668291211128235,0.974360466003418,-0.007531344890594482,0.9927901029586792,0.7915835976600647,0.2012065052986145,0.9914404590381309,0.6896653473377228,0.30177511170040816
5130,rust,error,exception,warning,diagnostic,0.7506238537503396,0.7506238537503396,0.0,0.875,0.875,0.0,0.8370416647514313,0.8218474620456806,0.01519420270575067,0.8412698412698414,0.8412698412698414,0.0,0.9823062419891357,0.9894160628318787,-0.00710982084274292,0.9773845076560974,0.7940139174461365,0.18337059020996094,0.9752618113998324,0.7472691349685192,0.22799267643131316
5135,rust,function,method,variable,close_entity,0.7071067811865478,0.7071067811865478,0.0,0.9,0.9,0.0,0.7860930283912356,0.7759375421320381,0.010155486259197488,0.8950617283950617,0.8950617283950617,0.0,0.9944415092468262,0.9850562810897827,0.009385228157043457,0.9850152730941772,0.7025161981582642,0.2824990749359131,0.980196344666183,0.5329567492008209,0.44723959546536207
5161,rust,error,exception,warning,diagnostic,0.6434588841607617,0.6434588841607617,0.0,0.8571428571428571,0.8571428571428571,0.0,0.8111116081944314,0.7932204011312707,0.01789120706316072,0.8412698412698414,0.8412698412698414,0.0,0.967598021030426,0.9577736854553223,0.00982433557510376,0.6527428030967712,0.00837731547653675,0.6443654876202345,0.3412898778915405,-0.8868488054722548,1.2281386833637953
5161,rust,errors,exceptions,warnings,diagnostic,0.8091067115702206,0.8091067115702206,0.0,0.8571428571428571,0.8571428571428571,0.0,0.8564346043359514,0.8390420423281397,0.017392562007811696,0.8551587301587302,0.8551587301587302,0.0,0.9746254682540894,0.9752707481384277,-0.0006452798843383789,0.8472858667373657,0.03147042542695999,0.8158154413104057,0.810783427208662,-0.8496715351939201,1.6604549624025822
5236,rust,function,method,variable,close_entity,0.6606328636027612,0.6606328636027612,0.0,0.8888888888888888,0.8888888888888888,0.0,0.8145548582194843,0.8054933483022643,0.00906150991721999,0.8819444444444444,0.8819444444444444,0.0,0.9848425984382629,0.9827610850334167,0.0020815134048461914,0.9907358288764954,0.862206757068634,0.12852907180786133,0.9887991659343243,0.8175988830626011,0.17120028287172318
5301,rust,function,method,variable,close_entity,0.8423626743789753,0.8423626743789753,0.0,0.9285714285714286,0.9285714285714286,0.0,0.8367585014370094,0.8281610232966011,0.008597478140408232,0.920940170940171,0.920940170940171,0.0,0.9866868257522583,0.983130931854248,0.003555893898010254,0.988953709602356,0.49167442321777344,0.4972792863845825,0.9875042123021558,0.4555193707346916,0.5319848415674642
5308,rust,function,method,variable,close_entity,0.9036020036098446,0.9036020036098446,0.0,0.9375,0.9375,0.0,0.84661608060023,0.8388806646698136,0.007735415930416378,0.9139118457300276,0.9139118457300276,0.0,0.9949512481689453,0.9915794134140015,0.0033718347549438477,0.9018360376358032,0.2738737165927887,0.6279623210430145,0.8891229508444667,0.10672174394130707,0.7824012069031596
5349,rust,function,method,variable,close_entity,0.7611606003349888,0.7611606003349888,0.0,0.9,0.9,0.0,0.8577897170155441,0.8505398904506197,0.007249826564924344,0.864795918367347,0.864795918367347,0.0,0.9951504468917847,0.9909669160842896,0.004183530807495117,0.981255292892456,0.7955223917961121,0.185732901096344,0.976039485540241,0.7164361774921417,0.2596033080480993
5354,rust,error,exception,warning,diagnostic,0.8942255541978512,0.8942255541978512,0.0,0.9523809523809523,0.9523809523809523,0.0,0.9404617824943649,0.9352570959700087,0.005204686524356128,0.943675509419454,0.943675509419454,0.0,0.9954691529273987,0.9954183101654053,5.08427619934082e-05,0.968709409236908,0.6930758357048035,0.2756335735321045,0.9666726160794497,0.6828112034127116,0.28386141266673803
5456,rust,function,method,variable,close_entity,0.6580370064762461,0.6580370064762461,0.0,0.875,0.875,0.0,0.8072271250206322,0.8010211474795796,0.006205977541052565,0.8412698412698414,0.8412698412698414,0.0,0.995186984539032,0.9857591390609741,0.009427845478057861,0.9901121258735657,0.9089006781578064,0.08121144771575928,0.9870666516944766,0.8695668652653694,0.11749978642910719
5493,rust,function,method,variable,close_entity,0.7825422900366438,0.7825422900366438,0.0,0.9166666666666666,0.9166666666666666,0.0,0.8213454399212599,0.8125564897206509,0.008788950200608991,0.9139118457300276,0.9139118457300276,0.0,0.9962915778160095,0.9877119064331055,0.008579671382904053,0.8884804844856262,0.4595685601234436,0.4289119243621826,0.8287492990493774,0.15227055549621582,0.6764787435531616
5501,rust,function,method,variable,close_entity,0.8070557274927979,0.8070557274927979,0.0,0.9090909090909091,0.9090909090909091,0.0,0.8018118605996039,0.7917292941433948,0.010082566456209086,0.9054545454545455,0.9054545454545455,0.0,0.9870636463165283,0.976071298122406,0.010992348194122314,0.9910085797309875,0.693032443523407,0.29797613620758057,0.9895182875916362,0.5468121021986008,0.4427061853930354
5502,rust,function,method,variable,close_entity,0.7419446627365011,0.7419446627365011,0.0,0.9090909090909091,0.9090909090909091,0.0,0.8143222626744052,0.8050914635986777,0.009230799075727547,0.9054545454545455,0.9054545454545455,0.0,0.9838014841079712,0.9714775085449219,0.012323975563049316,0.9914584755897522,0.008748753927648067,0.9827097216621041,0.988783486187458,-0.9378822008147836,1.9266656870022416
5508,rust,error,exception,warning,diagnostic,0.5410822690539397,0.5410822690539397,0.0,0.75,0.75,0.0,0.6609507703789529,0.6230918744718826,0.037858895907070256,0.7361111111111112,0.7361111111111112,0.0,0.9680827260017395,0.9702293872833252,-0.0021466612815856934,0.3518960773944855,0.008625266142189503,0.34327081125229597,-0.2221849262714386,-0.9066532282158732,0.6844683019444346
5569,rust,comment,note,command,infrastructure,0.7071067811865478,0.7071067811865478,0.0,0.9,0.9,0.0,0.7643742484630869,0.8467727095436075,-0.08239846108052062,0.8950617283950617,0.8950617283950617,0.0,0.945962131023407,0.9449598789215088,0.0010022521018981934,0.9045599102973938,0.21720393002033234,0.6873559802770615,0.879607604816556,-0.3490961641073227,1.2287037689238787
5618,rust,methods,functions,attributes,close_entity,0.8633400213704508,0.8633400213704508,0.0,0.8888888888888888,0.8888888888888888,0.0,0.8419555822211214,0.8381357957030957,0.003819786518025725,0.8880208333333333,0.8880208333333333,0.0,0.9919726848602295,0.9848229885101318,0.007149696350097656,0.9436395168304443,0.07863614708185196,0.8650033697485924,0.9370579053647816,-0.14218946546316147,1.079247370827943
5728,rust,warning,alert,error,diagnostic,0.7506238537503396,0.7506238537503396,0.0,0.8888888888888888,0.8888888888888888,0.0,0.8233248131637229,0.8201562435480777,0.003168569615645156,0.8819444444444444,0.8819444444444444,0.0,0.9886369705200195,0.9762736558914185,0.012363314628601074,0.9709020256996155,0.8004316687583923,0.17047035694122314,0.9508923571556807,0.7177886292338371,0.23310372792184353
5769,rust,log,trace,output,infrastructure,0.3799178428257963,0.3799178428257963,0.0,0.8333333333333334,0.8333333333333334,0.0,0.8229669749558637,0.8227006413982759,0.00026633355758776123,0.8066666666666668,0.8066666666666668,0.0,0.9672979116439819,0.9631297588348389,0.004168152809143066,0.975315511226654,0.9673209190368652,0.007994592189788818,0.9681079885922372,0.9639357244595885,0.0041722641326487064
5790,rust,errors,exceptions,warnings,diagnostic,0.4111336169005198,0.4111336169005198,0.0,0.8571428571428571,0.8571428571428571,0.0,0.8005280047839463,0.7815134792953634,0.019014525488582845,0.8412698412698414,0.8412698412698414,0.0,0.986112117767334,0.9823087453842163,0.0038033723831176758,0.983954906463623,0.8105645775794983,0.17339032888412476,0.9799014730378985,0.7812558338046074,0.19864563923329115
5801,rust,error,exception,warning,diagnostic,0.7071067811865478,0.7071067811865478,0.0,0.875,0.875,0.0,0.7753438766143549,0.7536035150716376,0.0217403615427173,0.864795918367347,0.864795918367347,0.0,0.9846449494361877,0.9869989156723022,-0.002353966236114502,0.9829067587852478,0.6042172312736511,0.3786895275115967,0.9807415492832661,0.5915896994993091,0.389151849783957
5813,rust,error,exception,warning,diagnostic,0.5000000000000001,0.5000000000000001,0.0,0.875,0.875,0.0,0.8441704001318834,0.8297040040289939,0.014466396102889467,0.864795918367347,0.864795918367347,0.0,0.979623556137085,0.9869405031204224,-0.007316946983337402,0.9782053828239441,0.8192850351333618,0.15892034769058228,0.9750946306157857,0.8177196687320247,0.157374961883761
5935,rust,comment,note,command,infrastructure,0.5946035575013604,0.5946035575013604,0.0,0.8888888888888888,0.8888888888888888,0.0,0.8259137226000022,0.8884823806179889,-0.06256865801798672,0.864795918367347,0.864795918367347,0.0,0.9887405633926392,0.9750232100486755,0.013717353343963623,0.9763045907020569,0.36633405089378357,0.6099705398082733,0.9743603584356606,0.20373035967350006,0.7706299987621605
5961,rust,warning,alert,error,diagnostic,0.7016879391277372,0.7016879391277372,0.0,0.9,0.9,0.0,0.830176571003349,0.8271240664536416,0.003052504549707402,0.8819444444444444,0.8819444444444444,0.0,0.9826845526695251,0.9849327802658081,-0.002248227596282959,0.9880188703536987,0.6449587345123291,0.34306013584136963,0.9867432295577601,0.6304354323074222,0.3563077972503379
5995,rust,error,exception,warning,diagnostic,0.35355339059327373,0.35355339059327373,0.0,0.75,0.75,0.0,0.7228039671267649,0.6951346832900499,0.027669283836714964,0.6388888888888888,0.6388888888888888,0.0,0.968866229057312,0.9733567237854004,-0.004490494728088379,0.9920810461044312,0.9751541018486023,0.016926944255828857,0.9905797069659457,0.9737084452062845,0.016871261759661138
6027,rust,warning,alert,error,diagnostic,0.7016879391277372,0.7016879391277372,0.0,0.9,0.9,0.0,0.8196871063739483,0.8164571302210791,0.0032299761528691295,0.8950617283950617,0.8950617283950617,0.0,0.9766445159912109,0.9799831509590149,-0.003338634967803955,0.9963476061820984,0.9565983414649963,0.03974926471710205,0.9956227776128799,0.9498494490981102,0.04577332851476967
6027,rust,log,trace,output,infrastructure,0.7419446627365011,0.7419446627365011,0.0,0.9,0.9,0.0,0.8804512798396082,0.880106523750589,0.00034475608901929355,0.8950617283950617,0.8950617283950617,0.0,0.9762358069419861,0.9828656911849976,-0.006629884243011475,0.8412523865699768,0.9197969436645508,-0.07854455709457397,0.7499655187129974,0.8812026642262936,-0.13123714551329613
6049,rust,method,function,attribute,close_entity,0.8153551038173119,0.8153551038173119,0.0,0.9375,0.9375,0.0,0.8879127145230494,0.8898783461752326,-0.0019656316521832196,0.9363888888888889,0.9363888888888889,0.0,0.9949533939361572,0.985120415687561,0.009832978248596191,0.9723074436187744,0.9246248602867126,0.04768258333206177,0.9670419651083648,0.9191071367822587,0.04793482832610607
6081,rust,method,function,attribute,close_entity,0.9234732618882049,0.9234732618882049,0.0,0.9615384615384616,0.9615384615384616,0.0,0.9358027466850051,0.9356362789597311,0.00016646772527395548,0.943675509419454,0.943675509419454,0.0,0.9975500106811523,0.9942877292633057,0.0032622814178466797,0.945068359375,0.8994224071502686,0.045645952224731445,0.9436779133975506,0.8964872108772397,0.04719070252031088
6081,rust,methods,functions,attributes,close_entity,0.7742512525806917,0.7742512525806917,0.0,0.8846153846153846,0.8846153846153846,0.0,0.8085561498764711,0.8049728740184002,0.0035832758580708335,0.8254320987654322,0.8254320987654322,0.0,0.994810163974762,0.9884192943572998,0.006390869617462158,0.9546932578086853,0.5736605525016785,0.38103270530700684,0.9522848706692457,0.506447970867157,0.44583689980208874
6081,rust,error,exception,warning,diagnostic,0.9472731793786383,0.9472731793786383,0.0,0.9615384615384616,0.9615384615384616,0.0,0.9466918785617131,0.942050325480892,0.004641553080821148,0.943675509419454,0.943675509419454,0.0,0.9961205720901489,0.9976146221160889,-0.0014940500259399414,0.8615269660949707,0.8907827734947205,-0.029255807399749756,0.8556516109965742,0.8854449819773436,-0.029793370980769396
6081,rust,test,check,config,infrastructure,0.9234732618882049,0.9234732618882049,0.0,0.9615384615384616,0.9615384615384616,0.0,0.9509401117780506,0.9482979042767316,0.0026422075013190494,0.943675509419454,0.943675509419454,0.0,0.992473840713501,0.9945254325866699,-0.0020515918731689453,0.9477928876876831,0.64508056640625,0.3027123212814331,0.9460239708423615,0.6355382259935141,0.3104857448488474
6114,rust,test,check,config,infrastructure,0.6580370064762461,0.6580370064762461,0.0,0.8888888888888888,0.8888888888888888,0.0,0.8675963704096945,0.8676254002392989,-2.9029829604398927e-05,0.864795918367347,0.864795918367347,0.0,0.9861721992492676,0.9756868481636047,0.010485351085662842,0.9949156045913696,0.42651551961898804,0.5684000849723816,0.99386973422952,0.18215298652648926,0.8117167477030307
6125,rust,methods,functions,attributes,close_entity,0.7691605673134587,0.7691605673134587,0.0,0.9090909090909091,0.9090909090909091,0.0,0.8396180019172624,0.8365164856840254,0.003101516233237067,0.9054545454545455,0.9054545454545455,0.0,0.9892164468765259,0.986451268196106,0.002765178680419922,0.9886518120765686,0.9609694480895996,0.027682363986968994,0.985109704779461,0.9406424127519131,0.044467292027547956
6160,rust,error,exception,warning,diagnostic,0.3799178428257963,0.3799178428257963,0.0,0.8333333333333334,0.8333333333333334,0.0,0.7428583992830063,0.7174910945962003,0.025367304686806036,0.8066666666666668,0.8066666666666668,0.0,0.9752113819122314,0.9786630868911743,-0.003451704978942871,0.7068944573402405,0.6623030304908752,0.044591426849365234,0.6621410958468914,0.6474552266299725,0.014685869216918945
6160,rust,errors,exceptions,warnings,diagnostic,0.7598356856515927,0.7598356856515927,0.0,0.8333333333333334,0.8333333333333334,0.0,0.805133276816662,0.7807114623106561,0.02442181450600589,0.8300000000000002,0.8300000000000002,0.0,0.9786847829818726,0.9818435907363892,-0.0031588077545166016,0.5831186771392822,0.10399827361106873,0.4791204035282135,0.5722684999927878,-0.01683790236711502,0.5891064023599029
6169,rust,error,exception,warning,diagnostic,0.7071067811865478,0.7071067811865478,0.0,0.8571428571428571,0.8571428571428571,0.0,0.8111116081944314,0.7932204011312707,0.01789120706316072,0.8066666666666668,0.8066666666666668,0.0,0.9804224967956543,0.9823870658874512,-0.001964569091796875,0.9758757948875427,0.6797596216201782,0.2961161732673645,0.9748865279834718,0.6716751391068101,0.30321138887666166
6274,rust,test,check,config,infrastructure,0.3799178428257963,0.3799178428257963,0.0,0.8333333333333334,0.8333333333333334,0.0,0.7588900933746825,0.7479861942697235,0.010903899104959036,0.8066666666666668,0.8066666666666668,0.0,0.9622538089752197,0.9599283337593079,0.0023254752159118652,0.9809699058532715,0.31375882029533386,0.6672110855579376,0.9761388492770493,-0.0048728883266448975,0.9810117376036942
6342,rust,test,check,config,infrastructure,0.30213753973567675,0.30213753973567675,0.0,0.8000000000000002,0.8000000000000002,0.0,0.689938299124898,0.676853982522572,0.013084316602326007,0.7500000000000001,0.7500000000000001,0.0,0.9747207164764404,0.9456329941749573,0.029087722301483154,0.9907109141349792,0.19966426491737366,0.7910466492176056,0.988722458248958,-0.238142192363739,1.226864650612697
6380,rust,function,method,variable,close_entity,0.7598356856515927,0.7598356856515927,0.0,0.8333333333333334,0.8333333333333334,0.0,0.8031309008454506,0.7903892686787425,0.012741632166708095,0.8300000000000002,0.8300000000000002,0.0,0.992169201374054,0.9845854640007019,0.007583737373352051,0.9664304852485657,0.5876397490501404,0.3787907361984253,0.961800160817802,0.5463025085628033,0.4154976522549987
6427,rust,function,method,variable,close_entity,0.5946035575013604,0.5946035575013604,0.0,0.8571428571428571,0.8571428571428571,0.0,0.7180556977234864,0.7056003613279155,0.012455336395570948,0.8412698412698414,0.8412698412698414,0.0,0.9924102425575256,0.9771688580513,0.015241384506225586,0.9781754016876221,0.003997764550149441,0.9741776371374726,0.9671024708077312,-0.9729238534346223,1.9400263242423534
6487,rust,argument,parameter,keyword,close_entity,0.5946035575013604,0.5946035575013604,0.0,0.8888888888888888,0.8888888888888888,0.0,0.6886329670035133,0.6719438160648356,0.016689150938677733,0.864795918367347,0.864795918367347,0.0,0.9830588102340698,0.9747753143310547,0.008283495903015137,0.964131236076355,0.01896825060248375,0.9451629854738712,0.9587785159237683,-0.6630113460123539,1.6217898619361222
6560,rust,functions,methods,variables,close_entity,0.8666415730847506,0.8666415730847506,0.0,0.9166666666666666,0.9166666666666666,0.0,0.8484223252873193,0.839888426341585,0.008533898945734308,0.9086363636363638,0.9086363636363638,0.0,0.9951378107070923,0.9886019825935364,0.006535828113555908,0.7672793865203857,0.012552188709378242,0.7547271978110075,0.5969760864973068,-0.8684964906424284,1.4654725771397352
6569,rust,errors,exceptions,warnings,diagnostic,0.8801117367933934,0.8801117367933934,0.0,0.8888888888888888,0.8888888888888888,0.0,0.8669357982245551,0.8509281745189581,0.01600762370559705,0.8737244897959183,0.8737244897959183,0.0,0.9872030019760132,0.9863319396972656,0.0008710622787475586,0.682218611240387,0.1710009127855301,0.5112176984548569,0.6767150871455669,0.06744639575481415,0.6092686913907528
6652,rust,parameter,argument,constant,close_entity,0.961284287232436,0.961284287232436,0.0,0.9761904761904762,0.9761904761904762,0.0,0.9468749297496024,0.942566043056552,0.004308886693050407,0.9761338205716552,0.9761338205716552,0.0,0.9983416795730591,0.9955973029136658,0.0027443766593933105,0.7706817984580994,0.0539877712726593,0.7166940271854401,0.6815542876720428,-0.7928359806537628,1.4743902683258057
6724,rust,function,method,variable,close_entity,0.8942255541978512,0.8942255541978512,0.0,0.9565217391304348,0.9565217391304348,0.0,0.9155813118030843,0.9110374497773869,0.004543862025697454,0.9561624146604384,0.9561624146604384,0.0,0.9969294667243958,0.9936398267745972,0.003289639949798584,0.8334109783172607,0.4503153860569,0.3830955922603607,0.8235355224460363,0.4351798938587308,0.38835562858730555
6772,rust,method,function,attribute,close_entity,0.9127592114472296,0.9127592114472296,0.0,0.96,0.96,0.0,0.9244824964354208,0.9228622013099184,0.0016202951255024356,0.9494459833795015,0.9494459833795015,0.0,0.9968184232711792,0.9930237531661987,0.0037946701049804688,0.8598308563232422,0.4082394242286682,0.451591432094574,0.8461567210033536,0.3422175496816635,0.5039391713216901
6792,rust,functions,methods,variables,close_entity,0.8867047947918728,0.8867047947918728,0.0,0.9500000000000001,0.9500000000000001,0.0,0.9117673083821358,0.9070347826678935,0.004732525714242319,0.9494459833795015,0.9494459833795015,0.0,0.9974600076675415,0.9943641424179077,0.003095865249633789,0.9683535695075989,0.02924012951552868,0.9391134399920702,0.9655740286689252,-0.8720744866877794,1.8376485153567046
6792,rust,parameters,arguments,constants,close_entity,0.8725129388059694,0.8725129388059694,0.0,0.9500000000000001,0.9500000000000001,0.0,0.9055489124808436,0.9011422556811582,0.004406656799685327,0.9494459833795015,0.9494459833795015,0.0,0.9943158030509949,0.992250919342041,0.0020648837089538574,0.2391400933265686,0.004680224694311619,0.23445986863225698,-0.4382404088973999,-0.9695529257878661,0.5313125168904662
7588,rust,test,check,config,infrastructure,0.82651681837938,0.82651681837938,0.0,0.9,0.9,0.0,0.8572601354853875,0.8495931378148334,0.007666997670554121,0.864795918367347,0.864795918367347,0.0,0.9815703630447388,0.9699121713638306,0.011658191680908203,0.9885510802268982,0.03167639300227165,0.9568746872246265,0.9868290486047044,-0.8541345782577991,1.8409636268625036
7600,rust,test,check,config,infrastructure,0.7825422900366438,0.7825422900366438,0.0,0.9,0.9,0.0,0.8519602509638152,0.8446522700991944,0.007307980864620811,0.8819444444444444,0.8819444444444444,0.0,0.9841544032096863,0.9682687520980835,0.015885651111602783,0.9407607913017273,0.12006282061338425,0.820697970688343,0.9350089067593217,-0.14713022857904434,1.082139135338366
7624,rust,error,exception,warning,diagnostic,0.537284965911771,0.537284965911771,0.0,0.8571428571428571,0.8571428571428571,0.0,0.8111116081944314,0.7932204011312707,0.01789120706316072,0.8066666666666668,0.8066666666666668,0.0,0.9816697239875793,0.9847893118858337,-0.0031195878982543945,0.9757771492004395,0.3531242907047272,0.6226528584957123,0.9698283635079861,0.2524203434586525,0.7174080200493336
7688,rust,error,exception,warning,diagnostic,0.35355339059327373,0.35355339059327373,0.0,0.75,0.75,0.0,0.7115512468305347,0.6825690890607531,0.028982157769781636,0.6388888888888888,0.6388888888888888,0.0,0.9777534008026123,0.968079686164856,0.009673714637756348,0.6168016791343689,0.18331362307071686,0.43348805606365204,0.2930292785167694,-0.4642513245344162,0.7572806030511856
7703,rust,function,method,variable,close_entity,0.6606328636027612,0.6606328636027612,0.0,0.8888888888888888,0.8888888888888888,0.0,0.7007379220885669,0.6877678132184774,0.012970108870089536,0.8819444444444444,0.8819444444444444,0.0,0.9936280846595764,0.9854811429977417,0.008146941661834717,0.9614586234092712,0.48367244005203247,0.47778618335723877,0.9456534963101149,0.14823254942893982,0.797420946881175
7703,rust,log,trace,output,infrastructure,0.7506238537503396,0.7506238537503396,0.0,0.8888888888888888,0.8888888888888888,0.0,0.8282748490685132,0.8279749430840142,0.00029990598449902706,0.8819444444444444,0.8819444444444444,0.0,0.9784791469573975,0.980905294418335,-0.0024261474609375,0.018422771245241165,0.006327202543616295,0.01209556870162487,-0.92396105453372,-0.9527934286743402,0.02883237414062023
7109,rust,parameters,arguments,constants,close_entity,0.7076534431960266,0.7076534431960266,0.0,0.8666666666666667,0.8666666666666667,0.0,0.7844579551927563,0.7708833474225645,0.013574607770191816,0.8436109345200256,0.8436109345200256,0.0,0.9883875846862793,0.9860458970069885,0.0023416876792907715,0.10598591715097427,0.02233237773180008,0.0836535394191742,-0.49853428453207016,-0.8747140690684319,0.3761797845363617
7110,rust,imports,includes,exports,directional,0.8394327083733333,0.8394327083733333,0.0,0.9333333333333333,0.9333333333333333,0.0,0.9086470895895259,0.9463150216640631,-0.037667932074537225,0.9268808114961962,0.9268808114961962,0.0,0.980783224105835,0.9921423196792603,-0.011359095573425293,0.6318368911743164,0.002886504167690873,0.6289503870066255,0.30607470870018005,-0.985319942003116,1.291394650703296
7127,rust,method,function,attribute,close_entity,0.9440602839389663,0.9440602839389663,0.0,0.9743589743589743,0.9743589743589743,0.0,0.949143220890814,0.9489976319348442,0.00014558895596983312,0.9721315192743764,0.9721315192743764,0.0,0.9962645173072815,0.9915319085121155,0.004732608795166016,0.9637086987495422,0.04673164710402489,0.9169770516455173,0.9631449487642385,-0.10163182392716408,1.0647767726914026
7289,rust,tests,checks,configs,infrastructure,0.855526185871245,0.855526185871245,0.0,0.9090909090909091,0.9090909090909091,0.0,0.9178921598152064,0.9128205112310358,0.0050716485841706405,0.9086363636363638,0.9086363636363638,0.0,0.9919339418411255,0.9845926761627197,0.007341265678405762,0.8748061656951904,0.08646319061517715,0.7883429750800133,0.8352901488542557,-0.6728742942214012,1.508164443075657
7299,rust,functions,methods,variables,close_entity,0.9318384811154838,0.9318384811154838,0.0,0.967741935483871,0.967741935483871,0.0,0.9427847893003631,0.9396281101790356,0.0031566791213275547,0.9653413089373681,0.9653413089373681,0.0,0.9976257085800171,0.9958573579788208,0.001768350601196289,0.9256227612495422,0.34544292092323303,0.5801798403263092,0.9235371116083115,-0.054609715938568115,0.9781468275468796
7387,rust,test,check,config,infrastructure,0.8725129388059694,0.8725129388059694,0.0,0.9473684210526315,0.9473684210526315,0.0,0.9422683083784498,0.9391820198956805,0.0030862884827692616,0.9467186484730344,0.9467186484730344,0.0,0.9939464926719666,0.9850064516067505,0.008940041065216064,0.9483148455619812,0.3348740339279175,0.6134408116340637,0.9472592269303277,0.3277679979801178,0.6194912289502099
7424,rust,function,method,variable,close_entity,0.8153551038173119,0.8153551038173119,0.0,0.9285714285714286,0.9285714285714286,0.0,0.8832917915036327,0.8771957881165973,0.00609600338703542,0.9268808114961962,0.9268808114961962,0.0,0.9961684942245483,0.9947922229766846,0.0013762712478637695,0.9803553819656372,0.6628034710884094,0.3175519108772278,0.9726640461012721,0.4461556077003479,0.5265084384009242
7439,rust,function,method,variable,close_entity,0.7611606003349888,0.7611606003349888,0.0,0.9230769230769231,0.9230769230769231,0.0,0.8306467150775076,0.8222383384782487,0.008408376599258971,0.920940170940171,0.920940170940171,0.0,0.9937521815299988,0.9878175258636475,0.005934655666351318,0.8903515338897705,0.05183396860957146,0.838517565280199,0.87649139855057,-0.09389694407582283,0.9703883426263928
7439,rust,argument,parameter,keyword,close_entity,0.7611606003349888,0.7611606003349888,0.0,0.9230769230769231,0.9230769230769231,0.0,0.8358686614714641,0.8277988731178367,0.008069788353627372,0.920940170940171,0.920940170940171,0.0,0.9928257465362549,0.9855508804321289,0.0072748661041259766,0.9874210357666016,0.11074360460042953,0.876677431166172,0.9831317290663719,0.05186934769153595,0.931262381374836
7588,rust,test,check,config,infrastructure,0.82651681837938,0.82651681837938,0.0,0.9,0.9,0.0,0.8572601354853875,0.8495931378148334,0.007666997670554121,0.864795918367347,0.864795918367347,0.0,0.9815703630447388,0.9699121713638306,0.011658191680908203,0.9885510802268982,0.03167639300227165,0.9568746872246265,0.9868290486047044,-0.8541345782577991,1.8409636268625036
7624,rust,error,exception,warning,diagnostic,0.537284965911771,0.537284965911771,0.0,0.8571428571428571,0.8571428571428571,0.0,0.8111116081944314,0.7932204011312707,0.01789120706316072,0.8066666666666668,0.8066666666666668,0.0,0.9816697239875793,0.9847893118858337,-0.0031195878982543945,0.9757771492004395,0.3531242907047272,0.6226528584957123,0.9698283635079861,0.2524203434586525,0.7174080200493336
7688,rust,error,exception,warning,diagnostic,0.35355339059327373,0.35355339059327373,0.0,0.75,0.75,0.0,0.7115512468305347,0.6825690890607531,0.028982157769781636,0.6388888888888888,0.6388888888888888,0.0,0.9777534008026123,0.968079686164856,0.009673714637756348,0.6168016791343689,0.18331362307071686,0.43348805606365204,0.2930292785167694,-0.4642513245344162,0.7572806030511856
7703,rust,function,method,variable,close_entity,0.6606328636027612,0.6606328636027612,0.0,0.8888888888888888,0.8888888888888888,0.0,0.7007379220885669,0.6877678132184774,0.012970108870089536,0.8819444444444444,0.8819444444444444,0.0,0.9936280846595764,0.9854811429977417,0.008146941661834717,0.9614586234092712,0.48367244005203247,0.47778618335723877,0.9456534963101149,0.14823254942893982,0.797420946881175
7703,rust,log,trace,output,infrastructure,0.7506238537503396,0.7506238537503396,0.0,0.8888888888888888,0.8888888888888888,0.0,0.8282748490685132,0.8279749430840142,0.00029990598449902706,0.8819444444444444,0.8819444444444444,0.0,0.9784791469573975,0.980905294418335,-0.0024261474609375,0.018422771245241165,0.006327202543616295,0.01209556870162487,-0.92396105453372,-0.9527934286743402,0.02883237414062023
7819,rust,error,exception,warning,diagnostic,0.3466806371753173,0.3466806371753173,0.0,0.6666666666666666,0.6666666666666666,0.0,0.45089005849863306,0.3853118250093518,0.06557823348928127,0.3333333333333333,0.3333333333333333,0.0,0.9509572982788086,0.9364082217216492,0.014549076557159424,0.985725998878479,0.913068413734436,0.07265758514404297,0.9810813306830823,0.9104731234256178,0.07060820725746453
