kind,score_kind,tau,tp,fp,fn,tn,precision,recall,f1,tpr,fpr,accuracy
noun_close_entity,entail,0.0,563,563,0,0,0.5,1.0,0.6666666666666666,1.0,1.0,0.5
noun_close_entity,entail,0.01,557,492,6,71,0.5309818875119161,0.9893428063943162,0.6910669975186103,0.9893428063943162,0.8738898756660746,0.5577264653641207
noun_close_entity,entail,0.02,554,457,9,106,0.5479723046488625,0.9840142095914742,0.7039390088945361,0.9840142095914742,0.8117229129662522,0.5861456483126111
noun_close_entity,entail,0.03,552,436,11,127,0.5587044534412956,0.9804618117229129,0.7117988394584138,0.9804618117229129,0.7744227353463587,0.6030195381882771
noun_close_entity,entail,0.04,552,409,11,154,0.5744016649323621,0.9804618117229129,0.7244094488188977,0.9804618117229129,0.7264653641207816,0.6269982238010657
noun_close_entity,entail,0.05,549,396,14,167,0.580952380952381,0.9751332149200711,0.7281167108753316,0.9751332149200711,0.7033747779751333,0.6358792184724689
noun_close_entity,entail,0.06,549,388,14,175,0.5859124866595518,0.9751332149200711,0.7320000000000001,0.9751332149200711,0.6891651865008881,0.6429840142095915
noun_close_entity,entail,0.07,549,375,14,188,0.5941558441558441,0.9751332149200711,0.738399462004035,0.9751332149200711,0.6660746003552398,0.6545293072824157
noun_close_entity,entail,0.08,548,364,15,199,0.6008771929824561,0.9733570159857904,0.7430508474576272,0.9733570159857904,0.6465364120781527,0.6634103019538188
noun_close_entity,entail,0.09,547,353,16,210,0.6077777777777778,0.9715808170515098,0.7477785372522214,0.9715808170515098,0.6269982238010657,0.672291296625222
noun_close_entity,entail,0.1,545,347,18,216,0.6109865470852018,0.9680284191829485,0.7491408934707904,0.9680284191829485,0.6163410301953819,0.6758436944937833
noun_close_entity,entail,0.11,543,338,20,225,0.6163450624290578,0.9644760213143873,0.7520775623268698,0.9644760213143873,0.6003552397868561,0.6820603907637656
noun_close_entity,entail,0.12,542,323,21,240,0.6265895953757226,0.9626998223801065,0.7591036414565826,0.9626998223801065,0.5737122557726465,0.69449378330373
noun_close_entity,entail,0.13,540,319,23,244,0.6286379511059371,0.9591474245115453,0.7594936708860759,0.9591474245115453,0.566607460035524,0.6962699822380106
noun_close_entity,entail,0.14,540,315,23,248,0.631578947368421,0.9591474245115453,0.7616361071932298,0.9591474245115453,0.5595026642984015,0.6998223801065719
noun_close_entity,entail,0.15,538,313,25,250,0.6321974148061105,0.955595026642984,0.7609618104667609,0.955595026642984,0.5559502664298401,0.6998223801065719
noun_close_entity,entail,0.16,538,304,25,259,0.6389548693586699,0.955595026642984,0.7658362989323844,0.955595026642984,0.5399644760213144,0.7078152753108348
noun_close_entity,entail,0.17,538,302,25,261,0.6404761904761904,0.955595026642984,0.766928011404134,0.955595026642984,0.5364120781527532,0.7095914742451155
noun_close_entity,entail,0.18,536,299,27,264,0.6419161676646706,0.9520426287744227,0.7668097281831187,0.9520426287744227,0.5310834813499112,0.7104795737122558
noun_close_entity,entail,0.19,534,294,29,269,0.644927536231884,0.9484902309058615,0.7677929547088426,0.9484902309058615,0.522202486678508,0.7131438721136767
noun_close_entity,entail,0.2,532,291,31,272,0.6464155528554071,0.9449378330373002,0.7676767676767676,0.9449378330373002,0.5168738898756661,0.7140319715808171
noun_close_entity,entail,0.21,531,284,32,279,0.6515337423312884,0.9431616341030196,0.7706821480406386,0.9431616341030196,0.5044404973357016,0.7193605683836589
noun_close_entity,entail,0.22,530,281,33,282,0.6535141800246609,0.9413854351687388,0.7714701601164483,0.9413854351687388,0.4991119005328597,0.7211367673179396
noun_close_entity,entail,0.23,530,275,33,288,0.6583850931677019,0.9413854351687388,0.7748538011695906,0.9413854351687388,0.48845470692717585,0.7264653641207816
noun_close_entity,entail,0.24,528,269,35,294,0.6624843161856964,0.9378330373001776,0.7764705882352941,0.9378330373001776,0.477797513321492,0.7300177619893428
noun_close_entity,entail,0.25,527,263,36,300,0.6670886075949367,0.9360568383658969,0.7790096082779009,0.9360568383658969,0.46714031971580816,0.7344582593250444
noun_close_entity,entail,0.26,526,261,37,302,0.6683608640406608,0.9342806394316163,0.7792592592592593,0.9342806394316163,0.4635879218472469,0.7353463587921847
noun_close_entity,entail,0.27,526,256,37,307,0.6726342710997443,0.9342806394316163,0.7821561338289962,0.9342806394316163,0.4547069271758437,0.7397868561278863
noun_close_entity,entail,0.28,525,252,38,311,0.6756756756756757,0.9325044404973357,0.7835820895522387,0.9325044404973357,0.44760213143872113,0.7424511545293073
noun_close_entity,entail,0.29,524,244,39,319,0.6822916666666666,0.9307282415630551,0.7873779113448535,0.9307282415630551,0.433392539964476,0.7486678507992895
noun_close_entity,entail,0.3,524,243,39,320,0.6831812255541069,0.9307282415630551,0.7879699248120301,0.9307282415630551,0.43161634103019536,0.7495559502664298
noun_close_entity,entail,0.31,524,240,39,323,0.6858638743455497,0.9307282415630551,0.7897513187641297,0.9307282415630551,0.42628774422735344,0.7522202486678508
noun_close_entity,entail,0.32,523,233,40,330,0.6917989417989417,0.9289520426287744,0.7930250189537529,0.9289520426287744,0.413854351687389,0.7575488454706927
noun_close_entity,entail,0.33,523,227,40,336,0.6973333333333334,0.9289520426287744,0.7966488956587966,0.9289520426287744,0.40319715808170514,0.7628774422735346
noun_close_entity,entail,0.34,522,220,41,343,0.7035040431266847,0.9271758436944938,0.8,0.9271758436944938,0.3907637655417407,0.7682060390763765
noun_close_entity,entail,0.35,520,217,43,346,0.7055630936227951,0.9236234458259325,0.7999999999999999,0.9236234458259325,0.38543516873889877,0.7690941385435168
noun_close_entity,entail,0.36,520,208,43,355,0.7142857142857143,0.9236234458259325,0.8055770720371805,0.9236234458259325,0.369449378330373,0.7770870337477798
noun_close_entity,entail,0.37,519,206,44,357,0.7158620689655173,0.9218472468916519,0.8059006211180125,0.9218472468916519,0.36589698046181174,0.7779751332149201
noun_close_entity,entail,0.38,519,204,44,359,0.7178423236514523,0.9218472468916519,0.8071539657853811,0.9218472468916519,0.3623445825932504,0.7797513321492007
noun_close_entity,entail,0.39,517,202,46,361,0.7190542420027817,0.9182948490230906,0.8065522620904836,0.9182948490230906,0.35879218472468916,0.7797513321492007
noun_close_entity,entail,0.4,515,198,48,365,0.7223001402524544,0.9147424511545293,0.8072100313479623,0.9147424511545293,0.35168738898756663,0.7815275310834814
noun_close_entity,entail,0.41,514,194,49,369,0.7259887005649718,0.9129662522202486,0.8088119590873328,0.9129662522202486,0.34458259325044405,0.7841918294849023
noun_close_entity,entail,0.42,512,191,51,372,0.7283072546230441,0.9094138543516874,0.8088467614533966,0.9094138543516874,0.3392539964476021,0.7850799289520426
noun_close_entity,entail,0.43,512,188,51,375,0.7314285714285714,0.9094138543516874,0.8107680126682503,0.9094138543516874,0.3339253996447602,0.7877442273534636
noun_close_entity,entail,0.44,508,184,55,379,0.7341040462427746,0.9023090586145648,0.8095617529880479,0.9023090586145648,0.3268206039076377,0.7877442273534636
noun_close_entity,entail,0.45,506,184,57,379,0.7333333333333333,0.8987566607460036,0.8076616121308859,0.8987566607460036,0.3268206039076377,0.7859680284191829
noun_close_entity,entail,0.46,503,181,60,382,0.7353801169590644,0.8934280639431617,0.8067361668003208,0.8934280639431617,0.32149200710479575,0.7859680284191829
noun_close_entity,entail,0.47,501,179,62,384,0.736764705882353,0.8898756660746003,0.8061142397425584,0.8898756660746003,0.31793960923623443,0.7859680284191829
noun_close_entity,entail,0.48,501,175,62,388,0.7411242603550295,0.8898756660746003,0.8087167070217917,0.8898756660746003,0.3108348134991119,0.7895204262877442
noun_close_entity,entail,0.49,499,172,64,391,0.7436661698956781,0.8863232682060391,0.8087520259319287,0.8863232682060391,0.30550621669627,0.7904085257548845
noun_close_entity,entail,0.5,498,169,65,394,0.7466266866566716,0.8845470692717584,0.8097560975609757,0.8845470692717584,0.30017761989342806,0.7921847246891652
noun_close_entity,entail,0.51,497,166,66,397,0.7496229260935143,0.8827708703374778,0.8107667210440457,0.8827708703374778,0.29484902309058614,0.7939609236234458
noun_close_entity,entail,0.52,495,165,68,398,0.75,0.8792184724689165,0.8094848732624694,0.8792184724689165,0.29307282415630553,0.7930728241563055
noun_close_entity,entail,0.53,493,164,70,399,0.7503805175038052,0.8756660746003553,0.8081967213114755,0.8756660746003553,0.2912966252220249,0.7921847246891652
noun_close_entity,entail,0.54,491,162,72,401,0.7519142419601837,0.872113676731794,0.8075657894736842,0.872113676731794,0.2877442273534636,0.7921847246891652
noun_close_entity,entail,0.55,490,156,73,407,0.7585139318885449,0.8703374777975134,0.8105872622001654,0.8703374777975134,0.27708703374777977,0.7966252220248667
noun_close_entity,entail,0.56,489,152,74,411,0.7628705148205929,0.8685612788632326,0.8122923588039868,0.8685612788632326,0.2699822380106572,0.7992895204262878
noun_close_entity,entail,0.57,488,150,75,413,0.7648902821316614,0.866785079928952,0.8126561199000832,0.866785079928952,0.2664298401420959,0.8001776198934281
noun_close_entity,entail,0.58,487,143,76,420,0.773015873015873,0.8650088809946714,0.8164291701592624,0.8650088809946714,0.2539964476021314,0.80550621669627
noun_close_entity,entail,0.59,483,139,80,424,0.7765273311897106,0.8579040852575488,0.8151898734177214,0.8579040852575488,0.2468916518650089,0.80550621669627
noun_close_entity,entail,0.6,481,136,82,427,0.779578606158833,0.8543516873889876,0.8152542372881356,0.8543516873889876,0.24156305506216696,0.8063943161634103
noun_close_entity,entail,0.61,479,133,84,430,0.7826797385620915,0.8507992895204263,0.8153191489361702,0.8507992895204263,0.23623445825932504,0.8072824156305506
noun_close_entity,entail,0.62,478,131,85,432,0.7848932676518884,0.8490230905861457,0.8156996587030716,0.8490230905861457,0.23268206039076378,0.8081705150976909
noun_close_entity,entail,0.63,474,127,89,436,0.7886855241264559,0.8419182948490231,0.8144329896907218,0.8419182948490231,0.2255772646536412,0.8081705150976909
noun_close_entity,entail,0.64,471,123,92,440,0.7929292929292929,0.8365896980461812,0.8141745894554883,0.8365896980461812,0.21847246891651864,0.8090586145648313
noun_close_entity,entail,0.65,469,121,94,442,0.7949152542372881,0.8330373001776199,0.813529921942758,0.8330373001776199,0.21492007104795738,0.8090586145648313
noun_close_entity,entail,0.66,467,120,96,443,0.7955706984667802,0.8294849023090586,0.8121739130434782,0.8294849023090586,0.21314387211367672,0.8081705150976909
noun_close_entity,entail,0.67,465,116,98,447,0.8003442340791739,0.8259325044404974,0.8129370629370629,0.8259325044404974,0.20603907637655416,0.8099467140319716
noun_close_entity,entail,0.68,463,113,100,450,0.8038194444444444,0.822380106571936,0.8129938542581211,0.822380106571936,0.20071047957371227,0.8108348134991119
noun_close_entity,entail,0.69,458,112,105,451,0.8035087719298246,0.8134991119005328,0.8084730803177406,0.8134991119005328,0.1989342806394316,0.8072824156305506
noun_close_entity,entail,0.7,455,107,108,456,0.8096085409252669,0.8081705150976909,0.8088888888888889,0.8081705150976909,0.19005328596802842,0.8090586145648313
noun_close_entity,entail,0.71,453,105,110,458,0.8118279569892473,0.8046181172291297,0.8082069580731489,0.8046181172291297,0.18650088809946713,0.8090586145648313
noun_close_entity,entail,0.72,450,102,113,461,0.8152173913043478,0.7992895204262878,0.8071748878923767,0.7992895204262878,0.1811722912966252,0.8090586145648313
noun_close_entity,entail,0.73,447,101,116,462,0.8156934306569343,0.7939609236234458,0.8046804680468047,0.7939609236234458,0.17939609236234458,0.8072824156305506
noun_close_entity,entail,0.74,442,99,121,464,0.8170055452865065,0.7850799289520426,0.8007246376811594,0.7850799289520426,0.17584369449378331,0.8046181172291297
noun_close_entity,entail,0.75,439,97,124,466,0.8190298507462687,0.7797513321492007,0.7989080982711557,0.7797513321492007,0.17229129662522202,0.8037300177619894
noun_close_entity,entail,0.76,438,96,125,467,0.8202247191011236,0.7779751332149201,0.7985414767547857,0.7779751332149201,0.1705150976909414,0.8037300177619894
noun_close_entity,entail,0.77,435,91,128,472,0.8269961977186312,0.7726465364120781,0.7988980716253444,0.7726465364120781,0.16163410301953818,0.80550621669627
noun_close_entity,entail,0.78,429,87,134,476,0.8313953488372093,0.7619893428063943,0.7951807228915663,0.7619893428063943,0.15452930728241562,0.8037300177619894
noun_close_entity,entail,0.79,422,83,141,480,0.8356435643564356,0.7495559502664298,0.7902621722846442,0.7495559502664298,0.14742451154529307,0.8010657193605684
noun_close_entity,entail,0.8,418,79,145,484,0.8410462776659959,0.7424511545293073,0.7886792452830189,0.7424511545293073,0.14031971580817051,0.8010657193605684
noun_close_entity,entail,0.81,412,76,151,487,0.8442622950819673,0.7317939609236235,0.7840152235965747,0.7317939609236235,0.1349911190053286,0.7984014209591475
noun_close_entity,entail,0.82,402,71,161,492,0.8498942917547568,0.7140319715808171,0.7760617760617761,0.7140319715808171,0.1261101243339254,0.7939609236234458
noun_close_entity,entail,0.83,401,69,162,494,0.8531914893617021,0.7122557726465364,0.776379477250726,0.7122557726465364,0.12255772646536411,0.7948490230905861
noun_close_entity,entail,0.84,393,65,170,498,0.8580786026200873,0.6980461811722913,0.7698334965719883,0.6980461811722913,0.11545293072824156,0.7912966252220248
noun_close_entity,entail,0.85,391,60,172,503,0.8669623059866962,0.69449378330373,0.7712031558185403,0.69449378330373,0.10657193605683836,0.7939609236234458
noun_close_entity,entail,0.86,386,56,177,507,0.8733031674208145,0.6856127886323268,0.7681592039800994,0.6856127886323268,0.0994671403197158,0.7930728241563055
noun_close_entity,entail,0.87,379,49,184,514,0.8855140186915887,0.6731793960923623,0.7648839556004036,0.6731793960923623,0.08703374777975133,0.7930728241563055
noun_close_entity,entail,0.88,366,46,197,517,0.8883495145631068,0.650088809946714,0.7507692307692307,0.650088809946714,0.08170515097690942,0.7841918294849023
noun_close_entity,entail,0.89,355,42,208,521,0.8942065491183879,0.6305506216696269,0.7395833333333333,0.6305506216696269,0.07460035523978685,0.7779751332149201
noun_close_entity,entail,0.9,346,36,217,527,0.9057591623036649,0.6145648312611013,0.7322751322751322,0.6145648312611013,0.06394316163410302,0.7753108348134992
noun_close_entity,entail,0.91,335,34,228,529,0.907859078590786,0.5950266429840142,0.7188841201716738,0.5950266429840142,0.06039076376554174,0.7673179396092362
noun_close_entity,entail,0.92,323,32,240,531,0.9098591549295775,0.5737122557726465,0.7037037037037036,0.5737122557726465,0.056838365896980464,0.7584369449378331
noun_close_entity,entail,0.93,313,26,250,537,0.9233038348082596,0.5559502664298401,0.6940133037694014,0.5559502664298401,0.046181172291296625,0.7548845470692718
noun_close_entity,entail,0.94,288,24,275,539,0.9230769230769231,0.5115452930728241,0.6582857142857144,0.5115452930728241,0.04262877442273535,0.7344582593250444
noun_close_entity,entail,0.95,270,15,293,548,0.9473684210526315,0.47957371225577267,0.6367924528301887,0.47957371225577267,0.02664298401420959,0.7264653641207816
noun_close_entity,entail,0.96,234,10,329,553,0.9590163934426229,0.41563055062166965,0.5799256505576208,0.41563055062166965,0.017761989342806393,0.6989342806394316
noun_close_entity,entail,0.97,183,7,380,556,0.9631578947368421,0.325044404973357,0.48605577689243024,0.325044404973357,0.012433392539964476,0.6563055062166963
noun_close_entity,entail,0.98,121,3,442,560,0.9758064516129032,0.21492007104795738,0.3522561863173217,0.21492007104795738,0.0053285968028419185,0.6047957371225577
noun_close_entity,entail,0.99,37,2,526,561,0.9487179487179487,0.06571936056838366,0.12292358803986712,0.06571936056838366,0.003552397868561279,0.5310834813499112
noun_close_entity,entail,1.0,0,0,563,563,0.0,0.0,0.0,0.0,0.0,0.5
noun_close_entity,signed,-1.0,563,563,0,0,0.5,1.0,0.6666666666666666,1.0,1.0,0.5
noun_close_entity,signed,-0.98,562,558,1,5,0.5017857142857143,0.9982238010657194,0.6678550207961972,0.9982238010657194,0.9911190053285968,0.5035523978685613
noun_close_entity,signed,-0.96,562,545,1,18,0.5076784101174345,0.9982238010657194,0.6730538922155689,0.9982238010657194,0.9680284191829485,0.5150976909413855
noun_close_entity,signed,-0.94,561,538,2,25,0.5104640582347588,0.9964476021314387,0.6750902527075813,0.9964476021314387,0.955595026642984,0.5204262877442274
noun_close_entity,signed,-0.92,558,529,5,34,0.5133394664213431,0.9911190053285968,0.6763636363636363,0.9911190053285968,0.9396092362344582,0.5257548845470693
noun_close_entity,signed,-0.9,558,513,5,50,0.5210084033613446,0.9911190053285968,0.6829865361077111,0.9911190053285968,0.911190053285968,0.5399644760213144
noun_close_entity,signed,-0.88,558,502,5,61,0.5264150943396226,0.9911190053285968,0.6876155268022182,0.9911190053285968,0.8916518650088809,0.5497335701598579
noun_close_entity,signed,-0.86,558,494,5,69,0.5304182509505704,0.9911190053285968,0.6910216718266254,0.9911190053285968,0.8774422735346359,0.5568383658969804
noun_close_entity,signed,-0.84,558,486,5,77,0.5344827586206896,0.9911190053285968,0.6944617299315493,0.9911190053285968,0.8632326820603907,0.5639431616341031
noun_close_entity,signed,-0.82,556,481,7,82,0.5361620057859209,0.9875666074600356,0.695,0.9875666074600356,0.8543516873889876,0.566607460035524
noun_close_entity,signed,-0.8,556,469,7,94,0.5424390243902439,0.9875666074600356,0.7002518891687658,0.9875666074600356,0.8330373001776199,0.5772646536412078
noun_close_entity,signed,-0.78,555,459,8,104,0.5473372781065089,0.9857904085257548,0.703868103994927,0.9857904085257548,0.8152753108348135,0.5852575488454707
noun_close_entity,signed,-0.76,554,456,9,107,0.5485148514851486,0.9840142095914742,0.7043865225683408,0.9840142095914742,0.8099467140319716,0.5870337477797514
noun_close_entity,signed,-0.74,553,451,10,112,0.5507968127490039,0.9822380106571936,0.7058072750478621,0.9822380106571936,0.8010657193605684,0.5905861456483126
noun_close_entity,signed,-0.72,553,445,10,118,0.5541082164328658,0.9822380106571936,0.7085201793721974,0.9822380106571936,0.7904085257548845,0.5959147424511545
noun_close_entity,signed,-0.7,553,439,10,124,0.5574596774193549,0.9822380106571936,0.7112540192926046,0.9822380106571936,0.7797513321492007,0.6012433392539964
noun_close_entity,signed,-0.68,550,433,13,130,0.5595116988809766,0.9769094138543517,0.7115135834411385,0.9769094138543517,0.7690941385435168,0.6039076376554174
noun_close_entity,signed,-0.66,549,426,14,137,0.563076923076923,0.9751332149200711,0.7139141742522757,0.9751332149200711,0.7566607460035524,0.6092362344582594
noun_close_entity,signed,-0.64,548,424,15,139,0.5637860082304527,0.9733570159857904,0.7140065146579804,0.9733570159857904,0.7531083481349912,0.6101243339253997
noun_close_entity,signed,-0.62,548,421,15,142,0.5655314757481941,0.9733570159857904,0.7154046997389035,0.9733570159857904,0.7477797513321492,0.6127886323268206
noun_close_entity,signed,-0.6,548,416,15,147,0.5684647302904564,0.9733570159857904,0.7177472167648985,0.9733570159857904,0.738898756660746,0.6172291296625222
noun_close_entity,signed,-0.58,546,410,17,153,0.5711297071129707,0.9698046181172292,0.7188940092165899,0.9698046181172292,0.7282415630550622,0.6207815275310835
noun_close_entity,signed,-0.56,543,402,20,161,0.5746031746031746,0.9644760213143873,0.7201591511936338,0.9644760213143873,0.7140319715808171,0.6252220248667851
noun_close_entity,signed,-0.54,543,399,20,164,0.5764331210191083,0.9644760213143873,0.7215946843853821,0.9644760213143873,0.7087033747779752,0.627886323268206
noun_close_entity,signed,-0.52,542,391,21,172,0.5809217577706324,0.9626998223801065,0.7245989304812833,0.9626998223801065,0.69449378330373,0.6341030195381883
noun_close_entity,signed,-0.5,541,386,22,177,0.5836030204962244,0.9609236234458259,0.7261744966442952,0.9609236234458259,0.6856127886323268,0.6376554174067496
noun_close_entity,signed,-0.48,540,385,23,178,0.5837837837837838,0.9591474245115453,0.7258064516129032,0.9591474245115453,0.6838365896980462,0.6376554174067496
noun_close_entity,signed,-0.46,540,381,23,182,0.5863192182410424,0.9591474245115453,0.7277628032345014,0.9591474245115453,0.6767317939609236,0.6412078152753108
noun_close_entity,signed,-0.44,539,374,24,189,0.5903614457831325,0.9573712255772646,0.7303523035230353,0.9573712255772646,0.6642984014209592,0.6465364120781527
noun_close_entity,signed,-0.42,537,370,26,193,0.5920617420066152,0.9538188277087034,0.7306122448979592,0.9538188277087034,0.6571936056838366,0.6483126110124334
noun_close_entity,signed,-0.4,537,366,26,197,0.5946843853820598,0.9538188277087034,0.732605729877217,0.9538188277087034,0.650088809946714,0.6518650088809946
noun_close_entity,signed,-0.38,536,360,27,203,0.5982142857142857,0.9520426287744227,0.73474982864976,0.9520426287744227,0.6394316163410302,0.6563055062166963
noun_close_entity,signed,-0.36,536,355,27,208,0.6015712682379349,0.9520426287744227,0.7372764786795047,0.9520426287744227,0.6305506216696269,0.6607460035523979
noun_close_entity,signed,-0.34,535,350,28,213,0.6045197740112994,0.9502664298401421,0.7389502762430938,0.9502664298401421,0.6216696269982238,0.6642984014209592
noun_close_entity,signed,-0.32,535,348,28,215,0.6058890147225368,0.9502664298401421,0.7399723374827109,0.9502664298401421,0.6181172291296625,0.6660746003552398
noun_close_entity,signed,-0.3,535,341,28,222,0.610730593607306,0.9502664298401421,0.7435719249478805,0.9502664298401421,0.605683836589698,0.672291296625222
noun_close_entity,signed,-0.28,533,333,30,230,0.6154734411085451,0.9467140319715808,0.7459762071378586,0.9467140319715808,0.5914742451154529,0.677619893428064
noun_close_entity,signed,-0.26,532,327,31,236,0.619324796274738,0.9449378330373002,0.7482419127988748,0.9449378330373002,0.5808170515097691,0.6820603907637656
noun_close_entity,signed,-0.24,531,321,32,242,0.6232394366197183,0.9431616341030196,0.750530035335689,0.9431616341030196,0.5701598579040853,0.6865008880994672
noun_close_entity,signed,-0.22,529,320,34,243,0.6230859835100118,0.9396092362344582,0.7492917847025496,0.9396092362344582,0.5683836589698046,0.6856127886323268
noun_close_entity,signed,-0.2,529,312,34,251,0.629013079667063,0.9396092362344582,0.7535612535612534,0.9396092362344582,0.5541740674955595,0.6927175843694494
noun_close_entity,signed,-0.18,529,305,34,258,0.6342925659472423,0.9396092362344582,0.7573371510379386,0.9396092362344582,0.5417406749555951,0.6989342806394316
noun_close_entity,signed,-0.16,529,304,34,259,0.6350540216086434,0.9396092362344582,0.7578796561604584,0.9396092362344582,0.5399644760213144,0.6998223801065719
noun_close_entity,signed,-0.14,528,300,35,263,0.6376811594202898,0.9378330373001776,0.7591660675772824,0.9378330373001776,0.5328596802841918,0.7024866785079928
noun_close_entity,signed,-0.12,526,298,37,265,0.6383495145631068,0.9342806394316163,0.7584715212689257,0.9342806394316163,0.5293072824156305,0.7024866785079928
noun_close_entity,signed,-0.1,525,293,38,270,0.6418092909535452,0.9325044404973357,0.7603186097031138,0.9325044404973357,0.5204262877442274,0.7060390763765542
noun_close_entity,signed,-0.08,522,288,41,275,0.6444444444444445,0.9271758436944938,0.7603787327021122,0.9271758436944938,0.5115452930728241,0.7078152753108348
noun_close_entity,signed,-0.06,522,285,41,278,0.6468401486988847,0.9271758436944938,0.7620437956204379,0.9271758436944938,0.5062166962699822,0.7104795737122558
noun_close_entity,signed,-0.04,521,278,42,285,0.6520650813516896,0.9253996447602132,0.7650513950073421,0.9253996447602132,0.4937833037300178,0.7158081705150977
noun_close_entity,signed,-0.02,521,271,42,292,0.6578282828282829,0.9253996447602132,0.7690036900369004,0.9253996447602132,0.48134991119005327,0.7220248667850799
noun_close_entity,signed,0.0,518,261,45,302,0.6649550706033376,0.9200710479573713,0.7719821162444114,0.9200710479573713,0.4635879218472469,0.7282415630550622
noun_close_entity,signed,0.02,516,255,47,308,0.669260700389105,0.91651865008881,0.7736131934032984,0.91651865008881,0.45293072824156305,0.7317939609236235
noun_close_entity,signed,0.04,516,250,47,313,0.6736292428198434,0.91651865008881,0.7765237020316028,0.91651865008881,0.44404973357015987,0.7362344582593251
noun_close_entity,signed,0.06,516,243,47,320,0.6798418972332015,0.91651865008881,0.7806354009077155,0.91651865008881,0.43161634103019536,0.7424511545293073
noun_close_entity,signed,0.08,513,240,50,323,0.6812749003984063,0.911190053285968,0.7796352583586625,0.911190053285968,0.42628774422735344,0.7424511545293073
noun_close_entity,signed,0.1,511,238,52,325,0.6822429906542056,0.9076376554174067,0.7789634146341463,0.9076376554174067,0.4227353463587922,0.7424511545293073
noun_close_entity,signed,0.12,510,231,53,332,0.6882591093117408,0.9058614564831261,0.7822085889570553,0.9058614564831261,0.4103019538188277,0.7477797513321492
noun_close_entity,signed,0.14,508,225,55,338,0.6930422919508867,0.9023090586145648,0.7839506172839505,0.9023090586145648,0.3996447602131439,0.7513321492007105
noun_close_entity,signed,0.16,508,218,55,345,0.699724517906336,0.9023090586145648,0.7882079131109386,0.9023090586145648,0.3872113676731794,0.7575488454706927
noun_close_entity,signed,0.18,508,211,55,352,0.7065368567454798,0.9023090586145648,0.7925117004680187,0.9023090586145648,0.3747779751332149,0.7637655417406749
noun_close_entity,signed,0.2,506,209,57,354,0.7076923076923077,0.8987566607460036,0.7918622848200314,0.8987566607460036,0.37122557726465366,0.7637655417406749
noun_close_entity,signed,0.22,504,204,59,359,0.711864406779661,0.8952042628774423,0.7930763178599527,0.8952042628774423,0.3623445825932504,0.7664298401420959
noun_close_entity,signed,0.24,502,201,61,362,0.7140825035561877,0.8916518650088809,0.7930489731437599,0.8916518650088809,0.35701598579040855,0.7673179396092362
noun_close_entity,signed,0.26,499,195,64,368,0.7190201729106628,0.8863232682060391,0.7939538583929991,0.8863232682060391,0.3463587921847247,0.7699822380106572
noun_close_entity,signed,0.28,497,187,66,376,0.7266081871345029,0.8827708703374778,0.7971130713712912,0.8827708703374778,0.3321492007104796,0.7753108348134992
noun_close_entity,signed,0.3,493,182,70,381,0.7303703703703703,0.8756660746003553,0.7964458804523424,0.8756660746003553,0.32326820603907636,0.7761989342806395
noun_close_entity,signed,0.32,491,177,72,386,0.7350299401197605,0.872113676731794,0.7977254264825345,0.872113676731794,0.31438721136767317,0.7788632326820604
noun_close_entity,signed,0.34,489,173,74,390,0.7386706948640483,0.8685612788632326,0.7983673469387754,0.8685612788632326,0.30728241563055064,0.7806394316163411
noun_close_entity,signed,0.36,488,166,75,397,0.746177370030581,0.866785079928952,0.8019720624486442,0.866785079928952,0.29484902309058614,0.7859680284191829
noun_close_entity,signed,0.38,486,164,77,399,0.7476923076923077,0.8632326820603907,0.8013190436933224,0.8632326820603907,0.2912966252220249,0.7859680284191829
noun_close_entity,signed,0.4,486,162,77,401,0.75,0.8632326820603907,0.8026424442609412,0.8632326820603907,0.2877442273534636,0.7877442273534636
noun_close_entity,signed,0.42,482,155,81,408,0.7566718995290423,0.8561278863232682,0.8033333333333332,0.8561278863232682,0.2753108348134991,0.7904085257548845
noun_close_entity,signed,0.44,480,150,83,413,0.7619047619047619,0.8525754884547069,0.8046940486169322,0.8525754884547069,0.2664298401420959,0.7930728241563055
noun_close_entity,signed,0.46,475,145,88,418,0.7661290322580645,0.8436944937833037,0.8030431107354185,0.8436944937833037,0.25754884547069273,0.7930728241563055
noun_close_entity,signed,0.48,474,142,89,421,0.7694805194805194,0.8419182948490231,0.8040712468193384,0.8419182948490231,0.2522202486678508,0.7948490230905861
noun_close_entity,signed,0.5,473,134,90,429,0.7792421746293245,0.8401420959147424,0.8085470085470086,0.8401420959147424,0.23801065719360567,0.8010657193605684
noun_close_entity,signed,0.52,470,130,93,433,0.7833333333333333,0.8348134991119005,0.8082545141874462,0.8348134991119005,0.23090586145648312,0.8019538188277087
noun_close_entity,signed,0.54,465,124,98,439,0.7894736842105263,0.8259325044404974,0.8072916666666667,0.8259325044404974,0.2202486678507993,0.8028419182948491
noun_close_entity,signed,0.56,463,114,100,449,0.8024263431542461,0.822380106571936,0.812280701754386,0.822380106571936,0.2024866785079929,0.8099467140319716
noun_close_entity,signed,0.58,461,113,102,450,0.8031358885017421,0.8188277087033747,0.8109058927000878,0.8188277087033747,0.20071047957371227,0.8090586145648313
noun_close_entity,signed,0.6,457,106,106,457,0.8117229129662522,0.8117229129662522,0.8117229129662523,0.8117229129662522,0.1882770870337478,0.8117229129662522
noun_close_entity,signed,0.62,454,105,109,458,0.8121645796064401,0.8063943161634103,0.8092691622103387,0.8063943161634103,0.18650088809946713,0.8099467140319716
noun_close_entity,signed,0.64,451,104,112,459,0.8126126126126126,0.8010657193605684,0.8067978533094812,0.8010657193605684,0.1847246891651865,0.8081705150976909
noun_close_entity,signed,0.66,441,98,122,465,0.8181818181818182,0.783303730017762,0.8003629764065335,0.783303730017762,0.17406749555950266,0.8046181172291297
noun_close_entity,signed,0.68,433,92,130,471,0.8247619047619048,0.7690941385435168,0.7959558823529411,0.7690941385435168,0.16341030195381884,0.8028419182948491
noun_close_entity,signed,0.7,429,89,134,474,0.8281853281853282,0.7619893428063943,0.7937095282146162,0.7619893428063943,0.15808170515097691,0.8019538188277087
noun_close_entity,signed,0.72,425,85,138,478,0.8333333333333334,0.7548845470692718,0.7921714818266542,0.7548845470692718,0.15097690941385436,0.8019538188277087
noun_close_entity,signed,0.74,418,79,145,484,0.8410462776659959,0.7424511545293073,0.7886792452830189,0.7424511545293073,0.14031971580817051,0.8010657193605684
noun_close_entity,signed,0.76,413,76,150,487,0.8445807770961146,0.7335701598579041,0.785171102661597,0.7335701598579041,0.1349911190053286,0.7992895204262878
noun_close_entity,signed,0.78,405,72,158,491,0.8490566037735849,0.7193605683836589,0.778846153846154,0.7193605683836589,0.12788632326820604,0.7957371225577264
noun_close_entity,signed,0.8,394,63,169,500,0.862144420131291,0.6998223801065719,0.7725490196078431,0.6998223801065719,0.11190053285968028,0.7939609236234458
noun_close_entity,signed,0.82,385,54,178,509,0.876993166287016,0.6838365896980462,0.7684630738522954,0.6838365896980462,0.09591474245115453,0.7939609236234458
noun_close_entity,signed,0.84,373,47,190,516,0.888095238095238,0.6625222024866785,0.7589013224821972,0.6625222024866785,0.08348134991119005,0.7895204262877442
noun_close_entity,signed,0.86,357,39,206,524,0.9015151515151515,0.6341030195381883,0.7445255474452555,0.6341030195381883,0.06927175843694494,0.7824156305506217
noun_close_entity,signed,0.88,339,37,224,526,0.901595744680851,0.6021314387211367,0.7220447284345046,0.6021314387211367,0.06571936056838366,0.7682060390763765
noun_close_entity,signed,0.9,326,29,237,534,0.9183098591549296,0.5790408525754884,0.710239651416122,0.5790408525754884,0.05150976909413854,0.7637655417406749
noun_close_entity,signed,0.92,302,24,261,539,0.9263803680981595,0.5364120781527532,0.6794150731158606,0.5364120781527532,0.04262877442273535,0.7468916518650088
noun_close_entity,signed,0.94,266,17,297,546,0.9399293286219081,0.4724689165186501,0.6288416075650118,0.4724689165186501,0.03019538188277087,0.7211367673179396
noun_close_entity,signed,0.96,203,7,360,556,0.9666666666666667,0.3605683836589698,0.5252263906856404,0.3605683836589698,0.012433392539964476,0.6740674955595026
noun_close_entity,signed,0.98,87,2,476,561,0.9775280898876404,0.15452930728241562,0.2668711656441718,0.15452930728241562,0.003552397868561279,0.5754884547069272
noun_close_entity,signed,1.0,0,0,563,563,0.0,0.0,0.0,0.0,0.0,0.5
noun_diagnostic,entail,0.0,253,253,0,0,0.5,1.0,0.6666666666666666,1.0,1.0,0.5
noun_diagnostic,entail,0.01,253,242,0,11,0.5111111111111111,1.0,0.676470588235294,1.0,0.9565217391304348,0.5217391304347826
noun_diagnostic,entail,0.02,253,240,0,13,0.513184584178499,1.0,0.67828418230563,1.0,0.9486166007905138,0.525691699604743
noun_diagnostic,entail,0.03,253,237,0,16,0.5163265306122449,1.0,0.6810228802153432,1.0,0.9367588932806324,0.5316205533596838
noun_diagnostic,entail,0.04,252,233,1,20,0.5195876288659794,0.9960474308300395,0.6829268292682927,0.9960474308300395,0.9209486166007905,0.5375494071146245
noun_diagnostic,entail,0.05,252,231,1,22,0.5217391304347826,0.9960474308300395,0.6847826086956521,0.9960474308300395,0.9130434782608695,0.541501976284585
noun_diagnostic,entail,0.06,252,229,1,24,0.5239085239085239,0.9960474308300395,0.6866485013623979,0.9960474308300395,0.9051383399209486,0.5454545454545454
noun_diagnostic,entail,0.07,252,228,1,25,0.525,0.9960474308300395,0.6875852660300137,0.9960474308300395,0.9011857707509882,0.5474308300395256
noun_diagnostic,entail,0.08,252,226,1,27,0.5271966527196653,0.9960474308300395,0.6894664842681258,0.9960474308300395,0.8932806324110671,0.5513833992094862
noun_diagnostic,entail,0.09,252,226,1,27,0.5271966527196653,0.9960474308300395,0.6894664842681258,0.9960474308300395,0.8932806324110671,0.5513833992094862
noun_diagnostic,entail,0.1,252,224,1,29,0.5294117647058824,0.9960474308300395,0.6913580246913581,0.9960474308300395,0.8853754940711462,0.5553359683794467
noun_diagnostic,entail,0.11,251,222,2,31,0.5306553911205074,0.9920948616600791,0.6914600550964187,0.9920948616600791,0.8774703557312253,0.5573122529644269
noun_diagnostic,entail,0.12,251,220,2,33,0.5329087048832272,0.9920948616600791,0.6933701657458563,0.9920948616600791,0.8695652173913043,0.5612648221343873
noun_diagnostic,entail,0.13,251,216,2,37,0.5374732334047109,0.9920948616600791,0.6972222222222222,0.9920948616600791,0.8537549407114624,0.5691699604743083
noun_diagnostic,entail,0.14,251,215,2,38,0.5386266094420601,0.9920948616600791,0.698191933240612,0.9920948616600791,0.849802371541502,0.5711462450592886
noun_diagnostic,entail,0.15,251,214,2,39,0.5397849462365591,0.9920948616600791,0.6991643454038998,0.9920948616600791,0.8458498023715415,0.5731225296442688
noun_diagnostic,entail,0.16,251,213,2,40,0.540948275862069,0.9920948616600791,0.7001394700139469,0.9920948616600791,0.841897233201581,0.575098814229249
noun_diagnostic,entail,0.17,251,212,2,41,0.5421166306695464,0.9920948616600791,0.7011173184357541,0.9920948616600791,0.8379446640316206,0.5770750988142292
noun_diagnostic,entail,0.18,250,211,3,42,0.5422993492407809,0.9881422924901185,0.700280112044818,0.9881422924901185,0.83399209486166,0.5770750988142292
noun_diagnostic,entail,0.19,248,208,5,45,0.543859649122807,0.9802371541501976,0.6995768688293371,0.9802371541501976,0.8221343873517787,0.5790513833992095
noun_diagnostic,entail,0.2,248,207,5,46,0.545054945054945,0.9802371541501976,0.7005649717514124,0.9802371541501976,0.8181818181818182,0.5810276679841897
noun_diagnostic,entail,0.21,248,207,5,46,0.545054945054945,0.9802371541501976,0.7005649717514124,0.9802371541501976,0.8181818181818182,0.5810276679841897
noun_diagnostic,entail,0.22,248,207,5,46,0.545054945054945,0.9802371541501976,0.7005649717514124,0.9802371541501976,0.8181818181818182,0.5810276679841897
noun_diagnostic,entail,0.23,248,205,5,48,0.5474613686534217,0.9802371541501976,0.7025495750708215,0.9802371541501976,0.8102766798418972,0.5849802371541502
noun_diagnostic,entail,0.24,248,203,5,50,0.549889135254989,0.9802371541501976,0.7045454545454546,0.9802371541501976,0.8023715415019763,0.5889328063241107
noun_diagnostic,entail,0.25,248,202,5,51,0.5511111111111111,0.9802371541501976,0.705547652916074,0.9802371541501976,0.7984189723320159,0.5909090909090909
noun_diagnostic,entail,0.26,248,200,5,53,0.5535714285714286,0.9802371541501976,0.7075606276747505,0.9802371541501976,0.7905138339920948,0.5948616600790514
noun_diagnostic,entail,0.27,247,200,6,53,0.5525727069351231,0.9762845849802372,0.7057142857142856,0.9762845849802372,0.7905138339920948,0.5928853754940712
noun_diagnostic,entail,0.28,247,199,6,54,0.5538116591928252,0.9762845849802372,0.7067238912732475,0.9762845849802372,0.7865612648221344,0.5948616600790514
noun_diagnostic,entail,0.29,247,197,6,56,0.5563063063063063,0.9762845849802372,0.7087517934002868,0.9762845849802372,0.7786561264822134,0.5988142292490118
noun_diagnostic,entail,0.3,247,196,6,57,0.5575620767494357,0.9762845849802372,0.7097701149425288,0.9762845849802372,0.7747035573122529,0.6007905138339921
noun_diagnostic,entail,0.31,246,196,7,57,0.5565610859728507,0.9723320158102767,0.7079136690647483,0.9723320158102767,0.7747035573122529,0.5988142292490118
noun_diagnostic,entail,0.32,246,194,7,59,0.5590909090909091,0.9723320158102767,0.7099567099567099,0.9723320158102767,0.766798418972332,0.6027667984189723
noun_diagnostic,entail,0.33,246,194,7,59,0.5590909090909091,0.9723320158102767,0.7099567099567099,0.9723320158102767,0.766798418972332,0.6027667984189723
noun_diagnostic,entail,0.34,245,192,8,61,0.5606407322654462,0.9683794466403162,0.7101449275362319,0.9683794466403162,0.758893280632411,0.6047430830039525
noun_diagnostic,entail,0.35,245,191,8,62,0.5619266055045872,0.9683794466403162,0.7111756168359942,0.9683794466403162,0.7549407114624506,0.6067193675889329
noun_diagnostic,entail,0.36,244,188,9,65,0.5648148148148148,0.9644268774703557,0.7124087591240876,0.9644268774703557,0.7430830039525692,0.6106719367588933
noun_diagnostic,entail,0.37,244,187,9,66,0.5661252900232019,0.9644268774703557,0.7134502923976609,0.9644268774703557,0.7391304347826086,0.6126482213438735
noun_diagnostic,entail,0.38,244,185,9,68,0.5687645687645687,0.9644268774703557,0.7155425219941348,0.9644268774703557,0.7312252964426877,0.616600790513834
noun_diagnostic,entail,0.39,244,184,9,69,0.5700934579439252,0.9644268774703557,0.7165932452276064,0.9644268774703557,0.7272727272727273,0.6185770750988142
noun_diagnostic,entail,0.4,244,183,9,70,0.5714285714285714,0.9644268774703557,0.7176470588235294,0.9644268774703557,0.7233201581027668,0.6205533596837944
noun_diagnostic,entail,0.41,243,183,10,70,0.5704225352112676,0.9604743083003953,0.7157584683357879,0.9604743083003953,0.7233201581027668,0.6185770750988142
noun_diagnostic,entail,0.42,243,180,10,73,0.574468085106383,0.9604743083003953,0.7189349112426037,0.9604743083003953,0.7114624505928854,0.6245059288537549
noun_diagnostic,entail,0.43,243,180,10,73,0.574468085106383,0.9604743083003953,0.7189349112426037,0.9604743083003953,0.7114624505928854,0.6245059288537549
noun_diagnostic,entail,0.44,242,179,11,74,0.5748218527315915,0.9565217391304348,0.7181008902077152,0.9565217391304348,0.7075098814229249,0.6245059288537549
noun_diagnostic,entail,0.45,242,177,11,76,0.5775656324582339,0.9565217391304348,0.7202380952380952,0.9565217391304348,0.6996047430830039,0.6284584980237155
noun_diagnostic,entail,0.46,241,177,12,76,0.5765550239234449,0.9525691699604744,0.7183308494783904,0.9525691699604744,0.6996047430830039,0.6264822134387352
noun_diagnostic,entail,0.47,241,177,12,76,0.5765550239234449,0.9525691699604744,0.7183308494783904,0.9525691699604744,0.6996047430830039,0.6264822134387352
noun_diagnostic,entail,0.48,241,176,12,77,0.5779376498800959,0.9525691699604744,0.7194029850746269,0.9525691699604744,0.6956521739130435,0.6284584980237155
noun_diagnostic,entail,0.49,240,174,13,79,0.5797101449275363,0.9486166007905138,0.7196401799100449,0.9486166007905138,0.6877470355731226,0.6304347826086957
noun_diagnostic,entail,0.5,239,173,14,80,0.5800970873786407,0.9446640316205533,0.7187969924812029,0.9446640316205533,0.6837944664031621,0.6304347826086957
noun_diagnostic,entail,0.51,239,172,14,81,0.5815085158150851,0.9446640316205533,0.719879518072289,0.9446640316205533,0.6798418972332015,0.6324110671936759
noun_diagnostic,entail,0.52,239,169,14,84,0.5857843137254902,0.9446640316205533,0.7231467473524963,0.9446640316205533,0.6679841897233202,0.6383399209486166
noun_diagnostic,entail,0.53,238,168,15,85,0.5862068965517241,0.9407114624505929,0.7223065250379362,0.9407114624505929,0.6640316205533597,0.6383399209486166
noun_diagnostic,entail,0.54,237,166,16,87,0.5880893300248139,0.9367588932806324,0.7225609756097562,0.9367588932806324,0.6561264822134387,0.6403162055335968
noun_diagnostic,entail,0.55,237,165,16,88,0.5895522388059702,0.9367588932806324,0.7236641221374045,0.9367588932806324,0.6521739130434783,0.642292490118577
noun_diagnostic,entail,0.56,237,165,16,88,0.5895522388059702,0.9367588932806324,0.7236641221374045,0.9367588932806324,0.6521739130434783,0.642292490118577
noun_diagnostic,entail,0.57,237,164,16,89,0.5910224438902744,0.9367588932806324,0.7247706422018348,0.9367588932806324,0.6482213438735178,0.6442687747035574
noun_diagnostic,entail,0.58,237,162,16,91,0.5939849624060151,0.9367588932806324,0.7269938650306749,0.9367588932806324,0.6403162055335968,0.6482213438735178
noun_diagnostic,entail,0.59,235,159,18,94,0.5964467005076142,0.9288537549407114,0.7264296754250387,0.9288537549407114,0.6284584980237155,0.650197628458498
noun_diagnostic,entail,0.6,235,158,18,95,0.5979643765903307,0.9288537549407114,0.7275541795665635,0.9288537549407114,0.6245059288537549,0.6521739130434783
noun_diagnostic,entail,0.61,235,157,18,96,0.5994897959183674,0.9288537549407114,0.7286821705426356,0.9288537549407114,0.6205533596837944,0.6541501976284585
noun_diagnostic,entail,0.62,233,155,20,98,0.6005154639175257,0.9209486166007905,0.7269890795631825,0.9209486166007905,0.6126482213438735,0.6541501976284585
noun_diagnostic,entail,0.63,233,152,20,101,0.6051948051948052,0.9209486166007905,0.7304075235109718,0.9209486166007905,0.6007905138339921,0.6600790513833992
noun_diagnostic,entail,0.64,233,151,20,102,0.6067708333333334,0.9209486166007905,0.7315541601255887,0.9209486166007905,0.5968379446640316,0.6620553359683794
noun_diagnostic,entail,0.65,233,149,20,104,0.6099476439790575,0.9209486166007905,0.7338582677165353,0.9209486166007905,0.5889328063241107,0.66600790513834
noun_diagnostic,entail,0.66,232,147,21,106,0.6121372031662269,0.9169960474308301,0.7341772151898734,0.9169960474308301,0.5810276679841897,0.6679841897233202
noun_diagnostic,entail,0.67,231,144,22,109,0.616,0.9130434782608695,0.7356687898089171,0.9130434782608695,0.5691699604743083,0.6719367588932806
noun_diagnostic,entail,0.68,229,140,24,113,0.6205962059620597,0.9051383399209486,0.7363344051446945,0.9051383399209486,0.5533596837944664,0.6758893280632411
noun_diagnostic,entail,0.69,226,138,27,115,0.6208791208791209,0.8932806324110671,0.7325769854132901,0.8932806324110671,0.5454545454545454,0.6739130434782609
noun_diagnostic,entail,0.7,226,134,27,119,0.6277777777777778,0.8932806324110671,0.7373572593800978,0.8932806324110671,0.5296442687747036,0.6818181818181818
noun_diagnostic,entail,0.71,225,132,28,121,0.6302521008403361,0.8893280632411067,0.7377049180327869,0.8893280632411067,0.5217391304347826,0.6837944664031621
noun_diagnostic,entail,0.72,224,129,29,124,0.6345609065155807,0.8853754940711462,0.7392739273927393,0.8853754940711462,0.5098814229249012,0.6877470355731226
noun_diagnostic,entail,0.73,223,129,30,124,0.6335227272727273,0.8814229249011858,0.7371900826446282,0.8814229249011858,0.5098814229249012,0.6857707509881423
noun_diagnostic,entail,0.74,223,125,30,128,0.6408045977011494,0.8814229249011858,0.7420965058236273,0.8814229249011858,0.49407114624505927,0.6936758893280632
noun_diagnostic,entail,0.75,222,124,31,129,0.6416184971098265,0.8774703557312253,0.7412353923205343,0.8774703557312253,0.4901185770750988,0.6936758893280632
noun_diagnostic,entail,0.76,222,123,31,130,0.6434782608695652,0.8774703557312253,0.7424749163879598,0.8774703557312253,0.48616600790513836,0.6956521739130435
noun_diagnostic,entail,0.77,220,122,33,131,0.6432748538011696,0.8695652173913043,0.7394957983193277,0.8695652173913043,0.48221343873517786,0.6936758893280632
noun_diagnostic,entail,0.78,218,120,35,133,0.6449704142011834,0.8616600790513834,0.7377326565143825,0.8616600790513834,0.4743083003952569,0.6936758893280632
noun_diagnostic,entail,0.79,218,120,35,133,0.6449704142011834,0.8616600790513834,0.7377326565143825,0.8616600790513834,0.4743083003952569,0.6936758893280632
noun_diagnostic,entail,0.8,217,114,36,139,0.6555891238670695,0.857707509881423,0.7431506849315068,0.857707509881423,0.4505928853754941,0.7035573122529645
noun_diagnostic,entail,0.81,216,111,37,142,0.6605504587155964,0.8537549407114624,0.7448275862068965,0.8537549407114624,0.43873517786561267,0.7075098814229249
noun_diagnostic,entail,0.82,215,107,38,146,0.6677018633540373,0.849802371541502,0.7478260869565216,0.849802371541502,0.42292490118577075,0.7134387351778656
noun_diagnostic,entail,0.83,215,106,38,147,0.6697819314641744,0.849802371541502,0.7491289198606272,0.849802371541502,0.4189723320158103,0.7154150197628458
noun_diagnostic,entail,0.84,215,100,38,153,0.6825396825396826,0.849802371541502,0.7570422535211268,0.849802371541502,0.3952569169960474,0.7272727272727273
noun_diagnostic,entail,0.85,213,96,40,157,0.6893203883495146,0.841897233201581,0.7580071174377224,0.841897233201581,0.3794466403162055,0.7312252964426877
noun_diagnostic,entail,0.86,209,92,44,161,0.6943521594684385,0.8260869565217391,0.7545126353790614,0.8260869565217391,0.36363636363636365,0.7312252964426877
noun_diagnostic,entail,0.87,207,87,46,166,0.7040816326530612,0.8181818181818182,0.7568555758683729,0.8181818181818182,0.3438735177865613,0.7371541501976284
noun_diagnostic,entail,0.88,206,85,47,168,0.7079037800687286,0.8142292490118577,0.7573529411764707,0.8142292490118577,0.3359683794466403,0.7391304347826086
noun_diagnostic,entail,0.89,204,82,49,171,0.7132867132867133,0.8063241106719368,0.7569573283858998,0.8063241106719368,0.3241106719367589,0.741106719367589
noun_diagnostic,entail,0.9,201,75,52,178,0.7282608695652174,0.7944664031620553,0.7599243856332704,0.7944664031620553,0.2964426877470356,0.7490118577075099
noun_diagnostic,entail,0.91,194,66,59,187,0.7461538461538462,0.766798418972332,0.7563352826510721,0.766798418972332,0.2608695652173913,0.7529644268774703
noun_diagnostic,entail,0.92,189,57,64,196,0.7682926829268293,0.7470355731225297,0.7575150300601202,0.7470355731225297,0.22529644268774704,0.7608695652173914
noun_diagnostic,entail,0.93,188,53,65,200,0.7800829875518672,0.7430830039525692,0.7611336032388665,0.7430830039525692,0.20948616600790515,0.766798418972332
noun_diagnostic,entail,0.94,182,47,71,206,0.7947598253275109,0.7193675889328063,0.7551867219917011,0.7193675889328063,0.1857707509881423,0.766798418972332
noun_diagnostic,entail,0.95,170,44,83,209,0.794392523364486,0.6719367588932806,0.728051391862955,0.6719367588932806,0.17391304347826086,0.7490118577075099
noun_diagnostic,entail,0.96,153,38,100,215,0.8010471204188482,0.6047430830039525,0.6891891891891891,0.6047430830039525,0.15019762845849802,0.7272727272727273
noun_diagnostic,entail,0.97,140,30,113,223,0.8235294117647058,0.5533596837944664,0.6619385342789598,0.5533596837944664,0.11857707509881422,0.717391304347826
noun_diagnostic,entail,0.98,111,14,142,239,0.888,0.43873517786561267,0.5873015873015873,0.43873517786561267,0.05533596837944664,0.691699604743083
noun_diagnostic,entail,0.99,58,4,195,249,0.9354838709677419,0.22924901185770752,0.3682539682539682,0.22924901185770752,0.015810276679841896,0.6067193675889329
noun_diagnostic,entail,1.0,0,0,253,253,0.0,0.0,0.0,0.0,0.0,0.5
noun_diagnostic,signed,-1.0,253,253,0,0,0.5,1.0,0.6666666666666666,1.0,1.0,0.5
noun_diagnostic,signed,-0.98,253,249,0,4,0.5039840637450199,1.0,0.6701986754966888,1.0,0.9841897233201581,0.5079051383399209
noun_diagnostic,signed,-0.96,253,245,0,8,0.5080321285140562,1.0,0.673768308921438,1.0,0.9683794466403162,0.5158102766798419
noun_diagnostic,signed,-0.94,253,245,0,8,0.5080321285140562,1.0,0.673768308921438,1.0,0.9683794466403162,0.5158102766798419
noun_diagnostic,signed,-0.92,253,245,0,8,0.5080321285140562,1.0,0.673768308921438,1.0,0.9683794466403162,0.5158102766798419
noun_diagnostic,signed,-0.9,252,243,1,10,0.509090909090909,0.9960474308300395,0.6737967914438503,0.9960474308300395,0.9604743083003953,0.5177865612648221
noun_diagnostic,signed,-0.88,252,242,1,11,0.5101214574898786,0.9960474308300395,0.674698795180723,0.9960474308300395,0.9565217391304348,0.5197628458498024
noun_diagnostic,signed,-0.86,252,240,1,13,0.5121951219512195,0.9960474308300395,0.6765100671140939,0.9960474308300395,0.9486166007905138,0.5237154150197628
noun_diagnostic,signed,-0.84,252,239,1,14,0.5132382892057027,0.9960474308300395,0.6774193548387096,0.9960474308300395,0.9446640316205533,0.525691699604743
noun_diagnostic,signed,-0.82,252,239,1,14,0.5132382892057027,0.9960474308300395,0.6774193548387096,0.9960474308300395,0.9446640316205533,0.525691699604743
noun_diagnostic,signed,-0.8,252,238,1,15,0.5142857142857142,0.9960474308300395,0.6783310901749663,0.9960474308300395,0.9407114624505929,0.5276679841897233
noun_diagnostic,signed,-0.78,252,237,1,16,0.5153374233128835,0.9960474308300395,0.6792452830188679,0.9960474308300395,0.9367588932806324,0.5296442687747036
noun_diagnostic,signed,-0.76,252,237,1,16,0.5153374233128835,0.9960474308300395,0.6792452830188679,0.9960474308300395,0.9367588932806324,0.5296442687747036
noun_diagnostic,signed,-0.74,252,237,1,16,0.5153374233128835,0.9960474308300395,0.6792452830188679,0.9960474308300395,0.9367588932806324,0.5296442687747036
noun_diagnostic,signed,-0.72,252,236,1,17,0.5163934426229508,0.9960474308300395,0.6801619433198381,0.9960474308300395,0.932806324110672,0.5316205533596838
noun_diagnostic,signed,-0.7,252,234,1,19,0.5185185185185185,0.9960474308300395,0.6820027063599458,0.9960474308300395,0.924901185770751,0.5355731225296443
noun_diagnostic,signed,-0.68,252,233,1,20,0.5195876288659794,0.9960474308300395,0.6829268292682927,0.9960474308300395,0.9209486166007905,0.5375494071146245
noun_diagnostic,signed,-0.66,252,231,1,22,0.5217391304347826,0.9960474308300395,0.6847826086956521,0.9960474308300395,0.9130434782608695,0.541501976284585
noun_diagnostic,signed,-0.64,252,231,1,22,0.5217391304347826,0.9960474308300395,0.6847826086956521,0.9960474308300395,0.9130434782608695,0.541501976284585
noun_diagnostic,signed,-0.62,251,231,2,22,0.520746887966805,0.9920948616600791,0.6829931972789116,0.9920948616600791,0.9130434782608695,0.5395256916996047
noun_diagnostic,signed,-0.6,251,230,2,23,0.5218295218295218,0.9920948616600791,0.6839237057220708,0.9920948616600791,0.9090909090909091,0.541501976284585
noun_diagnostic,signed,-0.58,251,230,2,23,0.5218295218295218,0.9920948616600791,0.6839237057220708,0.9920948616600791,0.9090909090909091,0.541501976284585
noun_diagnostic,signed,-0.56,251,230,2,23,0.5218295218295218,0.9920948616600791,0.6839237057220708,0.9920948616600791,0.9090909090909091,0.541501976284585
noun_diagnostic,signed,-0.54,251,229,2,24,0.5229166666666667,0.9920948616600791,0.6848567530695772,0.9920948616600791,0.9051383399209486,0.5434782608695652
noun_diagnostic,signed,-0.52,251,228,2,25,0.524008350730689,0.9920948616600791,0.685792349726776,0.9920948616600791,0.9011857707509882,0.5454545454545454
noun_diagnostic,signed,-0.5,251,228,2,25,0.524008350730689,0.9920948616600791,0.685792349726776,0.9920948616600791,0.9011857707509882,0.5454545454545454
noun_diagnostic,signed,-0.48,251,228,2,25,0.524008350730689,0.9920948616600791,0.685792349726776,0.9920948616600791,0.9011857707509882,0.5454545454545454
noun_diagnostic,signed,-0.46,251,225,2,28,0.5273109243697479,0.9920948616600791,0.6886145404663925,0.9920948616600791,0.8893280632411067,0.5513833992094862
noun_diagnostic,signed,-0.44,251,225,2,28,0.5273109243697479,0.9920948616600791,0.6886145404663925,0.9920948616600791,0.8893280632411067,0.5513833992094862
noun_diagnostic,signed,-0.42,251,225,2,28,0.5273109243697479,0.9920948616600791,0.6886145404663925,0.9920948616600791,0.8893280632411067,0.5513833992094862
noun_diagnostic,signed,-0.4,251,224,2,29,0.5284210526315789,0.9920948616600791,0.6895604395604396,0.9920948616600791,0.8853754940711462,0.5533596837944664
noun_diagnostic,signed,-0.38,250,224,3,29,0.5274261603375527,0.9881422924901185,0.687757909215956,0.9881422924901185,0.8853754940711462,0.5513833992094862
noun_diagnostic,signed,-0.36,250,222,3,31,0.5296610169491526,0.9881422924901185,0.6896551724137931,0.9881422924901185,0.8774703557312253,0.5553359683794467
noun_diagnostic,signed,-0.34,250,221,3,32,0.5307855626326964,0.9881422924901185,0.6906077348066298,0.9881422924901185,0.8735177865612648,0.5573122529644269
noun_diagnostic,signed,-0.32,250,221,3,32,0.5307855626326964,0.9881422924901185,0.6906077348066298,0.9881422924901185,0.8735177865612648,0.5573122529644269
noun_diagnostic,signed,-0.3,250,220,3,33,0.5319148936170213,0.9881422924901185,0.6915629322268325,0.9881422924901185,0.8695652173913043,0.5592885375494071
noun_diagnostic,signed,-0.28,250,219,3,34,0.5330490405117271,0.9881422924901185,0.6925207756232686,0.9881422924901185,0.8656126482213439,0.5612648221343873
noun_diagnostic,signed,-0.26,249,217,4,36,0.5343347639484979,0.9841897233201581,0.6926286509040334,0.9841897233201581,0.857707509881423,0.5632411067193676
noun_diagnostic,signed,-0.24,249,217,4,36,0.5343347639484979,0.9841897233201581,0.6926286509040334,0.9841897233201581,0.857707509881423,0.5632411067193676
noun_diagnostic,signed,-0.22,248,217,5,36,0.5333333333333333,0.9802371541501976,0.6908077994428969,0.9802371541501976,0.857707509881423,0.5612648221343873
noun_diagnostic,signed,-0.2,248,217,5,36,0.5333333333333333,0.9802371541501976,0.6908077994428969,0.9802371541501976,0.857707509881423,0.5612648221343873
noun_diagnostic,signed,-0.18,248,217,5,36,0.5333333333333333,0.9802371541501976,0.6908077994428969,0.9802371541501976,0.857707509881423,0.5612648221343873
noun_diagnostic,signed,-0.16,248,215,5,38,0.5356371490280778,0.9802371541501976,0.6927374301675977,0.9802371541501976,0.849802371541502,0.5652173913043478
noun_diagnostic,signed,-0.14,248,215,5,38,0.5356371490280778,0.9802371541501976,0.6927374301675977,0.9802371541501976,0.849802371541502,0.5652173913043478
noun_diagnostic,signed,-0.12,248,214,5,39,0.5367965367965368,0.9802371541501976,0.6937062937062938,0.9802371541501976,0.8458498023715415,0.567193675889328
noun_diagnostic,signed,-0.1,248,214,5,39,0.5367965367965368,0.9802371541501976,0.6937062937062938,0.9802371541501976,0.8458498023715415,0.567193675889328
noun_diagnostic,signed,-0.08,248,214,5,39,0.5367965367965368,0.9802371541501976,0.6937062937062938,0.9802371541501976,0.8458498023715415,0.567193675889328
noun_diagnostic,signed,-0.06,248,213,5,40,0.5379609544468547,0.9802371541501976,0.6946778711484595,0.9802371541501976,0.841897233201581,0.5691699604743083
noun_diagnostic,signed,-0.04,247,213,6,40,0.5369565217391304,0.9762845849802372,0.6928471248246845,0.9762845849802372,0.841897233201581,0.567193675889328
noun_diagnostic,signed,-0.02,247,213,6,40,0.5369565217391304,0.9762845849802372,0.6928471248246845,0.9762845849802372,0.841897233201581,0.567193675889328
noun_diagnostic,signed,0.0,247,211,6,42,0.5393013100436681,0.9762845849802372,0.6947960618846695,0.9762845849802372,0.83399209486166,0.5711462450592886
noun_diagnostic,signed,0.02,247,211,6,42,0.5393013100436681,0.9762845849802372,0.6947960618846695,0.9762845849802372,0.83399209486166,0.5711462450592886
noun_diagnostic,signed,0.04,247,210,6,43,0.5404814004376368,0.9762845849802372,0.695774647887324,0.9762845849802372,0.8300395256916996,0.5731225296442688
noun_diagnostic,signed,0.06,247,209,6,44,0.5416666666666666,0.9762845849802372,0.696755994358251,0.9762845849802372,0.8260869565217391,0.575098814229249
noun_diagnostic,signed,0.08,246,205,7,48,0.5454545454545454,0.9723320158102767,0.6988636363636362,0.9723320158102767,0.8102766798418972,0.5810276679841897
noun_diagnostic,signed,0.1,245,204,8,49,0.5456570155902004,0.9683794466403162,0.698005698005698,0.9683794466403162,0.8063241106719368,0.5810276679841897
noun_diagnostic,signed,0.12,245,201,8,52,0.5493273542600897,0.9683794466403162,0.7010014306151644,0.9683794466403162,0.7944664031620553,0.5869565217391305
noun_diagnostic,signed,0.14,245,200,8,53,0.550561797752809,0.9683794466403162,0.7020057306590258,0.9683794466403162,0.7905138339920948,0.5889328063241107
noun_diagnostic,signed,0.16,244,198,9,55,0.5520361990950227,0.9644268774703557,0.702158273381295,0.9644268774703557,0.782608695652174,0.5909090909090909
noun_diagnostic,signed,0.18,242,195,11,58,0.5537757437070938,0.9565217391304348,0.7014492753623188,0.9565217391304348,0.7707509881422925,0.5928853754940712
noun_diagnostic,signed,0.2,242,190,11,63,0.5601851851851852,0.9565217391304348,0.7065693430656934,0.9565217391304348,0.7509881422924901,0.6027667984189723
noun_diagnostic,signed,0.22,242,188,11,65,0.5627906976744186,0.9565217391304348,0.7086383601756955,0.9565217391304348,0.7430830039525692,0.6067193675889329
noun_diagnostic,signed,0.24,242,187,11,66,0.5641025641025641,0.9565217391304348,0.7096774193548387,0.9565217391304348,0.7391304347826086,0.6086956521739131
noun_diagnostic,signed,0.26,240,181,13,72,0.5700712589073634,0.9486166007905138,0.712166172106825,0.9486166007905138,0.7154150197628458,0.616600790513834
noun_diagnostic,signed,0.28,239,180,14,73,0.5704057279236276,0.9446640316205533,0.7113095238095238,0.9446640316205533,0.7114624505928854,0.616600790513834
noun_diagnostic,signed,0.3,237,178,16,75,0.5710843373493976,0.9367588932806324,0.7095808383233533,0.9367588932806324,0.7035573122529645,0.616600790513834
noun_diagnostic,signed,0.32,237,177,16,76,0.572463768115942,0.9367588932806324,0.7106446776611695,0.9367588932806324,0.6996047430830039,0.6185770750988142
noun_diagnostic,signed,0.34,237,176,16,77,0.5738498789346247,0.9367588932806324,0.7117117117117118,0.9367588932806324,0.6956521739130435,0.6205533596837944
noun_diagnostic,signed,0.36,235,175,18,78,0.573170731707317,0.9288537549407114,0.7088989441930618,0.9288537549407114,0.691699604743083,0.6185770750988142
noun_diagnostic,signed,0.38,234,173,19,80,0.5749385749385749,0.924901185770751,0.7090909090909091,0.924901185770751,0.6837944664031621,0.6205533596837944
noun_diagnostic,signed,0.4,234,171,19,82,0.5777777777777777,0.924901185770751,0.7112462006079027,0.924901185770751,0.6758893280632411,0.6245059288537549
noun_diagnostic,signed,0.42,234,168,19,85,0.582089552238806,0.924901185770751,0.7145038167938931,0.924901185770751,0.6640316205533597,0.6304347826086957
noun_diagnostic,signed,0.44,232,165,21,88,0.5843828715365239,0.9169960474308301,0.7138461538461539,0.9169960474308301,0.6521739130434783,0.6324110671936759
noun_diagnostic,signed,0.46,231,164,22,89,0.5848101265822785,0.9130434782608695,0.7129629629629629,0.9130434782608695,0.6482213438735178,0.6324110671936759
noun_diagnostic,signed,0.48,230,161,23,92,0.5882352941176471,0.9090909090909091,0.7142857142857143,0.9090909090909091,0.6363636363636364,0.6363636363636364
noun_diagnostic,signed,0.5,229,157,24,96,0.5932642487046632,0.9051383399209486,0.7167449139280125,0.9051383399209486,0.6205533596837944,0.642292490118577
noun_diagnostic,signed,0.52,229,156,24,97,0.5948051948051948,0.9051383399209486,0.7178683385579937,0.9051383399209486,0.616600790513834,0.6442687747035574
noun_diagnostic,signed,0.54,229,153,24,100,0.599476439790576,0.9051383399209486,0.721259842519685,0.9051383399209486,0.6047430830039525,0.650197628458498
noun_diagnostic,signed,0.56,228,151,25,102,0.6015831134564644,0.9011857707509882,0.7215189873417721,0.9011857707509882,0.5968379446640316,0.6521739130434783
noun_diagnostic,signed,0.58,225,151,28,102,0.598404255319149,0.8893280632411067,0.7154213036565978,0.8893280632411067,0.5968379446640316,0.6462450592885376
noun_diagnostic,signed,0.6,225,150,28,103,0.6,0.8893280632411067,0.7165605095541401,0.8893280632411067,0.5928853754940712,0.6482213438735178
noun_diagnostic,signed,0.62,224,147,29,106,0.6037735849056604,0.8853754940711462,0.717948717948718,0.8853754940711462,0.5810276679841897,0.6521739130434783
noun_diagnostic,signed,0.64,223,142,30,111,0.6109589041095891,0.8814229249011858,0.7216828478964401,0.8814229249011858,0.5612648221343873,0.6600790513833992
noun_diagnostic,signed,0.66,223,139,30,114,0.6160220994475138,0.8814229249011858,0.7252032520325203,0.8814229249011858,0.549407114624506,0.66600790513834
noun_diagnostic,signed,0.68,221,134,32,119,0.6225352112676056,0.8735177865612648,0.7269736842105262,0.8735177865612648,0.5296442687747036,0.6719367588932806
noun_diagnostic,signed,0.7,220,128,33,125,0.632183908045977,0.8695652173913043,0.7321131447587356,0.8695652173913043,0.5059288537549407,0.6818181818181818
noun_diagnostic,signed,0.72,218,123,35,130,0.6392961876832844,0.8616600790513834,0.734006734006734,0.8616600790513834,0.48616600790513836,0.6877470355731226
noun_diagnostic,signed,0.74,217,120,36,133,0.6439169139465876,0.857707509881423,0.735593220338983,0.857707509881423,0.4743083003952569,0.691699604743083
noun_diagnostic,signed,0.76,217,117,36,136,0.6497005988023952,0.857707509881423,0.7393526405451448,0.857707509881423,0.4624505928853755,0.6976284584980237
noun_diagnostic,signed,0.78,214,115,39,138,0.6504559270516718,0.8458498023715415,0.7353951890034364,0.8458498023715415,0.45454545454545453,0.6956521739130435
noun_diagnostic,signed,0.8,213,107,40,146,0.665625,0.841897233201581,0.743455497382199,0.841897233201581,0.42292490118577075,0.7094861660079052
noun_diagnostic,signed,0.82,209,100,44,153,0.6763754045307443,0.8260869565217391,0.7437722419928825,0.8260869565217391,0.3952569169960474,0.7154150197628458
noun_diagnostic,signed,0.84,208,94,45,159,0.6887417218543046,0.8221343873517787,0.7495495495495496,0.8221343873517787,0.3715415019762846,0.7252964426877471
noun_diagnostic,signed,0.86,203,85,50,168,0.7048611111111112,0.8023715415019763,0.7504621072088725,0.8023715415019763,0.3359683794466403,0.733201581027668
noun_diagnostic,signed,0.88,201,78,52,175,0.7204301075268817,0.7944664031620553,0.7556390977443609,0.7944664031620553,0.308300395256917,0.7430830039525692
noun_diagnostic,signed,0.9,190,64,63,189,0.7480314960629921,0.7509881422924901,0.7495069033530571,0.7509881422924901,0.25296442687747034,0.7490118577075099
noun_diagnostic,signed,0.92,185,54,68,199,0.7740585774058577,0.7312252964426877,0.7520325203252033,0.7312252964426877,0.2134387351778656,0.758893280632411
noun_diagnostic,signed,0.94,167,46,86,207,0.784037558685446,0.6600790513833992,0.7167381974248926,0.6600790513833992,0.18181818181818182,0.7391304347826086
noun_diagnostic,signed,0.96,143,37,110,216,0.7944444444444444,0.5652173913043478,0.6605080831408775,0.5652173913043478,0.14624505928853754,0.7094861660079052
noun_diagnostic,signed,0.98,101,12,152,241,0.8938053097345132,0.39920948616600793,0.551912568306011,0.39920948616600793,0.04743083003952569,0.6758893280632411
noun_diagnostic,signed,1.0,0,0,253,253,0.0,0.0,0.0,0.0,0.0,0.5
noun_directional,entail,0.0,68,68,0,0,0.5,1.0,0.6666666666666666,1.0,1.0,0.5
noun_directional,entail,0.01,67,27,1,41,0.7127659574468085,0.9852941176470589,0.8271604938271604,0.9852941176470589,0.39705882352941174,0.7941176470588235
noun_directional,entail,0.02,67,19,1,49,0.7790697674418605,0.9852941176470589,0.8701298701298702,0.9852941176470589,0.27941176470588236,0.8529411764705882
noun_directional,entail,0.03,67,14,1,54,0.8271604938271605,0.9852941176470589,0.8993288590604026,0.9852941176470589,0.20588235294117646,0.8897058823529411
noun_directional,entail,0.04,67,11,1,57,0.8589743589743589,0.9852941176470589,0.9178082191780821,0.9852941176470589,0.16176470588235295,0.9117647058823529
noun_directional,entail,0.05,67,9,1,59,0.881578947368421,0.9852941176470589,0.9305555555555556,0.9852941176470589,0.1323529411764706,0.9264705882352942
noun_directional,entail,0.06,66,9,2,59,0.88,0.9705882352941176,0.9230769230769231,0.9705882352941176,0.1323529411764706,0.9191176470588235
noun_directional,entail,0.07,66,8,2,60,0.8918918918918919,0.9705882352941176,0.9295774647887325,0.9705882352941176,0.11764705882352941,0.9264705882352942
noun_directional,entail,0.08,66,8,2,60,0.8918918918918919,0.9705882352941176,0.9295774647887325,0.9705882352941176,0.11764705882352941,0.9264705882352942
noun_directional,entail,0.09,65,8,3,60,0.8904109589041096,0.9558823529411765,0.9219858156028369,0.9558823529411765,0.11764705882352941,0.9191176470588235
noun_directional,entail,0.1,65,8,3,60,0.8904109589041096,0.9558823529411765,0.9219858156028369,0.9558823529411765,0.11764705882352941,0.9191176470588235
noun_directional,entail,0.11,64,7,4,61,0.9014084507042254,0.9411764705882353,0.920863309352518,0.9411764705882353,0.10294117647058823,0.9191176470588235
noun_directional,entail,0.12,63,7,5,61,0.9,0.9264705882352942,0.9130434782608695,0.9264705882352942,0.10294117647058823,0.9117647058823529
noun_directional,entail,0.13,63,7,5,61,0.9,0.9264705882352942,0.9130434782608695,0.9264705882352942,0.10294117647058823,0.9117647058823529
noun_directional,entail,0.14,63,7,5,61,0.9,0.9264705882352942,0.9130434782608695,0.9264705882352942,0.10294117647058823,0.9117647058823529
noun_directional,entail,0.15,63,6,5,62,0.9130434782608695,0.9264705882352942,0.9197080291970804,0.9264705882352942,0.08823529411764706,0.9191176470588235
noun_directional,entail,0.16,62,6,6,62,0.9117647058823529,0.9117647058823529,0.9117647058823528,0.9117647058823529,0.08823529411764706,0.9117647058823529
noun_directional,entail,0.17,62,5,6,63,0.9253731343283582,0.9117647058823529,0.9185185185185185,0.9117647058823529,0.07352941176470588,0.9191176470588235
noun_directional,entail,0.18,62,5,6,63,0.9253731343283582,0.9117647058823529,0.9185185185185185,0.9117647058823529,0.07352941176470588,0.9191176470588235
noun_directional,entail,0.19,62,5,6,63,0.9253731343283582,0.9117647058823529,0.9185185185185185,0.9117647058823529,0.07352941176470588,0.9191176470588235
noun_directional,entail,0.2,62,5,6,63,0.9253731343283582,0.9117647058823529,0.9185185185185185,0.9117647058823529,0.07352941176470588,0.9191176470588235
noun_directional,entail,0.21,62,5,6,63,0.9253731343283582,0.9117647058823529,0.9185185185185185,0.9117647058823529,0.07352941176470588,0.9191176470588235
noun_directional,entail,0.22,62,4,6,64,0.9393939393939394,0.9117647058823529,0.9253731343283583,0.9117647058823529,0.058823529411764705,0.9264705882352942
noun_directional,entail,0.23,62,4,6,64,0.9393939393939394,0.9117647058823529,0.9253731343283583,0.9117647058823529,0.058823529411764705,0.9264705882352942
noun_directional,entail,0.24,62,4,6,64,0.9393939393939394,0.9117647058823529,0.9253731343283583,0.9117647058823529,0.058823529411764705,0.9264705882352942
noun_directional,entail,0.25,62,4,6,64,0.9393939393939394,0.9117647058823529,0.9253731343283583,0.9117647058823529,0.058823529411764705,0.9264705882352942
noun_directional,entail,0.26,62,4,6,64,0.9393939393939394,0.9117647058823529,0.9253731343283583,0.9117647058823529,0.058823529411764705,0.9264705882352942
noun_directional,entail,0.27,62,4,6,64,0.9393939393939394,0.9117647058823529,0.9253731343283583,0.9117647058823529,0.058823529411764705,0.9264705882352942
noun_directional,entail,0.28,62,4,6,64,0.9393939393939394,0.9117647058823529,0.9253731343283583,0.9117647058823529,0.058823529411764705,0.9264705882352942
noun_directional,entail,0.29,62,4,6,64,0.9393939393939394,0.9117647058823529,0.9253731343283583,0.9117647058823529,0.058823529411764705,0.9264705882352942
noun_directional,entail,0.3,62,4,6,64,0.9393939393939394,0.9117647058823529,0.9253731343283583,0.9117647058823529,0.058823529411764705,0.9264705882352942
noun_directional,entail,0.31,62,4,6,64,0.9393939393939394,0.9117647058823529,0.9253731343283583,0.9117647058823529,0.058823529411764705,0.9264705882352942
noun_directional,entail,0.32,62,4,6,64,0.9393939393939394,0.9117647058823529,0.9253731343283583,0.9117647058823529,0.058823529411764705,0.9264705882352942
noun_directional,entail,0.33,62,4,6,64,0.9393939393939394,0.9117647058823529,0.9253731343283583,0.9117647058823529,0.058823529411764705,0.9264705882352942
noun_directional,entail,0.34,62,4,6,64,0.9393939393939394,0.9117647058823529,0.9253731343283583,0.9117647058823529,0.058823529411764705,0.9264705882352942
noun_directional,entail,0.35,62,4,6,64,0.9393939393939394,0.9117647058823529,0.9253731343283583,0.9117647058823529,0.058823529411764705,0.9264705882352942
noun_directional,entail,0.36,61,4,7,64,0.9384615384615385,0.8970588235294118,0.9172932330827067,0.8970588235294118,0.058823529411764705,0.9191176470588235
noun_directional,entail,0.37,61,4,7,64,0.9384615384615385,0.8970588235294118,0.9172932330827067,0.8970588235294118,0.058823529411764705,0.9191176470588235
noun_directional,entail,0.38,61,4,7,64,0.9384615384615385,0.8970588235294118,0.9172932330827067,0.8970588235294118,0.058823529411764705,0.9191176470588235
noun_directional,entail,0.39,61,4,7,64,0.9384615384615385,0.8970588235294118,0.9172932330827067,0.8970588235294118,0.058823529411764705,0.9191176470588235
noun_directional,entail,0.4,61,4,7,64,0.9384615384615385,0.8970588235294118,0.9172932330827067,0.8970588235294118,0.058823529411764705,0.9191176470588235
noun_directional,entail,0.41,60,4,8,64,0.9375,0.8823529411764706,0.9090909090909091,0.8823529411764706,0.058823529411764705,0.9117647058823529
noun_directional,entail,0.42,60,3,8,65,0.9523809523809523,0.8823529411764706,0.916030534351145,0.8823529411764706,0.04411764705882353,0.9191176470588235
noun_directional,entail,0.43,60,3,8,65,0.9523809523809523,0.8823529411764706,0.916030534351145,0.8823529411764706,0.04411764705882353,0.9191176470588235
noun_directional,entail,0.44,58,3,10,65,0.9508196721311475,0.8529411764705882,0.8992248062015503,0.8529411764705882,0.04411764705882353,0.9044117647058824
noun_directional,entail,0.45,58,3,10,65,0.9508196721311475,0.8529411764705882,0.8992248062015503,0.8529411764705882,0.04411764705882353,0.9044117647058824
noun_directional,entail,0.46,58,3,10,65,0.9508196721311475,0.8529411764705882,0.8992248062015503,0.8529411764705882,0.04411764705882353,0.9044117647058824
noun_directional,entail,0.47,58,3,10,65,0.9508196721311475,0.8529411764705882,0.8992248062015503,0.8529411764705882,0.04411764705882353,0.9044117647058824
noun_directional,entail,0.48,56,3,12,65,0.9491525423728814,0.8235294117647058,0.8818897637795277,0.8235294117647058,0.04411764705882353,0.8897058823529411
noun_directional,entail,0.49,56,3,12,65,0.9491525423728814,0.8235294117647058,0.8818897637795277,0.8235294117647058,0.04411764705882353,0.8897058823529411
noun_directional,entail,0.5,56,3,12,65,0.9491525423728814,0.8235294117647058,0.8818897637795277,0.8235294117647058,0.04411764705882353,0.8897058823529411
noun_directional,entail,0.51,56,3,12,65,0.9491525423728814,0.8235294117647058,0.8818897637795277,0.8235294117647058,0.04411764705882353,0.8897058823529411
noun_directional,entail,0.52,56,2,12,66,0.9655172413793104,0.8235294117647058,0.888888888888889,0.8235294117647058,0.029411764705882353,0.8970588235294118
noun_directional,entail,0.53,56,2,12,66,0.9655172413793104,0.8235294117647058,0.888888888888889,0.8235294117647058,0.029411764705882353,0.8970588235294118
noun_directional,entail,0.54,55,2,13,66,0.9649122807017544,0.8088235294117647,0.88,0.8088235294117647,0.029411764705882353,0.8897058823529411
noun_directional,entail,0.55,55,1,13,67,0.9821428571428571,0.8088235294117647,0.8870967741935484,0.8088235294117647,0.014705882352941176,0.8970588235294118
noun_directional,entail,0.56,55,1,13,67,0.9821428571428571,0.8088235294117647,0.8870967741935484,0.8088235294117647,0.014705882352941176,0.8970588235294118
noun_directional,entail,0.57,55,1,13,67,0.9821428571428571,0.8088235294117647,0.8870967741935484,0.8088235294117647,0.014705882352941176,0.8970588235294118
noun_directional,entail,0.58,54,1,14,67,0.9818181818181818,0.7941176470588235,0.8780487804878049,0.7941176470588235,0.014705882352941176,0.8897058823529411
noun_directional,entail,0.59,54,1,14,67,0.9818181818181818,0.7941176470588235,0.8780487804878049,0.7941176470588235,0.014705882352941176,0.8897058823529411
noun_directional,entail,0.6,54,1,14,67,0.9818181818181818,0.7941176470588235,0.8780487804878049,0.7941176470588235,0.014705882352941176,0.8897058823529411
noun_directional,entail,0.61,54,1,14,67,0.9818181818181818,0.7941176470588235,0.8780487804878049,0.7941176470588235,0.014705882352941176,0.8897058823529411
noun_directional,entail,0.62,52,1,16,67,0.9811320754716981,0.7647058823529411,0.859504132231405,0.7647058823529411,0.014705882352941176,0.875
noun_directional,entail,0.63,52,1,16,67,0.9811320754716981,0.7647058823529411,0.859504132231405,0.7647058823529411,0.014705882352941176,0.875
noun_directional,entail,0.64,51,1,17,67,0.9807692307692307,0.75,0.8499999999999999,0.75,0.014705882352941176,0.8676470588235294
noun_directional,entail,0.65,50,1,18,67,0.9803921568627451,0.7352941176470589,0.8403361344537814,0.7352941176470589,0.014705882352941176,0.8602941176470589
noun_directional,entail,0.66,50,1,18,67,0.9803921568627451,0.7352941176470589,0.8403361344537814,0.7352941176470589,0.014705882352941176,0.8602941176470589
noun_directional,entail,0.67,50,1,18,67,0.9803921568627451,0.7352941176470589,0.8403361344537814,0.7352941176470589,0.014705882352941176,0.8602941176470589
noun_directional,entail,0.68,50,1,18,67,0.9803921568627451,0.7352941176470589,0.8403361344537814,0.7352941176470589,0.014705882352941176,0.8602941176470589
noun_directional,entail,0.69,50,1,18,67,0.9803921568627451,0.7352941176470589,0.8403361344537814,0.7352941176470589,0.014705882352941176,0.8602941176470589
noun_directional,entail,0.7,50,1,18,67,0.9803921568627451,0.7352941176470589,0.8403361344537814,0.7352941176470589,0.014705882352941176,0.8602941176470589
noun_directional,entail,0.71,50,1,18,67,0.9803921568627451,0.7352941176470589,0.8403361344537814,0.7352941176470589,0.014705882352941176,0.8602941176470589
noun_directional,entail,0.72,49,1,19,67,0.98,0.7205882352941176,0.8305084745762712,0.7205882352941176,0.014705882352941176,0.8529411764705882
noun_directional,entail,0.73,49,1,19,67,0.98,0.7205882352941176,0.8305084745762712,0.7205882352941176,0.014705882352941176,0.8529411764705882
noun_directional,entail,0.74,49,1,19,67,0.98,0.7205882352941176,0.8305084745762712,0.7205882352941176,0.014705882352941176,0.8529411764705882
noun_directional,entail,0.75,49,1,19,67,0.98,0.7205882352941176,0.8305084745762712,0.7205882352941176,0.014705882352941176,0.8529411764705882
noun_directional,entail,0.76,48,1,20,67,0.9795918367346939,0.7058823529411765,0.8205128205128206,0.7058823529411765,0.014705882352941176,0.8455882352941176
noun_directional,entail,0.77,47,1,21,67,0.9791666666666666,0.6911764705882353,0.8103448275862069,0.6911764705882353,0.014705882352941176,0.8382352941176471
noun_directional,entail,0.78,46,1,22,67,0.9787234042553191,0.6764705882352942,0.8,0.6764705882352942,0.014705882352941176,0.8308823529411765
noun_directional,entail,0.79,45,1,23,67,0.9782608695652174,0.6617647058823529,0.7894736842105263,0.6617647058823529,0.014705882352941176,0.8235294117647058
noun_directional,entail,0.8,43,1,25,67,0.9772727272727273,0.6323529411764706,0.7678571428571428,0.6323529411764706,0.014705882352941176,0.8088235294117647
noun_directional,entail,0.81,43,1,25,67,0.9772727272727273,0.6323529411764706,0.7678571428571428,0.6323529411764706,0.014705882352941176,0.8088235294117647
noun_directional,entail,0.82,43,1,25,67,0.9772727272727273,0.6323529411764706,0.7678571428571428,0.6323529411764706,0.014705882352941176,0.8088235294117647
noun_directional,entail,0.83,42,1,26,67,0.9767441860465116,0.6176470588235294,0.7567567567567568,0.6176470588235294,0.014705882352941176,0.8014705882352942
noun_directional,entail,0.84,40,1,28,67,0.975609756097561,0.5882352941176471,0.7339449541284403,0.5882352941176471,0.014705882352941176,0.7867647058823529
noun_directional,entail,0.85,39,1,29,67,0.975,0.5735294117647058,0.7222222222222222,0.5735294117647058,0.014705882352941176,0.7794117647058824
noun_directional,entail,0.86,36,1,32,67,0.972972972972973,0.5294117647058824,0.6857142857142857,0.5294117647058824,0.014705882352941176,0.7573529411764706
noun_directional,entail,0.87,35,1,33,67,0.9722222222222222,0.5147058823529411,0.6730769230769229,0.5147058823529411,0.014705882352941176,0.75
noun_directional,entail,0.88,31,1,37,67,0.96875,0.45588235294117646,0.62,0.45588235294117646,0.014705882352941176,0.7205882352941176
noun_directional,entail,0.89,31,1,37,67,0.96875,0.45588235294117646,0.62,0.45588235294117646,0.014705882352941176,0.7205882352941176
noun_directional,entail,0.9,31,1,37,67,0.96875,0.45588235294117646,0.62,0.45588235294117646,0.014705882352941176,0.7205882352941176
noun_directional,entail,0.91,25,1,43,67,0.9615384615384616,0.36764705882352944,0.5319148936170213,0.36764705882352944,0.014705882352941176,0.6764705882352942
noun_directional,entail,0.92,24,1,44,67,0.96,0.35294117647058826,0.5161290322580645,0.35294117647058826,0.014705882352941176,0.6691176470588235
noun_directional,entail,0.93,21,1,47,67,0.9545454545454546,0.3088235294117647,0.4666666666666667,0.3088235294117647,0.014705882352941176,0.6470588235294118
noun_directional,entail,0.94,19,1,49,67,0.95,0.27941176470588236,0.43181818181818177,0.27941176470588236,0.014705882352941176,0.6323529411764706
noun_directional,entail,0.95,14,1,54,67,0.9333333333333333,0.20588235294117646,0.3373493975903614,0.20588235294117646,0.014705882352941176,0.5955882352941176
noun_directional,entail,0.96,11,1,57,67,0.9166666666666666,0.16176470588235295,0.275,0.16176470588235295,0.014705882352941176,0.5735294117647058
noun_directional,entail,0.97,8,1,60,67,0.8888888888888888,0.11764705882352941,0.20779220779220778,0.11764705882352941,0.014705882352941176,0.5514705882352942
noun_directional,entail,0.98,7,1,61,67,0.875,0.10294117647058823,0.1842105263157895,0.10294117647058823,0.014705882352941176,0.5441176470588235
noun_directional,entail,0.99,2,0,66,68,1.0,0.029411764705882353,0.05714285714285715,0.029411764705882353,0.0,0.5147058823529411
noun_directional,entail,1.0,0,0,68,68,0.0,0.0,0.0,0.0,0.0,0.5
noun_directional,signed,-1.0,68,68,0,0,0.5,1.0,0.6666666666666666,1.0,1.0,0.5
noun_directional,signed,-0.98,68,48,0,20,0.5862068965517241,1.0,0.7391304347826086,1.0,0.7058823529411765,0.6470588235294118
noun_directional,signed,-0.96,68,35,0,33,0.6601941747572816,1.0,0.7953216374269005,1.0,0.5147058823529411,0.7426470588235294
noun_directional,signed,-0.94,67,32,1,36,0.6767676767676768,0.9852941176470589,0.8023952095808382,0.9852941176470589,0.47058823529411764,0.7573529411764706
noun_directional,signed,-0.92,67,24,1,44,0.7362637362637363,0.9852941176470589,0.8427672955974843,0.9852941176470589,0.35294117647058826,0.8161764705882353
noun_directional,signed,-0.9,67,21,1,47,0.7613636363636364,0.9852941176470589,0.8589743589743591,0.9852941176470589,0.3088235294117647,0.8382352941176471
noun_directional,signed,-0.88,67,18,1,50,0.788235294117647,0.9852941176470589,0.8758169934640523,0.9852941176470589,0.2647058823529412,0.8602941176470589
noun_directional,signed,-0.86,67,16,1,52,0.8072289156626506,0.9852941176470589,0.8874172185430464,0.9852941176470589,0.23529411764705882,0.875
noun_directional,signed,-0.84,67,13,1,55,0.8375,0.9852941176470589,0.9054054054054055,0.9852941176470589,0.19117647058823528,0.8970588235294118
noun_directional,signed,-0.82,67,12,1,56,0.8481012658227848,0.9852941176470589,0.91156462585034,0.9852941176470589,0.17647058823529413,0.9044117647058824
noun_directional,signed,-0.8,67,11,1,57,0.8589743589743589,0.9852941176470589,0.9178082191780821,0.9852941176470589,0.16176470588235295,0.9117647058823529
noun_directional,signed,-0.78,67,11,1,57,0.8589743589743589,0.9852941176470589,0.9178082191780821,0.9852941176470589,0.16176470588235295,0.9117647058823529
noun_directional,signed,-0.76,67,10,1,58,0.8701298701298701,0.9852941176470589,0.9241379310344828,0.9852941176470589,0.14705882352941177,0.9191176470588235
noun_directional,signed,-0.74,67,10,1,58,0.8701298701298701,0.9852941176470589,0.9241379310344828,0.9852941176470589,0.14705882352941177,0.9191176470588235
noun_directional,signed,-0.72,66,10,2,58,0.868421052631579,0.9705882352941176,0.9166666666666667,0.9705882352941176,0.14705882352941177,0.9117647058823529
noun_directional,signed,-0.7,65,9,3,59,0.8783783783783784,0.9558823529411765,0.9154929577464789,0.9558823529411765,0.1323529411764706,0.9117647058823529
noun_directional,signed,-0.68,65,7,3,61,0.9027777777777778,0.9558823529411765,0.9285714285714286,0.9558823529411765,0.10294117647058823,0.9264705882352942
noun_directional,signed,-0.66,64,7,4,61,0.9014084507042254,0.9411764705882353,0.920863309352518,0.9411764705882353,0.10294117647058823,0.9191176470588235
noun_directional,signed,-0.64,62,7,6,61,0.8985507246376812,0.9117647058823529,0.9051094890510949,0.9117647058823529,0.10294117647058823,0.9044117647058824
noun_directional,signed,-0.62,62,7,6,61,0.8985507246376812,0.9117647058823529,0.9051094890510949,0.9117647058823529,0.10294117647058823,0.9044117647058824
noun_directional,signed,-0.6,62,7,6,61,0.8985507246376812,0.9117647058823529,0.9051094890510949,0.9117647058823529,0.10294117647058823,0.9044117647058824
noun_directional,signed,-0.58,62,7,6,61,0.8985507246376812,0.9117647058823529,0.9051094890510949,0.9117647058823529,0.10294117647058823,0.9044117647058824
noun_directional,signed,-0.56,62,7,6,61,0.8985507246376812,0.9117647058823529,0.9051094890510949,0.9117647058823529,0.10294117647058823,0.9044117647058824
noun_directional,signed,-0.54,62,7,6,61,0.8985507246376812,0.9117647058823529,0.9051094890510949,0.9117647058823529,0.10294117647058823,0.9044117647058824
noun_directional,signed,-0.52,62,6,6,62,0.9117647058823529,0.9117647058823529,0.9117647058823528,0.9117647058823529,0.08823529411764706,0.9117647058823529
noun_directional,signed,-0.5,62,6,6,62,0.9117647058823529,0.9117647058823529,0.9117647058823528,0.9117647058823529,0.08823529411764706,0.9117647058823529
noun_directional,signed,-0.48,62,6,6,62,0.9117647058823529,0.9117647058823529,0.9117647058823528,0.9117647058823529,0.08823529411764706,0.9117647058823529
noun_directional,signed,-0.46,62,6,6,62,0.9117647058823529,0.9117647058823529,0.9117647058823528,0.9117647058823529,0.08823529411764706,0.9117647058823529
noun_directional,signed,-0.44,62,6,6,62,0.9117647058823529,0.9117647058823529,0.9117647058823528,0.9117647058823529,0.08823529411764706,0.9117647058823529
noun_directional,signed,-0.42,62,6,6,62,0.9117647058823529,0.9117647058823529,0.9117647058823528,0.9117647058823529,0.08823529411764706,0.9117647058823529
noun_directional,signed,-0.4,62,6,6,62,0.9117647058823529,0.9117647058823529,0.9117647058823528,0.9117647058823529,0.08823529411764706,0.9117647058823529
noun_directional,signed,-0.38,62,6,6,62,0.9117647058823529,0.9117647058823529,0.9117647058823528,0.9117647058823529,0.08823529411764706,0.9117647058823529
noun_directional,signed,-0.36,62,6,6,62,0.9117647058823529,0.9117647058823529,0.9117647058823528,0.9117647058823529,0.08823529411764706,0.9117647058823529
noun_directional,signed,-0.34,62,5,6,63,0.9253731343283582,0.9117647058823529,0.9185185185185185,0.9117647058823529,0.07352941176470588,0.9191176470588235
noun_directional,signed,-0.32,62,5,6,63,0.9253731343283582,0.9117647058823529,0.9185185185185185,0.9117647058823529,0.07352941176470588,0.9191176470588235
noun_directional,signed,-0.3,62,4,6,64,0.9393939393939394,0.9117647058823529,0.9253731343283583,0.9117647058823529,0.058823529411764705,0.9264705882352942
noun_directional,signed,-0.28,62,4,6,64,0.9393939393939394,0.9117647058823529,0.9253731343283583,0.9117647058823529,0.058823529411764705,0.9264705882352942
noun_directional,signed,-0.26,62,4,6,64,0.9393939393939394,0.9117647058823529,0.9253731343283583,0.9117647058823529,0.058823529411764705,0.9264705882352942
noun_directional,signed,-0.24,62,4,6,64,0.9393939393939394,0.9117647058823529,0.9253731343283583,0.9117647058823529,0.058823529411764705,0.9264705882352942
noun_directional,signed,-0.22,61,4,7,64,0.9384615384615385,0.8970588235294118,0.9172932330827067,0.8970588235294118,0.058823529411764705,0.9191176470588235
noun_directional,signed,-0.2,61,4,7,64,0.9384615384615385,0.8970588235294118,0.9172932330827067,0.8970588235294118,0.058823529411764705,0.9191176470588235
noun_directional,signed,-0.18,61,4,7,64,0.9384615384615385,0.8970588235294118,0.9172932330827067,0.8970588235294118,0.058823529411764705,0.9191176470588235
noun_directional,signed,-0.16,61,4,7,64,0.9384615384615385,0.8970588235294118,0.9172932330827067,0.8970588235294118,0.058823529411764705,0.9191176470588235
noun_directional,signed,-0.14,61,4,7,64,0.9384615384615385,0.8970588235294118,0.9172932330827067,0.8970588235294118,0.058823529411764705,0.9191176470588235
noun_directional,signed,-0.12,61,4,7,64,0.9384615384615385,0.8970588235294118,0.9172932330827067,0.8970588235294118,0.058823529411764705,0.9191176470588235
noun_directional,signed,-0.1,61,4,7,64,0.9384615384615385,0.8970588235294118,0.9172932330827067,0.8970588235294118,0.058823529411764705,0.9191176470588235
noun_directional,signed,-0.08,61,4,7,64,0.9384615384615385,0.8970588235294118,0.9172932330827067,0.8970588235294118,0.058823529411764705,0.9191176470588235
noun_directional,signed,-0.06,60,4,8,64,0.9375,0.8823529411764706,0.9090909090909091,0.8823529411764706,0.058823529411764705,0.9117647058823529
noun_directional,signed,-0.04,60,4,8,64,0.9375,0.8823529411764706,0.9090909090909091,0.8823529411764706,0.058823529411764705,0.9117647058823529
noun_directional,signed,-0.02,59,4,9,64,0.9365079365079365,0.8676470588235294,0.9007633587786259,0.8676470588235294,0.058823529411764705,0.9044117647058824
noun_directional,signed,0.0,59,4,9,64,0.9365079365079365,0.8676470588235294,0.9007633587786259,0.8676470588235294,0.058823529411764705,0.9044117647058824
noun_directional,signed,0.02,58,3,10,65,0.9508196721311475,0.8529411764705882,0.8992248062015503,0.8529411764705882,0.04411764705882353,0.9044117647058824
noun_directional,signed,0.04,58,3,10,65,0.9508196721311475,0.8529411764705882,0.8992248062015503,0.8529411764705882,0.04411764705882353,0.9044117647058824
noun_directional,signed,0.06,58,3,10,65,0.9508196721311475,0.8529411764705882,0.8992248062015503,0.8529411764705882,0.04411764705882353,0.9044117647058824
noun_directional,signed,0.08,58,3,10,65,0.9508196721311475,0.8529411764705882,0.8992248062015503,0.8529411764705882,0.04411764705882353,0.9044117647058824
noun_directional,signed,0.1,58,3,10,65,0.9508196721311475,0.8529411764705882,0.8992248062015503,0.8529411764705882,0.04411764705882353,0.9044117647058824
noun_directional,signed,0.12,57,2,11,66,0.9661016949152542,0.8382352941176471,0.8976377952755905,0.8382352941176471,0.029411764705882353,0.9044117647058824
noun_directional,signed,0.14,57,2,11,66,0.9661016949152542,0.8382352941176471,0.8976377952755905,0.8382352941176471,0.029411764705882353,0.9044117647058824
noun_directional,signed,0.16,57,2,11,66,0.9661016949152542,0.8382352941176471,0.8976377952755905,0.8382352941176471,0.029411764705882353,0.9044117647058824
noun_directional,signed,0.18,57,2,11,66,0.9661016949152542,0.8382352941176471,0.8976377952755905,0.8382352941176471,0.029411764705882353,0.9044117647058824
noun_directional,signed,0.2,57,1,11,67,0.9827586206896551,0.8382352941176471,0.9047619047619048,0.8382352941176471,0.014705882352941176,0.9117647058823529
noun_directional,signed,0.22,55,1,13,67,0.9821428571428571,0.8088235294117647,0.8870967741935484,0.8088235294117647,0.014705882352941176,0.8970588235294118
noun_directional,signed,0.24,55,1,13,67,0.9821428571428571,0.8088235294117647,0.8870967741935484,0.8088235294117647,0.014705882352941176,0.8970588235294118
noun_directional,signed,0.26,55,1,13,67,0.9821428571428571,0.8088235294117647,0.8870967741935484,0.8088235294117647,0.014705882352941176,0.8970588235294118
noun_directional,signed,0.28,55,1,13,67,0.9821428571428571,0.8088235294117647,0.8870967741935484,0.8088235294117647,0.014705882352941176,0.8970588235294118
noun_directional,signed,0.3,54,1,14,67,0.9818181818181818,0.7941176470588235,0.8780487804878049,0.7941176470588235,0.014705882352941176,0.8897058823529411
noun_directional,signed,0.32,52,1,16,67,0.9811320754716981,0.7647058823529411,0.859504132231405,0.7647058823529411,0.014705882352941176,0.875
noun_directional,signed,0.34,51,1,17,67,0.9807692307692307,0.75,0.8499999999999999,0.75,0.014705882352941176,0.8676470588235294
noun_directional,signed,0.36,51,1,17,67,0.9807692307692307,0.75,0.8499999999999999,0.75,0.014705882352941176,0.8676470588235294
noun_directional,signed,0.38,51,1,17,67,0.9807692307692307,0.75,0.8499999999999999,0.75,0.014705882352941176,0.8676470588235294
noun_directional,signed,0.4,51,1,17,67,0.9807692307692307,0.75,0.8499999999999999,0.75,0.014705882352941176,0.8676470588235294
noun_directional,signed,0.42,51,1,17,67,0.9807692307692307,0.75,0.8499999999999999,0.75,0.014705882352941176,0.8676470588235294
noun_directional,signed,0.44,51,1,17,67,0.9807692307692307,0.75,0.8499999999999999,0.75,0.014705882352941176,0.8676470588235294
noun_directional,signed,0.46,51,1,17,67,0.9807692307692307,0.75,0.8499999999999999,0.75,0.014705882352941176,0.8676470588235294
noun_directional,signed,0.48,51,1,17,67,0.9807692307692307,0.75,0.8499999999999999,0.75,0.014705882352941176,0.8676470588235294
noun_directional,signed,0.5,51,1,17,67,0.9807692307692307,0.75,0.8499999999999999,0.75,0.014705882352941176,0.8676470588235294
noun_directional,signed,0.52,51,1,17,67,0.9807692307692307,0.75,0.8499999999999999,0.75,0.014705882352941176,0.8676470588235294
noun_directional,signed,0.54,50,1,18,67,0.9803921568627451,0.7352941176470589,0.8403361344537814,0.7352941176470589,0.014705882352941176,0.8602941176470589
noun_directional,signed,0.56,50,1,18,67,0.9803921568627451,0.7352941176470589,0.8403361344537814,0.7352941176470589,0.014705882352941176,0.8602941176470589
noun_directional,signed,0.58,50,1,18,67,0.9803921568627451,0.7352941176470589,0.8403361344537814,0.7352941176470589,0.014705882352941176,0.8602941176470589
noun_directional,signed,0.6,50,1,18,67,0.9803921568627451,0.7352941176470589,0.8403361344537814,0.7352941176470589,0.014705882352941176,0.8602941176470589
noun_directional,signed,0.62,49,1,19,67,0.98,0.7205882352941176,0.8305084745762712,0.7205882352941176,0.014705882352941176,0.8529411764705882
noun_directional,signed,0.64,47,1,21,67,0.9791666666666666,0.6911764705882353,0.8103448275862069,0.6911764705882353,0.014705882352941176,0.8382352941176471
noun_directional,signed,0.66,46,1,22,67,0.9787234042553191,0.6764705882352942,0.8,0.6764705882352942,0.014705882352941176,0.8308823529411765
noun_directional,signed,0.68,45,1,23,67,0.9782608695652174,0.6617647058823529,0.7894736842105263,0.6617647058823529,0.014705882352941176,0.8235294117647058
noun_directional,signed,0.7,45,1,23,67,0.9782608695652174,0.6617647058823529,0.7894736842105263,0.6617647058823529,0.014705882352941176,0.8235294117647058
noun_directional,signed,0.72,44,1,24,67,0.9777777777777777,0.6470588235294118,0.7787610619469026,0.6470588235294118,0.014705882352941176,0.8161764705882353
noun_directional,signed,0.74,43,1,25,67,0.9772727272727273,0.6323529411764706,0.7678571428571428,0.6323529411764706,0.014705882352941176,0.8088235294117647
noun_directional,signed,0.76,41,1,27,67,0.9761904761904762,0.6029411764705882,0.7454545454545454,0.6029411764705882,0.014705882352941176,0.7941176470588235
noun_directional,signed,0.78,38,1,30,67,0.9743589743589743,0.5588235294117647,0.7102803738317757,0.5588235294117647,0.014705882352941176,0.7720588235294118
noun_directional,signed,0.8,33,1,35,67,0.9705882352941176,0.4852941176470588,0.6470588235294118,0.4852941176470588,0.014705882352941176,0.7352941176470589
noun_directional,signed,0.82,31,1,37,67,0.96875,0.45588235294117646,0.62,0.45588235294117646,0.014705882352941176,0.7205882352941176
noun_directional,signed,0.84,31,1,37,67,0.96875,0.45588235294117646,0.62,0.45588235294117646,0.014705882352941176,0.7205882352941176
noun_directional,signed,0.86,30,1,38,67,0.967741935483871,0.4411764705882353,0.6060606060606061,0.4411764705882353,0.014705882352941176,0.7132352941176471
noun_directional,signed,0.88,26,1,42,67,0.9629629629629629,0.38235294117647056,0.5473684210526316,0.38235294117647056,0.014705882352941176,0.6838235294117647
noun_directional,signed,0.9,24,1,44,67,0.96,0.35294117647058826,0.5161290322580645,0.35294117647058826,0.014705882352941176,0.6691176470588235
noun_directional,signed,0.92,18,1,50,67,0.9473684210526315,0.2647058823529412,0.41379310344827586,0.2647058823529412,0.014705882352941176,0.625
noun_directional,signed,0.94,14,1,54,67,0.9333333333333333,0.20588235294117646,0.3373493975903614,0.20588235294117646,0.014705882352941176,0.5955882352941176
noun_directional,signed,0.96,10,1,58,67,0.9090909090909091,0.14705882352941177,0.25316455696202533,0.14705882352941177,0.014705882352941176,0.5661764705882353
noun_directional,signed,0.98,7,1,61,67,0.875,0.10294117647058823,0.1842105263157895,0.10294117647058823,0.014705882352941176,0.5441176470588235
noun_directional,signed,1.0,0,0,68,68,0.0,0.0,0.0,0.0,0.0,0.5
noun_infrastructure,entail,0.0,393,393,0,0,0.5,1.0,0.6666666666666666,1.0,1.0,0.5
noun_infrastructure,entail,0.01,386,344,7,49,0.5287671232876713,0.9821882951653944,0.6874443455031168,0.9821882951653944,0.8753180661577609,0.5534351145038168
noun_infrastructure,entail,0.02,382,316,11,77,0.5472779369627507,0.9720101781170484,0.7002749770852429,0.9720101781170484,0.8040712468193384,0.583969465648855
noun_infrastructure,entail,0.03,381,298,12,95,0.561119293078056,0.9694656488549618,0.710820895522388,0.9694656488549618,0.7582697201017812,0.6055979643765903
noun_infrastructure,entail,0.04,377,279,16,114,0.5746951219512195,0.9592875318066157,0.7187797902764537,0.9592875318066157,0.7099236641221374,0.6246819338422391
noun_infrastructure,entail,0.05,376,267,17,126,0.5847589424572317,0.9567430025445293,0.7258687258687258,0.9567430025445293,0.6793893129770993,0.638676844783715
noun_infrastructure,entail,0.06,372,254,21,139,0.5942492012779552,0.9465648854961832,0.7301275760549558,0.9465648854961832,0.6463104325699746,0.6501272264631043
noun_infrastructure,entail,0.07,371,242,22,151,0.6052202283849919,0.9440203562340967,0.7375745526838966,0.9440203562340967,0.6157760814249363,0.6641221374045801
noun_infrastructure,entail,0.08,371,233,22,160,0.6142384105960265,0.9440203562340967,0.7442326980942828,0.9440203562340967,0.5928753180661578,0.6755725190839694
noun_infrastructure,entail,0.09,366,224,27,169,0.6203389830508474,0.9312977099236641,0.7446592065106815,0.9312977099236641,0.5699745547073791,0.6806615776081425
noun_infrastructure,entail,0.1,365,211,28,182,0.6336805555555556,0.9287531806615776,0.7533539731682146,0.9287531806615776,0.5368956743002544,0.6959287531806616
noun_infrastructure,entail,0.11,363,206,30,187,0.6379613356766256,0.9236641221374046,0.7546777546777547,0.9236641221374046,0.5241730279898219,0.6997455470737913
noun_infrastructure,entail,0.12,362,195,31,198,0.6499102333931778,0.9211195928753181,0.7621052631578947,0.9211195928753181,0.4961832061068702,0.712468193384224
noun_infrastructure,entail,0.13,362,191,31,202,0.6546112115732369,0.9211195928753181,0.7653276955602537,0.9211195928753181,0.4860050890585242,0.7175572519083969
noun_infrastructure,entail,0.14,361,186,32,207,0.659963436928702,0.9185750636132316,0.7680851063829787,0.9185750636132316,0.4732824427480916,0.72264631043257
noun_infrastructure,entail,0.15,360,182,33,211,0.6642066420664207,0.916030534351145,0.7700534759358288,0.916030534351145,0.4631043256997455,0.7264631043256997
noun_infrastructure,entail,0.16,359,177,34,216,0.6697761194029851,0.9134860050890585,0.7728740581270183,0.9134860050890585,0.45038167938931295,0.7315521628498728
noun_infrastructure,entail,0.17,359,174,34,219,0.6735459662288931,0.9134860050890585,0.775377969762419,0.9134860050890585,0.44274809160305345,0.7353689567430025
noun_infrastructure,entail,0.18,358,170,35,223,0.678030303030303,0.910941475826972,0.7774158523344191,0.910941475826972,0.43256997455470736,0.7391857506361323
noun_infrastructure,entail,0.19,358,167,35,226,0.6819047619047619,0.910941475826972,0.7799564270152505,0.910941475826972,0.42493638676844786,0.7430025445292621
noun_infrastructure,entail,0.2,357,162,36,231,0.6878612716763006,0.9083969465648855,0.7828947368421052,0.9083969465648855,0.4122137404580153,0.7480916030534351
noun_infrastructure,entail,0.21,355,158,38,235,0.6920077972709552,0.9033078880407125,0.783664459161148,0.9033078880407125,0.4020356234096692,0.7506361323155216
noun_infrastructure,entail,0.22,355,154,38,239,0.6974459724950884,0.9033078880407125,0.7871396895787139,0.9033078880407125,0.39185750636132316,0.7557251908396947
noun_infrastructure,entail,0.23,354,154,39,239,0.6968503937007874,0.9007633587786259,0.7857935627081021,0.9007633587786259,0.39185750636132316,0.7544529262086515
noun_infrastructure,entail,0.24,354,152,39,241,0.6996047430830039,0.9007633587786259,0.7875417130144605,0.9007633587786259,0.38676844783715014,0.7569974554707379
noun_infrastructure,entail,0.25,352,148,41,245,0.704,0.8956743002544529,0.788353863381859,0.8956743002544529,0.37659033078880405,0.7595419847328244
noun_infrastructure,entail,0.26,352,144,41,249,0.7096774193548387,0.8956743002544529,0.7919010123734533,0.8956743002544529,0.366412213740458,0.7646310432569975
noun_infrastructure,entail,0.27,352,141,41,252,0.7139959432048681,0.8956743002544529,0.7945823927765236,0.8956743002544529,0.35877862595419846,0.7684478371501272
noun_infrastructure,entail,0.28,352,136,41,257,0.7213114754098361,0.8956743002544529,0.7990919409761635,0.8956743002544529,0.3460559796437659,0.7748091603053435
noun_infrastructure,entail,0.29,352,135,41,258,0.7227926078028748,0.8956743002544529,0.8,0.8956743002544529,0.3435114503816794,0.7760814249363868
noun_infrastructure,entail,0.3,352,133,41,260,0.7257731958762886,0.8956743002544529,0.8018223234624146,0.8956743002544529,0.3384223918575064,0.7786259541984732
noun_infrastructure,entail,0.31,352,132,41,261,0.7272727272727273,0.8956743002544529,0.8027366020524516,0.8956743002544529,0.33587786259541985,0.7798982188295165
noun_infrastructure,entail,0.32,351,126,42,267,0.7358490566037735,0.8931297709923665,0.8068965517241379,0.8931297709923665,0.32061068702290074,0.7862595419847328
noun_infrastructure,entail,0.33,350,125,43,268,0.7368421052631579,0.8905852417302799,0.8064516129032258,0.8905852417302799,0.31806615776081426,0.7862595419847328
noun_infrastructure,entail,0.34,348,124,45,269,0.7372881355932204,0.8854961832061069,0.8046242774566474,0.8854961832061069,0.3155216284987277,0.7849872773536896
noun_infrastructure,entail,0.35,346,121,47,272,0.7408993576017131,0.8804071246819338,0.8046511627906977,0.8804071246819338,0.30788804071246817,0.7862595419847328
noun_infrastructure,entail,0.36,346,119,47,274,0.7440860215053764,0.8804071246819338,0.8065268065268065,0.8804071246819338,0.30279898218829515,0.7888040712468194
noun_infrastructure,entail,0.37,346,118,47,275,0.7456896551724138,0.8804071246819338,0.807467911318553,0.8804071246819338,0.30025445292620867,0.7900763358778626
noun_infrastructure,entail,0.38,346,117,47,276,0.7473002159827213,0.8804071246819338,0.808411214953271,0.8804071246819338,0.29770992366412213,0.7913486005089059
noun_infrastructure,entail,0.39,344,117,49,276,0.7462039045553145,0.8753180661577609,0.8056206088992975,0.8753180661577609,0.29770992366412213,0.7888040712468194
noun_infrastructure,entail,0.4,344,115,49,278,0.7494553376906318,0.8753180661577609,0.8075117370892019,0.8753180661577609,0.2926208651399491,0.7913486005089059
noun_infrastructure,entail,0.41,344,113,49,280,0.7527352297592997,0.8753180661577609,0.8094117647058824,0.8753180661577609,0.2875318066157761,0.7938931297709924
noun_infrastructure,entail,0.42,342,109,51,284,0.7583148558758315,0.8702290076335878,0.8104265402843602,0.8702290076335878,0.27735368956743,0.7964376590330788
noun_infrastructure,entail,0.43,342,106,51,287,0.7633928571428571,0.8702290076335878,0.8133174791914387,0.8702290076335878,0.2697201017811705,0.8002544529262087
noun_infrastructure,entail,0.44,342,106,51,287,0.7633928571428571,0.8702290076335878,0.8133174791914387,0.8702290076335878,0.2697201017811705,0.8002544529262087
noun_infrastructure,entail,0.45,341,103,52,290,0.7680180180180181,0.8676844783715013,0.8148148148148148,0.8676844783715013,0.26208651399491095,0.8027989821882952
noun_infrastructure,entail,0.46,339,99,54,294,0.773972602739726,0.8625954198473282,0.8158844765342961,0.8625954198473282,0.25190839694656486,0.8053435114503816
noun_infrastructure,entail,0.47,338,95,55,298,0.7806004618937644,0.8600508905852418,0.8184019370460048,0.8600508905852418,0.24173027989821882,0.8091603053435115
noun_infrastructure,entail,0.48,338,93,55,300,0.7842227378190255,0.8600508905852418,0.8203883495145631,0.8600508905852418,0.2366412213740458,0.811704834605598
noun_infrastructure,entail,0.49,337,91,56,302,0.7873831775700935,0.8575063613231552,0.8209500609013397,0.8575063613231552,0.23155216284987276,0.8129770992366412
noun_infrastructure,entail,0.5,337,88,56,305,0.7929411764705883,0.8575063613231552,0.823960880195599,0.8575063613231552,0.22391857506361323,0.816793893129771
noun_infrastructure,entail,0.51,337,87,56,306,0.7948113207547169,0.8575063613231552,0.8249694002447981,0.8575063613231552,0.22137404580152673,0.8180661577608143
noun_infrastructure,entail,0.52,337,85,56,308,0.7985781990521327,0.8575063613231552,0.8269938650306747,0.8575063613231552,0.21628498727735368,0.8206106870229007
noun_infrastructure,entail,0.53,337,83,56,310,0.8023809523809524,0.8575063613231552,0.8290282902829029,0.8575063613231552,0.21119592875318066,0.8231552162849872
noun_infrastructure,entail,0.54,337,82,56,311,0.8042959427207638,0.8575063613231552,0.8300492610837439,0.8575063613231552,0.20865139949109415,0.8244274809160306
noun_infrastructure,entail,0.55,336,82,57,311,0.8038277511961722,0.8549618320610687,0.8286066584463626,0.8549618320610687,0.20865139949109415,0.8231552162849872
noun_infrastructure,entail,0.56,334,82,59,311,0.8028846153846154,0.8498727735368957,0.8257107540173053,0.8498727735368957,0.20865139949109415,0.8206106870229007
noun_infrastructure,entail,0.57,334,81,59,312,0.8048192771084337,0.8498727735368957,0.8267326732673267,0.8498727735368957,0.20610687022900764,0.821882951653944
noun_infrastructure,entail,0.58,334,77,59,316,0.8126520681265207,0.8498727735368957,0.8308457711442786,0.8498727735368957,0.19592875318066158,0.8269720101781171
noun_infrastructure,entail,0.59,333,75,60,318,0.8161764705882353,0.8473282442748091,0.8314606741573033,0.8473282442748091,0.19083969465648856,0.8282442748091603
noun_infrastructure,entail,0.6,331,74,62,319,0.817283950617284,0.8422391857506362,0.8295739348370929,0.8422391857506362,0.18829516539440203,0.8269720101781171
noun_infrastructure,entail,0.61,331,73,62,320,0.8193069306930693,0.8422391857506362,0.8306148055207027,0.8422391857506362,0.18575063613231552,0.8282442748091603
noun_infrastructure,entail,0.62,330,70,63,323,0.825,0.8396946564885496,0.8322824716267339,0.8396946564885496,0.178117048346056,0.8307888040712468
noun_infrastructure,entail,0.63,330,70,63,323,0.825,0.8396946564885496,0.8322824716267339,0.8396946564885496,0.178117048346056,0.8307888040712468
noun_infrastructure,entail,0.64,327,68,66,325,0.8278481012658228,0.8320610687022901,0.8299492385786803,0.8320610687022901,0.17302798982188294,0.8295165394402035
noun_infrastructure,entail,0.65,325,64,68,329,0.8354755784061697,0.8269720101781171,0.8312020460358056,0.8269720101781171,0.1628498727735369,0.8320610687022901
noun_infrastructure,entail,0.66,324,64,69,329,0.8350515463917526,0.8244274809160306,0.8297055057618438,0.8244274809160306,0.1628498727735369,0.8307888040712468
noun_infrastructure,entail,0.67,323,62,70,331,0.8389610389610389,0.821882951653944,0.8303341902313625,0.821882951653944,0.15776081424936386,0.8320610687022901
noun_infrastructure,entail,0.68,321,61,72,332,0.8403141361256544,0.816793893129771,0.8283870967741935,0.816793893129771,0.15521628498727735,0.8307888040712468
noun_infrastructure,entail,0.69,320,60,73,333,0.8421052631578947,0.8142493638676844,0.8279430789133246,0.8142493638676844,0.15267175572519084,0.8307888040712468
noun_infrastructure,entail,0.7,319,59,74,334,0.843915343915344,0.811704834605598,0.827496757457847,0.811704834605598,0.15012722646310434,0.8307888040712468
noun_infrastructure,entail,0.71,318,56,75,337,0.8502673796791443,0.8091603053435115,0.8292046936114733,0.8091603053435115,0.14249363867684478,0.8333333333333334
noun_infrastructure,entail,0.72,316,55,77,338,0.8517520215633423,0.8040712468193384,0.8272251308900522,0.8040712468193384,0.13994910941475827,0.8320610687022901
noun_infrastructure,entail,0.73,315,53,78,340,0.8559782608695652,0.8015267175572519,0.8278580814717476,0.8015267175572519,0.13486005089058525,0.8333333333333334
noun_infrastructure,entail,0.74,314,52,79,341,0.8579234972677595,0.7989821882951654,0.8274044795783926,0.7989821882951654,0.13231552162849872,0.8333333333333334
noun_infrastructure,entail,0.75,313,50,80,343,0.8622589531680441,0.7964376590330788,0.828042328042328,0.7964376590330788,0.1272264631043257,0.8346055979643766
noun_infrastructure,entail,0.76,312,49,81,344,0.8642659279778393,0.7938931297709924,0.8275862068965516,0.7938931297709924,0.12468193384223919,0.8346055979643766
noun_infrastructure,entail,0.77,311,48,82,345,0.8662952646239555,0.7913486005089059,0.8271276595744681,0.7913486005089059,0.12213740458015267,0.8346055979643766
noun_infrastructure,entail,0.78,310,45,83,348,0.8732394366197183,0.7888040712468194,0.8288770053475937,0.7888040712468194,0.11450381679389313,0.8371501272264631
noun_infrastructure,entail,0.79,308,44,85,349,0.875,0.7837150127226463,0.8268456375838926,0.7837150127226463,0.11195928753180662,0.8358778625954199
noun_infrastructure,entail,0.8,308,41,85,352,0.8825214899713467,0.7837150127226463,0.830188679245283,0.7837150127226463,0.10432569974554708,0.8396946564885496
noun_infrastructure,entail,0.81,306,40,87,353,0.884393063583815,0.7786259541984732,0.828146143437077,0.7786259541984732,0.10178117048346055,0.8384223918575063
noun_infrastructure,entail,0.82,303,38,90,355,0.8885630498533724,0.7709923664122137,0.8256130790190735,0.7709923664122137,0.09669211195928754,0.8371501272264631
noun_infrastructure,entail,0.83,300,38,93,355,0.8875739644970414,0.7633587786259542,0.8207934336525308,0.7633587786259542,0.09669211195928754,0.8333333333333334
noun_infrastructure,entail,0.84,300,36,93,357,0.8928571428571429,0.7633587786259542,0.823045267489712,0.7633587786259542,0.0916030534351145,0.8358778625954199
noun_infrastructure,entail,0.85,294,34,99,359,0.8963414634146342,0.7480916030534351,0.8155339805825244,0.7480916030534351,0.08651399491094147,0.8307888040712468
noun_infrastructure,entail,0.86,291,32,102,361,0.9009287925696594,0.7404580152671756,0.8128491620111732,0.7404580152671756,0.08142493638676845,0.8295165394402035
noun_infrastructure,entail,0.87,287,32,106,361,0.8996865203761756,0.7302798982188295,0.8061797752808989,0.7302798982188295,0.08142493638676845,0.8244274809160306
noun_infrastructure,entail,0.88,282,30,111,363,0.9038461538461539,0.7175572519083969,0.7999999999999999,0.7175572519083969,0.07633587786259542,0.8206106870229007
noun_infrastructure,entail,0.89,277,28,116,365,0.9081967213114754,0.7048346055979644,0.7936962750716333,0.7048346055979644,0.07124681933842239,0.816793893129771
noun_infrastructure,entail,0.9,273,24,120,369,0.9191919191919192,0.6946564885496184,0.7913043478260869,0.6946564885496184,0.061068702290076333,0.816793893129771
noun_infrastructure,entail,0.91,263,22,130,371,0.9228070175438596,0.6692111959287532,0.775811209439528,0.6692111959287532,0.05597964376590331,0.806615776081425
noun_infrastructure,entail,0.92,250,18,143,375,0.9328358208955224,0.6361323155216285,0.7564296520423601,0.6361323155216285,0.04580152671755725,0.7951653944020356
noun_infrastructure,entail,0.93,241,16,152,377,0.9377431906614786,0.6132315521628499,0.7415384615384616,0.6132315521628499,0.04071246819338423,0.7862595419847328
noun_infrastructure,entail,0.94,231,14,162,379,0.9428571428571428,0.5877862595419847,0.7241379310344828,0.5877862595419847,0.035623409669211195,0.7760814249363868
noun_infrastructure,entail,0.95,211,11,182,382,0.9504504504504504,0.5368956743002544,0.6861788617886178,0.5368956743002544,0.027989821882951654,0.7544529262086515
noun_infrastructure,entail,0.96,198,8,195,385,0.9611650485436893,0.5038167938931297,0.6611018363939899,0.5038167938931297,0.020356234096692113,0.7417302798982188
noun_infrastructure,entail,0.97,167,4,226,389,0.9766081871345029,0.42493638676844786,0.5921985815602837,0.42493638676844786,0.010178117048346057,0.7073791348600509
noun_infrastructure,entail,0.98,125,3,268,390,0.9765625,0.31806615776081426,0.4798464491362764,0.31806615776081426,0.007633587786259542,0.6552162849872774
noun_infrastructure,entail,0.99,67,0,326,393,1.0,0.17048346055979643,0.29130434782608694,0.17048346055979643,0.0,0.5852417302798982
noun_infrastructure,entail,1.0,0,0,393,393,0.0,0.0,0.0,0.0,0.0,0.5
noun_infrastructure,signed,-1.0,393,393,0,0,0.5,1.0,0.6666666666666666,1.0,1.0,0.5
noun_infrastructure,signed,-0.98,392,392,1,1,0.5,0.9974554707379135,0.6661002548853017,0.9974554707379135,0.9974554707379135,0.5
noun_infrastructure,signed,-0.96,391,385,2,8,0.5038659793814433,0.9949109414758269,0.6689478186484175,0.9949109414758269,0.9796437659033079,0.5076335877862596
noun_infrastructure,signed,-0.94,387,373,6,20,0.5092105263157894,0.9847328244274809,0.6712922810060711,0.9847328244274809,0.9491094147582697,0.5178117048346056
noun_infrastructure,signed,-0.92,384,367,9,26,0.511318242343542,0.9770992366412213,0.6713286713286714,0.9770992366412213,0.9338422391857506,0.5216284987277354
noun_infrastructure,signed,-0.9,381,358,12,35,0.5155615696887687,0.9694656488549618,0.6731448763250883,0.9694656488549618,0.910941475826972,0.5292620865139949
noun_infrastructure,signed,-0.88,380,347,13,46,0.5226960110041265,0.9669211195928753,0.6785714285714285,0.9669211195928753,0.8829516539440203,0.5419847328244275
noun_infrastructure,signed,-0.86,379,340,14,53,0.5271210013908206,0.9643765903307888,0.6816546762589928,0.9643765903307888,0.8651399491094147,0.549618320610687
noun_infrastructure,signed,-0.84,377,331,16,62,0.5324858757062146,0.9592875318066157,0.6848319709355132,0.9592875318066157,0.8422391857506362,0.5585241730279898
noun_infrastructure,signed,-0.82,376,321,17,72,0.539454806312769,0.9567430025445293,0.6899082568807339,0.9567430025445293,0.816793893129771,0.5699745547073791
noun_infrastructure,signed,-0.8,375,314,18,79,0.5442670537010159,0.9541984732824428,0.6931608133086876,0.9541984732824428,0.7989821882951654,0.5776081424936387
noun_infrastructure,signed,-0.78,373,305,20,88,0.5501474926253688,0.9491094147582697,0.6965452847805791,0.9491094147582697,0.7760814249363868,0.5865139949109415
noun_infrastructure,signed,-0.76,373,301,20,92,0.5534124629080118,0.9491094147582697,0.6991565135895033,0.9491094147582697,0.7659033078880407,0.5916030534351145
noun_infrastructure,signed,-0.74,371,294,22,99,0.5578947368421052,0.9440203562340967,0.7013232514177694,0.9440203562340967,0.7480916030534351,0.5979643765903307
noun_infrastructure,signed,-0.72,368,290,25,103,0.5592705167173252,0.9363867684478372,0.7002854424357754,0.9363867684478372,0.7379134860050891,0.5992366412213741
noun_infrastructure,signed,-0.7,368,286,25,107,0.5626911314984709,0.9363867684478372,0.7029608404966572,0.9363867684478372,0.727735368956743,0.6043256997455471
noun_infrastructure,signed,-0.68,367,279,26,114,0.5681114551083591,0.9338422391857506,0.7064485081809432,0.9338422391857506,0.7099236641221374,0.6119592875318066
noun_infrastructure,signed,-0.66,367,277,26,116,0.5698757763975155,0.9338422391857506,0.7078109932497589,0.9338422391857506,0.7048346055979644,0.6145038167938931
noun_infrastructure,signed,-0.64,367,271,26,122,0.5752351097178683,0.9338422391857506,0.7119301648884578,0.9338422391857506,0.6895674300254453,0.6221374045801527
noun_infrastructure,signed,-0.62,367,267,26,126,0.5788643533123028,0.9338422391857506,0.7147030185004869,0.9338422391857506,0.6793893129770993,0.6272264631043257
noun_infrastructure,signed,-0.6,367,261,26,132,0.5843949044585988,0.9338422391857506,0.7189030362389814,0.9338422391857506,0.6641221374045801,0.6348600508905853
noun_infrastructure,signed,-0.58,367,258,26,135,0.5872,0.9338422391857506,0.7210216110019646,0.9338422391857506,0.6564885496183206,0.638676844783715
noun_infrastructure,signed,-0.56,365,256,28,137,0.5877616747181964,0.9287531806615776,0.719921104536489,0.9287531806615776,0.6513994910941476,0.638676844783715
noun_infrastructure,signed,-0.54,364,250,29,143,0.5928338762214984,0.926208651399491,0.7229394240317776,0.926208651399491,0.6361323155216285,0.6450381679389313
noun_infrastructure,signed,-0.52,362,245,31,148,0.5963756177924218,0.9211195928753181,0.724,0.9211195928753181,0.6234096692111959,0.648854961832061
noun_infrastructure,signed,-0.5,362,240,31,153,0.6013289036544851,0.9211195928753181,0.7276381909547739,0.9211195928753181,0.6106870229007634,0.6552162849872774
noun_infrastructure,signed,-0.48,362,235,31,158,0.6063651591289783,0.9211195928753181,0.7313131313131314,0.9211195928753181,0.5979643765903307,0.6615776081424937
noun_infrastructure,signed,-0.46,361,230,32,163,0.61082910321489,0.9185750636132316,0.7337398373983741,0.9185750636132316,0.5852417302798982,0.6666666666666666
noun_infrastructure,signed,-0.44,360,226,33,167,0.6143344709897611,0.916030534351145,0.735444330949949,0.916030534351145,0.5750636132315522,0.6704834605597965
noun_infrastructure,signed,-0.42,360,216,33,177,0.625,0.916030534351145,0.7430340557275541,0.916030534351145,0.549618320610687,0.683206106870229
noun_infrastructure,signed,-0.4,360,214,33,179,0.627177700348432,0.916030534351145,0.7445708376421923,0.916030534351145,0.544529262086514,0.6857506361323156
noun_infrastructure,signed,-0.38,359,211,34,182,0.6298245614035087,0.9134860050890585,0.7455867082035307,0.9134860050890585,0.5368956743002544,0.688295165394402
noun_infrastructure,signed,-0.36,359,208,34,185,0.6331569664902998,0.9134860050890585,0.7479166666666667,0.9134860050890585,0.5292620865139949,0.6921119592875318
noun_infrastructure,signed,-0.34,359,204,34,189,0.6376554174067496,0.9134860050890585,0.7510460251046025,0.9134860050890585,0.5190839694656488,0.6972010178117048
noun_infrastructure,signed,-0.32,359,202,34,191,0.6399286987522281,0.9134860050890585,0.7526205450733753,0.9134860050890585,0.5139949109414759,0.6997455470737913
noun_infrastructure,signed,-0.3,359,200,34,193,0.6422182468694096,0.9134860050890585,0.7542016806722688,0.9134860050890585,0.5089058524173028,0.7022900763358778
noun_infrastructure,signed,-0.28,359,199,34,194,0.6433691756272402,0.9134860050890585,0.7549947423764459,0.9134860050890585,0.5063613231552163,0.7035623409669212
noun_infrastructure,signed,-0.26,359,198,34,195,0.644524236983842,0.9134860050890585,0.7557894736842105,0.9134860050890585,0.5038167938931297,0.7048346055979644
noun_infrastructure,signed,-0.24,357,192,36,201,0.6502732240437158,0.9083969465648855,0.7579617834394904,0.9083969465648855,0.48854961832061067,0.7099236641221374
noun_infrastructure,signed,-0.22,357,188,36,205,0.655045871559633,0.9083969465648855,0.7611940298507461,0.9083969465648855,0.47837150127226463,0.7150127226463104
noun_infrastructure,signed,-0.2,355,186,38,207,0.6561922365988909,0.9033078880407125,0.7601713062098502,0.9033078880407125,0.4732824427480916,0.7150127226463104
noun_infrastructure,signed,-0.18,354,182,39,211,0.6604477611940298,0.9007633587786259,0.7621097954790096,0.9007633587786259,0.4631043256997455,0.7188295165394402
noun_infrastructure,signed,-0.16,353,182,40,211,0.6598130841121496,0.8982188295165394,0.7607758620689656,0.8982188295165394,0.4631043256997455,0.7175572519083969
noun_infrastructure,signed,-0.14,353,176,40,217,0.667296786389414,0.8982188295165394,0.7657266811279827,0.8982188295165394,0.44783715012722647,0.7251908396946565
noun_infrastructure,signed,-0.12,352,173,41,220,0.6704761904761904,0.8956743002544529,0.766884531590414,0.8956743002544529,0.4402035623409669,0.727735368956743
noun_infrastructure,signed,-0.1,351,170,42,223,0.6737044145873321,0.8931297709923665,0.7680525164113786,0.8931297709923665,0.43256997455470736,0.7302798982188295
noun_infrastructure,signed,-0.08,351,169,42,224,0.675,0.8931297709923665,0.7688937568455642,0.8931297709923665,0.4300254452926209,0.7315521628498728
noun_infrastructure,signed,-0.06,350,167,43,226,0.6769825918762089,0.8905852417302799,0.7692307692307694,0.8905852417302799,0.42493638676844786,0.732824427480916
noun_infrastructure,signed,-0.04,348,163,45,230,0.6810176125244618,0.8854961832061069,0.7699115044247788,0.8854961832061069,0.41475826972010177,0.7353689567430025
noun_infrastructure,signed,-0.02,348,158,45,235,0.6877470355731226,0.8854961832061069,0.7741935483870968,0.8854961832061069,0.4020356234096692,0.7417302798982188
noun_infrastructure,signed,0.0,347,152,46,241,0.6953907815631263,0.8829516539440203,0.7780269058295964,0.8829516539440203,0.38676844783715014,0.7480916030534351
noun_infrastructure,signed,0.02,345,143,48,250,0.7069672131147541,0.8778625954198473,0.7832009080590238,0.8778625954198473,0.3638676844783715,0.7569974554707379
noun_infrastructure,signed,0.04,345,136,48,257,0.7172557172557172,0.8778625954198473,0.7894736842105263,0.8778625954198473,0.3460559796437659,0.7659033078880407
noun_infrastructure,signed,0.06,344,131,49,262,0.7242105263157895,0.8753180661577609,0.792626728110599,0.8753180661577609,0.3333333333333333,0.7709923664122137
noun_infrastructure,signed,0.08,341,127,52,266,0.7286324786324786,0.8676844783715013,0.7921022067363531,0.8676844783715013,0.3231552162849873,0.772264631043257
noun_infrastructure,signed,0.1,341,126,52,267,0.7301927194860813,0.8676844783715013,0.7930232558139535,0.8676844783715013,0.32061068702290074,0.7735368956743003
noun_infrastructure,signed,0.12,339,121,54,272,0.7369565217391304,0.8625954198473282,0.794841735052755,0.8625954198473282,0.30788804071246817,0.77735368956743
noun_infrastructure,signed,0.14,338,119,55,274,0.7396061269146609,0.8600508905852418,0.7952941176470588,0.8600508905852418,0.30279898218829515,0.7786259541984732
noun_infrastructure,signed,0.16,338,115,55,278,0.7461368653421634,0.8600508905852418,0.7990543735224587,0.8600508905852418,0.2926208651399491,0.7837150127226463
noun_infrastructure,signed,0.18,336,114,57,279,0.7466666666666667,0.8549618320610687,0.797153024911032,0.8549618320610687,0.2900763358778626,0.7824427480916031
noun_infrastructure,signed,0.2,336,109,57,284,0.755056179775281,0.8549618320610687,0.801909307875895,0.8549618320610687,0.27735368956743,0.7888040712468194
noun_infrastructure,signed,0.22,335,103,58,290,0.7648401826484018,0.8524173027989822,0.8062575210589652,0.8524173027989822,0.26208651399491095,0.7951653944020356
noun_infrastructure,signed,0.24,335,101,58,292,0.768348623853211,0.8524173027989822,0.8082026537997588,0.8524173027989822,0.25699745547073793,0.7977099236641222
noun_infrastructure,signed,0.26,334,94,59,299,0.780373831775701,0.8498727735368957,0.8136419001218028,0.8498727735368957,0.23918575063613232,0.8053435114503816
noun_infrastructure,signed,0.28,334,89,59,304,0.789598108747045,0.8498727735368957,0.8186274509803921,0.8498727735368957,0.22646310432569974,0.811704834605598
noun_infrastructure,signed,0.3,334,84,59,309,0.7990430622009569,0.8498727735368957,0.8236744759556104,0.8498727735368957,0.21374045801526717,0.8180661577608143
noun_infrastructure,signed,0.32,334,83,59,310,0.8009592326139089,0.8498727735368957,0.8246913580246914,0.8498727735368957,0.21119592875318066,0.8193384223918575
noun_infrastructure,signed,0.34,333,81,60,312,0.8043478260869565,0.8473282442748091,0.8252788104089219,0.8473282442748091,0.20610687022900764,0.8206106870229007
noun_infrastructure,signed,0.36,332,77,61,316,0.8117359413202934,0.8447837150127226,0.8279301745635911,0.8447837150127226,0.19592875318066158,0.8244274809160306
noun_infrastructure,signed,0.38,330,73,63,320,0.8188585607940446,0.8396946564885496,0.8291457286432161,0.8396946564885496,0.18575063613231552,0.8269720101781171
noun_infrastructure,signed,0.4,329,71,64,322,0.8225,0.8371501272264631,0.8297604035308953,0.8371501272264631,0.1806615776081425,0.8282442748091603
noun_infrastructure,signed,0.42,326,71,67,322,0.8211586901763224,0.8295165394402035,0.8253164556962025,0.8295165394402035,0.1806615776081425,0.8244274809160306
noun_infrastructure,signed,0.44,324,70,69,323,0.8223350253807107,0.8244274809160306,0.8233799237611182,0.8244274809160306,0.178117048346056,0.8231552162849872
noun_infrastructure,signed,0.46,323,69,70,324,0.8239795918367347,0.821882951653944,0.8229299363057325,0.821882951653944,0.17557251908396945,0.8231552162849872
noun_infrastructure,signed,0.48,323,68,70,325,0.8260869565217391,0.821882951653944,0.8239795918367346,0.821882951653944,0.17302798982188294,0.8244274809160306
noun_infrastructure,signed,0.5,323,65,70,328,0.8324742268041238,0.821882951653944,0.8271446862996158,0.821882951653944,0.16539440203562342,0.8282442748091603
noun_infrastructure,signed,0.52,323,62,70,331,0.8389610389610389,0.821882951653944,0.8303341902313625,0.821882951653944,0.15776081424936386,0.8320610687022901
noun_infrastructure,signed,0.54,322,61,71,332,0.8407310704960835,0.8193384223918575,0.8298969072164948,0.8193384223918575,0.15521628498727735,0.8320610687022901
noun_infrastructure,signed,0.56,321,59,72,334,0.8447368421052631,0.816793893129771,0.8305304010349288,0.816793893129771,0.15012722646310434,0.8333333333333334
noun_infrastructure,signed,0.58,317,57,76,336,0.8475935828877005,0.806615776081425,0.8265971316818775,0.806615776081425,0.1450381679389313,0.8307888040712468
noun_infrastructure,signed,0.6,317,56,76,337,0.8498659517426274,0.806615776081425,0.8276762402088773,0.806615776081425,0.14249363867684478,0.8320610687022901
noun_infrastructure,signed,0.62,316,55,77,338,0.8517520215633423,0.8040712468193384,0.8272251308900522,0.8040712468193384,0.13994910941475827,0.8320610687022901
noun_infrastructure,signed,0.64,316,51,77,342,0.8610354223433242,0.8040712468193384,0.831578947368421,0.8040712468193384,0.1297709923664122,0.8371501272264631
noun_infrastructure,signed,0.66,314,51,79,342,0.8602739726027397,0.7989821882951654,0.8284960422163589,0.7989821882951654,0.1297709923664122,0.8346055979643766
noun_infrastructure,signed,0.68,311,47,82,346,0.8687150837988827,0.7913486005089059,0.8282290279627165,0.7913486005089059,0.11959287531806616,0.8358778625954199
noun_infrastructure,signed,0.7,308,45,85,348,0.8725212464589235,0.7837150127226463,0.8257372654155496,0.7837150127226463,0.11450381679389313,0.8346055979643766
noun_infrastructure,signed,0.72,304,41,89,352,0.881159420289855,0.7735368956743003,0.8238482384823849,0.7735368956743003,0.10432569974554708,0.8346055979643766
noun_infrastructure,signed,0.74,300,40,93,353,0.8823529411764706,0.7633587786259542,0.8185538881309687,0.7633587786259542,0.10178117048346055,0.8307888040712468
noun_infrastructure,signed,0.76,299,39,94,354,0.8846153846153846,0.7608142493638677,0.8180574555403557,0.7608142493638677,0.09923664122137404,0.8307888040712468
noun_infrastructure,signed,0.78,298,37,95,356,0.8895522388059701,0.7582697201017812,0.8186813186813185,0.7582697201017812,0.09414758269720101,0.8320610687022901
noun_infrastructure,signed,0.8,296,33,97,360,0.8996960486322189,0.7531806615776081,0.8199445983379502,0.7531806615776081,0.08396946564885496,0.8346055979643766
noun_infrastructure,signed,0.82,290,30,103,363,0.90625,0.7379134860050891,0.8134642356241235,0.7379134860050891,0.07633587786259542,0.8307888040712468
noun_infrastructure,signed,0.84,288,29,105,364,0.9085173501577287,0.732824427480916,0.8112676056338028,0.732824427480916,0.0737913486005089,0.8295165394402035
noun_infrastructure,signed,0.86,283,28,110,365,0.909967845659164,0.7201017811704835,0.8039772727272728,0.7201017811704835,0.07124681933842239,0.8244274809160306
noun_infrastructure,signed,0.88,272,21,121,372,0.9283276450511946,0.6921119592875318,0.793002915451895,0.6921119592875318,0.05343511450381679,0.8193384223918575
noun_infrastructure,signed,0.9,255,19,138,374,0.9306569343065694,0.648854961832061,0.7646176911544227,0.648854961832061,0.04834605597964377,0.8002544529262087
noun_infrastructure,signed,0.92,238,13,155,380,0.9482071713147411,0.6055979643765903,0.7391304347826086,0.6055979643765903,0.03307888040712468,0.7862595419847328
noun_infrastructure,signed,0.94,220,12,173,381,0.9482758620689655,0.5597964376590331,0.704,0.5597964376590331,0.030534351145038167,0.7646310432569975
noun_infrastructure,signed,0.96,183,5,210,388,0.973404255319149,0.46564885496183206,0.6299483648881239,0.46564885496183206,0.01272264631043257,0.7264631043256997
noun_infrastructure,signed,0.98,109,2,284,391,0.9819819819819819,0.27735368956743,0.4325396825396825,0.27735368956743,0.005089058524173028,0.6361323155216285
noun_infrastructure,signed,1.0,0,0,393,393,0.0,0.0,0.0,0.0,0.0,0.5
verb,entail,0.0,1630,1630,0,0,0.5,1.0,0.6666666666666666,1.0,1.0,0.5
verb,entail,0.01,1628,74,2,1556,0.9565217391304348,0.9987730061349693,0.9771908763505402,0.9987730061349693,0.04539877300613497,0.9766871165644172
verb,entail,0.02,1625,66,5,1564,0.960969840331165,0.9969325153374233,0.9786208973200843,0.9969325153374233,0.04049079754601227,0.9782208588957055
verb,entail,0.03,1624,50,6,1580,0.970131421744325,0.996319018404908,0.9830508474576272,0.996319018404908,0.03067484662576687,0.9828220858895705
verb,entail,0.04,1621,49,9,1581,0.9706586826347305,0.994478527607362,0.9824242424242425,0.994478527607362,0.030061349693251534,0.9822085889570552
verb,entail,0.05,1619,44,11,1586,0.973541791942273,0.9932515337423313,0.9832979046462194,0.9932515337423313,0.026993865030674847,0.9831288343558282
verb,entail,0.06,1618,39,12,1591,0.9764634882317441,0.992638036809816,0.9844843322178278,0.992638036809816,0.02392638036809816,0.9843558282208589
verb,entail,0.07,1617,37,13,1593,0.9776299879081015,0.9920245398773007,0.9847746650426309,0.9920245398773007,0.022699386503067485,0.9846625766871165
verb,entail,0.08,1617,34,13,1596,0.9794064203513022,0.9920245398773007,0.9856750990551661,0.9920245398773007,0.020858895705521473,0.9855828220858895
verb,entail,0.09,1616,30,14,1600,0.9817739975698664,0.9914110429447853,0.9865689865689867,0.9914110429447853,0.018404907975460124,0.9865030674846625
verb,entail,0.1,1616,30,14,1600,0.9817739975698664,0.9914110429447853,0.9865689865689867,0.9914110429447853,0.018404907975460124,0.9865030674846625
verb,entail,0.11,1616,28,14,1602,0.9829683698296837,0.9914110429447853,0.9871716554673183,0.9914110429447853,0.01717791411042945,0.9871165644171779
verb,entail,0.12,1614,27,16,1603,0.9835466179159049,0.9901840490797545,0.9868541730357688,0.9901840490797545,0.016564417177914112,0.9868098159509202
verb,entail,0.13,1614,27,16,1603,0.9835466179159049,0.9901840490797545,0.9868541730357688,0.9901840490797545,0.016564417177914112,0.9868098159509202
verb,entail,0.14,1612,26,18,1604,0.9841269841269841,0.9889570552147239,0.9865361077111383,0.9889570552147239,0.015950920245398775,0.9865030674846625
verb,entail,0.15,1612,25,18,1605,0.984728161270617,0.9889570552147239,0.9868380777471686,0.9889570552147239,0.015337423312883436,0.9868098159509202
verb,entail,0.16,1612,25,18,1605,0.984728161270617,0.9889570552147239,0.9868380777471686,0.9889570552147239,0.015337423312883436,0.9868098159509202
verb,entail,0.17,1611,25,19,1605,0.9847188264058679,0.9883435582822085,0.9865278628291487,0.9883435582822085,0.015337423312883436,0.9865030674846625
verb,entail,0.18,1611,25,19,1605,0.9847188264058679,0.9883435582822085,0.9865278628291487,0.9883435582822085,0.015337423312883436,0.9865030674846625
verb,entail,0.19,1611,25,19,1605,0.9847188264058679,0.9883435582822085,0.9865278628291487,0.9883435582822085,0.015337423312883436,0.9865030674846625
verb,entail,0.2,1610,25,20,1605,0.9847094801223242,0.9877300613496932,0.9862174578866768,0.9877300613496932,0.015337423312883436,0.9861963190184049
verb,entail,0.21,1610,24,20,1606,0.98531211750306,0.9877300613496932,0.9865196078431373,0.9877300613496932,0.014723926380368098,0.9865030674846625
verb,entail,0.22,1610,23,20,1607,0.9859154929577465,0.9877300613496932,0.9868219429972417,0.9877300613496932,0.01411042944785276,0.9868098159509202
verb,entail,0.23,1608,23,22,1607,0.9858982219497241,0.9865030674846625,0.9862005519779208,0.9865030674846625,0.01411042944785276,0.9861963190184049
verb,entail,0.24,1608,23,22,1607,0.9858982219497241,0.9865030674846625,0.9862005519779208,0.9865030674846625,0.01411042944785276,0.9861963190184049
verb,entail,0.25,1608,22,22,1608,0.9865030674846625,0.9865030674846625,0.9865030674846625,0.9865030674846625,0.013496932515337423,0.9865030674846625
verb,entail,0.26,1606,22,24,1608,0.9864864864864865,0.9852760736196319,0.9858809085328422,0.9852760736196319,0.013496932515337423,0.9858895705521472
verb,entail,0.27,1606,22,24,1608,0.9864864864864865,0.9852760736196319,0.9858809085328422,0.9852760736196319,0.013496932515337423,0.9858895705521472
verb,entail,0.28,1606,22,24,1608,0.9864864864864865,0.9852760736196319,0.9858809085328422,0.9852760736196319,0.013496932515337423,0.9858895705521472
verb,entail,0.29,1605,22,25,1608,0.986478180700676,0.9846625766871165,0.9855695425237948,0.9846625766871165,0.013496932515337423,0.9855828220858895
verb,entail,0.3,1605,21,25,1609,0.9870848708487084,0.9846625766871165,0.9858722358722358,0.9846625766871165,0.012883435582822086,0.9858895705521472
verb,entail,0.31,1604,21,26,1609,0.9870769230769231,0.9840490797546012,0.9855606758832566,0.9840490797546012,0.012883435582822086,0.9855828220858895
verb,entail,0.32,1604,20,26,1610,0.9876847290640394,0.9840490797546012,0.9858635525507069,0.9840490797546012,0.012269938650306749,0.9858895705521472
verb,entail,0.33,1603,20,27,1610,0.9876771410967344,0.9834355828220859,0.9855517983399938,0.9834355828220859,0.012269938650306749,0.9855828220858895
verb,entail,0.34,1601,20,29,1610,0.9876619370758791,0.9822085889570552,0.9849277145493694,0.9822085889570552,0.012269938650306749,0.9849693251533742
verb,entail,0.35,1601,20,29,1610,0.9876619370758791,0.9822085889570552,0.9849277145493694,0.9822085889570552,0.012269938650306749,0.9849693251533742
verb,entail,0.36,1600,19,30,1611,0.9882643607164917,0.9815950920245399,0.9849184364419822,0.9815950920245399,0.011656441717791411,0.9849693251533742
verb,entail,0.37,1599,19,31,1611,0.988257107540173,0.9809815950920245,0.9846059113300493,0.9809815950920245,0.011656441717791411,0.9846625766871165
verb,entail,0.38,1599,18,31,1612,0.9888682745825603,0.9809815950920245,0.9849091469048353,0.9809815950920245,0.011042944785276074,0.9849693251533742
verb,entail,0.39,1597,18,33,1612,0.9888544891640867,0.9797546012269939,0.9842835130970723,0.9797546012269939,0.011042944785276074,0.9843558282208589
verb,entail,0.4,1591,17,39,1613,0.9894278606965174,0.9760736196319019,0.9827053736874614,0.9760736196319019,0.010429447852760737,0.9828220858895705
verb,entail,0.41,1591,17,39,1613,0.9894278606965174,0.9760736196319019,0.9827053736874614,0.9760736196319019,0.010429447852760737,0.9828220858895705
verb,entail,0.42,1590,16,40,1614,0.9900373599003736,0.9754601226993865,0.9826946847960444,0.9754601226993865,0.0098159509202454,0.9828220858895705
verb,entail,0.43,1589,16,41,1614,0.990031152647975,0.9748466257668712,0.9823802163833074,0.9748466257668712,0.0098159509202454,0.9825153374233129
verb,entail,0.44,1589,16,41,1614,0.990031152647975,0.9748466257668712,0.9823802163833074,0.9748466257668712,0.0098159509202454,0.9825153374233129
verb,entail,0.45,1588,16,42,1614,0.9900249376558603,0.9742331288343559,0.982065553494125,0.9742331288343559,0.0098159509202454,0.9822085889570552
verb,entail,0.46,1587,16,43,1614,0.9900187149095446,0.9736196319018405,0.9817506959480359,0.9736196319018405,0.0098159509202454,0.9819018404907975
verb,entail,0.47,1586,16,44,1614,0.9900124843945068,0.9730061349693252,0.9814356435643563,0.9730061349693252,0.0098159509202454,0.9815950920245399
verb,entail,0.48,1585,15,45,1615,0.990625,0.9723926380368099,0.9814241486068112,0.9723926380368099,0.009202453987730062,0.9815950920245399
verb,entail,0.49,1583,15,47,1615,0.990613266583229,0.9711656441717792,0.9807930607187113,0.9711656441717792,0.009202453987730062,0.9809815950920245
verb,entail,0.5,1582,15,48,1615,0.9906073888541015,0.9705521472392638,0.9804772234273319,0.9705521472392638,0.009202453987730062,0.9806748466257669
verb,entail,0.51,1581,14,49,1616,0.9912225705329154,0.9699386503067484,0.9804651162790698,0.9699386503067484,0.008588957055214725,0.9806748466257669
verb,entail,0.52,1579,14,51,1616,0.9912115505335845,0.9687116564417177,0.9798324542351846,0.9687116564417177,0.008588957055214725,0.9800613496932515
verb,entail,0.53,1578,14,52,1616,0.9912060301507538,0.9680981595092024,0.9795158286778399,0.9680981595092024,0.008588957055214725,0.9797546012269939
verb,entail,0.54,1577,14,53,1616,0.9912005028284098,0.9674846625766871,0.9791990065197144,0.9674846625766871,0.008588957055214725,0.9794478527607362
verb,entail,0.55,1577,13,53,1617,0.9918238993710692,0.9674846625766871,0.979503105590062,0.9674846625766871,0.007975460122699387,0.9797546012269939
verb,entail,0.56,1577,13,53,1617,0.9918238993710692,0.9674846625766871,0.979503105590062,0.9674846625766871,0.007975460122699387,0.9797546012269939
verb,entail,0.57,1575,13,55,1617,0.9918136020151134,0.9662576687116564,0.9788688626476073,0.9662576687116564,0.007975460122699387,0.9791411042944785
verb,entail,0.58,1574,13,56,1617,0.9918084436042848,0.9656441717791411,0.9785514454460676,0.9656441717791411,0.007975460122699387,0.9788343558282209
verb,entail,0.59,1572,13,58,1617,0.9917981072555205,0.9644171779141104,0.9779160186625195,0.9644171779141104,0.007975460122699387,0.9782208588957055
verb,entail,0.6,1572,13,58,1617,0.9917981072555205,0.9644171779141104,0.9779160186625195,0.9644171779141104,0.007975460122699387,0.9782208588957055
verb,entail,0.61,1572,13,58,1617,0.9917981072555205,0.9644171779141104,0.9779160186625195,0.9644171779141104,0.007975460122699387,0.9782208588957055
verb,entail,0.62,1569,13,61,1617,0.9917825537294563,0.9625766871165644,0.976961394769614,0.9625766871165644,0.007975460122699387,0.9773006134969325
verb,entail,0.63,1565,13,65,1617,0.9917617237008872,0.9601226993865031,0.9756857855361597,0.9601226993865031,0.007975460122699387,0.9760736196319019
verb,entail,0.64,1562,12,68,1618,0.9923761118170267,0.9582822085889571,0.9750312109862672,0.9582822085889571,0.007361963190184049,0.9754601226993865
verb,entail,0.65,1558,11,72,1619,0.992989165073295,0.9558282208588957,0.9740543919974992,0.9558282208588957,0.006748466257668712,0.9745398773006135
verb,entail,0.66,1555,10,75,1620,0.9936102236421726,0.9539877300613497,0.9733959311424101,0.9539877300613497,0.006134969325153374,0.9739263803680982
verb,entail,0.67,1553,10,77,1620,0.9936020473448497,0.9527607361963191,0.9727528969621047,0.9527607361963191,0.006134969325153374,0.9733128834355829
verb,entail,0.68,1552,10,78,1620,0.9935979513444302,0.9521472392638037,0.9724310776942355,0.9521472392638037,0.006134969325153374,0.9730061349693252
verb,entail,0.69,1550,10,80,1620,0.9935897435897436,0.950920245398773,0.9717868338557993,0.950920245398773,0.006134969325153374,0.9723926380368099
verb,entail,0.7,1550,9,80,1621,0.9942270686337396,0.950920245398773,0.9720915647538413,0.950920245398773,0.005521472392638037,0.9726993865030675
verb,entail,0.71,1549,8,81,1622,0.9948619139370585,0.9503067484662576,0.972074050831503,0.9503067484662576,0.0049079754601227,0.9726993865030675
verb,entail,0.72,1546,8,84,1622,0.9948519948519948,0.9484662576687116,0.9711055276381909,0.9484662576687116,0.0049079754601227,0.9717791411042945
verb,entail,0.73,1540,8,90,1622,0.9948320413436692,0.9447852760736196,0.9691629955947136,0.9447852760736196,0.0049079754601227,0.9699386503067484
verb,entail,0.74,1537,8,93,1622,0.9948220064724919,0.9429447852760736,0.9681889763779528,0.9429447852760736,0.0049079754601227,0.9690184049079754
verb,entail,0.75,1533,7,97,1623,0.9954545454545455,0.9404907975460123,0.967192429022082,0.9404907975460123,0.004294478527607362,0.9680981595092024
verb,entail,0.76,1532,7,98,1623,0.99545159194282,0.939877300613497,0.9668665194067528,0.939877300613497,0.004294478527607362,0.9677914110429447
verb,entail,0.77,1526,6,104,1624,0.9960835509138382,0.9361963190184049,0.9652118912080963,0.9361963190184049,0.0036809815950920245,0.9662576687116564
verb,entail,0.78,1522,6,108,1624,0.9960732984293194,0.9337423312883436,0.9639012032932236,0.9337423312883436,0.0036809815950920245,0.9650306748466257
verb,entail,0.79,1518,5,112,1625,0.9967170059093894,0.9312883435582822,0.9628924833491912,0.9312883435582822,0.003067484662576687,0.9641104294478527
verb,entail,0.8,1514,5,116,1625,0.9967083607636603,0.9288343558282208,0.9615751032073675,0.9288343558282208,0.003067484662576687,0.9628834355828221
verb,entail,0.81,1510,5,120,1625,0.9966996699669967,0.9263803680981595,0.9602543720190778,0.9263803680981595,0.003067484662576687,0.9616564417177914
verb,entail,0.82,1505,5,125,1625,0.9966887417218543,0.9233128834355828,0.9585987261146497,0.9233128834355828,0.003067484662576687,0.9601226993865031
verb,entail,0.83,1498,5,132,1625,0.9966733200266135,0.9190184049079755,0.9562719438238111,0.9190184049079755,0.003067484662576687,0.9579754601226994
verb,entail,0.84,1497,4,133,1626,0.9973351099267155,0.9184049079754601,0.9562440114979239,0.9184049079754601,0.00245398773006135,0.9579754601226994
verb,entail,0.85,1488,3,142,1627,0.9979879275653923,0.912883435582822,0.9535405318808075,0.912883435582822,0.0018404907975460123,0.9555214723926381
verb,entail,0.86,1481,3,149,1627,0.9979784366576819,0.9085889570552147,0.9511881824020553,0.9085889570552147,0.0018404907975460123,0.9533742331288344
verb,entail,0.87,1468,2,162,1628,0.998639455782313,0.9006134969325154,0.9470967741935484,0.9006134969325154,0.001226993865030675,0.9496932515337423
verb,entail,0.88,1461,2,169,1628,0.9986329460013671,0.896319018404908,0.944713870029098,0.896319018404908,0.001226993865030675,0.9475460122699386
verb,entail,0.89,1445,2,185,1628,0.9986178299930891,0.8865030674846626,0.9392265193370165,0.8865030674846626,0.001226993865030675,0.942638036809816
verb,entail,0.9,1434,2,196,1628,0.9986072423398329,0.8797546012269939,0.9354207436399218,0.8797546012269939,0.001226993865030675,0.9392638036809816
verb,entail,0.91,1422,2,208,1628,0.9985955056179775,0.8723926380368098,0.931237721021611,0.8723926380368098,0.001226993865030675,0.9355828220858896
verb,entail,0.92,1400,2,230,1628,0.9985734664764622,0.8588957055214724,0.9234828496042217,0.8588957055214724,0.001226993865030675,0.9288343558282208
verb,entail,0.93,1374,2,256,1628,0.998546511627907,0.8429447852760736,0.9141716566866268,0.8429447852760736,0.001226993865030675,0.9208588957055215
verb,entail,0.94,1354,2,276,1628,0.9985250737463127,0.8306748466257668,0.9068988613529807,0.8306748466257668,0.001226993865030675,0.9147239263803681
verb,entail,0.95,1316,2,314,1628,0.9984825493171472,0.807361963190184,0.89280868385346,0.807361963190184,0.001226993865030675,0.9030674846625767
verb,entail,0.96,1247,2,383,1628,0.9983987189751802,0.7650306748466258,0.8662730114623133,0.7650306748466258,0.001226993865030675,0.8819018404907976
verb,entail,0.97,1172,0,458,1630,1.0,0.7190184049079754,0.8365453247680229,0.7190184049079754,0.0,0.8595092024539878
verb,entail,0.98,1043,0,587,1630,1.0,0.6398773006134969,0.7803965581743358,0.6398773006134969,0.0,0.8199386503067485
verb,entail,0.99,695,0,935,1630,1.0,0.4263803680981595,0.5978494623655913,0.4263803680981595,0.0,0.7131901840490797
verb,entail,1.0,0,0,1630,1630,0.0,0.0,0.0,0.0,0.0,0.5
verb,signed,-1.0,1630,1630,0,0,0.5,1.0,0.6666666666666666,1.0,1.0,0.5
verb,signed,-0.98,1628,147,2,1483,0.9171830985915493,0.9987730061349693,0.9562408223201176,0.9987730061349693,0.09018404907975461,0.9542944785276074
verb,signed,-0.96,1627,100,3,1530,0.9420961204400695,0.998159509202454,0.9693178433124814,0.998159509202454,0.06134969325153374,0.9684049079754601
verb,signed,-0.94,1626,80,4,1550,0.9531066822977726,0.9975460122699387,0.9748201438848921,0.9975460122699387,0.049079754601226995,0.9742331288343559
verb,signed,-0.92,1623,68,7,1562,0.9597871082199881,0.9957055214723927,0.9774164408310749,0.9957055214723927,0.04171779141104295,0.9769938650306749
verb,signed,-0.9,1621,65,9,1565,0.961447212336892,0.994478527607362,0.9776839565741858,0.994478527607362,0.03987730061349693,0.9773006134969325
verb,signed,-0.88,1620,60,10,1570,0.9642857142857143,0.9938650306748467,0.9788519637462235,0.9938650306748467,0.03680981595092025,0.9785276073619632
verb,signed,-0.86,1618,59,12,1571,0.9648181276088252,0.992638036809816,0.978530390081645,0.992638036809816,0.03619631901840491,0.9782208588957055
verb,signed,-0.84,1618,54,12,1576,0.9677033492822966,0.992638036809816,0.9800121138703816,0.992638036809816,0.033128834355828224,0.9797546012269939
verb,signed,-0.82,1618,53,12,1577,0.9682824655894674,0.992638036809816,0.9803089972735536,0.992638036809816,0.03251533742331288,0.9800613496932515
verb,signed,-0.8,1616,47,14,1583,0.9717378232110644,0.9914110429447853,0.9814758578803524,0.9914110429447853,0.02883435582822086,0.9812883435582822
verb,signed,-0.78,1616,43,14,1587,0.974080771549126,0.9914110429447853,0.9826695044086349,0.9914110429447853,0.02638036809815951,0.9825153374233129
verb,signed,-0.76,1616,39,14,1591,0.9764350453172206,0.9914110429447853,0.9838660578386605,0.9914110429447853,0.02392638036809816,0.9837423312883435
verb,signed,-0.74,1615,38,15,1592,0.9770114942528736,0.99079754601227,0.9838562290587877,0.99079754601227,0.023312883435582823,0.9837423312883435
verb,signed,-0.72,1615,36,15,1594,0.9781950333131435,0.99079754601227,0.9844559585492229,0.99079754601227,0.022085889570552148,0.9843558282208589
verb,signed,-0.7,1613,36,17,1594,0.9781685870224378,0.9895705521472392,0.9838365355291246,0.9895705521472392,0.022085889570552148,0.9837423312883435
verb,signed,-0.68,1613,35,17,1595,0.9787621359223301,0.9895705521472392,0.984136668700427,0.9895705521472392,0.02147239263803681,0.9840490797546012
verb,signed,-0.66,1613,32,17,1598,0.9805471124620061,0.9895705521472392,0.9850381679389313,0.9895705521472392,0.0196319018404908,0.9849693251533742
verb,signed,-0.64,1612,31,18,1599,0.9811320754716981,0.9889570552147239,0.9850290253589978,0.9889570552147239,0.01901840490797546,0.9849693251533742
verb,signed,-0.62,1612,31,18,1599,0.9811320754716981,0.9889570552147239,0.9850290253589978,0.9889570552147239,0.01901840490797546,0.9849693251533742
verb,signed,-0.6,1612,30,18,1600,0.9817295980511571,0.9889570552147239,0.9853300733496332,0.9889570552147239,0.018404907975460124,0.9852760736196319
verb,signed,-0.58,1611,29,19,1601,0.9823170731707317,0.9883435582822085,0.9853211009174311,0.9883435582822085,0.017791411042944787,0.9852760736196319
verb,signed,-0.56,1611,29,19,1601,0.9823170731707317,0.9883435582822085,0.9853211009174311,0.9883435582822085,0.017791411042944787,0.9852760736196319
verb,signed,-0.54,1611,28,19,1602,0.9829164124466138,0.9883435582822085,0.9856225145304374,0.9883435582822085,0.01717791411042945,0.9855828220858895
verb,signed,-0.52,1610,28,20,1602,0.9829059829059829,0.9877300613496932,0.9853121175030599,0.9877300613496932,0.01717791411042945,0.9852760736196319
verb,signed,-0.5,1609,27,21,1603,0.9834963325183375,0.9871165644171779,0.9853031230863442,0.9871165644171779,0.016564417177914112,0.9852760736196319
verb,signed,-0.48,1609,27,21,1603,0.9834963325183375,0.9871165644171779,0.9853031230863442,0.9871165644171779,0.016564417177914112,0.9852760736196319
verb,signed,-0.46,1608,26,22,1604,0.9840881272949816,0.9865030674846625,0.9852941176470589,0.9865030674846625,0.015950920245398775,0.9852760736196319
verb,signed,-0.44,1608,26,22,1604,0.9840881272949816,0.9865030674846625,0.9852941176470589,0.9865030674846625,0.015950920245398775,0.9852760736196319
verb,signed,-0.42,1608,25,22,1605,0.9846907532149418,0.9865030674846625,0.9855960772295433,0.9865030674846625,0.015337423312883436,0.9855828220858895
verb,signed,-0.4,1607,23,23,1607,0.9858895705521472,0.9858895705521472,0.9858895705521472,0.9858895705521472,0.01411042944785276,0.9858895705521472
verb,signed,-0.38,1607,23,23,1607,0.9858895705521472,0.9858895705521472,0.9858895705521472,0.9858895705521472,0.01411042944785276,0.9858895705521472
verb,signed,-0.36,1606,23,24,1607,0.9858809085328423,0.9852760736196319,0.9855783982816815,0.9852760736196319,0.01411042944785276,0.9855828220858895
verb,signed,-0.34,1606,23,24,1607,0.9858809085328423,0.9852760736196319,0.9855783982816815,0.9852760736196319,0.01411042944785276,0.9855828220858895
verb,signed,-0.32,1605,21,25,1609,0.9870848708487084,0.9846625766871165,0.9858722358722358,0.9846625766871165,0.012883435582822086,0.9858895705521472
verb,signed,-0.3,1605,21,25,1609,0.9870848708487084,0.9846625766871165,0.9858722358722358,0.9846625766871165,0.012883435582822086,0.9858895705521472
verb,signed,-0.28,1605,21,25,1609,0.9870848708487084,0.9846625766871165,0.9858722358722358,0.9846625766871165,0.012883435582822086,0.9858895705521472
verb,signed,-0.26,1604,21,26,1609,0.9870769230769231,0.9840490797546012,0.9855606758832566,0.9840490797546012,0.012883435582822086,0.9855828220858895
verb,signed,-0.24,1603,20,27,1610,0.9876771410967344,0.9834355828220859,0.9855517983399938,0.9834355828220859,0.012269938650306749,0.9855828220858895
verb,signed,-0.22,1603,20,27,1610,0.9876771410967344,0.9834355828220859,0.9855517983399938,0.9834355828220859,0.012269938650306749,0.9855828220858895
verb,signed,-0.2,1601,20,29,1610,0.9876619370758791,0.9822085889570552,0.9849277145493694,0.9822085889570552,0.012269938650306749,0.9849693251533742
verb,signed,-0.18,1596,19,34,1611,0.9882352941176471,0.9791411042944785,0.9836671802773497,0.9791411042944785,0.011656441717791411,0.9837423312883435
verb,signed,-0.16,1596,19,34,1611,0.9882352941176471,0.9791411042944785,0.9836671802773497,0.9791411042944785,0.011656441717791411,0.9837423312883435
verb,signed,-0.14,1595,19,35,1611,0.9882280049566295,0.9785276073619632,0.9833538840937115,0.9785276073619632,0.011656441717791411,0.9834355828220859
verb,signed,-0.12,1593,18,37,1612,0.9888268156424581,0.9773006134969325,0.9830299290342487,0.9773006134969325,0.011042944785276074,0.9831288343558282
verb,signed,-0.1,1593,18,37,1612,0.9888268156424581,0.9773006134969325,0.9830299290342487,0.9773006134969325,0.011042944785276074,0.9831288343558282
verb,signed,-0.08,1592,18,38,1612,0.9888198757763975,0.9766871165644172,0.9827160493827161,0.9766871165644172,0.011042944785276074,0.9828220858895705
verb,signed,-0.06,1592,18,38,1612,0.9888198757763975,0.9766871165644172,0.9827160493827161,0.9766871165644172,0.011042944785276074,0.9828220858895705
verb,signed,-0.04,1592,18,38,1612,0.9888198757763975,0.9766871165644172,0.9827160493827161,0.9766871165644172,0.011042944785276074,0.9828220858895705
verb,signed,-0.02,1591,17,39,1613,0.9894278606965174,0.9760736196319019,0.9827053736874614,0.9760736196319019,0.010429447852760737,0.9828220858895705
verb,signed,0.0,1587,17,43,1613,0.9894014962593516,0.9736196319018405,0.9814471243042671,0.9736196319018405,0.010429447852760737,0.9815950920245399
verb,signed,0.02,1587,17,43,1613,0.9894014962593516,0.9736196319018405,0.9814471243042671,0.9736196319018405,0.010429447852760737,0.9815950920245399
verb,signed,0.04,1587,17,43,1613,0.9894014962593516,0.9736196319018405,0.9814471243042671,0.9736196319018405,0.010429447852760737,0.9815950920245399
verb,signed,0.06,1587,17,43,1613,0.9894014962593516,0.9736196319018405,0.9814471243042671,0.9736196319018405,0.010429447852760737,0.9815950920245399
verb,signed,0.08,1587,17,43,1613,0.9894014962593516,0.9736196319018405,0.9814471243042671,0.9736196319018405,0.010429447852760737,0.9815950920245399
verb,signed,0.1,1585,16,45,1614,0.9900062460961899,0.9723926380368099,0.9811203961621789,0.9723926380368099,0.0098159509202454,0.9812883435582822
verb,signed,0.12,1585,16,45,1614,0.9900062460961899,0.9723926380368099,0.9811203961621789,0.9723926380368099,0.0098159509202454,0.9812883435582822
verb,signed,0.14,1584,16,46,1614,0.99,0.9717791411042945,0.9808049535603716,0.9717791411042945,0.0098159509202454,0.9809815950920245
verb,signed,0.16,1583,16,47,1614,0.9899937460913071,0.9711656441717792,0.9804893155775782,0.9711656441717792,0.0098159509202454,0.9806748466257669
verb,signed,0.18,1582,16,48,1614,0.9899874843554443,0.9705521472392638,0.9801734820322181,0.9705521472392638,0.0098159509202454,0.9803680981595092
verb,signed,0.2,1580,16,50,1614,0.9899749373433584,0.9693251533742331,0.9795412275263483,0.9693251533742331,0.0098159509202454,0.9797546012269939
verb,signed,0.22,1580,15,50,1615,0.9905956112852664,0.9693251533742331,0.97984496124031,0.9693251533742331,0.009202453987730062,0.9800613496932515
verb,signed,0.24,1580,15,50,1615,0.9905956112852664,0.9693251533742331,0.97984496124031,0.9693251533742331,0.009202453987730062,0.9800613496932515
verb,signed,0.26,1577,15,53,1615,0.9905778894472361,0.9674846625766871,0.978895096213532,0.9674846625766871,0.009202453987730062,0.9791411042944785
verb,signed,0.28,1573,15,57,1615,0.9905541561712846,0.9650306748466257,0.9776258545680546,0.9650306748466257,0.009202453987730062,0.9779141104294479
verb,signed,0.3,1571,15,59,1615,0.9905422446406053,0.9638036809815951,0.9769900497512438,0.9638036809815951,0.009202453987730062,0.9773006134969325
verb,signed,0.32,1567,15,63,1615,0.9905183312262958,0.9613496932515337,0.9757160647571606,0.9613496932515337,0.009202453987730062,0.9760736196319019
verb,signed,0.34,1567,14,63,1616,0.9911448450347881,0.9613496932515337,0.9760199314855185,0.9613496932515337,0.008588957055214725,0.9763803680981595
verb,signed,0.36,1565,12,65,1618,0.9923906150919467,0.9601226993865031,0.9759900218272529,0.9601226993865031,0.007361963190184049,0.9763803680981595
verb,signed,0.38,1563,12,67,1618,0.9923809523809524,0.9588957055214724,0.9753510140405617,0.9588957055214724,0.007361963190184049,0.9757668711656442
verb,signed,0.4,1562,12,68,1618,0.9923761118170267,0.9582822085889571,0.9750312109862672,0.9582822085889571,0.007361963190184049,0.9754601226993865
verb,signed,0.42,1562,10,68,1620,0.9936386768447837,0.9582822085889571,0.9756402248594628,0.9582822085889571,0.006134969325153374,0.9760736196319019
verb,signed,0.44,1560,10,70,1620,0.9936305732484076,0.9570552147239264,0.975,0.9570552147239264,0.006134969325153374,0.9754601226993865
verb,signed,0.46,1557,9,73,1621,0.9942528735632183,0.9552147239263804,0.9743429286608261,0.9552147239263804,0.005521472392638037,0.9748466257668712
verb,signed,0.48,1553,9,77,1621,0.9942381562099872,0.9527607361963191,0.9730576441102757,0.9527607361963191,0.005521472392638037,0.9736196319018405
verb,signed,0.5,1550,8,80,1622,0.9948652118100129,0.950920245398773,0.972396486825596,0.950920245398773,0.0049079754601227,0.9730061349693252
verb,signed,0.52,1547,8,83,1622,0.9948553054662379,0.949079754601227,0.9714285714285713,0.949079754601227,0.0049079754601227,0.9720858895705522
verb,signed,0.54,1545,8,85,1622,0.9948486799742434,0.9478527607361963,0.9707822808671065,0.9478527607361963,0.0049079754601227,0.9714723926380369
verb,signed,0.56,1540,8,90,1622,0.9948320413436692,0.9447852760736196,0.9691629955947136,0.9447852760736196,0.0049079754601227,0.9699386503067484
verb,signed,0.58,1534,8,96,1622,0.9948119325551232,0.9411042944785276,0.9672131147540984,0.9411042944785276,0.0049079754601227,0.9680981595092024
verb,signed,0.6,1533,7,97,1623,0.9954545454545455,0.9404907975460123,0.967192429022082,0.9404907975460123,0.004294478527607362,0.9680981595092024
verb,signed,0.62,1527,6,103,1624,0.9960861056751468,0.9368098159509203,0.9655390452102435,0.9368098159509203,0.0036809815950920245,0.9665644171779141
verb,signed,0.64,1522,6,108,1624,0.9960732984293194,0.9337423312883436,0.9639012032932236,0.9337423312883436,0.0036809815950920245,0.9650306748466257
verb,signed,0.66,1519,6,111,1624,0.9960655737704918,0.9319018404907975,0.9629160063391442,0.9319018404907975,0.0036809815950920245,0.9641104294478527
verb,signed,0.68,1516,6,114,1624,0.9960578186596584,0.9300613496932515,0.9619289340101523,0.9300613496932515,0.0036809815950920245,0.9631901840490797
verb,signed,0.7,1515,4,115,1626,0.9973666886109283,0.9294478527607362,0.9622102254684027,0.9294478527607362,0.00245398773006135,0.9634969325153374
verb,signed,0.72,1507,3,123,1627,0.9980132450331126,0.9245398773006135,0.9598726114649682,0.9245398773006135,0.0018404907975460123,0.9613496932515337
verb,signed,0.74,1500,3,130,1627,0.998003992015968,0.9202453987730062,0.9575486753909991,0.9202453987730062,0.0018404907975460123,0.9592024539877301
verb,signed,0.76,1493,3,137,1627,0.9979946524064172,0.9159509202453988,0.9552143314139476,0.9159509202453988,0.0018404907975460123,0.9570552147239264
verb,signed,0.78,1486,3,144,1627,0.9979852249832102,0.9116564417177914,0.9528695094581596,0.9116564417177914,0.0018404907975460123,0.9549079754601227
verb,signed,0.8,1475,3,155,1627,0.9979702300405954,0.9049079754601227,0.9491634491634491,0.9049079754601227,0.0018404907975460123,0.9515337423312883
verb,signed,0.82,1466,2,164,1628,0.9986376021798365,0.8993865030674847,0.9464170432537121,0.8993865030674847,0.001226993865030675,0.949079754601227
verb,signed,0.84,1454,2,176,1628,0.9986263736263736,0.8920245398773006,0.9423201555411537,0.8920245398773006,0.001226993865030675,0.945398773006135
verb,signed,0.86,1436,2,194,1628,0.9986091794158554,0.8809815950920246,0.9361147327249022,0.8809815950920246,0.001226993865030675,0.939877300613497
verb,signed,0.88,1411,2,219,1628,0.9985845718329794,0.8656441717791411,0.9273743016759776,0.8656441717791411,0.001226993865030675,0.9322085889570552
verb,signed,0.9,1388,2,242,1628,0.9985611510791367,0.8515337423312883,0.919205298013245,0.8515337423312883,0.001226993865030675,0.9251533742331288
verb,signed,0.92,1344,2,286,1628,0.9985141158989599,0.8245398773006135,0.9032258064516129,0.8245398773006135,0.001226993865030675,0.9116564417177914
verb,signed,0.94,1290,2,340,1628,0.9984520123839009,0.7914110429447853,0.8829568788501028,0.7914110429447853,0.001226993865030675,0.8950920245398774
verb,signed,0.96,1188,1,442,1629,0.9991589571068125,0.7288343558282209,0.842852075203973,0.7288343558282209,0.0006134969325153375,0.8641104294478528
verb,signed,0.98,942,0,688,1630,1.0,0.5779141104294478,0.7325038880248833,0.5779141104294478,0.0,0.7889570552147239
verb,signed,1.0,0,0,1630,1630,0.0,0.0,0.0,0.0,0.0,0.5
