diff_id,language,anchor,synonym,antonym,entail_syn,entail_ant,contra_syn,contra_ant,signed_syn,signed_ant,entail_delta,signed_delta
227,cpp,allow,permit,forbid,0.9957066178321838,0.0003998721658717841,0.0009665270918048918,0.9991047978401184,0.994740090740379,-0.9987049256742466,0.995306745666312,1.9934450164146256
634,cpp,add,insert,remove,0.9302099347114563,0.0002273016143590212,0.056657206267118454,0.9991305470466614,0.8735527284443378,-0.9989032454323024,0.9299826330970973,1.8724559738766402
932,cpp,add,insert,remove,0.9859241843223572,0.0001669511548243463,0.005920508876442909,0.9989972710609436,0.9800036754459143,-0.9988303199061193,0.9857572331675328,1.9788339953520335
932,cpp,disable,block,enable,0.9853261709213257,0.0006263729883357882,0.006990280468016863,0.9965189695358276,0.9783358904533088,-0.9958925965474918,0.9846997979329899,1.9742284870008007
932,cpp,create,build,destroy,0.9315695762634277,0.00023567312746308744,0.02520090900361538,0.9970781803131104,0.9063686672598124,-0.9968425071856473,0.9313339031359646,1.9032111744454596
1558,cpp,adding,inserting,removing,0.6182960271835327,9.49190289247781e-05,0.35832592844963074,0.9997617602348328,0.259970098733902,-0.999666841205908,0.6182011081546079,1.25963693993981
2427,cpp,added,inserted,removed,0.9870097637176514,0.0001699254207778722,0.007216140162199736,0.9993556141853333,0.9797936235554516,-0.9991856887645554,0.9868398382968735,1.978979312320007
2909,cpp,remove,delete,insert,0.9862596988677979,0.0003216176410205662,0.0029797672759741545,0.9989976286888123,0.9832799315918237,-0.9986760110477917,0.9859380812267773,1.9819559426396154
3149,cpp,added,inserted,removed,0.9958786964416504,0.00010321180889150128,0.0012775406939908862,0.9996460676193237,0.9946011557476595,-0.9995428558104322,0.9957754846327589,1.9941440115580917
4054,cpp,add,insert,remove,0.9907934069633484,0.00014450812886934727,0.001148071140050888,0.9986864924430847,0.9896453358232975,-0.9985419843142154,0.990648898834479,1.9881873201375129
4103,cpp,adds,inserts,removes,0.9889348149299622,0.00012694652832578868,0.005689369514584541,0.9996709823608398,0.9832454454153776,-0.999544035832514,0.9888078684016364,1.9827894812478917
4442,cpp,add,insert,remove,0.9883223176002502,0.00010733395902207121,0.004171821288764477,0.9991791844367981,0.9841504963114858,-0.999071850477776,0.9882149836412282,1.9832223467892618
4496,cpp,added,inserted,removed,0.9566469788551331,0.00015250532305799425,0.032250892370939255,0.9992601275444031,0.9243960864841938,-0.9991076222213451,0.9564944735320751,1.9235037087055389
4496,cpp,allow,permit,forbid,0.9944766163825989,0.00020117346139159054,0.0011609761277213693,0.99952232837677,0.9933156402548775,-0.9993211549153784,0.9942754429212073,1.992636795170256
5010,cpp,remove,delete,insert,0.9911535382270813,0.000180686212843284,0.0026381562929600477,0.9993183612823486,0.9885153819341213,-0.9991376750695053,0.990972852014238,1.9876530570036266
5208,cpp,include,contain,exclude,0.925166130065918,0.00012682910892181098,0.021740656346082687,0.9994505047798157,0.9034254737198353,-0.9993236756708939,0.9250393009569962,1.9027491493907291
5697,cpp,add,insert,remove,0.9908673763275146,0.00011432707833591849,0.002630592091009021,0.9991652965545654,0.9882367842365056,-0.9990509694762295,0.9907530492491787,1.9872877537127351
5709,cpp,remove,delete,insert,0.9700535535812378,0.0004200467956252396,0.006283051799982786,0.99595707654953,0.963770501781255,-0.9955370297539048,0.9696335067856126,1.9593075315351598
5709,cpp,includes,contains,excludes,0.9564553499221802,0.0007291025249287486,0.007413096725940704,0.9974526762962341,0.9490422531962395,-0.9967235737713054,0.9557262473972514,1.9457658269675449
5971,cpp,added,inserted,removed,0.9961535334587097,0.00013447515084408224,0.0015419238479807973,0.9992250204086304,0.9946116096107289,-0.9990905452577863,0.9960190583078656,1.9937021548685152
6312,cpp,disable,block,enable,0.9600799083709717,0.0018479172140359879,0.004218620713800192,0.989391565322876,0.9558612876571715,-0.98754364810884,0.9582319911569357,1.9434049357660115
6449,cpp,add,insert,remove,0.7614679336547852,0.00013888286775909364,0.21948029100894928,0.9992984533309937,0.5419876426458359,-0.9991595704632346,0.7613290507870261,1.5411472131090704
6547,cpp,add,insert,remove,0.9102584719657898,0.0001318982831435278,0.06887511909008026,0.999133288860321,0.8413833528757095,-0.9990013905771775,0.9101265736826463,1.840384743452887
7572,cpp,adding,inserting,removing,0.9742135405540466,0.00023513204359915107,0.005088782869279385,0.998977780342102,0.9691247576847672,-0.9987426482985029,0.9739784085104475,1.9678674059832701
7590,cpp,adding,inserting,removing,0.9679706692695618,0.005676590371876955,0.023314207792282104,0.899997353553772,0.9446564614772797,-0.894320763181895,0.9622940788976848,1.8389772246591747
8146,cpp,allow,permit,forbid,0.996762752532959,0.0004447333049029112,0.0007384363561868668,0.9990599751472473,0.9960243161767721,-0.9986152418423444,0.9963180192280561,1.9946395580191165
8313,cpp,start,begin,stop,0.9757541418075562,0.0074518220499157906,0.0017544027650728822,0.9774697422981262,0.9739997390424833,-0.9700179202482104,0.9683023197576404,1.9440176592906937
8542,cpp,removed,deleted,inserted,0.994607150554657,0.00018877099500969052,0.000650245463475585,0.999401330947876,0.9939569050911814,-0.9992125599528663,0.9944183795596473,1.9931694650440477
8543,cpp,add,insert,remove,0.9899845123291016,0.00010863972420338541,0.0024700446520000696,0.9990233182907104,0.9875144676771015,-0.9989146785665071,0.9898758726048982,1.9864291462436086
8543,cpp,remove,delete,insert,0.5104532837867737,0.0007371194660663605,0.14795848727226257,0.9877756834030151,0.3624947965145111,-0.9870385639369488,0.5097161643207073,1.3495333604514599
8735,cpp,add,insert,remove,0.9963341951370239,0.00017076006042771041,0.0005061585106886923,0.9989952445030212,0.9958280366263352,-0.9988244844425935,0.9961634350765962,1.9946525210689288
8875,cpp,allow,permit,forbid,0.9975413084030151,0.0003114960272796452,0.0006625519599765539,0.9993805885314941,0.9968787564430386,-0.9990690925042145,0.9972298123757355,1.995947848947253
9568,cpp,add,insert,remove,0.9864715933799744,0.00016510266868863255,0.006653021089732647,0.9985927939414978,0.9798185722902417,-0.9984276912728092,0.9863064907112857,1.9782462635630509
10309,cpp,remove,delete,insert,0.9939606189727783,0.0002851023164112121,0.00213674851693213,0.9983752965927124,0.9918238704558462,-0.9980901942763012,0.9936755166563671,1.9899140647321474
10309,cpp,allow,permit,forbid,0.9942521452903748,0.0009716094355098903,0.001441712724044919,0.9969825148582458,0.9928104325663298,-0.996010905422736,0.9932805358548649,1.9888213379890658
10504,cpp,allow,permit,forbid,0.9933831095695496,0.00045523495646193624,0.002647512359544635,0.9987319111824036,0.9907355972100049,-0.9982766762259416,0.9929278746130876,1.9890122734359466
11034,cpp,add,insert,remove,0.9808377623558044,0.0007195998914539814,0.012751038186252117,0.9975665807723999,0.9680867241695523,-0.9968469808809459,0.9801181624643505,1.9649337050504982
11174,cpp,started,began,stopped,0.7616062164306641,0.003022256540134549,0.030014224350452423,0.9332264065742493,0.7315919920802116,-0.9302041500341147,0.7585839598905295,1.6617961421143264
11339,cpp,add,insert,remove,0.9935613870620728,0.00013879151083528996,0.002332690404728055,0.9987840056419373,0.9912286966573447,-0.998645214131102,0.9934225955512375,1.9898739107884467
12096,cpp,remove,delete,insert,0.9966766834259033,0.00024367822334170341,0.0008002478862181306,0.9978737831115723,0.9958764355396852,-0.9976301048882306,0.9964330052025616,1.9935065404279158
12097,cpp,add,insert,remove,0.9889886975288391,0.0001860327902249992,0.0020749415270984173,0.9991569519042969,0.9869137560017407,-0.9989709191140719,0.9888026647386141,1.9858846751158126
12116,cpp,remove,delete,insert,0.9904577732086182,0.00025987240951508284,0.003120688023045659,0.9991981387138367,0.9873370851855725,-0.9989382663043216,0.9901979007991031,1.986275351489894
12116,cpp,include,contain,exclude,0.8902640342712402,0.007286548148840666,0.07530459761619568,0.9724959135055542,0.8149594366550446,-0.9652093653567135,0.8829774861223996,1.780168802011758
12213,cpp,add,insert,remove,0.9440014362335205,0.0002717330353334546,0.00623390031978488,0.9984495639801025,0.9377675359137356,-0.9981778309447691,0.943729703198187,1.9359453668585047
12345,cpp,add,insert,remove,0.9511274099349976,0.00014044913405086845,0.03437440097332001,0.9992825388908386,0.9167530089616776,-0.9991420897567878,0.9509869608009467,1.9158950987184653
12518,cpp,disable,block,enable,0.9938063621520996,0.0005349123966880143,0.0006193213630467653,0.9961827397346497,0.9931870407890528,-0.9956478273379616,0.9932714497554116,1.9888348681270145
13200,cpp,add,insert,remove,0.9837877750396729,0.0002097466931445524,0.006589857861399651,0.9985164999961853,0.9771979171782732,-0.9983067533030408,0.9835780283465283,1.975504670481314
13296,cpp,add,insert,remove,0.9697707295417786,0.00017109489999711514,0.015868989750742912,0.9988009929656982,0.9539017397910357,-0.9986298980657011,0.9695996346417814,1.9525316378567368
13516,cpp,show,display,hide,0.9983285069465637,0.00021990120876580477,0.0002416128700133413,0.9993847608566284,0.9980868940765504,-0.9991648596478626,0.9981086057377979,1.997251753724413
14126,cpp,adds,inserts,removes,0.9904589653015137,8.874347258824855e-05,0.0024558808654546738,0.9996145963668823,0.988003084436059,-0.9995258528942941,0.9903702218289254,1.987528937330353
14436,cpp,added,inserted,removed,0.9767904281616211,0.0001087629862013273,0.016657738015055656,0.9996428489685059,0.9601326901465654,-0.9995340859823045,0.9766816651754198,1.95966677612887
14515,cpp,remove,delete,insert,0.9946253895759583,0.0002333734737476334,0.0011105199810117483,0.9982512593269348,0.9935148695949465,-0.9980178858531872,0.9943920161022106,1.9915327554481337
14946,cpp,add,insert,remove,0.9822962880134583,0.0003303852572571486,0.006662179250270128,0.9979603290557861,0.9756341087631881,-0.997629943798529,0.9819659027562011,1.973264052561717
15525,cpp,add,insert,remove,0.9900602102279663,0.00021624327928293496,0.0031274005305022,0.9985195994377136,0.9869328096974641,-0.9983033561584307,0.9898439669486834,1.9852361658558948
15899,cpp,create,build,destroy,0.5828787684440613,0.00012671295553445816,0.04078389331698418,0.9978060126304626,0.5420948751270771,-0.9976792996749282,0.5827520554885268,1.5397741748020053
16836,cpp,added,inserted,removed,0.9904475212097168,7.65445438446477e-05,0.001733187586069107,0.9996258020401001,0.9887143336236477,-0.9995492574962554,0.9903709766658721,1.9882635911199031
17076,cpp,adds,inserts,removes,0.9849621057510376,0.0008533908985555172,0.009486100636422634,0.9969090819358826,0.975476005114615,-0.996055691037327,0.9841087148524821,1.971531696151942
17174,cpp,added,inserted,removed,0.9907240271568298,0.0001117174033424817,0.0036909745540469885,0.9996985197067261,0.9870330526027828,-0.9995868023033836,0.9906123097534874,1.9866198549061664
17525,cpp,show,display,hide,0.986448347568512,0.00014045482384972274,0.002236583735793829,0.9992163181304932,0.9842117638327181,-0.9990758633066434,0.9863078927446622,1.9832876271393616
17954,cpp,add,insert,remove,0.9950968623161316,0.00014069260214455426,0.0008585611940361559,0.9991863369941711,0.9942383011220954,-0.9990456443920266,0.994956169713987,1.993283945514122
18064,cpp,removing,deleting,inserting,0.981920063495636,0.0006601211498491466,0.003043086500838399,0.9717947244644165,0.9788769769947976,-0.9711346033145674,0.9812599423457868,1.950011580309365
18200,cpp,add,insert,remove,0.9958000779151917,0.00021153557463549078,0.0011314392322674394,0.9993187189102173,0.9946686386829242,-0.9991071833355818,0.9955885423405562,1.993775822018506
18904,cpp,removing,deleting,inserting,0.9770282506942749,0.000548667972907424,0.003628123551607132,0.945592999458313,0.9734001271426678,-0.9450443314854056,0.9764795827213675,1.9184444586280733
19017,cpp,remove,delete,insert,0.9948204755783081,0.00011043732956750318,0.0013047350803390145,0.997582197189331,0.9935157404979691,-0.9974717598597636,0.9947100382487406,1.9909875003577326
20346,cpp,added,inserted,removed,0.9538021683692932,0.0006935042911209166,0.004335598088800907,0.9960202574729919,0.9494665702804923,-0.995326753181871,0.9531086640781723,1.9447933234623633
20349,cpp,increase,raise,decrease,0.9933215975761414,0.00029710668604820967,0.0016436364967375994,0.9991922974586487,0.9916779610794038,-0.9988951907726005,0.9930244908900931,1.9905731518520042
20800,cpp,remove,delete,insert,0.9921858310699463,0.00017875911726150662,0.0022798292338848114,0.9993712306022644,0.9899060018360615,-0.9991924714850029,0.9920070719526848,1.9890984733210644
20812,cpp,created,built,destroyed,0.9870705008506775,6.894032412674278e-05,0.0017344248481094837,0.9995751976966858,0.985336076002568,-0.999506257372559,0.9870015605265507,1.984842333375127
20958,cpp,create,build,destroy,0.9813056588172913,0.07464252412319183,0.008733304217457771,0.7689850926399231,0.9725723545998335,-0.6943425685167313,0.9066631346940994,1.6669149231165648
21282,cpp,allow,permit,forbid,0.9948583841323853,0.00042414446943439543,0.0009757342049852014,0.9989426732063293,0.9938826499274,-0.998518528736895,0.9944342396629509,1.992401178664295
21431,cpp,remove,delete,insert,0.992620587348938,0.0003789100155699998,0.001180743332952261,0.996823787689209,0.9914398440159857,-0.996444877673639,0.992241677333368,1.9878847216896247
21556,cpp,show,display,hide,0.9907476902008057,0.5436286926269531,0.002159722615033388,0.34161895513534546,0.9885879675857723,0.20200973749160767,0.44711899757385254,0.7865782300941646
21571,cpp,remove,delete,insert,0.9913530945777893,0.0004387792432680726,0.002899937331676483,0.9977649450302124,0.9884531572461128,-0.9973261657869443,0.9909143153345212,1.9857793230330572
21832,cpp,allow,permit,forbid,0.9953160285949707,0.0003361176059115678,0.0013202019035816193,0.999060332775116,0.9939958266913891,-0.9987242151692044,0.9949799109890591,1.9927200418605935
22303,cpp,add,insert,remove,0.991081178188324,0.00022681780683342367,0.001623797114007175,0.9978733062744141,0.9894573810743168,-0.9976464884675806,0.9908543603814906,1.9871038695418974
22666,cpp,disable,block,enable,0.9832000732421875,0.00759473629295826,0.0015774135245010257,0.9706194996833801,0.9816226597176865,-0.9630247633904219,0.9756053369492292,1.9446474231081083
22746,cpp,add,insert,remove,0.9876746535301208,0.0002162117452826351,0.004047094844281673,0.9987043142318726,0.9836275586858392,-0.9984881024865899,0.9874584417848382,1.982115661172429
22746,cpp,open,unlock,close,0.9887068271636963,0.0011182582238689065,0.0008729459950700402,0.9740632176399231,0.9878338811686262,-0.9729449594160542,0.9875885689398274,1.9607788405846804
23048,cpp,allow,permit,forbid,0.990215539932251,0.2925272285938263,0.006659394595772028,0.6999682784080505,0.983556145336479,-0.40744104981422424,0.6976883113384247,1.3909971951507032
24219,cpp,show,display,hide,0.9803865551948547,0.00010924057278316468,0.005037244874984026,0.9993914365768433,0.9753493103198707,-0.9992821960040601,0.9802773146220716,1.9746315063239308
24483,cpp,added,inserted,removed,0.9862107634544373,0.00016631156904622912,0.006747131235897541,0.9993070363998413,0.9794636322185397,-0.9991407248307951,0.986044451885391,1.9786043570493348
24989,cpp,includes,contains,excludes,0.992927610874176,0.0003848786873277277,0.001700183260254562,0.9988399147987366,0.9912274276139215,-0.9984550361114088,0.9925427321868483,1.9896824637253303
25202,cpp,added,inserted,removed,0.9929766058921814,0.0003684565017465502,0.002090242924168706,0.9987887740135193,0.9908863629680127,-0.9984203175117727,0.9926081493904348,1.9893066804797854
25263,cpp,increase,raise,decrease,0.9959003329277039,0.00033959548454731703,0.0009519087616354227,0.9990253448486328,0.9949484241660684,-0.9986857493640855,0.9955607374431565,1.993634173530154
25366,cpp,added,inserted,removed,0.9979128241539001,0.00015796774823684245,0.0005335375899448991,0.9994964599609375,0.9973792865639552,-0.9993384922127007,0.9977548564056633,1.996717778776656
25527,cpp,increased,raised,decreased,0.9968670010566711,0.00015548431838396937,0.00034271535696461797,0.9995396137237549,0.9965242856997065,-0.9993841294053709,0.9967115167382872,1.9959084151050774
26005,cpp,opening,unlocking,closing,0.970987856388092,0.00026767581584863365,0.009161548689007759,0.9946554899215698,0.9618263076990843,-0.9943878141057212,0.9707201805722434,1.9562141218048055
26407,cpp,add,insert,remove,0.9377517700195312,0.0013584839180111885,0.0034480327740311623,0.9977148771286011,0.9343037372455001,-0.9963563932105899,0.9363932861015201,1.93066013045609
26407,cpp,disable,block,enable,0.9456584453582764,0.0006294295308180153,0.0015028787311166525,0.998418927192688,0.9441555666271597,-0.99778949766187,0.9450290158274584,1.9419450642890297
26479,cpp,show,display,hide,0.9956179857254028,0.0005122717702761292,0.0004876369785051793,0.9981374740600586,0.9951303487468977,-0.9976252022897825,0.9951057139551267,1.9927555510366801
26977,cpp,allow,permit,forbid,0.9974160194396973,0.0004841734771616757,0.0008019363158382475,0.9989732503890991,0.996614083123859,-0.9984890769119374,0.9969318459625356,1.9951031600357965
27525,cpp,adding,inserting,removing,0.9966806769371033,0.000162741809617728,0.0006304386188276112,0.9995759129524231,0.9960502383182757,-0.9994131711428054,0.9965179351274855,1.995463409461081
27671,cpp,adding,inserting,removing,0.9602060914039612,0.00010232014756184071,0.02732257731258869,0.9996631145477295,0.9328835140913725,-0.9995607944001677,0.9601037712563993,1.9324443084915401
27872,cpp,added,inserted,removed,0.9970977306365967,0.00010286887845722958,0.0011292558629065752,0.9996939897537231,0.9959684747736901,-0.9995911208752659,0.9969948617581395,1.995559595648956
28246,cpp,remove,delete,insert,0.9926800727844238,0.00018143623310606927,0.0017101264093071222,0.9994589686393738,0.9909699463751167,-0.9992775324062677,0.9924986365513178,1.9902474787813844
28525,cpp,add,insert,remove,0.9856154918670654,0.00021111690148245543,0.003919272217899561,0.9985571503639221,0.9816962196491659,-0.9983460334624397,0.985404374965583,1.9800422531116055
28635,cpp,disabled,blocked,enabled,0.949263334274292,0.0002880544343497604,0.00396912544965744,0.9967806339263916,0.9452942088246346,-0.9964925794920418,0.9489752798399422,1.9417867883166764
28981,cpp,disable,block,enable,0.9893125891685486,0.0003157991450279951,0.0020741112530231476,0.9974033236503601,0.9872384779155254,-0.9970875245053321,0.9889967900235206,1.9843260024208575
29129,cpp,adding,inserting,removing,0.979831874370575,0.08434975892305374,0.010859753005206585,0.8394365906715393,0.9689721213653684,-0.7550868317484856,0.8954821154475212,1.724058953113854
29182,cpp,remove,delete,insert,0.9716622233390808,0.0003210431896150112,0.005815665703266859,0.9984437823295593,0.965846557635814,-0.9981227391399443,0.9713411801494658,1.9639692967757583
29517,cpp,added,inserted,removed,0.962921679019928,0.00040098241879604757,0.006738191470503807,0.9921525120735168,0.9561834875494242,-0.9917515296547208,0.9625206966011319,1.947935017204145
29670,cpp,add,insert,remove,0.9879077076911926,0.00025155465118587017,0.0035002611111849546,0.9984191656112671,0.9844074465800077,-0.9981676109600812,0.9876561530400068,1.982575057540089
29745,cpp,add,insert,remove,0.9714599251747131,0.00014437182107940316,0.005836744327098131,0.9992117881774902,0.965623180847615,-0.9990674163564108,0.9713155533536337,1.9646905972040258
29776,cpp,show,display,hide,0.9886083602905273,0.0002914410724770278,0.0016023697098717093,0.9976938366889954,0.9870059905806556,-0.9974023956165183,0.9883169192180503,1.984408386197174
30426,cpp,allow,permit,forbid,0.9966974258422852,0.0005191228701733053,0.0008179256110452116,0.9987407326698303,0.99587950023124,-0.998221609799657,0.9961783029721119,1.994101110030897
30778,cpp,added,inserted,removed,0.9903398156166077,0.00010574054613243788,0.0020670336671173573,0.9995601773262024,0.9882727819494903,-0.99945443678007,0.9902340750704752,1.9877272187295603
31182,cpp,add,insert,remove,0.9854283928871155,0.0002521303540561348,0.0027333630714565516,0.9975065588951111,0.9826950298156589,-0.997254428541055,0.9851762625330593,1.9799494583567139
31840,cpp,added,inserted,removed,0.9961308240890503,0.00020154680532868952,0.002138597657904029,0.9993804693222046,0.9939922264311463,-0.9991789225168759,0.9959292772837216,1.9931711489480222
32361,cpp,add,insert,remove,0.9689046740531921,0.00015563190390821546,0.017505863681435585,0.9992676377296448,0.9513988103717566,-0.9991120058257366,0.9687490421492839,1.9505108161974931
32780,cpp,enable,permit,disable,0.9976254105567932,0.0007117184577509761,0.0007623783894814551,0.9927672147750854,0.9968630321673118,-0.9920554963173345,0.9969136920990422,1.9889185284846462
32882,cpp,show,display,hide,0.9941695928573608,0.00014233519323170185,0.0006518638110719621,0.9982075691223145,0.9935177290462889,-0.9980652339290828,0.9940272576641291,1.9915829629753716
33018,cpp,added,inserted,removed,0.9892197251319885,0.00010010580444941297,0.0017097897361963987,0.9991135001182556,0.9875099353957921,-0.9990133943138062,0.9891196193275391,1.9865233297095983
33295,cpp,opened,unlocked,closed,0.9590798020362854,0.0014406506670638919,0.0212833471596241,0.9781795740127563,0.9377964548766613,-0.9767389233456925,0.9576391513692215,1.9145353782223538
33995,cpp,add,insert,remove,0.9615207314491272,0.0002146467741113156,0.026081284508109093,0.9979947805404663,0.9354394469410181,-0.997780133766355,0.9613060846750159,1.933219580707373
34036,cpp,allow,permit,forbid,0.9962037205696106,0.0005169261712580919,0.000969459826592356,0.9981204867362976,0.9952342607430182,-0.9976035605650395,0.9956867943983525,1.9928378213080578
34036,cpp,open,unlock,close,0.9762229919433594,0.0049795545637607574,0.0057486905716359615,0.9500253796577454,0.9704743013717234,-0.9450458250939846,0.9712434373795986,1.915520126465708
34070,cpp,add,insert,remove,0.9816552996635437,0.00011871205060742795,0.0063034845516085625,0.9992393255233765,0.9753518151119351,-0.999120613472769,0.9815365876129363,1.9744724285847042
34438,cpp,added,inserted,removed,0.9906688332557678,0.00015949665976222605,0.0021911754738539457,0.9995488524436951,0.9884776577819139,-0.9993893557839328,0.9905093365960056,1.9878670135658467
34510,cpp,add,insert,remove,0.9542336463928223,0.00014590633509214967,0.005934808403253555,0.9986415505409241,0.9482988379895687,-0.9984956442058319,0.9540877400577301,1.9467944821954006
34804,cpp,remove,delete,insert,0.9925011992454529,0.0001679464621702209,0.002578368876129389,0.99937903881073,0.9899228303693235,-0.9992110923485598,0.9923332527832827,1.9891339227178833
35088,cpp,adds,inserts,removes,0.9910701513290405,0.0001063995441654697,0.0025296893436461687,0.999636173248291,0.9885404619853944,-0.9995297737041255,0.9909637517848751,1.98807023568952
35191,cpp,add,insert,remove,0.9912541508674622,0.00031146942637860775,0.003603094257414341,0.997532844543457,0.9876510566100478,-0.9972213751170784,0.9909426814410836,1.9848724317271262
35254,cpp,add,insert,remove,0.9500572085380554,0.00016599142691120505,0.0405416376888752,0.9991389513015747,0.9095155708491802,-0.9989729598746635,0.9498912171111442,1.9084885307238437
35623,cpp,creating,building,destroying,0.9708449244499207,0.00023809466802049428,0.005795913282781839,0.96727454662323,0.9650490111671388,-0.9670364519552095,0.9706068297819002,1.9320854631223483
35838,cpp,increase,raise,decrease,0.9933606386184692,0.00018572527915239334,0.0011784036178141832,0.9995393753051758,0.992182235000655,-0.9993536500260234,0.9931749133393168,1.9915358850266784
36179,cpp,enable,permit,disable,0.9134432673454285,0.0005045455181971192,0.03869890794157982,0.9928594827651978,0.8747443594038486,-0.9923549372470006,0.9129387218272313,1.8670992966508493
36293,cpp,allow,permit,forbid,0.9968411922454834,0.0003432196972426027,0.0010494691086933017,0.9988768696784973,0.9957917231367901,-0.9985336499812547,0.9964979725482408,1.9943253731180448
36401,cpp,added,inserted,removed,0.9984221458435059,0.00015406451711896807,0.0002634586417116225,0.9993021488189697,0.9981586872017942,-0.9991480843018508,0.9982680813263869,1.997306771503645
37000,cpp,add,insert,remove,0.9940202236175537,0.00023149041226133704,0.002461846452206373,0.9987462759017944,0.9915583771653473,-0.9985147854895331,0.9937887332052924,1.9900731626548804
37143,cpp,add,insert,remove,0.9859828352928162,0.00010723081504693255,0.0059500206261873245,0.9988847374916077,0.9800328146666288,-0.9987775066765607,0.9858756044777692,1.9788103213431896
38037,cpp,enable,permit,disable,0.9967323541641235,0.0018455976387485862,0.0007609695312567055,0.9937034249305725,0.9959713846328668,-0.9918578272918239,0.994886756525375,1.9878292119246908
38968,cpp,adding,inserting,removing,0.9900144338607788,0.0001036666872096248,0.0024912171065807343,0.9997149109840393,0.9875232167541981,-0.9996112442968297,0.9899107671735692,1.9871344610510278
39004,cpp,added,inserted,removed,0.9900936484336853,0.00018712585733737797,0.00304426159709692,0.9994619488716125,0.9870493868365884,-0.9992748230142752,0.9899065225763479,1.9863242098508636
39097,cpp,allow,permit,forbid,0.9967064261436462,0.00048005805001594126,0.0012289822334423661,0.9987133741378784,0.9954774439102039,-0.9982333160878625,0.9962263680936303,1.9937107599980664
39271,cpp,added,inserted,removed,0.9949020147323608,0.00017623337043914944,0.0017699884483590722,0.9993441700935364,0.9931320262840018,-0.9991679367230972,0.9947257813619217,1.992299963007099
39316,cpp,enable,permit,disable,0.9804664254188538,0.00019077392062172294,0.0039228773675858974,0.9988430738449097,0.9765435480512679,-0.998652299924288,0.980275651498232,1.9751958479755558
39418,cpp,remove,delete,insert,0.9221371412277222,0.00016079904162324965,0.004415589384734631,0.9988183379173279,0.9177215518429875,-0.9986575388757046,0.9219763421860989,1.9163790907186922
39650,cpp,enabling,permitting,disabling,0.9523456692695618,0.0003044732438866049,0.005190412513911724,0.9897969365119934,0.94715525675565,-0.9894924632681068,0.9520411960256752,1.9366477200237568
39650,cpp,allow,permit,forbid,0.9899753928184509,0.00012508888903539628,0.002125890227034688,0.999489426612854,0.9878495025914162,-0.9993643377238186,0.9898503039294155,1.9872138403152348
40254,cpp,enabled,permitted,disabled,0.950186550617218,0.001224490930326283,0.005849484354257584,0.9917715191841125,0.9443370662629604,-0.9905470282537863,0.9489620596868917,1.9348840945167467
40593,cpp,added,inserted,removed,0.881503701210022,0.0002682683989405632,0.013891732320189476,0.9987320303916931,0.8676119688898325,-0.9984637619927526,0.8812354328110814,1.866075730882585
41009,cpp,add,insert,remove,0.9586644172668457,0.000425572827225551,0.020449712872505188,0.9931869506835938,0.9382147043943405,-0.9927613778563682,0.9582388444396202,1.9309760822507087
41009,cpp,allow,permit,forbid,0.9890366196632385,0.00015711222658865154,0.003397108754143119,0.9993236064910889,0.9856395109090954,-0.9991664942645002,0.9888795074366499,1.9848060051735956
41128,cpp,create,build,destroy,0.9787037968635559,0.00010239817493129522,0.005517533980309963,0.9992050528526306,0.973186262883246,-0.9991026546776993,0.9786013986886246,1.9722889175609453
41230,cpp,add,insert,remove,0.8039203882217407,0.00014783981896471232,0.17161057889461517,0.9992913007736206,0.6323098093271255,-0.9991434609546559,0.803772548402776,1.6314532702817814
41304,cpp,open,unlock,close,0.4938947558403015,0.0026204625610262156,0.3972010016441345,0.9917327165603638,0.09669375419616699,-0.9891122539993376,0.4912742932792753,1.0858060081955045
41553,cpp,remove,delete,insert,0.9947092533111572,0.0005769422859884799,0.0010031710844486952,0.9965832829475403,0.9937060822267085,-0.9960063406615518,0.9941323110251687,1.9897124228882603
41830,cpp,remove,delete,insert,0.990860104560852,0.00022180947416927665,0.001826020423322916,0.9983008503913879,0.9890340841375291,-0.9980790409172187,0.9906382950866828,1.9871131250547478
41861,cpp,added,inserted,removed,0.997584342956543,0.0002076434757327661,0.0005190556403249502,0.9994990825653076,0.997065287316218,-0.9992914390895749,0.9973766994808102,1.9963567264057929
41968,cpp,add,insert,remove,0.9817178249359131,0.0001911079598357901,0.005687547381967306,0.9987205862998962,0.9760302775539458,-0.9985294783400605,0.9815267169760773,1.9745597558940062
42105,cpp,added,inserted,removed,0.99774169921875,0.00017935123469214886,0.00044257062836550176,0.9995937943458557,0.9972991285903845,-0.9994144431111636,0.9975623479840579,1.996713571701548
42263,cpp,remove,delete,insert,0.9955507516860962,0.0003651297593023628,0.0014063293347135186,0.9970257878303528,0.9941444223513827,-0.9966606580710504,0.9951856219267938,1.990805080422433
42979,cpp,disable,block,enable,0.9780327081680298,0.0007714484818279743,0.0005812985473312438,0.9903597831726074,0.9774514096206985,-0.9895883346907794,0.9772612596862018,1.967039744311478
43447,cpp,remove,delete,insert,0.9593203663825989,0.00030454169609583914,0.01416280772536993,0.9989495873451233,0.945157558657229,-0.9986450456490275,0.959015824686503,1.9438026043062564
43531,cpp,allow,permit,forbid,0.9964078068733215,0.00028393114916980267,0.0009622345678508282,0.9993076324462891,0.9954455723054707,-0.9990237012971193,0.9961238757241517,1.99446927360259
43561,cpp,add,insert,remove,0.9707014560699463,0.00012068579235346988,0.018214887008070946,0.9994981288909912,0.9524865690618753,-0.9993774430986377,0.9705807702775928,1.951864012160513
43570,cpp,show,display,hide,0.8465884327888489,0.6562098264694214,0.002530208555981517,0.16099202632904053,0.8440582242328674,0.49521780014038086,0.1903786063194275,0.3488404240924865
43597,cpp,enabled,permitted,disabled,0.6559367179870605,0.10586568713188171,0.17073394358158112,0.6946386694908142,0.48520277440547943,-0.5887729823589325,0.5500710308551788,1.073975756764412
43650,cpp,add,insert,remove,0.9853355884552002,0.0001313210668740794,0.003959066700190306,0.9992495179176331,0.9813765217550099,-0.999118196850759,0.9852042673883261,1.9804947186057689
44334,cpp,including,containing,excluding,0.9861841797828674,0.00023617636179551482,0.0013313874369487166,0.9989051818847656,0.9848527923459187,-0.9986690055229701,0.9859480034210719,1.9835217978688888
44635,cpp,enabled,permitted,disabled,0.9874717593193054,0.006331690587103367,0.0023368860129266977,0.9309819340705872,0.9851348733063787,-0.9246502434834838,0.981140068732202,1.9097851167898625
44875,cpp,add,insert,remove,0.9598618745803833,9.260955266654491e-05,0.024130716919898987,0.9994638562202454,0.9357311576604843,-0.9993712466675788,0.9597692650277168,1.9351024043280631
281,cs,add,insert,remove,0.9812707901000977,0.000232628925004974,0.005513403099030256,0.9993917942047119,0.9757573870010674,-0.9991591652797069,0.9810381611750927,1.9749165522807743
281,cs,show,display,hide,0.9853819608688354,0.0003434325335547328,0.0011202706955373287,0.9970096349716187,0.9842616901732981,-0.9966662024380639,0.9850385283352807,1.980927892611362
354,cs,adding,inserting,removing,0.9949912428855896,0.00010490059503354132,0.0015802945708855987,0.9994100332260132,0.993410948314704,-0.9993051326309796,0.9948863422905561,1.9927160809456836
427,cs,added,inserted,removed,0.9956066012382507,9.181671339320019e-05,0.001555314869619906,0.9996234178543091,0.9940512863686308,-0.9995316011409159,0.9955147845248575,1.9935828875095467
461,cs,add,insert,remove,0.9856411814689636,0.0001492150768171996,0.006084172986447811,0.9992656111717224,0.9795570084825158,-0.9991163960949052,0.9854919663921464,1.978673404577421
884,cs,add,insert,remove,0.6564862728118896,0.00011504659050842747,0.3127654194831848,0.9989857077598572,0.34372085332870483,-0.9988706611693488,0.6563712262213812,1.3425915144980536
1012,cs,add,insert,remove,0.7199603915214539,0.004902828950434923,0.2591596841812134,0.9905067682266235,0.4608007073402405,-0.9856039392761886,0.7150575625710189,1.446404646616429
1012,cs,removed,deleted,inserted,0.9713320136070251,0.0002727037062868476,0.01989251747727394,0.9972391128540039,0.9514394961297512,-0.9969664091477171,0.9710593099007383,1.9484059052774683
1332,cs,adding,inserting,removing,0.9895452857017517,8.966191671788692e-05,0.0024014711380004883,0.9996378421783447,0.9871438145637512,-0.9995481802616268,0.9894556237850338,1.986691994825378
1332,cs,enable,permit,disable,0.9894100427627563,0.00018870046187657863,0.0024001013953238726,0.9983059167861938,0.9870099413674325,-0.9981172163243173,0.9892213423008798,1.9851271576917497
2034,cs,add,insert,remove,0.9884107112884521,0.00017043520347215235,0.003105555661022663,0.9989583492279053,0.9853051556274295,-0.9987879140244331,0.98824027608498,1.9840930696518626
2656,cs,creating,building,destroying,0.9855253100395203,0.0021905263420194387,0.0012830292107537389,0.9364925026893616,0.9842422808287665,-0.9343019763473421,0.9833347836975008,1.9185442571761087
2747,cs,remove,delete,insert,0.9733121991157532,0.0002647260553203523,0.008147248066961765,0.9986889958381653,0.9651649510487914,-0.9984242697828449,0.9730474730604328,1.9635892208316363
4034,cs,added,inserted,removed,0.9977667331695557,0.00010440814367029816,0.000708170875441283,0.9995757937431335,0.9970585622941144,-0.9994713855994632,0.9976623250258854,1.9965299478935776
4252,cs,add,insert,remove,0.9798888564109802,0.00018597510643303394,0.0021491413936018944,0.9985947012901306,0.9777397150173783,-0.9984087261836976,0.9797028813045472,1.976148441201076
5020,cs,add,insert,remove,0.9938619136810303,0.00017851449956651777,0.0012797190574929118,0.9989520311355591,0.9925821946235374,-0.9987735166359926,0.9936833991814638,1.99135571125953
5431,cs,include,contain,exclude,0.9907196760177612,0.000630925118457526,0.0018364785937592387,0.9984086155891418,0.988883197424002,-0.9977776904706843,0.9900887508993037,1.9866608878946863
5857,cs,add,insert,remove,0.9901388883590698,0.00010787575592985377,0.0006805640296079218,0.998867392539978,0.9894583243294619,-0.9987595167840482,0.99003101260314,1.98821784111351
6208,cs,add,insert,remove,0.9886224865913391,9.174236038234085e-05,0.0013676559319719672,0.9994379878044128,0.9872548306593671,-0.9993462454440305,0.9885307442309568,1.9866010761033976
7248,cs,add,insert,remove,0.9882165789604187,0.00016132307064253837,0.004076583776623011,0.9992772936820984,0.9841399951837957,-0.9991159706114559,0.9880552558897762,1.9832559657952515
7766,cs,add,insert,remove,0.9866604804992676,0.0002088278270093724,0.0031826847698539495,0.9991016387939453,0.9834777957294136,-0.9988928109669359,0.9864516526722582,1.9823706066963496
8050,cs,remove,delete,insert,0.9579148888587952,0.00028350696084089577,0.010782293975353241,0.9991925358772278,0.9471325948834419,-0.9989090289163869,0.9576313818979543,1.9460416237998288
8262,cs,added,inserted,removed,0.9978446960449219,9.612797293812037e-05,0.0006188288098201156,0.9996968507766724,0.9972258672351018,-0.9996007228037342,0.9977485680719838,1.996826590038836
8374,cs,added,inserted,removed,0.9946990013122559,0.00010890886187553406,0.0016471326816827059,0.9994650483131409,0.9930518686305732,-0.9993561394512653,0.9945900924503803,1.9924080080818385
8735,cs,add,insert,remove,0.5608770251274109,9.707049321150407e-05,0.41733935475349426,0.9992326498031616,0.14353767037391663,-0.9991355793099501,0.5607799546341994,1.1426732496838667
8878,cs,allow,permit,forbid,0.9946997165679932,0.00034484645584598184,0.0021529458463191986,0.9982743263244629,0.992546770721674,-0.9979294798686169,0.9943548701121472,1.9904762505902909
9927,cs,add,insert,remove,0.799919843673706,0.00020214883261360228,0.18419991433620453,0.9985606074333191,0.6157199293375015,-0.9983584586007055,0.7997176948410925,1.614078387938207
10601,cs,added,inserted,removed,0.9962314963340759,0.00015608372632414103,0.001076430780813098,0.9996345043182373,0.9951550655532628,-0.9994784205919132,0.9960754126077518,1.994633486145176
10601,cs,open,unlock,close,0.9617520570755005,0.029445528984069824,0.01848122850060463,0.965957760810852,0.9432708285748959,-0.9365122318267822,0.9323065280914307,1.879783060401678
11254,cs,added,inserted,removed,0.992236316204071,0.00014679547166451812,0.0034244656562805176,0.9988477230072021,0.9888118505477905,-0.9987009275355376,0.9920895207324065,1.9875127780833282
11402,cs,added,inserted,removed,0.9909005165100098,0.00015615847951266915,0.005145906005054712,0.9994658827781677,0.985754610504955,-0.999309724298655,0.9907443580304971,1.98506433480361
11402,cs,allowed,permitted,forbade,0.99664306640625,0.000297312973998487,0.0008662536274641752,0.9983291029930115,0.9957768127787858,-0.998031790019013,0.9963457534322515,1.9938086027977988
11411,cs,add,insert,remove,0.9862317442893982,0.00020235436386428773,0.005257509648799896,0.9985982775688171,0.9809742346405983,-0.9983959232049529,0.9860293899255339,1.9793701578455511
11883,cs,added,inserted,removed,0.9968189001083374,0.00013006851077079773,0.0011540335835888982,0.9994094371795654,0.9956648665247485,-0.9992793686687946,0.9966888315975666,1.9949442351935431
11990,cs,added,inserted,removed,0.9719066619873047,0.00021048240887466818,0.0041306777857244015,0.9985760450363159,0.9677759842015803,-0.9983655626274412,0.97169617957843,1.9661415468290215
12597,cs,creating,building,destroying,0.9786679148674011,0.00019144572434015572,0.0022919108159840107,0.9858335852622986,0.9763760040514171,-0.9856421395379584,0.978476469143061,1.9620181435893755
12622,cs,added,inserted,removed,0.9865249395370483,0.00010991379531333223,0.005501436535269022,0.999550998210907,0.9810235030017793,-0.9994410844155937,0.986415025741735,1.980464587417373
12708,cs,add,insert,remove,0.9406617283821106,0.0002077835233649239,0.02117140032351017,0.9988721013069153,0.9194903280586004,-0.9986643177835504,0.9404539448587457,1.9181546458421508
12749,cs,add,insert,remove,0.9820031523704529,0.00023102288832888007,0.010183384642004967,0.998688280582428,0.9718197677284479,-0.9984572576940991,0.981772129482124,1.970277025422547
15362,cs,add,insert,remove,0.01657106727361679,0.0013204659335315228,0.9179269075393677,0.9714941382408142,-0.9013558402657509,-0.9701736723072827,0.015250601340085268,0.0688178320415318
16048,cs,add,insert,remove,0.9068461656570435,0.08127500861883163,0.007098230998963118,0.8541896343231201,0.8997479346580803,-0.7729146257042885,0.8255711570382118,1.6726625603623688
16048,cs,remove,delete,insert,0.8806678652763367,0.0445001982152462,0.005776320584118366,0.7156496644020081,0.8748915446922183,-0.6711494661867619,0.8361676670610905,1.5460410108789802
16117,cs,added,inserted,removed,0.9885482788085938,8.875865751178935e-05,0.0032847956754267216,0.9994692206382751,0.985263483133167,-0.9993804619807634,0.988459520151082,1.9846439451139304
16341,cs,added,inserted,removed,0.9868701100349426,0.00023331645934376866,0.005592126864939928,0.9992645382881165,0.9812779831700027,-0.9990312218287727,0.9866367935755989,1.9803092049987754
16341,cs,allows,permits,forbids,0.9906479716300964,0.0006556555163115263,0.0013958303024992347,0.9977313876152039,0.9892521413275972,-0.9970757320988923,0.9899923161137849,1.9863278734264895
16366,cs,create,build,destroy,0.9837794899940491,4.712056033895351e-05,0.0021739816293120384,0.9994144439697266,0.981605508364737,-0.9993673234093876,0.9837323694337101,1.9809728317741246
16542,cs,added,inserted,removed,0.9972654581069946,0.0001276249240618199,0.0007287251646630466,0.9995753169059753,0.9965367329423316,-0.9994476919819135,0.9971378331829328,1.995984424924245
16542,cs,open,unlock,close,0.8409764170646667,0.0029874294996261597,0.07591193169355392,0.9654974937438965,0.7650644853711128,-0.9625100642442703,0.8379889875650406,1.7275745496153831
17126,cs,add,insert,remove,0.9132683277130127,8.917200466385111e-05,0.07385856658220291,0.9992784857749939,0.8394097611308098,-0.99918931377033,0.9131791557083488,1.8385990749011398
17339,cs,removed,deleted,inserted,0.9944413304328918,9.944702469510958e-05,0.0019070442067459226,0.9995154142379761,0.9925342862261459,-0.999415967213281,0.9943418834081967,1.9919502534394269
17461,cs,add,insert,remove,0.5804763436317444,0.00023324144422076643,0.39782214164733887,0.9986764788627625,0.18265420198440552,-0.9984432374185417,0.5802431021875236,1.1810974394029472
18093,cs,adding,inserting,removing,0.9817177057266235,0.0001445312227588147,0.0074526541866362095,0.9995854496955872,0.9742650515399873,-0.9994409184728283,0.9815731745038647,1.9737059700128157
18370,cs,added,inserted,removed,0.9976755976676941,0.00014962977729737759,0.0008905776194296777,0.9995260238647461,0.9967850200482644,-0.9993763940874487,0.9975259678903967,1.9961614141357131
18514,cs,adding,inserting,removing,0.9949544072151184,0.00013122489326633513,0.0010428030509501696,0.9995754361152649,0.9939116041641682,-0.9994442112219986,0.9948231823218521,1.9933558153861668
18609,cs,disable,block,enable,0.9841634631156921,0.00034234393388032913,0.0007421352784149349,0.9979604482650757,0.9834213278372772,-0.9976181043311954,0.9838211191818118,1.9810394321684726
19565,cs,added,inserted,removed,0.9967818260192871,0.00012528702791314572,0.0009155877050943673,0.9994547963142395,0.9958662383141927,-0.9993295092863264,0.996656538991374,1.995195747600519
20882,cs,added,inserted,removed,0.9972904920578003,9.296591451857239e-05,0.0004596153739839792,0.9993744492530823,0.9968308766838163,-0.9992814833385637,0.9971975261432817,1.99611236002238
21208,cs,added,inserted,removed,0.9942646622657776,0.00012520536256488413,0.001338159665465355,0.9995827078819275,0.9929265026003122,-0.9994575025193626,0.9941394569032127,1.9923840051196748
21208,cs,allow,permit,forbid,0.9884633421897888,0.0001844279031502083,0.001380106550641358,0.9988508224487305,0.9870832356391475,-0.9986663945455803,0.9882789142866386,1.9857496301847277
21342,cs,remove,delete,insert,0.9939350485801697,0.0001865461963461712,0.0007440052577294409,0.9985737800598145,0.9931910433224402,-0.9983872338634683,0.9937485023838235,1.9915782771859085
21655,cs,remove,delete,insert,0.9908671379089355,0.00032221709261648357,0.0017713179113343358,0.9979802966117859,0.9890958199976012,-0.9976580795191694,0.9905449208163191,1.9867538995167706
23109,cs,allow,permit,forbid,0.9908700585365295,0.0011584388557821512,0.0021034139208495617,0.9958080053329468,0.98876664461568,-0.9946495664771646,0.9897116196807474,1.9834162110928446
23216,cs,add,insert,remove,0.9881595373153687,0.00018749467562884092,0.0028755913954228163,0.9982726573944092,0.9852839459199458,-0.9980851627187803,0.9879720426397398,1.9833691086387262
23725,cs,add,insert,remove,0.9878546595573425,0.00017503119306638837,0.00425471318885684,0.9992513060569763,0.9835999463684857,-0.9990762748639099,0.9876796283642761,1.9826762212323956
23725,cs,showing,displaying,hiding,0.9649942517280579,0.00022348818311002105,0.006052183918654919,0.9961430430412292,0.9589420678094029,-0.9959195548581192,0.9647707635449478,1.9548616226675222
25140,cs,add,insert,remove,0.9772719144821167,0.00014800891221966594,0.015525314025580883,0.9993079900741577,0.9617466004565358,-0.999159981161938,0.977123905569897,1.9609065816184739
25609,cs,added,inserted,removed,0.9889805316925049,0.00022336897382047027,0.0014960099942982197,0.9990708827972412,0.9874845216982067,-0.9988475138234207,0.9887571627186844,1.9863320355216274
25682,cs,added,inserted,removed,0.9940111041069031,0.00012761421385221183,0.0013375466223806143,0.999441921710968,0.9926735574845225,-0.9993143074971158,0.9938834898930509,1.9919878649816383
26021,cs,remove,delete,insert,0.9957970380783081,0.0001217140888911672,0.0009024731698445976,0.9986829161643982,0.9948945649084635,-0.998561202075507,0.9956753239894169,1.9934557669839705
26269,cs,remove,delete,insert,0.9905856251716614,0.0001876931346487254,0.003329882863909006,0.9988101720809937,0.9872557423077524,-0.9986224789463449,0.9903979320370127,1.9858782212540973
26329,cs,added,inserted,removed,0.9965965151786804,0.0001221234124386683,0.0010624969145283103,0.9992989301681519,0.9955340182641521,-0.9991768067557132,0.9964743917662418,1.9947108250198653
26473,cs,creating,building,destroying,0.9641861915588379,0.01868341863155365,0.010247578844428062,0.3573952913284302,0.9539386127144098,-0.3387118726968765,0.9455027729272842,1.2926504854112864
26624,cs,added,inserted,removed,0.9584336280822754,0.002258250955492258,0.010606171563267708,0.9945710301399231,0.9478274565190077,-0.9923127791844308,0.9561753771267831,1.9401402357034385
26624,cs,remove,delete,insert,0.9806727766990662,0.0002146991464542225,0.0033135367557406425,0.999367892742157,0.9773592399433255,-0.9991531935957028,0.9804580775526119,1.9765124335390283
26739,cs,add,insert,remove,0.993680477142334,0.00023723709455225617,0.001808186061680317,0.9971110820770264,0.9918722910806537,-0.9968738449824741,0.9934432400477817,1.9887461360631278
26739,cs,removing,deleting,inserting,0.9917035102844238,0.00021000509150326252,0.001685882220044732,0.9954928159713745,0.9900176280643791,-0.9952828108798712,0.9914935051929206,1.9853004389442503
27284,cs,add,insert,remove,0.9919213056564331,0.00016588302969466895,0.003933915868401527,0.9992676377296448,0.9879873897880316,-0.9991017546999501,0.9917554226267384,1.9870891444879817
27306,cs,allow,permit,forbid,0.9929525256156921,0.0001793960836948827,0.0015232567675411701,0.9995262622833252,0.991429268848151,-0.9993468661996303,0.9927731295319973,1.9907761350477813
27469,cs,add,insert,remove,0.28659680485725403,0.00019191435421817005,0.7016456723213196,0.9989026784896851,-0.41504886746406555,-0.9987107641354669,0.28640489050303586,0.5836618966714013
27649,cs,add,insert,remove,0.9894846081733704,0.00011569768685149029,0.0033717842306941748,0.9989338517189026,0.9861128239426762,-0.9988181540320511,0.9893689104865189,1.9849309779747273
27882,cs,add,insert,remove,0.9899910688400269,0.00023045109992381185,0.0029246388003230095,0.9985669255256653,0.9870664300397038,-0.9983364744257415,0.989760617740103,1.9854029044654453
27924,cs,remove,delete,insert,0.9917441010475159,0.00016664394934196025,0.0010575717315077782,0.9987874627113342,0.9906865293160081,-0.9986208187619923,0.9915774570981739,1.9893073480780004
28473,cs,disable,block,enable,0.9416906833648682,0.00027358069201000035,0.00566132552921772,0.9977649450302124,0.9360293578356504,-0.9974913643382024,0.9414171026728582,1.9335207221738528
28513,cs,added,inserted,removed,0.9978188276290894,0.00018477764388080686,0.0008543387521058321,0.999372661113739,0.9969644888769835,-0.9991878834698582,0.9976340499852085,1.9961523723468417
28520,cs,removed,deleted,inserted,0.9969918727874756,0.00018308369908481836,0.0006563782226294279,0.9988608360290527,0.9963354945648462,-0.9986777523299679,0.9968087890883908,1.995013246894814
28544,cs,add,insert,remove,0.9858067035675049,0.000167000966030173,0.00436722906306386,0.998891294002533,0.981439474504441,-0.9987242930365028,0.9856397026014747,1.9801637675409438
28601,cs,add,insert,remove,0.9740132093429565,0.00015893657109700143,0.01821794919669628,0.9988325238227844,0.9557952601462603,-0.9986735872516874,0.9738542727718595,1.9544688473979477
28817,cs,add,insert,remove,0.9810448884963989,0.00011821205407613888,0.0056182947009801865,0.999445378780365,0.9754265937954187,-0.9993271667262889,0.9809266764423228,1.9747537605217076
29189,cs,remove,delete,insert,0.9636788964271545,0.00019739584240596741,0.004096099641174078,0.9982902407646179,0.9595827967859805,-0.998092844922212,0.9634815005847486,1.9576756417081924
29766,cs,creating,building,destroying,0.9632171392440796,0.3915373682975769,0.004891756922006607,0.05425277352333069,0.958325382322073,0.3372845947742462,0.5716797709465027,0.6210407875478268
30017,cs,add,insert,remove,0.9866821765899658,0.0002384589024586603,0.005671174265444279,0.9978943467140198,0.9810110023245215,-0.9976558878115611,0.9864437176875072,1.9786668901360827
30271,cs,adding,inserting,removing,0.9899194240570068,8.76118938322179e-05,0.005423594266176224,0.9997218251228333,0.9844958297908306,-0.999634213229001,0.9898318121631746,1.9841300430198316
30289,cs,added,inserted,removed,0.9949150085449219,0.00015476839325856417,0.0024611104745417833,0.9993076324462891,0.9924538980703801,-0.9991528640530305,0.9947602401516633,1.9916067621234106
31754,cs,added,inserted,removed,0.9942703247070312,0.00011218680447200313,0.002471230225637555,0.9996389150619507,0.9917990944813937,-0.9995267282574787,0.9941581379025592,1.9913258227388724
32313,cs,add,insert,remove,0.19565024971961975,0.00016077185864560306,0.7826685905456543,0.999076247215271,-0.5870183408260345,-0.9989154753566254,0.19548947786097415,0.41189713453059085
33223,cs,start,begin,stop,0.9735118746757507,0.001822293153963983,0.003273940412327647,0.9850815534591675,0.9702379342634231,-0.9832592603052035,0.9716895815217867,1.9534971945686266
33226,cs,add,insert,remove,0.3042387068271637,0.00023111779591999948,0.6768317222595215,0.9982852339744568,-0.3725930154323578,-0.9980541161785368,0.3040075890312437,0.625461100746179
33272,cs,add,insert,remove,0.08674369007349014,0.0001914557651616633,0.898485004901886,0.9989222288131714,-0.8117413148283958,-0.9987307730480097,0.08655223430832848,0.18698945821961388
33366,cs,disable,block,enable,0.9745647311210632,0.0004230363992974162,0.000368494656868279,0.9984017014503479,0.974196236464195,-0.9979786650510505,0.9741416947217658,1.9721749015152454
33371,cs,add,insert,remove,0.9037402272224426,0.00014646732597611845,0.08374924212694168,0.9991958737373352,0.819990985095501,-0.9990494064113591,0.9035937598964665,1.81904039150686
33559,cs,added,inserted,removed,0.998007595539093,7.16713911970146e-05,0.0004966285778209567,0.9996625185012817,0.9975109669612721,-0.9995908471100847,0.997935924147896,1.9971018140713568
33579,cs,add,insert,remove,0.9812615513801575,0.0002123707818100229,0.003717566141858697,0.9984784722328186,0.9775439852382988,-0.9982661014510086,0.9810491805983474,1.9758100866893074
34124,cs,adding,inserting,removing,0.97966068983078,0.00010070641292259097,0.011508883908390999,0.9996198415756226,0.968151805922389,-0.9995191351627,0.9795599834178574,1.967670941085089
34620,cs,added,inserted,removed,0.9978522062301636,0.0001990328310057521,0.000565391848795116,0.9994552731513977,0.9972868143813685,-0.999256240320392,0.9976531733991578,1.9965430547017604
34620,cs,allow,permit,forbid,0.9965307116508484,0.0004860777989961207,0.0005436538485810161,0.9809229969978333,0.9959870578022674,-0.9804369191988371,0.9960446338518523,1.9764239770011045
35217,cs,added,inserted,removed,0.9938350915908813,0.00012536115536931902,0.0003820200217887759,0.9994720816612244,0.9934530715690926,-0.999346720505855,0.993709730435512,1.9927997920749476
35393,cs,added,inserted,removed,0.9919153451919556,9.028705244418234e-05,0.0034127309918403625,0.9997441172599792,0.9885026142001152,-0.9996538302075351,0.9918250581395114,1.9881564444076503
36074,cs,added,inserted,removed,0.9869223237037659,0.00012341933324933052,0.007489929441362619,0.999426007270813,0.9794323942624032,-0.9993025879375637,0.9867989043705165,1.978734982199967
36324,cs,added,inserted,removed,0.996451735496521,0.00011716078734025359,0.0005241173203103244,0.9995342493057251,0.9959276181762107,-0.9994170885183848,0.9963345747091807,1.9953447066945955
36324,cs,allow,permit,forbid,0.9888153672218323,0.00019987869018223137,0.0011054293718189,0.9967222809791565,0.9877099378500134,-0.9965224022889743,0.98861548853165,1.9842323401389876
36569,cs,enable,permit,disable,0.9947965741157532,0.0005004784325137734,0.0010132959578186274,0.9956539869308472,0.9937832781579345,-0.9951535084983334,0.9942960956832394,1.988936786656268
36795,cs,disable,block,enable,0.9888773560523987,0.0003583449579309672,0.0007360203890129924,0.9947929978370667,0.9881413356633857,-0.9944346528791357,0.9885190110944677,1.9825759885425214
36959,cs,add,insert,remove,0.9681017994880676,9.047305502463132e-05,0.022587131708860397,0.9992284774780273,0.9455146677792072,-0.9991380044230027,0.968011326433043,1.94465267220221
37055,cs,added,inserted,removed,0.9968211650848389,9.186580427922308e-05,0.0007576330681331456,0.9997115731239319,0.9960635320167057,-0.9996197073196527,0.9967292992805596,1.9956832393363584
37908,cs,remove,delete,insert,0.9827562570571899,0.00013982185919303447,0.00444850604981184,0.9991418123245239,0.9783077510073781,-0.9990019904653309,0.9826164351979969,1.977309741472709
38242,cs,enable,permit,disable,0.8891417384147644,0.0008235100540332496,0.05884700268507004,0.9966482520103455,0.8302947357296944,-0.9958247419563122,0.8883182283607312,1.8261194776860066
38892,cs,remove,delete,insert,0.996216356754303,0.00013621659309137613,0.0009047149796970189,0.9988170862197876,0.995311641774606,-0.9986808696266962,0.9960801401612116,1.9939925114013022
39450,cs,added,inserted,removed,0.9859791398048401,0.0001396707957610488,0.006018731277436018,0.9994606375694275,0.9799604085274041,-0.9993209667736664,0.985839469009079,1.9792813753010705
39648,cs,accept,take,reject,0.0103699816390872,0.000945752952247858,0.8250256180763245,0.9377047419548035,-0.8146556364372373,-0.9367589890025556,0.009424228686839342,0.12210335256531835
204,cs,allow,permit,forbid,0.9939966201782227,0.0007677137618884444,0.0025135802570730448,0.997788667678833,0.9914830399211496,-0.9970209539169446,0.9932289064163342,1.9885039938380942
520,cs,added,inserted,removed,0.9951326251029968,0.00012733494804706424,0.0017067709704861045,0.9990766048431396,0.9934258541325107,-0.9989492698950926,0.9950052901549498,1.9923751240276033
1400,cs,add,insert,remove,0.9901094436645508,0.0002208300429629162,0.0054451292380690575,0.9988899827003479,0.9846643144264817,-0.998669152657385,0.9898886136215879,1.9833334670838667
1638,cs,start,begin,stop,0.9905930161476135,0.0010356296552345157,0.0013187333242967725,0.9894264936447144,0.9892742828233168,-0.9883908639894798,0.989557386492379,1.9776651468127966
2387,cs,removed,deleted,inserted,0.9684827327728271,0.0009246758418157697,0.000759245187509805,0.9979450106620789,0.9677234875853173,-0.9970203348202631,0.9675580569310114,1.9647438224055804
2730,cs,added,inserted,removed,0.9959805011749268,0.00018288192222826183,0.0013502403162419796,0.9992921352386475,0.9946302608586848,-0.9991092533164192,0.9957976192526985,1.993739514175104
3351,cs,create,build,destroy,0.9897312521934509,0.00010843116615433246,0.0017071161419153214,0.9988081455230713,0.9880241360515356,-0.998699714356917,0.9896228210272966,1.9867238504084526
3572,cs,opening,unlocking,closing,0.9391236305236816,0.0020704232156276703,0.030398154631257057,0.9788987040519714,0.9087254758924246,-0.9768282808363438,0.937053207308054,1.8855537567287683
4419,cs,allow,permit,forbid,0.996394693851471,0.0002602010208647698,0.0008755099843256176,0.9991162419319153,0.9955191838671453,-0.9988560409110505,0.9961344928306062,1.9943752247781958
5153,cs,added,inserted,removed,0.9937831163406372,0.00013307458721101284,0.0030610498506575823,0.9993972778320312,0.9907220664899796,-0.9992642032448202,0.9936500417534262,1.9899862697347999
5425,cs,added,inserted,removed,0.9971574544906616,0.00012341806723270565,0.0008654588600620627,0.9994853734970093,0.9962919956305996,-0.9993619554297766,0.9970340364234289,1.9956539510603761
6928,cs,added,inserted,removed,0.9917429089546204,0.00019671532209031284,0.0039697131142020226,0.9994780421257019,0.9877731958404183,-0.9992813268036116,0.99154619363253,1.98705452264403
9077,cs,opening,unlocking,closing,0.5015366673469543,0.0003278501098975539,0.3320479691028595,0.9613320231437683,0.16948869824409485,-0.9610041730338708,0.5012088172370568,1.1304928712779656
9077,cs,created,built,destroyed,0.9782119989395142,0.00013161297829356045,0.0034067833330482244,0.9985754489898682,0.9748052156064659,-0.9984438360115746,0.9780803859612206,1.9732490516180405
10393,cs,allow,permit,forbid,0.9959083795547485,0.8391814231872559,0.001886483165435493,0.15607471764087677,0.994021896389313,0.6831067055463791,0.15672695636749268,0.31091519084293395
10877,cs,add,insert,remove,0.9855923652648926,0.0002505408483557403,0.0044634779915213585,0.998405396938324,0.9811288872733712,-0.9981548560899682,0.9853418244165368,1.9792837433633395
10877,cs,creating,building,destroying,0.9689347743988037,0.00016341605805791914,0.0036766231060028076,0.9815643429756165,0.9652581512928009,-0.9814009269175585,0.9687713583407458,1.9466590782103594
11130,cs,add,insert,remove,0.9821897745132446,0.0001471754803787917,0.0052301534451544285,0.9986391663551331,0.9769596210680902,-0.9984919908747543,0.9820425990328658,1.9754516119428445
11832,cs,allow,permit,forbid,0.9948921203613281,0.0003147765528410673,0.002102749655023217,0.9981550574302673,0.9927893707063049,-0.9978402808774263,0.9945773438084871,1.9906296515837312
12962,cs,add,insert,remove,0.6222180724143982,0.00019036811136174947,0.34975889325141907,0.9980558156967163,0.2724591791629791,-0.9978654475853546,0.6220277043030364,1.2703246267483337
13006,cs,add,insert,remove,0.6823123097419739,7.831639959476888e-05,0.2847343981266022,0.9995445609092712,0.3975779116153717,-0.9994662445096765,0.6822339933423791,1.3970441561250482
13245,cs,add,insert,remove,0.9885585308074951,0.00021759972150903195,0.0034113721922039986,0.9987414479255676,0.9851471586152911,-0.9985238482040586,0.9883409310859861,1.9836710068193497
13546,cs,disable,block,enable,0.9678828716278076,0.00029308575903996825,0.007746164221316576,0.9975242018699646,0.960136707406491,-0.9972311161109246,0.9675897858687676,1.9573678235174157
17934,cs,add,insert,remove,0.9708523750305176,0.00023100328689906746,0.011001481674611568,0.9990313053131104,0.959850893355906,-0.9988003020262113,0.9706213717436185,1.9586511953821173
20966,cs,started,began,stopped,0.9962499737739563,0.0002748652477748692,0.0006099971360526979,0.9992884397506714,0.9956399766379036,-0.9990135745028965,0.9959751085261814,1.9946535511408001
28092,cs,remove,delete,insert,0.9975590705871582,0.0008150252979248762,0.00039732750155963004,0.9979573488235474,0.9971617430855986,-0.9971423235256225,0.9967440452892333,1.994304066611221
29058,cs,added,inserted,removed,0.993443489074707,0.00012242030061315745,0.0025267708115279675,0.9995256662368774,0.9909167182631791,-0.9994032459362643,0.9933210687740939,1.9903199641994433
32030,cs,hide,cover,show,0.8605867624282837,0.00044929268187843263,0.09287259727716446,0.9974684715270996,0.7677141651511192,-0.9970191788452212,0.8601374697464053,1.7647333439963404
33765,cs,allow,permit,forbid,0.9905681014060974,0.0005502315470948815,0.0027063919696956873,0.9986127614974976,0.9878617094364017,-0.9980625299504027,0.9900178698590025,1.9859242393868044
38648,cs,added,inserted,removed,0.9894004464149475,0.00011936122609768063,0.004669630900025368,0.9993789196014404,0.9847308155149221,-0.9992595583753427,0.9892810851888498,1.983990373890265
39734,cs,enable,permit,disable,0.9889140725135803,0.0004014826554339379,0.005167058203369379,0.9988577365875244,0.9837470143102109,-0.9984562539320905,0.9885125898581464,1.9822032682423014
41252,cs,added,inserted,removed,0.9780720472335815,0.00049095373833552,0.004840048961341381,0.9958272576332092,0.9732319982722402,-0.9953363038948737,0.977581093495246,1.9685683021671139
41252,cs,disable,block,enable,0.9692050218582153,0.0008082183776423335,0.0004275243845768273,0.9917261600494385,0.9687774974736385,-0.9909179416717961,0.968396803480573,1.9596954391454346
41479,cs,added,inserted,removed,0.9970884919166565,0.00018841377459466457,0.0005962438299320638,0.9993916749954224,0.9964922480867244,-0.9992032612208277,0.9969000781420618,1.9956955093075521
42344,cs,add,insert,remove,0.9882015585899353,0.00018785792053677142,0.003952249884605408,0.9976136684417725,0.9842493087053299,-0.9974258105212357,0.9880137006693985,1.9816751192265656
42959,cs,added,inserted,removed,0.9966855645179749,9.12501200218685e-05,0.0010956480400636792,0.9996722936630249,0.9955899164779112,-0.999581043543003,0.996594314397953,1.9951709600209142
43406,cs,add,insert,remove,0.9688581228256226,0.00020634772954508662,0.016001548618078232,0.9980248212814331,0.9528565742075443,-0.997818473551888,0.9686517750960775,1.9506750477594323
44858,cs,adding,inserting,removing,0.9943699240684509,0.0001445716043235734,0.0014160684077069163,0.9996015429496765,0.992953855660744,-0.9994569713453529,0.9942253524641274,1.992410827006097
845,cs,added,inserted,removed,0.9598789811134338,9.160597255686298e-05,0.02904343791306019,0.9993894100189209,0.9308355432003736,-0.999297804046364,0.959787375140877,1.9301333472467377
973,cs,allow,permit,forbid,0.9937460422515869,0.0005528634646907449,0.0018423959845677018,0.9982250332832336,0.9919036462670192,-0.9976721698185429,0.9931931787868962,1.989575816085562
1435,cs,added,inserted,removed,0.9823054075241089,0.00014081373228691518,0.0119639215990901,0.9991876482963562,0.9703414859250188,-0.9990468345640693,0.982164593791822,1.969388320489088
1646,cs,add,insert,remove,0.9916402101516724,0.00017425800615455955,0.0035427215043455362,0.9987003803253174,0.9880974886473268,-0.9985261223191628,0.9914659521455178,1.9866236109664897
3910,cs,add,insert,remove,0.9872491955757141,0.00014097870734985918,0.005675104446709156,0.9991102814674377,0.981574091129005,-0.9989693027600879,0.9871082168683643,1.9805433938890928
4052,cs,add,insert,remove,0.9855239987373352,0.000140783580718562,0.008581436239182949,0.9990280866622925,0.9769425624981523,-0.9988873030815739,0.9853832151566166,1.9758298655797262
4655,cs,allow,permit,forbid,0.9954943656921387,0.00026803556829690933,0.0013496237806975842,0.9993508458137512,0.9941447419114411,-0.9990828102454543,0.9952263301238418,1.9932275521568954
4655,cs,accepted,took,rejected,0.989287257194519,0.00017696942086331546,0.00471187848597765,0.9991662502288818,0.9845753787085414,-0.9989892808080185,0.9891102877736557,1.98356465951656
4918,cs,add,insert,remove,0.9920937418937683,0.00027797455550171435,0.0032178417313843966,0.996593177318573,0.9888759001623839,-0.9963152027630713,0.9918157673382666,1.9851911029254552
6317,cs,add,insert,remove,0.9714392423629761,0.00022128257842268795,0.01562361977994442,0.9980973601341248,0.9558156225830317,-0.9978760775557021,0.9712179597845534,1.9536917001387337
7660,cs,disable,block,enable,0.9914799928665161,0.00035864446545019746,0.0005222841282375157,0.9954588413238525,0.9909577087382786,-0.9951001968584023,0.9911213484010659,1.986057905596681
8372,cs,add,insert,remove,0.9282520413398743,0.00014524706057272851,0.048096176236867905,0.9990695118904114,0.8801558651030064,-0.9989242648298386,0.9281067942793015,1.879080129932845
9588,cs,included,contained,excluded,0.9794161319732666,0.0004565334820654243,0.002129509812220931,0.9778259992599487,0.9772866221610457,-0.9773694657778833,0.9789595984912012,1.954656087938929
10237,cs,allow,permit,forbid,0.9915198683738708,0.0007588160806335509,0.0015476231928914785,0.9981330037117004,0.9899722451809794,-0.9973741876310669,0.9907610522932373,1.9873464328120463
11590,cs,add,insert,remove,0.9789532423019409,0.00015074736438691616,0.013334316201508045,0.9963726997375488,0.9656189261004329,-0.9962219523731619,0.978802494937554,1.9618408784735948
11590,cs,added,inserted,removed,0.9924203753471375,0.0001341898023383692,0.00273470813408494,0.9993933439254761,0.9896856672130525,-0.9992591541231377,0.9922861855447991,1.9889448213361902
11605,cs,add,insert,remove,0.9876821637153625,0.00017041344835888594,0.0019428631057962775,0.9989965558052063,0.9857393006095663,-0.9988261423568474,0.9875117502670037,1.9845654429664137
13107,cs,add,insert,remove,0.9955801367759705,0.0001420358312316239,0.0010176874930039048,0.9993213415145874,0.9945624492829666,-0.9991793056833558,0.9954381009447388,1.9937417549663223
13377,cs,add,insert,remove,0.993946373462677,0.00018161263142246753,0.001044447417370975,0.9992274045944214,0.992901926045306,-0.9990457919629989,0.9937647608312545,1.991947718008305
14121,cs,increase,raise,decrease,0.996920108795166,0.0005545814638026059,0.0003768854367081076,0.9987642765045166,0.9965432233584579,-0.998209695040714,0.9963655273313634,1.994752918399172
15072,cs,allow,permit,forbid,0.9921922087669373,0.0006531238905154169,0.002505943179130554,0.9977703094482422,0.9896862655878067,-0.9971171855577268,0.9915390848764218,1.9868034511455335
16256,cs,enable,permit,disable,0.9596131443977356,0.6329666972160339,0.009657849557697773,0.27882006764411926,0.9499552948400378,0.3541466295719147,0.32664644718170166,0.5958086652681231
17366,cs,add,insert,remove,0.9525612592697144,0.0003298192168585956,0.012344470247626305,0.9983038902282715,0.940216789022088,-0.9979740710114129,0.9522314400528558,1.938190860033501
18507,cs,added,inserted,removed,0.995980978012085,0.00013718348054680973,0.0014469732996076345,0.999413251876831,0.9945340047124773,-0.9992760683962842,0.9958437945315382,1.9938100731087616
18952,cs,add,insert,remove,0.8614016771316528,0.0001268104970222339,0.11433887481689453,0.9990111589431763,0.7470628023147583,-0.998884348446154,0.8612748666346306,1.7459471507609123
19073,cs,add,insert,remove,0.9938210844993591,0.0002508537727408111,0.0013232099590823054,0.9978997707366943,0.9924978745402768,-0.9976489169639535,0.9935702307266183,1.9901467915042304
19372,cs,added,inserted,removed,0.9931907057762146,0.00019269011681899428,0.003323908429592848,0.9990875720977783,0.9898667973466218,-0.9988948819809593,0.9929980156593956,1.988761679327581
19453,cs,add,insert,remove,0.989062488079071,0.00014228564396034926,0.003477035090327263,0.9992675185203552,0.9855854529887438,-0.9991252328763949,0.9889202024351107,1.9847106858651387
19528,cs,adding,inserting,removing,0.9846612811088562,9.884215978672728e-05,0.006981211714446545,0.9997410178184509,0.9776800693944097,-0.9996421756586642,0.9845624389490695,1.9773222450530739
20910,cs,show,display,hide,0.9929308891296387,0.00018830207409337163,0.0015223660739138722,0.9993718266487122,0.9914085230557248,-0.9991835245746188,0.9927425870555453,1.9905920476303436
20920,cs,remove,delete,insert,0.9930235147476196,0.00010356340499129146,0.0017430398147553205,0.9988283514976501,0.9912804749328643,-0.9987247880926589,0.9929199513426283,1.9900052630255232
20980,cs,adding,inserting,removing,0.6501927971839905,0.0002861392276827246,0.3390697240829468,0.9979420304298401,0.3111230731010437,-0.9976558912021574,0.6499066579563078,1.308778964303201
21388,cs,added,inserted,removed,0.9973486661911011,0.00019032608543056995,0.0006467446219176054,0.9992352724075317,0.9967019215691835,-0.9990449463221012,0.9971583401056705,1.9957468678912846
21472,cs,add,insert,remove,0.3912452161312103,0.00016827494255267084,0.5901442766189575,0.998874843120575,-0.1988990604877472,-0.9987065681780223,0.39107694118865766,0.7998075076902751
22393,cs,add,insert,remove,0.9886154532432556,0.00014635143452323973,0.006286407355219126,0.999116837978363,0.9823290458880365,-0.9989704865438398,0.9884691018087324,1.9812995324318763
24079,cs,open,unlock,close,0.9755444526672363,0.0007312929374165833,0.004250606056302786,0.995541512966156,0.9712938466109335,-0.9948102200287394,0.9748131597298197,1.966104066639673
25399,cs,add,insert,remove,0.9819360375404358,0.00018764960987027735,0.005069631151854992,0.9986756443977356,0.9768664063885808,-0.9984879947878653,0.9817483879305655,1.9753544011764461
26638,cs,added,inserted,removed,0.9972121119499207,0.00028537659090943635,0.0010484207887202501,0.9993396401405334,0.9961636911612004,-0.999054263549624,0.9969267353590112,1.9952179547108244
26638,cs,disable,block,enable,0.9932678937911987,0.0018763053230941296,0.0014698008308187127,0.9766126871109009,0.99179809296038,-0.9747363817878067,0.9913915884681046,1.9665344747481868
27508,cs,add,insert,remove,0.9273867011070251,0.00019190818420611322,0.057464830577373505,0.9990707039833069,0.8699218705296516,-0.9988787957991008,0.927194792922819,1.8688006663287524
28269,cs,add,insert,remove,0.9083932042121887,0.00018453919619787484,0.06643839180469513,0.9981591105461121,0.8419548124074936,-0.9979745713499142,0.9082086650159908,1.8399293837574078
29071,cs,allow,permit,forbid,0.9939318895339966,0.00187371124047786,0.0018655025633051991,0.9950001239776611,0.9920663869706914,-0.9931264127371833,0.9920581782935187,1.9851927997078747
29412,cs,allow,permit,forbid,0.9961363673210144,0.0006107900408096611,0.0009245069231837988,0.9987342953681946,0.9952118603978306,-0.9981235053273849,0.9955255772802047,1.9933353657252155
29859,cs,added,inserted,removed,0.9942692518234253,0.00011418228677939624,0.001830687397159636,0.9993846416473389,0.9924385644262657,-0.9992704593605595,0.9941550695366459,1.9917090237868251
46,go,remove,delete,insert,0.8926618099212646,0.0008504322613589466,0.09869514405727386,0.998222291469574,0.7939666658639908,-0.997371859208215,0.8918113776599057,1.7913385250722058
77,go,add,insert,remove,0.992062509059906,0.00037731268093921244,0.003985835239291191,0.9981071949005127,0.9880766738206148,-0.9977298822195735,0.9916851963789668,1.9858065560401883
94,go,remove,delete,insert,0.9926493763923645,0.0003140205517411232,0.0022537524346262217,0.9980899691581726,0.9903956239577383,-0.9977759486064315,0.9923353558406234,1.9881715725641698
151,go,show,display,hide,0.9291503429412842,0.0025176743511110544,0.006209994666278362,0.9960881471633911,0.9229403482750058,-0.9935704728122801,0.9266326685901731,1.9165108210872859
162,go,add,insert,remove,0.9214792251586914,0.0002101594436680898,0.05661356821656227,0.9992103576660156,0.8648656569421291,-0.9990001982223475,0.9212690657150233,1.8638658551644767
316,go,removed,deleted,inserted,0.8868005275726318,0.0003306275175418705,0.010406827554106712,0.9993752837181091,0.8763937000185251,-0.9990446562005673,0.88646990005509,1.8754383562190924
316,go,start,begin,stop,0.8478891253471375,0.2195817083120346,0.011881074868142605,0.6349858641624451,0.8360080504789948,-0.41540415585041046,0.6283074170351028,1.2514122063294053
398,go,remove,delete,insert,0.9944019913673401,0.0002338780468562618,0.0007197483791969717,0.9983470439910889,0.9936822429881431,-0.9981131659442326,0.9941681133204838,1.9917954089323757
431,go,add,insert,remove,0.9868699908256531,0.00023607019102200866,0.003559480421245098,0.9985857009887695,0.983310510404408,-0.9983496307977475,0.9866339206346311,1.9816601412021555
502,go,show,display,hide,0.9725899696350098,0.0015619195764884353,0.0037907883524894714,0.9972484707832336,0.9687991812825203,-0.9956865512067452,0.9710280500585213,1.9644857324892655
513,go,add,insert,remove,0.8703320026397705,0.019799476489424706,0.0036595354322344065,0.9767165184020996,0.8666724672075361,-0.9569170419126749,0.8505325261503458,1.823589509120211
524,go,start,begin,stop,0.902023434638977,0.021450970321893692,0.002286061877384782,0.9265658259391785,0.8997373727615923,-0.9051148556172848,0.8805724643170834,1.804852228378877
538,go,showing,displaying,hiding,0.8986229300498962,0.7449941039085388,0.012097090482711792,0.06381712108850479,0.8865258395671844,0.681176982820034,0.15362882614135742,0.20534885674715042
605,go,added,inserted,removed,0.9396300911903381,0.00023536686785519123,0.039677318185567856,0.9995883107185364,0.8999527730047703,-0.9993529438506812,0.9393947243224829,1.8993057168554515
605,go,included,contained,excluded,0.9057275652885437,0.00016449030954390764,0.011671404354274273,0.9996156692504883,0.8940561609342694,-0.9994511789409444,0.9055630749789998,1.8935073398752138
679,go,allow,permit,forbid,0.9965683221817017,0.0012039607390761375,0.0007393598207272589,0.996037483215332,0.9958289623609744,-0.9948335224762559,0.9953643614426255,1.9906624848372303
715,go,add,insert,remove,0.9892045855522156,0.00022377526329364628,0.0037400033324956894,0.9985484480857849,0.9854645822197199,-0.9983246728224913,0.9889808102889219,1.9837892550422112
729,go,add,insert,remove,0.9903239011764526,0.00022805285698268563,0.000928153342101723,0.999212384223938,0.9893957478343509,-0.9989843313669553,0.99009584831947,1.9883800792013062
749,go,add,insert,remove,0.6333967447280884,0.00013048558321315795,0.3566135764122009,0.9996095299720764,0.27678316831588745,-0.9994790443888633,0.6332662591448752,1.2762622127047507
814,go,enable,permit,disable,0.9912400841712952,0.0008239131420850754,0.002107009757310152,0.9958816766738892,0.989133074413985,-0.9950577635318041,0.9904161710292101,1.984190837945789
857,go,allows,permits,forbids,0.9770358204841614,0.00027458430849947035,0.001595997135154903,0.9995531439781189,0.9754398233490065,-0.9992785596696194,0.9767612361756619,1.974718383018626
875,go,include,contain,exclude,0.9930417537689209,0.00021386715525295585,0.0009386023739352822,0.9993247985839844,0.9921031513949856,-0.9991109314287314,0.9928278866136679,1.991214082823717
906,go,add,insert,remove,0.9889073371887207,0.0002260885084979236,0.003852300113067031,0.998281717300415,0.9850550370756537,-0.9980556287919171,0.9886812486802228,1.9831106658675708
913,go,create,build,destroy,0.9915152788162231,0.00021491630468517542,0.0009670474100857973,0.9993022680282593,0.9905482314061373,-0.9990873517235741,0.991300362511538,1.9896355831297114
975,go,add,insert,remove,0.9681491851806641,0.0004323866742197424,0.021219773218035698,0.9990112781524658,0.9469294119626284,-0.9985788914782461,0.9677167985064443,1.9455083034408744
975,go,disable,block,enable,0.9547595381736755,0.0007439264445565641,0.009536606259644032,0.9990344047546387,0.9452229319140315,-0.9982904783100821,0.954015611729119,1.9435134102241136
978,go,add,insert,remove,0.9817017316818237,0.0001424143265467137,0.007121772971004248,0.9986777901649475,0.9745799587108195,-0.9985353758384008,0.981559317355277,1.9731153345492203
1046,go,allow,permit,forbid,0.955547571182251,0.0012439119163900614,0.011872118338942528,0.9982839226722717,0.9436754528433084,-0.9970400107558817,0.9543036592658609,1.9407154635991901
1120,go,open,unlock,close,0.2573687732219696,0.507011353969574,0.06227390468120575,0.41767433285713196,0.19509486854076385,0.08933702111244202,-0.24964258074760437,0.10575784742832184
1163,go,add,insert,remove,0.9919006824493408,0.00013343732280191034,0.0012329289456829429,0.9991355538368225,0.9906677535036579,-0.9990021165140206,0.9917672451265389,1.9896698700176785
1166,go,start,begin,stop,0.9326624870300293,0.023905130103230476,0.002699287375435233,0.9503734111785889,0.9299631996545941,-0.9264682810753584,0.9087573569267988,1.8564314807299525
1176,go,adding,inserting,removing,0.9554615020751953,9.956239227904007e-05,0.024286987259984016,0.999599039554596,0.9311745148152113,-0.9994994771623169,0.9553619396829163,1.9306739919775282
1177,go,adding,inserting,removing,0.9615386128425598,0.00034275418147444725,0.005275403149425983,0.9987891316413879,0.9562632096931338,-0.9984463774599135,0.9611958586610854,1.9547095871530473
1183,go,adding,inserting,removing,0.9883614182472229,0.00010672647476894781,0.006123589817434549,0.9995664954185486,0.9822378284297884,-0.9994597689437796,0.988254691772454,1.981697597373568
1188,go,adding,inserting,removing,0.7639766931533813,6.729595770593733e-05,0.21568861603736877,0.9997411370277405,0.5482880771160126,-0.9996738410700345,0.7639093971956754,1.5479619181860471
1188,go,shows,displays,hides,0.45932164788246155,0.002720486605539918,0.4976021647453308,0.9956908822059631,-0.03828051686286926,-0.9929703956004232,0.45660116127692163,0.954689878737554
1210,go,start,begin,stop,0.8573628664016724,0.060405753552913666,0.003946260083466768,0.4826472997665405,0.8534166063182056,-0.42224154621362686,0.7969571128487587,1.2756581525318325
1228,go,allow,permit,forbid,0.9942595958709717,0.0005384978139773011,0.001859927549958229,0.9978105425834656,0.9923996683210135,-0.9972720447694883,0.9937210980569944,1.9896717130905017
1254,go,adding,inserting,removing,0.9927540421485901,0.00012810037878807634,0.0029739479068666697,0.9996020197868347,0.9897800942417234,-0.9994739194080466,0.992625941769802,1.98925401364977
1258,go,remove,delete,insert,0.9851353764533997,0.00018527432985138148,0.0006664182292297482,0.9989370703697205,0.9844689582241699,-0.9987517960398691,0.9849501021235483,1.983220754264039
1268,go,add,insert,remove,0.9652517437934875,8.026426075957716e-05,0.016357040032744408,0.9992794394493103,0.9488947037607431,-0.9991991751885507,0.965171479532728,1.9480938789492939
1274,go,add,insert,remove,0.7133595943450928,0.0001716859987936914,0.26246151328086853,0.9979596138000488,0.45089808106422424,-0.9977879278012551,0.7131879083462991,1.4486860088654794
1280,go,adding,inserting,removing,0.9604041576385498,0.04581993445754051,0.010824596509337425,0.9423713684082031,0.9495795611292124,-0.8965514339506626,0.9145842231810093,1.846130995079875
1288,go,add,insert,remove,0.9838685393333435,0.00022176103084348142,0.00205438956618309,0.9966617822647095,0.9818141497671604,-0.996440021233866,0.9836467783025,1.9782541710010264
1288,go,added,inserted,removed,0.997983455657959,0.00013246988237369806,0.00035141094122081995,0.9996110796928406,0.9976320447167382,-0.9994786098104669,0.9978509857755853,1.997110654527205
1316,go,add,insert,remove,0.9928297400474548,0.00014449252921622247,0.0010111532174050808,0.999365508556366,0.9918185868300498,-0.9992210160271497,0.9926852475182386,1.9910396028571995
1423,go,add,insert,remove,0.9935247898101807,0.00014780049968976527,0.0009944175835698843,0.999259889125824,0.9925303722266108,-0.9991120886261342,0.9933769893104909,1.991642460852745
1515,go,add,insert,remove,0.022087184712290764,0.008053528144955635,0.9759956002235413,0.9904724359512329,-0.9539084155112505,-0.9824189078062773,0.014033656567335129,0.02851049229502678
1515,go,remove,delete,insert,0.06236773729324341,0.009389652870595455,0.9347535967826843,0.9889636039733887,-0.8723858594894409,-0.9795739511027932,0.05297808442264795,0.1071880916133523
1587,go,adding,inserting,removing,0.662810742855072,0.0009713514591567218,0.3195714056491852,0.9979057312011719,0.34323933720588684,-0.9969343797420152,0.6618393913959153,1.340173716947902
1620,go,added,inserted,removed,0.9706124067306519,0.00019444443751126528,0.007325867656618357,0.999480664730072,0.9632865390740335,-0.9992862202925608,0.9704179622931406,1.9625727593665943
1630,go,allow,permit,forbid,0.9867134094238281,0.00952778197824955,0.0006789744948036969,0.9873926043510437,0.9860344349290244,-0.9778648223727942,0.9771856274455786,1.9638992573018186
1704,go,add,insert,remove,0.8921361565589905,0.00023135541414376348,0.07874776422977448,0.9991810917854309,0.813388392329216,-0.9989497363712871,0.8919048011448467,1.8123381287005031
1704,go,adds,inserts,removes,0.9818457365036011,0.00027164738276042044,0.0038224852178245783,0.9995085000991821,0.9780232512857765,-0.9992368527164217,0.9815740891208407,1.9772601040021982
1729,go,add,insert,remove,0.9770964980125427,0.00017190133803524077,0.007315002381801605,0.9983407258987427,0.9697814956307411,-0.9981688245607074,0.9769245966745075,1.9679503201914486
1780,go,allow,permit,forbid,0.9961515069007874,0.0008105483138933778,0.0013444999931380153,0.9978072047233582,0.9948070069076493,-0.9969966564094648,0.995340958586894,1.9918036633171141
1796,go,add,insert,remove,0.9939473867416382,0.0002838485816027969,0.000954464718233794,0.998414158821106,0.9929929220234044,-0.9981303102395032,0.9936635381600354,1.9911232322629075
1822,go,allow,permit,forbid,0.995563268661499,0.00034487273660488427,0.0007581653189845383,0.9987936019897461,0.9948051033425145,-0.9984487292531412,0.9952183959248941,1.9932538325956557
1882,go,allows,permits,forbids,0.9926823973655701,0.000308456365019083,0.0007080696523189545,0.9993506073951721,0.9919743277132511,-0.999042151030153,0.992373941000551,1.9910164787434042
1892,go,adding,inserting,removing,0.9897652864456177,0.00011762153008021414,0.005472021177411079,0.9994832277297974,0.9842932652682066,-0.9993656061997171,0.9896476649155375,1.9836588714679237
1911,go,disabled,blocked,enabled,0.9592829346656799,0.0025392493698745966,0.0011978937545791268,0.9642142653465271,0.9580850409111008,-0.9616750159766525,0.9567436852958053,1.9197600568877533
1935,go,add,insert,remove,0.9944410920143127,0.0001918258931254968,0.0011450203601270914,0.9986108541488647,0.9932960716541857,-0.9984190282557392,0.9942492661211872,1.991715099909925
1976,go,add,insert,remove,0.9807738661766052,0.0002925790613517165,0.0057237823493778706,0.9980785846710205,0.9750500838272274,-0.9977860056096688,0.9804812871152535,1.9728360894368961
1991,go,adds,inserts,removes,0.9892879724502563,0.00016858191520441324,0.0010608372977003455,0.9996688365936279,0.988227135152556,-0.9995002546784235,0.9891193905350519,1.9877273898309795
2013,go,enabled,permitted,disabled,0.9590872526168823,0.0036904774606227875,0.0015736424829810858,0.9469248056411743,0.9575136101339012,-0.9432343281805515,0.9553967751562595,1.9007479383144528
2020,go,allows,permits,forbids,0.9203025102615356,0.0004385837528388947,0.003082422772422433,0.9992731213569641,0.9172200874891132,-0.9988345376041252,0.9198639265086967,1.9160546250932384
2031,go,add,insert,remove,0.9818779826164246,0.00014072231715545058,0.009718187153339386,0.9988523721694946,0.9721597954630852,-0.9987116498523392,0.9817372602992691,1.9708714453154244
2106,go,enable,permit,disable,0.9881474375724792,0.0011816505575552583,0.00244546658359468,0.9937404990196228,0.9857019709888846,-0.9925588484620675,0.986965787014924,1.9782608194509521
2129,go,add,insert,remove,0.9898868203163147,0.0002519058471079916,0.0035726302303373814,0.99898761510849,0.9863141900859773,-0.998735709261382,0.9896349144692067,1.9850498993473593
2205,go,remove,delete,insert,0.9787317514419556,5.238394805928692e-05,0.003665832569822669,0.9993329644203186,0.9750659188721329,-0.9992805804722593,0.9786793674938963,1.9743464993443922
2229,go,add,insert,remove,0.9876249432563782,0.00015458918642252684,0.001533363712951541,0.9988589286804199,0.9860915795434266,-0.9987043394939974,0.9874703540699556,1.984795919037424
2259,go,add,insert,remove,0.985856294631958,8.34561578813009e-05,0.009528693743050098,0.9996190071105957,0.9763276008889079,-0.9995355509527144,0.9857728384740767,1.9758631518416223
2277,go,remove,delete,insert,0.9648075699806213,0.0003229765861760825,0.00298748048953712,0.9992019534111023,0.9618200894910842,-0.9988789768249262,0.9644845933944453,1.9606990663160104
2277,go,allows,permits,forbids,0.960586428642273,0.0005668840021826327,0.002052770461887121,0.9987097978591919,0.9585336581803858,-0.9981429138570093,0.9600195446400903,1.956676572037395
2279,go,add,insert,remove,0.9837236404418945,0.00016504018276464194,0.006753532215952873,0.9979540109634399,0.9769701082259417,-0.9977889707806753,0.9835586002591299,1.974759079006617
2304,go,hidden,covered,shown,0.059849079698324203,0.00042669582762755454,0.9374228715896606,0.9992347955703735,-0.8775737918913364,-0.998808099742746,0.05942238387069665,0.12123430785140954
2318,go,create,build,destroy,0.9708489775657654,0.00025224758428521454,0.009426392614841461,0.9990083575248718,0.9614225849509239,-0.9987561099405866,0.9705967299814802,1.9601786948915105
2320,go,add,insert,remove,0.9824346899986267,0.0004403750062920153,0.0032956998329609632,0.9982938170433044,0.9791389901656657,-0.9978534420370124,0.9819943149923347,1.9769924322026782
2350,go,add,insert,remove,0.9298983216285706,0.00010673071665223688,0.05537029355764389,0.9996005892753601,0.8745280280709267,-0.9994938585587079,0.9297915909119183,1.8740218866296345
2363,go,create,build,destroy,0.5116972923278809,0.00011905922292498872,0.3848590552806854,0.9983716607093811,0.12683823704719543,-0.9982526014864561,0.5115782331049559,1.1250908385336515
2372,go,allow,permit,forbid,0.9786778688430786,0.0005469921161420643,0.0051599605940282345,0.9988870024681091,0.9735179082490504,-0.9983400103519671,0.9781308767269365,1.9718579186010174
2378,go,start,begin,stop,0.9481929540634155,0.0885796993970871,0.012085690163075924,0.8746140599250793,0.9361072639003396,-0.7860343605279922,0.8596132546663284,1.7221416244283319
2379,go,accept,take,reject,0.8527004718780518,0.0007071373402141035,0.10854887962341309,0.9983664155006409,0.7441515922546387,-0.9976592781604268,0.8519933345378377,1.7418108704150654
2380,go,remove,delete,insert,0.9548652768135071,0.0006454592221416533,0.018467281013727188,0.998516857624054,0.9363979957997799,-0.9978713984019123,0.9542198175913654,1.9342693942016922
2380,go,removed,deleted,inserted,0.9758521914482117,0.00038574106292799115,0.008908813819289207,0.9992408752441406,0.9669433776289225,-0.9988551341812126,0.9754664503852837,1.965798511810135
2399,go,add,insert,remove,0.9445141553878784,8.720430196262896e-05,0.002016128972172737,0.9995868802070618,0.9424980264157057,-0.9994996759050991,0.9444269510859158,1.9419977023208048
2405,go,add,insert,remove,0.8821936845779419,0.00012147116649430245,0.09289409965276718,0.9996026158332825,0.7892995849251747,-0.9994811446667882,0.8820722134114476,1.7887807295919629
2409,go,add,insert,remove,0.9529924988746643,0.000239496526774019,0.0004584043053910136,0.9989816546440125,0.9525340945692733,-0.9987421581172384,0.9527530023478903,1.9512762526865117
2409,go,created,built,destroyed,0.8559561371803284,0.0014503755373880267,0.001399965607561171,0.9858402013778687,0.8545561715727672,-0.9843898258404806,0.8545057616429403,1.8389459974132478
2418,go,add,insert,remove,0.6276651620864868,0.00017306457448285073,0.0013509212294593453,0.9991291165351868,0.6263142408570275,-0.9989560519607039,0.627492097512004,1.6252702928177314
2418,go,start,begin,stop,0.625893771648407,0.35172396898269653,0.0013914499431848526,0.003062329487875104,0.6245023217052221,0.34866163949482143,0.27416980266571045,0.2758406822104007
2418,go,created,built,destroyed,0.6447634100914001,0.024250507354736328,0.0010939917992800474,0.6913304924964905,0.6436694182921201,-0.6670799851417542,0.6205129027366638,1.3107494034338742
2424,go,add,insert,remove,0.33158549666404724,0.00015826585877221078,0.017114054411649704,0.9962616562843323,0.31447144225239754,-0.9961033904255601,0.33142723080527503,1.3105748326779576
2424,go,start,begin,stop,0.5696779489517212,0.00011926252773264423,0.008659549057483673,0.9992013573646545,0.5610183998942375,-0.9990820948369219,0.5695586864239885,1.5601004947311594
2444,go,add,insert,remove,0.9876928925514221,0.00018133199773728848,0.007559611927717924,0.9985972046852112,0.9801332806237042,-0.9984158726874739,0.9875115605536848,1.978549153311178
2451,go,add,insert,remove,0.9885828495025635,0.0001957840722752735,0.0007962796371430159,0.9991970658302307,0.9877865698654205,-0.9990012817579554,0.9883870654302882,1.986787851623376
2451,go,adding,inserting,removing,0.9626820087432861,0.0002722744538914412,0.0009842700092121959,0.9993347525596619,0.9616977387340739,-0.9990624781057704,0.9624097342893947,1.9607602168398444
2453,go,add,insert,remove,0.88838130235672,0.0014943670248612761,0.10124523192644119,0.996759831905365,0.7871360704302788,-0.9952654648805037,0.8868869353318587,1.7824015353107825
2458,go,included,contained,excluded,0.5724390149116516,0.0007246987079270184,0.049767524003982544,0.998701810836792,0.5226714909076691,-0.997977112128865,0.5717143162037246,1.520648603036534
2463,go,add,insert,remove,0.98732590675354,0.00010278072295477614,0.007764048874378204,0.9994490742683411,0.9795618578791618,-0.9993462935453863,0.9872231260305853,1.9789081514245481
2492,go,show,display,hide,0.8745818734169006,0.41377153992652893,0.034368231892585754,0.5441665649414062,0.8402136415243149,-0.13039502501487732,0.4608103334903717,0.9706086665391922
2492,go,start,begin,stop,0.871042788028717,0.3761284649372101,0.02444102056324482,0.5744979977607727,0.8466017674654722,-0.19836953282356262,0.49491432309150696,1.0449713002890348
2503,go,remove,delete,insert,0.9234461784362793,0.0002211417886428535,0.004214318934828043,0.999383807182312,0.9192318595014513,-0.9991626653936692,0.9232250366476364,1.9183945248951204
2507,go,show,display,hide,0.9864940643310547,0.001826960826292634,0.001979862106963992,0.9976052045822144,0.9845142022240907,-0.9957782437559217,0.984667103504762,1.9802924459800124
2583,go,allow,permit,forbid,0.944229245185852,0.7851946353912354,0.029370976611971855,0.2008851170539856,0.9148582685738802,0.5843095183372498,0.1590346097946167,0.33054875023663044
2629,go,add,insert,remove,0.6306115984916687,0.000121281438623555,0.34084364771842957,0.9993624091148376,0.28976795077323914,-0.9992411276762141,0.6304903170530451,1.2890090784494532
2639,go,add,insert,remove,0.7899515628814697,0.00022463845380116254,0.1721537858247757,0.998580813407898,0.617797777056694,-0.9983561749540968,0.7897269244276686,1.6161539520107908
2692,go,add,insert,remove,0.9891633987426758,0.00021180360636208206,0.004675860051065683,0.9988316893577576,0.9844875386916101,-0.9986198857513955,0.9889515951363137,1.9831074244430056
2718,go,add,insert,remove,0.9159262180328369,0.0003832261427305639,0.06606447696685791,0.9989857077598572,0.849861741065979,-0.9986024816171266,0.9155429918901064,1.8484642226831056
2718,go,adds,inserts,removes,0.9793811440467834,0.0004216147935949266,0.0022007038351148367,0.9992936849594116,0.9771804402116686,-0.9988720701658167,0.9789595292531885,1.9760525103774853
2747,go,add,insert,remove,0.9255102872848511,0.0004100953519809991,0.009523154236376286,0.9990487694740295,0.9159871330484748,-0.9986386741220485,0.9251001919328701,1.9146258071705233
2754,go,added,inserted,removed,0.8595896363258362,0.0007156989304348826,0.02689584344625473,0.9965369701385498,0.8326937928795815,-0.9958212712081149,0.8588739373954013,1.8285150640876964
2785,go,remove,delete,insert,0.9595291614532471,0.000323498243233189,0.012288574129343033,0.9986114501953125,0.947240587323904,-0.9982879519520793,0.9592056632100139,1.9455285392759833
2797,go,starts,begins,stops,0.9816146492958069,0.0027879851404577494,0.0016859180759638548,0.9849454164505005,0.979928731219843,-0.9821574313100427,0.9788266641553491,1.9620861625298858
2808,go,removes,deletes,inserts,0.7669495940208435,0.0006450717337429523,0.01947776786983013,0.9983395338058472,0.7474718261510134,-0.9976944620721042,0.7663045222871006,1.7451662882231176
2887,go,add,insert,remove,0.98883455991745,0.0001946404663613066,0.004538003355264664,0.9984475374221802,0.9842965565621853,-0.9982528969558189,0.9886399194510886,1.9825494535180042
2963,go,add,insert,remove,0.9838512539863586,0.000758599431719631,0.009528459049761295,0.9983891248703003,0.9743227949365973,-0.9976305254385807,0.983092654554639,1.971953320375178
2963,go,removed,deleted,inserted,0.9689890742301941,0.0010291701182723045,0.0037504120264202356,0.9839661717414856,0.9652386622037739,-0.9829370016232133,0.9679599041119218,1.9481756638269871
2971,go,start,begin,stop,0.9266326427459717,0.018437370657920837,0.04259886592626572,0.9651244878768921,0.884033776819706,-0.9466871172189713,0.9081952720880508,1.8307208940386772
2993,go,enable,permit,disable,0.8675570487976074,0.0005277059972286224,0.003428044030442834,0.9984924793243408,0.8641290047671646,-0.9979647733271122,0.8670293428003788,1.8620937780942768
3010,go,add,insert,remove,0.9710411429405212,0.00014174658281262964,0.008846894837915897,0.9994789958000183,0.9621942481026053,-0.9993372492172057,0.9708993963577086,1.961531497319811
3018,go,add,insert,remove,0.9583829641342163,0.0039655473083257675,0.0038004766684025526,0.9939518570899963,0.9545824874658138,-0.9899863097816706,0.9544174168258905,1.9445687972474843
3024,go,remove,delete,insert,0.9151251316070557,0.0003891412343364209,0.054128557443618774,0.9959626793861389,0.8609965741634369,-0.9955735381518025,0.9147359903727192,1.8565701123152394
3042,go,removed,deleted,inserted,0.9728662967681885,0.00023771713313180953,0.011284359730780125,0.9995918869972229,0.9615819370374084,-0.9993541698640911,0.9726285796350567,1.9609361069014994
3095,go,add,insert,remove,0.9936233162879944,0.0008603641181252897,0.0013977825874462724,0.9982007741928101,0.9922255337005481,-0.9973404100746848,0.9927629521698691,1.9895659437752329
3095,go,adds,inserts,removes,0.9942996501922607,0.00013617159856949002,0.0021508815698325634,0.9995751976966858,0.9921487686224282,-0.9994390260981163,0.9941634785936913,1.9915877947205445
3116,go,create,build,destroy,0.38888272643089294,0.31403985619544983,0.5825740694999695,0.6533001661300659,-0.19369134306907654,-0.3392603099346161,0.07484287023544312,0.14556896686553955
3125,go,add,insert,remove,0.9186424016952515,3.7816378608113155e-05,0.007368473336100578,0.9997287392616272,0.9112739283591509,-0.9996909228830191,0.9186045853166434,1.91096485124217
3141,go,remove,delete,insert,0.9603381156921387,0.0005945819430053234,0.00797877088189125,0.9985384941101074,0.9523593448102474,-0.9979439121671021,0.9597435337491333,1.9503032569773495
3170,go,add,insert,remove,0.9513670802116394,0.0001477515761507675,0.005330540705472231,0.9988347887992859,0.9460365395061672,-0.9986870372231351,0.9512193286354886,1.9447235767293023
3204,go,add,insert,remove,0.44312429428100586,0.06420265883207321,0.5304648876190186,0.9226652979850769,-0.0873405933380127,-0.8584626391530037,0.37892163544893265,0.771122045814991
3204,go,adding,inserting,removing,0.8628640174865723,0.0019065308151766658,0.11195501685142517,0.9961040019989014,0.7509090006351471,-0.9941974711837247,0.8609574866713956,1.7451064718188718
3251,go,add,insert,remove,0.6431732773780823,0.007803663145750761,0.3289708197116852,0.9905433058738708,0.3142024576663971,-0.9827396427281201,0.6353696142323315,1.2969421003945172
3251,go,remove,delete,insert,0.9368942379951477,0.027156809344887733,0.04594351351261139,0.9694840312004089,0.8909507244825363,-0.9423272218555212,0.90973742865026,1.8332779463380575
3355,go,add,insert,remove,0.9847888946533203,0.00017674293485470116,0.0059812660329043865,0.9976429343223572,0.9788076286204159,-0.9974661913875025,0.9846121517184656,1.9762738200079184
3408,go,allow,permit,forbid,0.9983692765235901,0.0018048682250082493,0.00045199142186902463,0.9965049028396606,0.9979172851017211,-0.9947000346146524,0.9965644082985818,1.9926173197163735
3423,go,add,insert,remove,0.9875128865242004,0.00020112462516408414,0.0038098960649222136,0.9987432360649109,0.9837029904592782,-0.9985421114397468,0.9873117618990364,1.982245101899025
3491,go,add,insert,remove,0.9936056137084961,0.00012680773215834051,0.0013699959963560104,0.9988895058631897,0.9922356177121401,-0.9987626981310314,0.9934788059763378,1.9909983158431714
3595,go,remove,delete,insert,0.9932679533958435,0.00014554650988429785,0.0018436446553096175,0.9988071918487549,0.9914243087405339,-0.9986616453388706,0.9931224068859592,1.9900859540794045
3599,go,increase,raise,decrease,0.9906202554702759,0.0004670638882089406,0.0019701707642525434,0.9987414479255676,0.9886500847060233,-0.9982743840373587,0.9901531915820669,1.986924468743382
3624,go,add,insert,remove,0.9489026665687561,0.00011712049308698624,0.03945660591125488,0.9994020462036133,0.9094460606575012,-0.9992849257105263,0.9487855460756691,1.9087309863680275
3629,go,add,insert,remove,0.9678303003311157,8.481979602947831e-05,0.024016864597797394,0.9994539618492126,0.9438134357333183,-0.9993691420531832,0.9677454805350862,1.9431825777865015
3680,go,including,containing,excluding,0.9882134795188904,8.528954640496522e-05,0.0015683850506320596,0.9995294809341431,0.9866450944682583,-0.9994441913877381,0.9881281899724854,1.9860892858559964
3687,go,add,insert,remove,0.81379234790802,0.00013089654385112226,0.1771831065416336,0.9993628859519958,0.6366092413663864,-0.9992319894081447,0.8136614513641689,1.6358412307745311
3695,go,add,insert,remove,0.9937037825584412,0.00018785939028020948,0.001816576928831637,0.9989125728607178,0.9918872056296095,-0.9987247134704376,0.993515923168161,1.990611919100047
3731,go,start,begin,stop,0.8572402000427246,0.02598569728434086,0.10245660692453384,0.9628264307975769,0.7547835931181908,-0.936840733513236,0.8312545027583838,1.6916243266314268
3773,go,create,build,destroy,0.9516947865486145,0.0003743056149687618,0.022012492641806602,0.9968550205230713,0.9296822939068079,-0.9964807149081025,0.9513204809336457,1.9261630088149104
3796,go,add,insert,remove,0.9810022115707397,0.0003218083002138883,0.0029306942597031593,0.9989942908287048,0.9780715173110366,-0.998672482528491,0.9806804032705259,1.9767439998395275
3829,go,adding,inserting,removing,0.9750339388847351,0.00033048243494704366,0.0029994871001690626,0.9986851811408997,0.972034451784566,-0.9983546987059526,0.9747034564497881,1.9703891504905187
3829,go,increase,raise,decrease,0.9943709969520569,0.0002666946966201067,0.0008320978959091008,0.999382495880127,0.9935388990561478,-0.9991158011835068,0.9941043022554368,1.9926547002396546
3852,go,add,insert,remove,0.9906936287879944,0.00016714149387553334,0.0015046877088025212,0.9989655017852783,0.9891889410791919,-0.9987983602914028,0.9905264872941189,1.9879873013705947
3864,go,add,insert,remove,0.8285622000694275,0.0015073730610311031,0.04482292756438255,0.9959309697151184,0.7837392725050449,-0.9944235966540873,0.8270548270083964,1.7781628691591322
3867,go,remove,delete,insert,0.9261318445205688,0.00014428010035771877,0.0012415891978889704,0.999242901802063,0.9248902553226799,-0.9990986217017053,0.9259875644202111,1.9239888770243851
3871,go,increase,raise,decrease,0.993159294128418,0.0003271260648034513,0.0011295682052150369,0.9987234473228455,0.9920297259232029,-0.998396321258042,0.9928321680636145,1.990426047181245
3913,go,add,insert,remove,0.9882326722145081,0.00027013226645067334,0.0012333713239058852,0.9984797835350037,0.9869993008906022,-0.998209651268553,0.9879625399480574,1.9852089521591552
3922,go,add,insert,remove,0.991775393486023,0.0003536929143592715,0.0012814926449209452,0.998195469379425,0.990493900841102,-0.9978417764650658,0.9914217005716637,1.9883356773061678
3951,go,add,insert,remove,0.9920377731323242,9.442210284760222e-05,0.0024718958884477615,0.9993624091148376,0.9895658772438765,-0.99926798701199,0.9919433510294766,1.9888338642558665
3956,go,remove,delete,insert,0.7656805515289307,0.0022252078633755445,0.023183146491646767,0.9859508872032166,0.7424974050372839,-0.983725679339841,0.7634553436655551,1.726223084377125
3956,go,removing,deleting,inserting,0.8035487532615662,0.004013718105852604,0.03342136740684509,0.9911233186721802,0.7701273858547211,-0.9871096005663276,0.7995350351557136,1.7572369864210486
3966,go,add,insert,remove,0.9913402199745178,0.0001421077031409368,0.002316531725227833,0.9992445707321167,0.98902368824929,-0.9991024630289758,0.9911981122713769,1.9881261512782658
4000,go,remove,delete,insert,0.9802709817886353,0.0003497915458865464,0.000801183981820941,0.9988710284233093,0.9794697978068143,-0.9985212368774228,0.9799211902427487,1.977991034684237
4000,go,start,begin,stop,0.9013893008232117,0.9656495451927185,0.0011361483484506607,0.0011277690064162016,0.900253152474761,0.9645217761863023,-0.06426024436950684,-0.0642686237115413
4023,go,include,contain,exclude,0.9948110580444336,0.0004988802247680724,0.000847296672873199,0.9990621209144592,0.9939637613715604,-0.9985632406896912,0.9943121778196655,1.9925270020612516
4029,go,remove,delete,insert,0.9817979335784912,0.000231843427172862,0.0033028614707291126,0.9993415474891663,0.9784950721077621,-0.9991097040619934,0.9815660901513183,1.9776047761697555
4039,go,add,insert,remove,0.988490104675293,0.00012369963224045932,0.0034290787298232317,0.9994200468063354,0.9850610259454697,-0.999296347174095,0.9883664050430525,1.9843573731195647
4076,go,add,insert,remove,0.9931632280349731,0.0001807308435672894,0.002148875966668129,0.9984733462333679,0.991014352068305,-0.9982926153898006,0.9929824971914059,1.9893069674581056
4076,go,include,contain,exclude,0.9851633906364441,0.0006516306893900037,0.00440948735922575,0.9980999827384949,0.9807539032772183,-0.9974483520491049,0.9845117599470541,1.9782022553263232
4119,go,add,insert,remove,0.9905878305435181,0.00011355158494552597,0.000839908723719418,0.9989092350006104,0.9897479218197986,-0.9987956834156648,0.9904742789585725,1.9885436052354635
4126,go,removed,deleted,inserted,0.9650941491127014,0.006532273255288601,0.0023763806093484163,0.9898290038108826,0.962717768503353,-0.983296730555594,0.9585618758574128,1.946014499058947
4153,go,added,inserted,removed,0.9940114617347717,0.00012089757365174592,0.0012111280811950564,0.9991163611412048,0.9928003336535767,-0.9989954635675531,0.99389056416112,1.9917957972211298
4199,go,add,insert,remove,0.9907333850860596,0.0002384925464866683,0.0037919587921351194,0.9982931017875671,0.9869414262939245,-0.9980546092410805,0.9904948925395729,1.984996035535005
4216,go,add,insert,remove,0.9900482892990112,0.0001970327866729349,0.0017741650808602571,0.9986403584480286,0.988274124218151,-0.9984433256613556,0.9898512565123383,1.9867174498795066
4226,go,add,insert,remove,0.9284207224845886,0.002318965271115303,0.01401880756020546,0.9954171180725098,0.9144019149243832,-0.9930981528013945,0.9261017572134733,1.9075000677257776
4227,go,remove,delete,insert,0.9952359795570374,0.00022036052541807294,0.000564694288186729,0.9990435242652893,0.9946712852688506,-0.9988231637398712,0.9950156190316193,1.9934944490087219
4236,go,add,insert,remove,0.9965103268623352,0.0001345886557828635,0.0012600782793015242,0.9993438124656677,0.9952502485830337,-0.9992092238098849,0.9963757382065523,1.9944594723929185
4260,go,add,insert,remove,0.9940729737281799,0.00019326966139487922,0.0012111314572393894,0.9988503456115723,0.9928618422709405,-0.9986570759501774,0.993879704066785,1.991518918221118
4262,go,add,insert,remove,0.9933125376701355,0.00024977856082841754,0.001757120480760932,0.9982271790504456,0.9915554171893746,-0.9979774004896171,0.9930627591093071,1.9895328176789917
4292,go,remove,delete,insert,0.9628357291221619,0.0012548337690532207,0.007654581218957901,0.9982320666313171,0.955181147903204,-0.9969772328622639,0.9615808953531086,1.9521583807654679
4292,go,created,built,destroyed,0.9486846923828125,0.24079911410808563,0.006055216770619154,0.49347585439682007,0.9426294756121933,-0.25267674028873444,0.7078855782747269,1.1953062159009278
4299,go,created,built,destroyed,0.9270315170288086,0.001756081241182983,0.003144606249406934,0.9701642990112305,0.9238869107794017,-0.9684082177700475,0.9252754357876256,1.8922951285494491
4331,go,adds,inserts,removes,0.6703590154647827,0.00471615232527256,0.3041483759880066,0.9944146871566772,0.3662106394767761,-0.9896985348314047,0.6656428631395102,1.3559091743081808
4331,go,create,build,destroy,0.7725151181221008,0.10380140691995621,0.20411846041679382,0.8757922649383545,0.568396657705307,-0.7719908580183983,0.6687137112021446,1.3403875157237053
4331,go,created,built,destroyed,0.7203583121299744,0.005387527868151665,0.24318450689315796,0.9928298592567444,0.4771738052368164,-0.9874423313885927,0.7149707842618227,1.4646161366254091
4331,go,creating,building,destroying,0.8630576729774475,0.11332914978265762,0.09661422669887543,0.8443218469619751,0.7664434462785721,-0.7309926971793175,0.7497285231947899,1.4974361434578896
4333,go,add,insert,remove,0.993455708026886,0.00019627195433713496,0.0023245832417160273,0.9988176226615906,0.99113112478517,-0.9986213507072534,0.9932594360725489,1.9897524754924234
4345,go,showing,displaying,hiding,0.004079241771250963,0.0027442756108939648,0.9938338994979858,0.9949787259101868,-0.9897546577267349,-0.9922344502992928,0.0013349661603569984,0.002479792572557926
4354,go,adds,inserts,removes,0.9884161949157715,0.0001270307693630457,0.002950680907815695,0.9995495676994324,0.9854655140079558,-0.9994225369300693,0.9882891641464084,1.9848880509380251
4359,go,remove,delete,insert,0.988321840763092,0.0013705615419894457,0.0032363065984100103,0.9945610165596008,0.985085534164682,-0.9931904550176114,0.9869512792211026,1.9782759891822934
4391,go,add,insert,remove,0.9952486157417297,0.00016492785653099418,0.0007093143649399281,0.9991996884346008,0.9945393013767898,-0.9990347605780698,0.9950836878851987,1.9935740619548596
4410,go,added,inserted,removed,0.997534990310669,0.00017781018686946481,0.00037707079900428653,0.9995445609092712,0.9971579195116647,-0.9993667507224018,0.9973571801237995,1.9965246702340664
4422,go,add,insert,remove,0.9856430888175964,0.00015102903125807643,0.006373422220349312,0.9989810585975647,0.9792696665972471,-0.9988300295663066,0.9854920597863384,1.9780996961635537
4439,go,disable,block,enable,0.9420416951179504,0.0014579812996089458,0.0032097145449370146,0.989366352558136,0.9388319805730134,-0.987908371258527,0.9405837138183415,1.9267403518315405
4505,go,add,insert,remove,0.9858483076095581,0.0001333445979980752,0.004937222693115473,0.9988192915916443,0.9809110849164426,-0.9986859469936462,0.98571496301156,1.9795970319100888
4511,go,add,insert,remove,0.9849457740783691,0.00014556641690433025,0.005577086471021175,0.9991389513015747,0.979368687607348,-0.9989933848846704,0.9848002076614648,1.9783620724920183
4552,go,add,insert,remove,0.9946231842041016,0.00016327452613040805,0.0015308971051126719,0.9991877675056458,0.9930922870989889,-0.9990244929795153,0.9944599096779712,1.9921167800785042
4625,go,added,inserted,removed,0.9953283071517944,0.00015810626791790128,0.0005147393676452339,0.9995241165161133,0.9948135677841492,-0.9993660102481954,0.9951702008838765,1.9941795780323446
4625,go,enable,permit,disable,0.9871082901954651,0.00034691175096668303,0.0014084030408412218,0.9933033585548401,0.9856998871546239,-0.9929564468038734,0.9867613784444984,1.9786563339584973
4662,go,add,insert,remove,0.9916227459907532,0.0001636156957829371,0.0021343696862459183,0.9990760087966919,0.9894883763045073,-0.998912393100909,0.9914591302949702,1.9884007694054162
4691,go,include,contain,exclude,0.9953224062919617,0.0009633631561882794,0.0007305092294700444,0.9977477192878723,0.9945918970624916,-0.996784356131684,0.9943590431357734,1.9913762531941757
4706,go,add,insert,remove,0.9936779141426086,0.00014211818051990122,0.0011891989270225167,0.998836100101471,0.9924887152155861,-0.998693981920951,0.9935357959620887,1.9911826971365372
4746,go,add,insert,remove,0.9909877181053162,0.0001466742978664115,0.0022666535805910826,0.9993175268173218,0.9887210645247251,-0.9991708525194554,0.9908410438074498,1.9878919170441804
4754,go,allow,permit,forbid,0.9284593462944031,0.14990505576133728,0.040193796157836914,0.8291683197021484,0.8882655501365662,-0.6792632639408112,0.7785542905330658,1.5675288140773773
4796,go,add,insert,remove,0.9944243431091309,0.00019931368296965957,0.0008243780466727912,0.9988725781440735,0.9935999650624581,-0.9986732644611038,0.9942250294261612,1.992273229523562
4811,go,add,insert,remove,0.9867438077926636,0.00012613584112841636,0.00437531154602766,0.999158501625061,0.9823684962466359,-0.9990323657839326,0.9866176719515352,1.9814008620305685
4845,go,add,insert,remove,0.9921437501907349,0.00015307305147871375,0.001506604952737689,0.9992241859436035,0.9906371452379972,-0.9990711128921248,0.9919906771392561,1.989708258130122
4851,go,enable,permit,disable,0.991485059261322,0.0012573925778269768,0.001447439892217517,0.9944105744361877,0.9900376193691045,-0.9931531818583608,0.990227666683495,1.9831908012274653
4881,go,remove,delete,insert,0.9746915698051453,0.001294200075790286,0.009611410088837147,0.9968795776367188,0.9650801597163081,-0.9955853775609285,0.973397369729355,1.9606655372772366
4881,go,removes,deletes,inserts,0.8099050521850586,0.0030039132107049227,0.09673047065734863,0.9959009289741516,0.71317458152771,-0.9928970157634467,0.8069011389743537,1.7060715972911566
4890,go,add,insert,remove,0.9881077408790588,0.0001349433441646397,0.004538998939096928,0.9988728165626526,0.9835687419399619,-0.998737873218488,0.9879727975348942,1.9823066151584499
4892,go,create,build,destroy,0.9573037028312683,0.00024608790408819914,0.019460339099168777,0.9988889098167419,0.9378433637320995,-0.9986428219126537,0.9570576149271801,1.9364861856447533
4913,go,add,insert,remove,0.9921935796737671,0.00018819353135768324,0.003397017251700163,0.9988471269607544,0.9887965624220669,-0.9986589334293967,0.9920053861424094,1.9874554958514636
4933,go,adding,inserting,removing,0.22650639712810516,0.0002883745764847845,0.7457888126373291,0.9957913160324097,-0.5192824155092239,-0.9955029414559249,0.22621802255162038,0.47622052594670095
4940,go,allow,permit,forbid,0.9893494844436646,0.00035199764533899724,0.0011426215060055256,0.999315619468689,0.988206862937659,-0.99896362182335,0.9889974867983256,1.987170484761009
4953,go,add,insert,remove,0.9856545329093933,0.0001251513895113021,0.005036449059844017,0.9992425441741943,0.9806180838495493,-0.999117392784683,0.985529381519882,1.9797354766342323
4966,go,disabled,blocked,enabled,0.8819389343261719,0.0076176016591489315,0.014308512210845947,0.9617344737052917,0.8676304221153259,-0.9541168720461428,0.8743213326670229,1.8217472941614687
4985,go,add,insert,remove,0.9939327836036682,0.0003274604969192296,0.0010171175235882401,0.9989810585975647,0.99291566608008,-0.9986535981006455,0.993605323106749,1.9915692641807254
4985,go,include,contain,exclude,0.9873281121253967,0.001767675974406302,0.0010630275355651975,0.9968975782394409,0.9862650845898315,-0.9951299022650346,0.9855604361509904,1.9813949868548661
44,java,add,insert,remove,0.9873190522193909,0.00018519413424655795,0.0017027385765686631,0.998807430267334,0.9856163136428222,-0.9986222361330874,0.9871338580851443,1.9842385497759096
253,java,remove,delete,insert,0.9871153831481934,0.0002010317548410967,0.004322223365306854,0.999119222164154,0.9827931597828865,-0.998918190409313,0.9869143513933523,1.9817113501921995
441,java,remove,delete,insert,0.9802804589271545,0.00027968024369329214,0.0056893411092460155,0.9989707469940186,0.9745911178179085,-0.9986910667503253,0.9800007786834612,1.9732821845682338
523,java,remove,delete,insert,0.997201681137085,0.0001426554226782173,0.00047198290121741593,0.99854975938797,0.9967296982358675,-0.9984071039652918,0.9970590257144067,1.9951368022011593
550,java,includes,contains,excludes,0.8982890844345093,0.00015187887765932828,0.004673654213547707,0.9992257356643677,0.8936154302209616,-0.9990738567867083,0.89813720555685,1.89268928700767
1123,java,add,insert,remove,0.9934251308441162,0.00014769069093745202,0.0014615848194807768,0.9991337656974792,0.9919635460246354,-0.9989860750065418,0.9932774401531788,1.9909496210311772
1783,java,remove,delete,insert,0.9962266683578491,0.00013060131459496915,0.0010132074821740389,0.9995031356811523,0.9952134608756751,-0.9993725343665574,0.9960960670432542,1.9945859952422325
2203,java,enable,permit,disable,0.9532486200332642,0.0004352231335360557,0.019715217873454094,0.997782289981842,0.9335334021598101,-0.997347066848306,0.9528133968997281,1.930880469008116
2218,java,added,inserted,removed,0.9984560012817383,0.00010203148849541321,0.0002988549822475761,0.9996055960655212,0.9981571462994907,-0.9995035645770258,0.9983539697932429,1.9976607108765165
2243,java,enable,permit,disable,0.9877501130104065,0.0008124382584355772,0.003952916245907545,0.9967573285102844,0.983797196764499,-0.9959448902518488,0.9869376747519709,1.9797420870163478
2256,java,increase,raise,decrease,0.9908145070075989,0.0002910055045504123,0.0016721987631171942,0.9992275238037109,0.9891423082444817,-0.9989365182991605,0.9905235015030485,1.9880788265436422
2535,java,add,insert,remove,0.991028904914856,0.00022218807134777308,0.0034258088562637568,0.9980497360229492,0.9876030960585922,-0.9978275479516014,0.9908067168435082,1.9854306440101936
2698,java,remove,delete,insert,0.9870850443840027,0.00024441751884296536,0.002261150861158967,0.9993341565132141,0.9848238935228437,-0.9990897389943711,0.9868406268651597,1.9839136325172149
2829,java,add,insert,remove,0.3284047842025757,0.0001908334088511765,0.656800389289856,0.9984421133995056,-0.3283956050872803,-0.9982512799906544,0.3282139507937245,0.6698556749033742
3349,java,remove,delete,insert,0.917718231678009,0.009360363706946373,0.011164449155330658,0.9551014304161072,0.9065537825226784,-0.9457410667091608,0.9083578679710627,1.8522948492318392
3601,java,add,insert,remove,0.969154417514801,7.649573672097176e-05,0.00919994805008173,0.99949049949646,0.9599544694647193,-0.999414003759739,0.96907792177808,1.9593684732244583
3959,java,add,insert,remove,0.9480610489845276,0.00020308497187215835,0.03414161503314972,0.9988536834716797,0.9139194339513779,-0.9986505984998075,0.9478579640126554,1.9125700324511854
4431,java,included,contained,excluded,0.956723153591156,0.00014290014223661274,0.009335184469819069,0.9994484782218933,0.9473879691213369,-0.9993055780796567,0.9565802534489194,1.9466935472009936
4471,java,add,insert,remove,0.9907515048980713,0.2056434452533722,0.0019824556075036526,0.7612342834472656,0.9887690492905676,-0.5555908381938934,0.7851080596446991,1.544359887484461
4471,java,remove,delete,insert,0.9921701550483704,0.026449915021657944,0.0009419509442523122,0.9113152027130127,0.991228204104118,-0.8848652876913548,0.9657202400267124,1.8760934917954728
4762,java,added,inserted,removed,0.9016242027282715,0.00023047011927701533,0.09023839980363846,0.9991142153739929,0.811385802924633,-0.9988837452547159,0.9013937326089945,1.810269548179349
4972,java,remove,delete,insert,0.971764326095581,0.00039909451152198017,0.010354345664381981,0.9986502528190613,0.9614099804311991,-0.9982511583075393,0.9713652315840591,1.9596611387387384
5257,java,added,inserted,removed,0.9968419075012207,0.00014649261720478535,0.0008835172629915178,0.9994799494743347,0.9959583902382292,-0.9993334568571299,0.9966954148840159,1.9952918470953591
5346,java,add,insert,remove,0.7128708958625793,0.00015386675659101456,0.26087483763694763,0.998883068561554,0.4519960582256317,-0.9987292018049629,0.7127170291059883,1.4507252600305947
5883,java,added,inserted,removed,0.9953300952911377,7.598708180012181e-05,0.0014932719059288502,0.9996730089187622,0.9938368233852088,-0.9995970218369621,0.9952541082093376,1.993433845222171
6091,java,add,insert,remove,0.8463250398635864,0.00014218580326996744,0.13794642686843872,0.9988521337509155,0.7083786129951477,-0.9987099479476456,0.8461828540603165,1.7070885609427933
6182,java,add,insert,remove,0.9819766283035278,0.00014763815852347761,0.007249260786920786,0.9987469911575317,0.974727367516607,-0.9985993529990083,0.9818289901450044,1.9733267205156153
6334,java,removing,deleting,inserting,0.9797230362892151,0.00014076755905989558,0.001209536218084395,0.9994718432426453,0.9785135000711307,-0.9993310756835854,0.9795822687301552,1.977844575754716
6834,java,add,insert,remove,0.9287919998168945,0.0001305436308030039,0.01440445240586996,0.9989713430404663,0.9143875474110246,-0.9988407994096633,0.9286614561860915,1.9132283468206879
6916,java,allow,permit,forbid,0.9643794298171997,0.00012956620776094496,0.005928283091634512,0.998808741569519,0.9584511467255652,-0.9986791753617581,0.9642498636094388,1.9571303220873233
7015,java,add,insert,remove,0.781393826007843,9.877201227936894e-05,0.20414450764656067,0.9994708895683289,0.5772493183612823,-0.9993721175560495,0.7812950539955636,1.5766214359173318
7434,java,add,insert,remove,0.9956228137016296,0.00017556920647621155,0.0013576926430687308,0.998734176158905,0.9942651210585609,-0.9985586069524288,0.9954472444951534,1.9928237280109897
7460,java,adding,inserting,removing,0.989617109298706,0.00018528386135585606,0.00473496038466692,0.9993419051170349,0.9848821489140391,-0.9991566212556791,0.9894318254373502,1.9840387701697182
7460,java,allow,permit,forbid,0.982137143611908,0.00037949351826682687,0.007832773961126804,0.9968650937080383,0.9743043696507812,-0.9964856001897715,0.9817576500936411,1.9707899698405527
7782,java,added,inserted,removed,0.9962737560272217,0.00015085653285495937,0.000955290044657886,0.99937903881073,0.9953184659825638,-0.999228182277875,0.9961228994943667,1.9945466482604388
7929,java,added,inserted,removed,0.9922839999198914,0.00022518167679663748,0.004687089938670397,0.9993902444839478,0.987596909981221,-0.9991650628071511,0.9920588182430947,1.986761972788372
8020,java,include,contain,exclude,0.9948284029960632,0.00023514506756328046,0.0010730080539360642,0.9992254972457886,0.9937553949421272,-0.9989903521782253,0.9945932579285,1.9927457471203525
8020,java,created,built,destroyed,0.9216151237487793,0.027713913470506668,0.005414125043898821,0.6309182643890381,0.9162009987048805,-0.6032043509185314,0.8939012102782726,1.519405349623412
8180,java,remove,delete,insert,0.9678596258163452,0.00011872034519910812,0.009960557334125042,0.9993853569030762,0.9578990684822202,-0.9992666365578771,0.9677409054711461,1.9571657050400972
8432,java,adding,inserting,removing,0.9679099321365356,0.0001216562814079225,0.02093670703470707,0.9995613694190979,0.9469732251018286,-0.99943971313769,0.9677882758551277,1.9464129382395186
8487,java,remove,delete,insert,0.9947320222854614,0.00023180410789791495,0.0007087012054398656,0.9991969466209412,0.9940233210800216,-0.9989651425130432,0.9945002181775635,1.9929884635930648
8522,java,allow,permit,forbid,0.9925681352615356,0.00011266991350566968,0.002381191123276949,0.999581515789032,0.9901869441382587,-0.9994688458755263,0.99245546534803,1.989655790013785
8525,java,added,inserted,removed,0.9954272508621216,0.00012579731992445886,0.0019654864445328712,0.9995711445808411,0.9934617644175887,-0.9994453472609166,0.9953014535421971,1.9929071116785053
8573,java,disable,block,enable,0.941240668296814,0.0004895079764537513,0.002982508623972535,0.9952738881111145,0.9382581596728414,-0.9947843801346608,0.9407511603203602,1.9330425398075022
8686,java,added,inserted,removed,0.4126482605934143,0.0002544690214563161,0.5576156973838806,0.9750223755836487,-0.1449674367904663,-0.9747679065621924,0.412393791571958,0.8298004697717261
8793,java,remove,delete,insert,0.9945666790008545,0.0004159399541094899,0.00101444439496845,0.9975090026855469,0.993552234605886,-0.9970930627314374,0.994150739046745,1.9906452973373234
8796,java,adding,inserting,removing,0.9578183889389038,0.00012123638589400798,0.02912377007305622,0.9996801614761353,0.9286946188658476,-0.9995589250902412,0.9576971525530098,1.9282535439560888
9274,java,adding,inserting,removing,0.9374565482139587,0.00014687614748254418,0.004794230218976736,0.9995558857917786,0.932662317994982,-0.999409009644296,0.9373096720664762,1.932071327639278
9513,java,remove,delete,insert,0.9957740902900696,0.0001965759292943403,0.0012890446232631803,0.9989830851554871,0.9944850456668064,-0.9987865092261927,0.9955775143607752,1.9932715548929991
10147,java,adding,inserting,removing,0.9734343886375427,0.0001504164101788774,0.006791818421334028,0.9994508624076843,0.9666425702162087,-0.9993004459975054,0.9732839722273638,1.9659430162137141
10305,java,removed,deleted,inserted,0.9976760745048523,5.699550820281729e-05,0.0006701935199089348,0.9992345571517944,0.9970058809849434,-0.9991775616435916,0.9976190789966495,1.996183442628535
10373,java,added,inserted,removed,0.9879809021949768,8.525179146090522e-05,0.0029166832100600004,0.9995321035385132,0.9850642189849168,-0.9994468517470523,0.9878956504035159,1.984511070731969
10643,java,add,insert,remove,0.9592059254646301,0.00012412105570547283,0.031196292489767075,0.9996194839477539,0.928009632974863,-0.9994953628920484,0.9590818044089247,1.9275049958669115
10643,java,show,display,hide,0.989651620388031,6.575320003321394e-05,0.001919077942147851,0.9985488057136536,0.9877325424458832,-0.9984830525136204,0.9895858671879978,1.9862155949595035
11310,java,allow,permit,forbid,0.9770558476448059,0.00016811626846902072,0.004184193443506956,0.9991118311882019,0.972871654201299,-0.9989437149197329,0.9768877313763369,1.9718153691210318
11621,java,adding,inserting,removing,0.9857867956161499,0.0003313163761049509,0.0028515327721834183,0.997757613658905,0.9829352628439665,-0.9974262972828001,0.985455479240045,1.9803615601267666
11621,java,removing,deleting,inserting,0.9699647426605225,0.007698357105255127,0.004225367680191994,0.9831772446632385,0.9657393749803305,-0.9754788875579834,0.9622663855552673,1.9412182625383139
11868,java,enable,permit,disable,0.9903091788291931,0.0003429241187404841,0.0025864422786980867,0.9984622001647949,0.987722736550495,-0.9981192760460544,0.9899662547104526,1.9858420125965495
12149,java,remove,delete,insert,0.9959927201271057,0.00015897848061285913,0.0011372949229553342,0.9991998076438904,0.9948554252041504,-0.9990408291632775,0.9958337416464929,1.993896254367428
12630,java,added,inserted,removed,0.9931250810623169,0.00014830808504484594,0.0025769935455173254,0.9993703961372375,0.9905480875167996,-0.9992220880521927,0.992976772977272,1.9897701755689923
12655,java,add,insert,remove,0.9858616590499878,0.00013753125676885247,0.0015803477726876736,0.9995293617248535,0.9842813112773001,-0.9993918304680847,0.9857241277932189,1.9836731417453848
12655,java,allows,permits,forbids,0.9721713662147522,0.00016382757166866213,0.001588434912264347,0.9940246939659119,0.9705829313024879,-0.9938608663942432,0.9720075386430835,1.964443797696731
12961,java,allow,permit,forbid,0.9931924939155579,0.00031466138898395,0.0017049191519618034,0.9989762306213379,0.9914875747635961,-0.9986615692323539,0.9928778325265739,1.99014914399595
12965,java,removed,deleted,inserted,0.9856213927268982,0.0003231347363907844,0.0013231021584942937,0.9972553849220276,0.9842982905684039,-0.9969322501856368,0.9852982579905074,1.9812305407540407
13839,java,create,build,destroy,0.9317180514335632,0.0012367351446300745,0.023585226386785507,0.9815546870231628,0.9081328250467777,-0.9803179518785328,0.9304813162889332,1.8884507769253105
14443,java,added,inserted,removed,0.9976034760475159,9.875756222754717e-05,0.0005806861445307732,0.9995877146720886,0.9970227899029851,-0.9994889571098611,0.9975047184852883,1.9965117470128462
14458,java,remove,delete,insert,0.9910483956336975,0.00015974929556250572,0.003707924159243703,0.9984146356582642,0.9873404714744538,-0.9982548863627017,0.990888646338135,1.9855953578371555
14563,java,removing,deleting,inserting,0.948373019695282,0.0007857608725316823,0.0165895763784647,0.9986000657081604,0.9317834433168173,-0.9978143048356287,0.9475872588227503,1.929597748152446
14791,java,remove,delete,insert,0.9479654431343079,8.016879291972145e-05,0.021410489454865456,0.9996941089630127,0.9265549536794424,-0.999613940170093,0.9478852743413881,1.9261688938495354
14791,java,create,build,destroy,0.9365478754043579,0.00013311899965628982,0.04889072850346565,0.9992827773094177,0.8876571469008923,-0.9991496583097614,0.9364147564047016,1.8868068052106537
15062,java,adding,inserting,removing,0.9589561820030212,0.00013109331484884024,0.0026298349257558584,0.9995773434638977,0.9563263470772654,-0.9994462501490489,0.9588250886881724,1.9557725972263142
15471,java,added,inserted,removed,0.9974665641784668,8.280436304630712e-05,0.00018251298752147704,0.9996347427368164,0.9972840511909453,-0.9995519383737701,0.9973837598154205,1.9968359895647154
15505,java,adding,inserting,removing,0.755932092666626,0.0001323797187069431,0.2106894701719284,0.9995644688606262,0.5452426224946976,-0.9994320891419193,0.755799712947919,1.5446747116366168
15564,java,add,insert,remove,0.9398457407951355,0.00017710501560941339,0.006732935085892677,0.9989005327224731,0.9331128057092428,-0.9987234277068637,0.9396686357795261,1.9318362334161066
16040,java,remove,delete,insert,0.9961996674537659,0.00026855769101530313,0.0012271034065634012,0.9988160133361816,0.9949725640472025,-0.9985474556451663,0.9959311097627506,1.9935200196923688
16278,java,add,insert,remove,0.9801331758499146,0.0003155865124426782,0.00699416222050786,0.998754620552063,0.9731390136294067,-0.9984390340396203,0.9798175893374719,1.971578047669027
16581,java,add,insert,remove,0.9727187752723694,0.00025400257436558604,0.01836724951863289,0.9989492297172546,0.9543515257537365,-0.998695227142889,0.9724647726980038,1.9530467528966255
16610,java,remove,delete,insert,0.9556021094322205,0.00022602237004321069,0.010755369439721107,0.9991781115531921,0.9448467399924994,-0.9989520891831489,0.9553760870621772,1.9437988291756483
16729,java,enabled,permitted,disabled,0.778632640838623,0.13891345262527466,0.13680323958396912,0.5990816950798035,0.6418294012546539,-0.4601682424545288,0.6397191882133484,1.1019976437091827
17410,java,add,insert,remove,0.9880841374397278,8.670383249409497e-05,0.000544235052075237,0.9996172189712524,0.9875399023876525,-0.9995305151387583,0.9879974336072337,1.987070417526411
17420,java,added,inserted,removed,0.9942615032196045,0.00016777597193140537,0.001571277272887528,0.9995135068893433,0.992690225946717,-0.9993457309174119,0.9940937272476731,1.9920359568641288
17966,java,add,insert,remove,0.9914811849594116,0.00024980102898553014,0.0013346996856853366,0.9978943467140198,0.9901464852737263,-0.9976445456850342,0.9912313839304261,1.9877910309587605
18046,java,adding,inserting,removing,0.9878526926040649,0.000100046418083366,0.0044214907102286816,0.9989675283432007,0.9834312018938363,-0.9988674819251173,0.9877526461859816,1.9822986838189536
18180,java,add,insert,remove,0.9940219521522522,6.69239234412089e-05,0.0008856242056936026,0.9995057582855225,0.9931363279465586,-0.9994388343620813,0.993955028228811,1.9925751623086398
18431,java,disabled,blocked,enabled,0.5200750231742859,0.0008930165786296129,0.023947186768054962,0.9685600996017456,0.4961278364062309,-0.967667083023116,0.5191820065956563,1.463794919429347
18459,java,add,insert,remove,0.9889794588088989,9.356973168905824e-05,0.004631258547306061,0.9991995692253113,0.9843482002615929,-0.9991059994936222,0.9888858890772099,1.983454199755215
18994,java,removed,deleted,inserted,0.9980875849723816,0.00012405285087879747,0.0006795951630920172,0.9995877146720886,0.9974079898092896,-0.9994636618212098,0.9979635321215028,1.9968716516304994
19093,java,adding,inserting,removing,0.9836840629577637,0.00015771713515277952,0.0038988636806607246,0.9992343187332153,0.979785199277103,-0.9990766015980626,0.9835263458226109,1.9788618008751655
19093,java,enables,permits,disables,0.9881684184074402,0.00027997707366012037,0.001826655468903482,0.9988433122634888,0.9863417629385367,-0.9985633351898286,0.9878884413337801,1.9849050981283654
19192,java,add,insert,remove,0.900665819644928,0.00015208202239591628,0.07307057827711105,0.999301552772522,0.8275952413678169,-0.9991494707501261,0.9005137376225321,1.826744712117943
19280,java,remove,delete,insert,0.9914163947105408,0.00023844534007366747,0.003910829778760672,0.9988592863082886,0.9875055649317801,-0.9986208409682149,0.9911779493704671,1.986126405899995
19469,java,add,insert,remove,0.952581524848938,0.00014367685071192682,0.03678872808814049,0.9986070990562439,0.9157927967607975,-0.998463422205532,0.9524378479982261,1.9142562189663295
19469,java,create,build,destroy,0.9718903303146362,0.0001286217157030478,0.0036497467663139105,0.9949644804000854,0.9682405835483223,-0.9948358586843824,0.9717617085989332,1.9630764422327047
19684,java,added,inserted,removed,0.9973456263542175,8.632693061372265e-05,0.0006348634487949312,0.9993207454681396,0.9967107629054226,-0.9992344185375259,0.9972592994236038,1.9959451814429485
19697,java,adding,inserting,removing,0.9858333468437195,0.00019245482690166682,0.0063590905629098415,0.9991627931594849,0.9794742562808096,-0.9989703383325832,0.9856408920168178,1.9784445946133928
20180,java,add,insert,remove,0.982265830039978,0.0002171297965105623,0.0016865039942786098,0.9987813830375671,0.9805793260456994,-0.9985642532410566,0.9820487002434675,1.979143579286756
20282,java,allows,permits,forbids,0.9971889853477478,0.00020195874094497412,0.0005723420181311667,0.9990973472595215,0.9966166433296166,-0.9988953885185765,0.9969870266068028,1.9955120318481931
20390,java,allow,permit,forbid,0.9948917627334595,0.0003395332314539701,0.0012351806508377194,0.9991707801818848,0.9936565820826218,-0.9988312469504308,0.9945522295020055,1.9924878290330525
20551,java,add,insert,remove,0.829394519329071,0.0001588835148140788,0.12191595137119293,0.9985924363136292,0.7074785679578781,-0.9984335527988151,0.829235635814257,1.7059121207566932
20600,java,add,insert,remove,0.9897918701171875,0.00014161772560328245,0.005331375636160374,0.9986989498138428,0.9844604944810271,-0.9985573320882395,0.9896502523915842,1.9830178265692666
20600,java,create,build,destroy,0.9772117137908936,9.228710405295715e-05,0.005053413566201925,0.9957939386367798,0.9721583002246916,-0.9957016515327268,0.9771194266868406,1.9678599517574185
20660,java,add,insert,remove,0.9873690009117126,0.0002185798075515777,0.004359187558293343,0.9986968636512756,0.9830098133534193,-0.9984782838437241,0.9871504211041611,1.9814880971971434
20793,java,add,insert,remove,0.9908583760261536,0.00025956056197173893,0.0026863275561481714,0.9990665316581726,0.9881720484700054,-0.9988069710962009,0.9905988154641818,1.9869790195662063
20837,java,add,insert,remove,0.9374469518661499,7.994582847459242e-05,0.04564792662858963,0.9994077682495117,0.8917990252375603,-0.9993278224210371,0.9373670060376753,1.8911268476585974
21023,java,remove,delete,insert,0.9916679859161377,6.388965994119644e-05,0.0019162966636940837,0.9994744658470154,0.9897516892524436,-0.9994105761870742,0.9916040962561965,1.9891622654395178
21087,java,remove,delete,insert,0.9470170736312866,0.00021598742750938982,0.01121434010565281,0.9984039664268494,0.9358027335256338,-0.99818797899934,0.9468010862037772,1.9339907125249738
21446,java,creating,building,destroying,0.9812588095664978,0.0001771939714672044,0.002123215002939105,0.9562381505966187,0.9791355945635587,-0.9560609566251514,0.9810816155950306,1.9351965511887101
21494,java,remove,delete,insert,0.9914718270301819,0.0003107316151726991,0.0019015517318621278,0.9986228942871094,0.9895702752983198,-0.9983121626719367,0.9911610954150092,1.9878824379702564
21893,java,removed,deleted,inserted,0.9579382538795471,0.0010315983090549707,0.01684010960161686,0.9951985478401184,0.9410981442779303,-0.9941669495310634,0.9569066555704921,1.9352650938089937
21902,java,remove,delete,insert,0.985593855381012,0.0005220207967795432,0.0012302944669499993,0.9971592426300049,0.984363560914062,-0.9966372218332253,0.9850718345842324,1.9810007827472873
21904,java,add,insert,remove,0.7346796989440918,8.529559272574261e-05,0.24762752652168274,0.9994516968727112,0.48705217242240906,-0.9993664012799854,0.734594403351366,1.4864185737023945
22476,java,remove,delete,insert,0.9947546720504761,0.000200108319404535,0.0015410882188007236,0.9974182844161987,0.9932135838316754,-0.9972181760967942,0.9945545637310715,1.9904317599284695
23256,java,added,inserted,removed,0.9981517195701599,0.00016810993838589638,0.0003519973543006927,0.9994612336158752,0.9977997222158592,-0.9992931236774893,0.997983609631774,1.9970928458933486
23555,java,add,insert,remove,0.9898820519447327,0.0001508686546003446,0.0010924299713224173,0.9989590644836426,0.9887896219734102,-0.9988081958290422,0.9897311832901323,1.9875978178024525
23624,java,disable,block,enable,0.9920467138290405,0.0005748083931393921,0.000667564629111439,0.9946933388710022,0.9913791491999291,-0.9941185304778628,0.9914719054359011,1.985497679677792
23666,java,add,insert,remove,0.8429663181304932,0.00015073698887135834,0.13727690279483795,0.998994767665863,0.7056894153356552,-0.9988440306769917,0.8428155811416218,1.704533446012647
23725,java,allow,permit,forbid,0.9961950778961182,0.0007231674971990287,0.00141794397495687,0.9983981251716614,0.9947771339211613,-0.9976749576744623,0.9954719103989191,1.9924520915956236
24113,java,enabled,permitted,disabled,0.9547710418701172,0.000516663072630763,0.005413674283772707,0.9973926544189453,0.9493573675863445,-0.9968759913463145,0.9542543787974864,1.946233358932659
24154,java,added,inserted,removed,0.9969930648803711,0.0001773302210494876,0.0011526539456099272,0.9993879795074463,0.9958404109347612,-0.9992106492863968,0.9968157346593216,1.995051060221158
24306,java,added,inserted,removed,0.9794161319732666,0.00012180633348179981,0.0011668900260701776,0.9995409250259399,0.9782492419471964,-0.9994191186924581,0.9792943256397848,1.9776683606396546
24306,java,allow,permit,forbid,0.9130173325538635,0.00012841480202041566,0.005853159818798304,0.9991899132728577,0.9071641727350652,-0.9990614984708373,0.9128889177518431,1.9062256712059025
24306,java,allows,permits,forbids,0.9940659999847412,0.0002014299388974905,0.0005598840652965009,0.9995575547218323,0.9935061159194447,-0.9993561247829348,0.9938645700458437,1.9928622407023795
24507,java,remove,delete,insert,0.9915470480918884,0.00013890708214603364,0.0014105100417509675,0.9995414018630981,0.9901365380501375,-0.9994024947809521,0.9914081410097424,1.9895390328310896
24927,java,allow,permit,forbid,0.9945260882377625,0.0003387403266970068,0.00095531833358109,0.9993360638618469,0.9935707699041814,-0.9989973235351499,0.9941873479110654,1.9925680934393313
24927,java,including,containing,excluding,0.9686356782913208,0.07836135476827621,0.0031337363179773092,0.8899308443069458,0.9655019419733435,-0.8115694895386696,0.8902743235230446,1.777071431512013
24985,java,added,inserted,removed,0.9840414524078369,8.65283582243137e-05,0.006114826072007418,0.9991794228553772,0.9779266263358295,-0.9990928944971529,0.9839549240496126,1.9770195208329824
24992,java,add,insert,remove,0.9941384792327881,0.00011658026778604835,0.001049723126925528,0.999163031578064,0.9930887561058626,-0.9990464513102779,0.994021898965002,1.9921352074161405
25268,java,show,display,hide,0.9989684820175171,0.05537569895386696,0.0002931990020442754,0.9371077418327332,0.9986752830154728,-0.8817320428788662,0.9435927830636501,1.880407325894339
25996,java,add,insert,remove,0.9788005948066711,0.00012098874140065163,0.0038828575052320957,0.999107301235199,0.974917737301439,-0.9989863124937983,0.9786796060652705,1.9739040497952374
26087,java,remove,delete,insert,0.9858250617980957,0.00036741694202646613,0.004290676210075617,0.9988319277763367,0.9815343855880201,-0.9984645108343102,0.9854576448560692,1.9799988964223303
26649,java,enabled,permitted,disabled,0.9774050116539001,0.021965932101011276,0.007364936172962189,0.9645732641220093,0.970040075480938,-0.942607332020998,0.9554390795528889,1.912647407501936
26649,java,disabled,blocked,enabled,0.9729925990104675,0.003702419577166438,0.009148403070867062,0.9716385006904602,0.9638441959396005,-0.9679360811132938,0.9692901794333011,1.9317802770528942
26722,java,disabling,blocking,enabling,0.7418844103813171,0.00038824137300252914,0.22529666125774384,0.9973469972610474,0.5165877491235733,-0.9969587558880448,0.7414961690083146,1.5135465050116181
26843,java,added,inserted,removed,0.998393714427948,0.00018073701357934624,0.0002195744455093518,0.9995555281639099,0.9981741399824386,-0.9993747911503306,0.9982129774143687,1.9975489311327692
27110,java,allow,permit,forbid,0.9947624802589417,0.0002859092492144555,0.001814480870962143,0.9976422190666199,0.9929479993879795,-0.9973563098174054,0.9944765710097272,1.990304309205385
27384,java,add,insert,remove,0.9928225874900818,0.00014462904073297977,0.004233348648995161,0.9990035891532898,0.9885892388410866,-0.9988589601125568,0.9926779584493488,1.9874481989536434
27561,java,add,insert,remove,0.8117769956588745,0.00013050567940808833,0.1727178543806076,0.9988380074501038,0.6390591412782669,-0.9987075017706957,0.8116464899794664,1.6377666430489626
27561,java,hide,cover,show,0.8368613123893738,0.0006192543660290539,0.13286495208740234,0.9984657764434814,0.7039963603019714,-0.9978465220774524,0.8362420580233447,1.7018428823794238
27753,java,remove,delete,insert,0.9924626350402832,8.055910438997671e-05,0.002087240107357502,0.9993802309036255,0.9903753949329257,-0.9992996717992355,0.9923820759358932,1.9896750667321612
28072,java,allow,permit,forbid,0.9945165514945984,0.0011287721572443843,0.0022258167155086994,0.997026264667511,0.9922907347790897,-0.9958974925102666,0.993387779337354,1.9881882272893563
28144,java,add,insert,remove,0.982025146484375,0.00010900116467382759,0.003562869969755411,0.999294638633728,0.9784622765146196,-0.9991856374690542,0.9819161453197012,1.9776479139836738
28357,java,adding,inserting,removing,0.9930517673492432,0.00013826282520312816,0.0027317232452332973,0.9995827078819275,0.9903200441040099,-0.9994444450567244,0.99291350452404,1.9897644891607342
28732,java,add,insert,remove,0.9517506957054138,0.00030374235939234495,0.030796237289905548,0.9983850717544556,0.9209544584155083,-0.9980813293950632,0.9514469533460215,1.9190357878105715
28832,java,added,inserted,removed,0.9934290051460266,0.00019467018137220293,0.0014805132523179054,0.9990087151527405,0.9919484918937087,-0.9988140449713683,0.9932343349646544,1.990762536865077
28947,java,add,insert,remove,0.9881496429443359,0.0001157079022959806,0.0019019608153030276,0.9990583062171936,0.9862476821290329,-0.9989425983148976,0.98803393504204,1.9851902804439305
29239,java,remove,delete,insert,0.9964808821678162,0.00013606392894871533,0.0008048592135310173,0.9986696243286133,0.9956760229542851,-0.9985335603996646,0.9963448182388674,1.9942095833539497
29619,java,added,inserted,removed,0.9813965559005737,0.00021288865536917,0.010822951793670654,0.9986916184425354,0.9705736041069031,-0.9984787297871662,0.9811836672452046,1.9690523338940693
29740,java,adding,inserting,removing,0.9833003282546997,0.00022735785751137882,0.007453322876244783,0.9992671608924866,0.9758470053784549,-0.9990398030349752,0.9830729703971883,1.9748868084134301
29991,java,create,build,destroy,0.9920680522918701,7.50161416362971e-05,0.0015241970540955663,0.998927891254425,0.9905438552377746,-0.9988528751127888,0.9919930361502338,1.9893967303505633
30080,java,create,build,destroy,0.16172964870929718,0.00015092491230461746,0.8155214786529541,0.9968994855880737,-0.6537918299436569,-0.9967485606757691,0.16157872379699256,0.3429567307321122
30507,java,add,insert,remove,0.9919523596763611,0.00018012664804700762,0.00289618456736207,0.9987626075744629,0.989056175108999,-0.9985824809264159,0.9917722330283141,1.987638656035415
30779,java,open,unlock,close,0.8604685664176941,0.00030013223295100033,0.07152874767780304,0.9888584613800049,0.788939818739891,-0.9885583291470539,0.8601684341847431,1.777498147886945
30799,java,allow,permit,forbid,0.9930956959724426,0.0002123295998899266,0.0011663128389045596,0.9994202852249146,0.9919293831335381,-0.9992079556250246,0.9928833663725527,1.9911373387585627
30860,java,allow,permit,forbid,0.8965328931808472,0.00012776177027262747,0.01859796792268753,0.9992243051528931,0.8779349252581596,-0.9990965433826204,0.8964051314105745,1.87703146864078
30873,java,add,insert,remove,0.11034110188484192,0.00016473581490572542,0.8628285527229309,0.9985673427581787,-0.752487450838089,-0.998402606943273,0.1101763660699362,0.245915156105184
30962,java,allow,permit,forbid,0.9958654642105103,0.0002695817966014147,0.0012820243136957288,0.9993027448654175,0.9945834398968145,-0.9990331630688161,0.9955958824139088,1.9936166029656306
31339,java,removed,deleted,inserted,0.992745578289032,0.00038562656845897436,0.0017528849421069026,0.9986756443977356,0.9909926933469251,-0.9982900178292766,0.992359951720573,1.9892827111762017
31339,java,starts,begins,stops,0.9403892755508423,0.030130725353956223,0.00334746646694839,0.8750677704811096,0.9370418090838939,-0.8449370451271534,0.9102585501968861,1.7819788542110473
31379,java,removed,deleted,inserted,0.9913267493247986,0.00010454210132593289,0.0019578547216951847,0.9996010661125183,0.9893688946031034,-0.9994965240111924,0.9912222072234727,1.9888654186142958
31431,java,add,insert,remove,0.9929711222648621,0.00023848406272009015,0.002417247276753187,0.9985089898109436,0.9905538749881089,-0.9982705057482235,0.992732638202142,1.9888243807363324
31572,java,add,insert,remove,0.976205587387085,0.00015036338299978524,0.007495856378227472,0.9987050294876099,0.9687097310088575,-0.9985546661046101,0.9760552240040852,1.9672643971134676
31762,java,add,insert,remove,0.9903102517127991,0.000189337573829107,0.0021234166342765093,0.9987024068832397,0.9881868350785226,-0.9985130693094106,0.99012091413897,1.9866999043879332
31892,java,adding,inserting,removing,0.9977633953094482,0.00019489841361064464,0.000830916513223201,0.9993589520454407,0.996932478796225,-0.99916405363183,0.9975684968958376,1.996096532428055
32003,java,remove,delete,insert,0.9764759540557861,0.00022933924628887326,0.006787281017750502,0.9991171956062317,0.9696886730380356,-0.9988878563599428,0.9762466148094973,1.9685765293979784
32028,java,enabled,permitted,disabled,0.9849531650543213,0.0035899565555155277,0.003908464685082436,0.9749667644500732,0.9810447003692389,-0.9713768078945577,0.9813632084988058,1.9524215082637966
32446,java,allow,permit,forbid,0.9951802492141724,0.00017648263019509614,0.0010239128023386002,0.9994175434112549,0.9941563364118338,-0.9992410607810598,0.9950037665839773,1.9933973971928935
32608,java,remove,delete,insert,0.959604799747467,0.00016357807908207178,0.002907941583544016,0.9983606934547424,0.956696858163923,-0.9981971153756604,0.959441221668385,1.9548939735395834
32738,java,remove,delete,insert,0.9833289384841919,0.00040985102532431483,0.001472068252041936,0.998110294342041,0.98185687023215,-0.9977004433167167,0.9829190874588676,1.9795573135488667
32945,java,added,inserted,removed,0.9919758439064026,9.148723620455712e-05,0.0016791940433904529,0.9996936321258545,0.9902966498630121,-0.9996021448896499,0.991884356670198,1.989898794752662
32945,java,enable,permit,disable,0.9738204479217529,0.00011346641986165196,0.0022851303219795227,0.9994220733642578,0.9715353175997734,-0.9993086069443962,0.9737069815018913,1.9708439245441696
33265,java,add,insert,remove,0.9785471558570862,9.007425251184031e-05,0.005231095943599939,0.9995198249816895,0.9733160599134862,-0.9994297507291776,0.9784570816045743,1.9727458106426639
33265,java,adding,inserting,removing,0.9202505350112915,0.0004460026102606207,0.044666122645139694,0.9747527241706848,0.8755844123661518,-0.9743067215604242,0.9198045324010309,1.849891133926576
33500,java,create,build,destroy,0.9854592084884644,0.0030972668901085854,0.004540774505585432,0.9904734492301941,0.9809184339828789,-0.9873761823400855,0.9823619415983558,1.9682946163229644
34929,java,starting,beginning,stopping,0.7983759641647339,0.002442852361127734,0.01197829470038414,0.9754654765129089,0.7863976694643497,-0.9730226241517812,0.7959331118036062,1.759420293616131
35443,java,enabled,permitted,disabled,0.966893196105957,0.00046568960533477366,0.0011038954835385084,0.99595046043396,0.9657893006224185,-0.9954847708286252,0.9664275065006223,1.9612740714510437
35443,java,create,build,destroy,0.9924830794334412,8.663528569741175e-05,0.0007389842066913843,0.9991956353187561,0.9917440952267498,-0.9991090000330587,0.9923964441477438,1.9908530952598085
35853,java,creating,building,destroying,0.9904199242591858,4.7556204663123935e-05,0.00064843863947317,0.9996678829193115,0.9897714856197126,-0.9996203267146484,0.9903723680545227,1.989391812334361
36056,java,added,inserted,removed,0.9936664700508118,0.00018479922437109053,0.0017774371663108468,0.9994818568229675,0.9918890328845009,-0.9992970575985964,0.9934816708264407,1.9911860904830974
36674,java,disabled,blocked,enabled,0.9558963775634766,8.45304093672894e-05,0.0196838341653347,0.998839795589447,0.9362125433981419,-0.9987552651800797,0.9558118471541093,1.9349678085782216
37599,java,create,build,destroy,0.9925678968429565,0.0001244568993570283,0.0009669206338003278,0.997655987739563,0.9916009762091562,-0.997531530840206,0.9924434399435995,1.9891325070493622
38003,java,allow,permit,forbid,0.993019163608551,0.0010720641585066915,0.003116979729384184,0.9971018433570862,0.9899021838791668,-0.9960297791985795,0.9919470994500443,1.9859319630777463
38003,java,created,built,destroyed,0.9873360991477966,0.00024645670782774687,0.005210656672716141,0.9629318714141846,0.9821254424750805,-0.9626854147063568,0.9870896424399689,1.9448108571814373
38475,java,add,insert,remove,0.9903873801231384,0.00020377797773107886,0.004267859272658825,0.9986365437507629,0.9861195208504796,-0.9984327657730319,0.9901836021454073,1.9845522866235115
38661,java,add,insert,remove,0.9891443848609924,0.00016992691962514073,0.0030746443662792444,0.9991214871406555,0.9860697404947132,-0.9989515602210304,0.9889744579413673,1.9850213007157436
38661,java,allow,permit,forbid,0.9930177927017212,0.00019627103756647557,0.001269440515898168,0.9992817044258118,0.991748352185823,-0.9990854333882453,0.9928215216641547,1.9908337855740683
39926,java,disable,block,enable,0.8815470933914185,0.0007744700415059924,0.001740420120768249,0.9912053942680359,0.8798066732706502,-0.9904309242265299,0.8807726233499125,1.87023759749718
40615,java,added,inserted,removed,0.9847859740257263,0.00010425064101582393,0.008542116731405258,0.9996053576469421,0.9762438572943211,-0.9995011070059263,0.9846817233847105,1.9757449643002474
40616,java,add,insert,remove,0.9921200275421143,0.00013661949196830392,0.0013200301909819245,0.9993667006492615,0.9907999973511323,-0.9992300811572932,0.991983408050146,1.9900300785084255
40897,java,remove,delete,insert,0.9969417452812195,0.0001816413423512131,0.00047742933384142816,0.9989404082298279,0.996464315947378,-0.9987587668874767,0.9967601039388683,1.9952230828348547
41020,java,add,insert,remove,0.9490132331848145,0.00013180894893594086,0.03835144639015198,0.998989999294281,0.9106617867946625,-0.9988581903453451,0.9488814242358785,1.9095199771400075
121,js,open,unlock,close,0.9688103199005127,0.7617429494857788,0.007070582825690508,0.15905405580997467,0.9617397370748222,0.6026888936758041,0.2070673704147339,0.35905084339901805
305,js,add,insert,remove,0.9842305779457092,0.00013874094292987138,0.005586219485849142,0.9987000226974487,0.9786443584598601,-0.9985612817545189,0.9840918370027794,1.977205640214379
305,js,create,build,destroy,0.3390413522720337,0.00015596274170093238,0.07096374779939651,0.9646892547607422,0.2680776044726372,-0.9645332920190413,0.33888538953033276,1.2326108964916784
815,js,allow,permit,forbid,0.9962621331214905,0.0002896638761740178,0.0012079855659976602,0.99935382604599,0.9950541475554928,-0.999064162169816,0.9959724692453165,1.9941183097253088
871,js,added,inserted,removed,0.9958764314651489,0.00012693664757534862,0.0010462182108312845,0.9995846152305603,0.9948302132543176,-0.999457678582985,0.9957494948175736,1.9942878918373026
951,js,add,insert,remove,0.9875370860099792,8.848345169099048e-05,0.0022232288029044867,0.999512791633606,0.9853138572070748,-0.999424308181915,0.9874486025582883,1.9847381653889897
3433,js,added,inserted,removed,0.9949466586112976,0.00018267393170390278,0.0012830279301851988,0.9993805885314941,0.9936636306811124,-0.9991979145997902,0.9947639846795937,1.9928615452809026
3433,js,accepted,took,rejected,0.9104346036911011,0.0003108507953584194,0.017594436183571815,0.9883337020874023,0.8928401675075293,-0.9880228512920439,0.9101237528957427,1.8808630187995732
4368,js,add,insert,remove,0.9744506478309631,0.00010447719978401437,0.01187353115528822,0.9991785883903503,0.9625771166756749,-0.9990741111905663,0.9743461706311791,1.9616512278662412
4368,js,added,inserted,removed,0.9678579568862915,0.00018133492267224938,0.0011737787863239646,0.9991067051887512,0.9666841780999675,-0.998925370266079,0.9676766219636193,1.9656095483660465
4412,js,add,insert,remove,0.9830511212348938,0.0001667837641434744,0.005672061815857887,0.9990878105163574,0.9773790594190359,-0.998921026752214,0.9828843374707503,1.9763000861712499
4918,js,removed,deleted,inserted,0.9755589365959167,0.011314294300973415,0.0030924661550670862,0.9741595983505249,0.9724664704408497,-0.9628453040495515,0.9642446422949433,1.9353117744904011
5132,js,allow,permit,forbid,0.9852688908576965,0.0006776101072318852,0.004084301181137562,0.9982653260231018,0.981184589676559,-0.9975877159158699,0.9845912807504646,1.978772305592429
5639,js,starts,begins,stops,0.9509701132774353,0.051271919161081314,0.0023162695579230785,0.6956830024719238,0.9486538437195122,-0.6444110833108425,0.899698194116354,1.5930649270303547
5757,js,add,insert,remove,0.9898082613945007,0.00012857289402745664,0.0032523174304515123,0.9993263483047485,0.9865559439640492,-0.9991977754107211,0.9896796885004733,1.9857537193747703
6081,js,add,insert,remove,0.844780683517456,0.00011153251398354769,0.13987065851688385,0.9991734623908997,0.7049100250005722,-0.9990619298769161,0.8446691510034725,1.7039719548774883
6174,js,open,unlock,close,0.6633008718490601,0.02047434262931347,0.08479080349206924,0.9274722337722778,0.5785100683569908,-0.9069978911429644,0.6428265292197466,1.4855079594999552
6876,js,show,display,hide,0.9964392781257629,0.0003638214839156717,0.0006806341698393226,0.9978487491607666,0.9957586439559236,-0.9974849276768509,0.9960754566418473,1.9932435716327745
7355,js,allow,permit,forbid,0.9903481006622314,0.0001601546973688528,0.0010412848787382245,0.9990353584289551,0.9893068157834932,-0.9988752037315862,0.9901879459648626,1.9881820195150794
7355,js,allows,permits,forbids,0.9675886034965515,0.00019193734624423087,0.0013297994155436754,0.999518871307373,0.9662588040810078,-0.9993269339611288,0.9673966661503073,1.9655857380421367
8116,js,add,insert,remove,0.9718620777130127,0.00017512566410005093,0.004822908900678158,0.9985643029212952,0.9670391688123345,-0.9983891772571951,0.9716869520489126,1.9654283460695297
8349,js,allow,permit,forbid,0.9956627488136292,0.0005138941342011094,0.0011161554139107466,0.997545063495636,0.9945465933997184,-0.9970311693614349,0.995148854679428,1.9915777627611533
8672,js,added,inserted,removed,0.9961122870445251,0.00010672053031157702,0.0006936779245734215,0.9995375871658325,0.9954186091199517,-0.9994308666355209,0.9960055665142136,1.9948494757554727
8779,js,added,inserted,removed,0.9925134778022766,0.0001223119325004518,0.0010838896268978715,0.9994146823883057,0.9914295881753787,-0.9992923704558052,0.9923911658697762,1.990721958631184
10097,js,add,insert,remove,0.9156978130340576,0.00041614726069383323,0.03399836644530296,0.9943285584449768,0.8816994465887547,-0.993912411184283,0.9152816657733638,1.8756118577730376
10553,js,add,insert,remove,0.9871167540550232,0.00012442113074939698,0.0014094517100602388,0.9991915822029114,0.985707302344963,-0.999067161072162,0.9869923329242738,1.984774463417125
11217,js,remove,delete,insert,0.9797890782356262,0.00023031592718325555,0.0017315509030595422,0.998997151851654,0.9780575273325667,-0.9987668359244708,0.979558762308443,1.9768243632570375
11629,js,add,insert,remove,0.9900026321411133,0.0001934224710566923,0.002668794011697173,0.998528242111206,0.9873338381294161,-0.9983348196401494,0.9898092096700566,1.9856686577695655
11713,js,allow,permit,forbid,0.9962790608406067,0.00032993691274896264,0.0010467414977028966,0.9991888403892517,0.9952323193429038,-0.9988589034765027,0.9959491239278577,1.9940912228194065
12942,js,added,inserted,removed,0.9903372526168823,0.00011895223724422976,0.0043300846591591835,0.9994112253189087,0.9860071679577231,-0.9992922730816645,0.9902183003796381,1.9852994410393876
12947,js,add,insert,remove,0.9889373779296875,0.00020585895981639624,0.0039084237068891525,0.9985059499740601,0.9850289542227983,-0.9983000910142437,0.9887315189698711,1.983329045237042
12989,js,accept,take,reject,0.9957872033119202,0.000842613517306745,0.0016284538432955742,0.9926099181175232,0.9941587494686246,-0.9917673046002164,0.9949445897946134,1.985926054068841
13215,js,remove,delete,insert,0.9841926693916321,0.0024884436279535294,0.0017036464996635914,0.9952389001846313,0.9824890228919685,-0.9927504565566778,0.9817042257636786,1.9752394794486463
13554,js,allow,permit,forbid,0.995563268661499,0.00043496888247318566,0.001231639413163066,0.9974780678749084,0.994331629248336,-0.9970430989924353,0.9951282997790258,1.9913747282407712
13602,js,add,insert,remove,0.9878299832344055,0.0007640434196218848,0.0019642047118395567,0.9845350980758667,0.985865778522566,-0.9837710546562448,0.9870659398147836,1.9696368331788108
13737,js,start,begin,stop,0.9785658717155457,0.05473784729838371,0.0021874771919101477,0.8284767270088196,0.9763783945236355,-0.7737388797104359,0.9238280244171619,1.7501172742340714
13862,js,start,begin,stop,0.9904009699821472,0.000935517658945173,0.002479045419022441,0.9953289031982422,0.9879219245631248,-0.994393385539297,0.989465452323202,1.9823153101024218
13899,js,allow,permit,forbid,0.9954518675804138,0.0006688190042041242,0.0014158554840832949,0.9974451065063477,0.9940360120963305,-0.9967762875021435,0.9947830485762097,1.990812299598474
14096,js,added,inserted,removed,0.9916906356811523,0.00014169674250297248,0.0033656004816293716,0.9993990659713745,0.988325035199523,-0.9992573692288715,0.9915489389386494,1.9875824044283945
14396,js,add,insert,remove,0.969925045967102,0.00020575271628331393,0.004496482666581869,0.9967616200447083,0.9654285633005202,-0.9965558673284249,0.9697192932508187,1.9619844306289451
14513,js,add,insert,remove,0.9943680167198181,0.00018042180454358459,0.000922194856684655,0.9985185265541077,0.9934458218631335,-0.9983381047495641,0.9941875949152745,1.9917839266126975
14622,js,add,insert,remove,0.9876111149787903,9.234042227035388e-05,0.0017190921353176236,0.999496579170227,0.9858920228434727,-0.9994042387479567,0.9875187745565199,1.9852962615914294
14904,js,remove,delete,insert,0.9958025813102722,0.00020342001516837627,0.0006969948299229145,0.9987998008728027,0.9951055864803493,-0.9985963808576344,0.9955991612951038,1.9937019673379837
15619,js,allow,permit,forbid,0.9762672781944275,0.001452129683457315,0.0064122844487428665,0.9783557653427124,0.9698549937456846,-0.9769036356592551,0.9748151485109702,1.9467586294049397
16214,js,adding,inserting,removing,0.9906896352767944,9.943993791239336e-05,0.0023721198085695505,0.9990286827087402,0.9883175154682249,-0.9989292427708278,0.990590195338882,1.9872467582390527
16547,js,added,inserted,removed,0.9978570342063904,0.00010998331708833575,0.0007661432609893382,0.9996691942214966,0.997090890945401,-0.9995592109044082,0.997747050889302,1.9966501018498093
16590,js,added,inserted,removed,0.9922659993171692,0.00013117611524648964,0.0012343480484560132,0.9994211196899414,0.9910316512687132,-0.9992899435746949,0.9921348232019227,1.990321594843408
16655,js,allow,permit,forbid,0.9928784966468811,0.0003414437815081328,0.0022170955780893564,0.9982695579528809,0.9906614010687917,-0.9979281141713727,0.992537052865373,1.9885895152401645
16804,js,added,inserted,removed,0.9857302904129028,0.001337100169621408,0.001502052415162325,0.9682283997535706,0.9842282379977405,-0.9668912995839491,0.9843931902432814,1.9511195375816897
17525,js,add,insert,remove,0.9937706589698792,0.020231615751981735,0.0029998584650456905,0.8782585263252258,0.9907708005048335,-0.8580269105732441,0.9735390432178974,1.8487977110780776
17596,js,creating,building,destroying,0.9460456967353821,0.007630583364516497,0.015612956136465073,0.9662838578224182,0.930432740598917,-0.9586532744579017,0.9384151133708656,1.8890860150568187
17694,js,allowed,permitted,forbade,0.9973061084747314,0.0006288816803134978,0.0008389577269554138,0.9989327788352966,0.996467150747776,-0.9983038971549831,0.996677226794418,1.9947710479027592
17875,js,added,inserted,removed,0.9890973567962646,0.00013477033644448966,0.006266075186431408,0.9995978474617004,0.9828312816098332,-0.999463077125256,0.9889625864598202,1.9822943587350892
17949,js,adding,inserting,removing,0.9849692583084106,0.00014250037202145904,0.0028172810561954975,0.9974560141563416,0.9821519772522151,-0.9973135137843201,0.9848267579363892,1.9794654910365352
18231,js,added,inserted,removed,0.9923263788223267,7.868361717555672e-05,0.001946419826708734,0.9993131160736084,0.9903799589956179,-0.9992344324564328,0.9922476952051511,1.9896143914520508
18894,js,added,inserted,removed,0.9981012940406799,0.00022984000679571182,0.0005236603319644928,0.9993259906768799,0.9975776337087154,-0.9990961506700842,0.9978714540338842,1.9966737843787996
19668,js,add,insert,remove,0.9864720106124878,0.00015514635015279055,0.0052354345098137856,0.9988013505935669,0.981236576102674,-0.9986462042434141,0.986316864262335,1.9798827803460881
20114,js,add,insert,remove,0.9903351068496704,0.00020858539210166782,0.0026288945227861404,0.9982301592826843,0.9877062123268843,-0.9980215738905827,0.9901265214575687,1.985727786217467
20764,js,create,build,destroy,0.9532659649848938,0.00014187685155775398,0.008345793932676315,0.9963453412055969,0.9449201710522175,-0.9962034643540392,0.953124088133336,1.9411236354062567
20896,js,increase,raise,decrease,0.9849029183387756,0.00015326558786910027,0.002409963868558407,0.9991948008537292,0.9824929544702172,-0.9990415352658601,0.9847496527509065,1.9815344897360774
21122,js,add,insert,remove,0.9717071652412415,9.955775021808222e-05,0.020048782229423523,0.9990968704223633,0.9516583830118179,-0.9989973126721452,0.9716076074910234,1.9506556956839631
21122,js,enabling,permitting,disabling,0.9349001049995422,0.00017798512999434024,0.013544063083827496,0.9924047589302063,0.9213560419157147,-0.992226773800212,0.9347221198695479,1.9135828157159267
21582,js,allow,permit,forbid,0.9921684861183167,0.00040539048495702446,0.002122869249433279,0.9986649751663208,0.9900456168688834,-0.9982595846813638,0.9917630956333596,1.9883052015502471
21773,js,add,insert,remove,0.01467929594218731,0.00013510114513337612,0.9814465045928955,0.998954176902771,-0.9667672086507082,-0.9988190757576376,0.014544194797053933,0.03205186710692942
22048,js,add,insert,remove,0.9720100164413452,0.00039551392546854913,0.005286135245114565,0.9959169030189514,0.9667238811962306,-0.9955213890934829,0.9716145025158767,1.9622452702897135
22048,js,added,inserted,removed,0.9948325157165527,0.00011425120464991778,0.0004973498289473355,0.9994415640830994,0.9943351658876054,-0.9993273128784494,0.9947182645119028,1.9936624787660548
22565,js,add,insert,remove,0.7064831852912903,0.0001530346489744261,0.27438730001449585,0.999320387840271,0.43209588527679443,-0.9991673531912966,0.7063301506423159,1.431263238468091
22710,js,add,insert,remove,0.9957478642463684,0.00016805976338218898,0.0009006496984511614,0.9980999827384949,0.9948472145479172,-0.9979319229751127,0.9955798044829862,1.99277913752303
22922,js,remove,delete,insert,0.9746577143669128,0.0001424900401616469,0.007230824325233698,0.9989991784095764,0.9674268900416791,-0.9988566883694148,0.9745152243267512,1.966283578411094
22944,js,disable,block,enable,0.9944646954536438,0.003120908746495843,0.0009343025740236044,0.956009566783905,0.9935303928796202,-0.9528886580374092,0.991343786707148,1.9464190509170294
22960,js,add,insert,remove,0.9807095527648926,0.00010439381003379822,0.0017543890280649066,0.9994184970855713,0.9789551637368277,-0.9993141032755375,0.9806051589548588,1.9782692670123652
23336,js,remove,delete,insert,0.9912061095237732,0.00018491788068786263,0.0025785667821764946,0.999230146408081,0.9886275427415967,-0.9990452285273932,0.9910211916430853,1.98767277126899
23419,js,added,inserted,removed,0.9962132573127747,0.00021418248070403934,0.0008963683503679931,0.998996913433075,0.9953168889624067,-0.9987827309523709,0.9959990748320706,1.9940996199147776
23597,js,added,inserted,removed,0.9214444160461426,0.00018137604638468474,0.00821706373244524,0.9957429766654968,0.9132273523136973,-0.9955616006191121,0.9212630399997579,1.9087889529328095
23737,js,added,inserted,removed,0.9952701926231384,0.00014092917263042182,0.001540793222375214,0.9994834661483765,0.9937293994007632,-0.999342536975746,0.995129263450508,1.9930719363765093
24610,js,add,insert,remove,0.9494416117668152,0.0022191109601408243,0.005432163365185261,0.9450111389160156,0.9440094484016299,-0.9427920279558748,0.9472225008066744,1.8868014763575047
24643,js,allow,permit,forbid,0.9953343272209167,0.00032538649975322187,0.001275626476854086,0.999085545539856,0.9940587007440627,-0.9987601590401027,0.9950089407211635,1.9928188597841654
25410,js,allow,permit,forbid,0.9953685998916626,0.0008022930705919862,0.000652677787002176,0.9983056783676147,0.9947159221046604,-0.9975033852970228,0.9945663068210706,1.9922193074016832
25643,js,show,display,hide,0.9656450748443604,0.00019271753262728453,0.0014422276290133595,0.9988258481025696,0.964202847215347,-0.9986331305699423,0.9654523573117331,1.9628359777852893
25684,js,added,inserted,removed,0.9948563575744629,0.00014592241495847702,0.0022951127029955387,0.9994414448738098,0.9925612448714674,-0.9992955224588513,0.9947104351595044,1.9918567673303187
26531,js,removed,deleted,inserted,0.9983254075050354,0.00019317024271003902,0.0004974091425538063,0.9989480376243591,0.9978279983624816,-0.9987548673816491,0.9981322372623254,1.9965828657441307
28681,js,remove,delete,insert,0.9926360249519348,0.00019108166452497244,0.0016092354198917747,0.9968210458755493,0.991026789532043,-0.9966299642110243,0.9924449432874098,1.9876567537430674
30838,js,adds,inserts,removes,0.9953616261482239,0.00017368141561746597,0.0014979371335357428,0.9996024966239929,0.9938636890146881,-0.9994288152083755,0.9951879447326064,1.9932925042230636
31446,js,add,insert,remove,0.9872953295707703,0.0001090390796889551,0.0037134536541998386,0.9990295171737671,0.9835818759165704,-0.9989204780940781,0.9871862904910813,1.9825023540106486
31702,js,add,insert,remove,0.9223071932792664,7.039323827484623e-05,0.004063141532242298,0.9994102716445923,0.9182440517470241,-0.9993398784063174,0.9222368000409915,1.9175839301533415
31702,js,allowing,permitting,forbidding,0.8935451507568359,0.0001413140125805512,0.0021976374555379152,0.9996707439422607,0.891347513301298,-0.9995294299296802,0.8934038367442554,1.8908769432309782
32022,js,allow,permit,forbid,0.993895947933197,0.0005531352944672108,0.0017026026034727693,0.9983739852905273,0.9921933453297243,-0.9978208499960601,0.9933428126387298,1.9900141953257844
32022,js,opened,unlocked,closed,0.9850754737854004,0.0009786606533452868,0.002511047525331378,0.9665808081626892,0.982564426260069,-0.9656021475093439,0.9840968131320551,1.948166573769413
32435,js,allow,permit,forbid,0.9938841462135315,0.0007138734799809754,0.0013206670992076397,0.9945555925369263,0.9925634791143239,-0.9938417190569453,0.9931702727335505,1.9864051981712691
32596,js,disable,block,enable,0.9831852316856384,0.0003625784011092037,0.00038278731517493725,0.9973418116569519,0.9828024443704635,-0.9969792332558427,0.9828226532845292,1.9797816776263062
32983,js,started,began,stopped,0.9680384397506714,0.000314292119583115,0.0017433750908821821,0.9942428469657898,0.9662950646597892,-0.9939285548462067,0.9677241476310883,1.9602236195059959
33731,js,add,insert,remove,0.9327250123023987,0.00012413728109095246,0.021076157689094543,0.9991021156311035,0.9116488546133041,-0.9989779783500126,0.9326008750213077,1.9106268329633167
34102,js,added,inserted,removed,0.9964948296546936,0.00011318660108372569,0.0009868027409538627,0.999584972858429,0.9955080269137397,-0.9994717862573452,0.9963816430536099,1.994979813171085
34366,js,removing,deleting,inserting,0.9853988885879517,0.00039190403185784817,0.001642152783460915,0.9797307848930359,0.9837567358044907,-0.979338880861178,0.9850069845560938,1.9630956166656688
34445,js,created,built,destroyed,0.887116551399231,0.00013780409062746912,0.0039445641450583935,0.9729213714599609,0.8831719872541726,-0.9727835673693335,0.8869787473086035,1.855955554623506
35697,js,allow,permit,forbid,0.9956259727478027,0.0006348752649500966,0.0014338975306600332,0.9984185695648193,0.9941920752171427,-0.9977836942998692,0.9949910974828526,1.991975769517012
35755,js,allow,permit,forbid,0.9954898953437805,0.00045512040378525853,0.0013098708586767316,0.9977828860282898,0.9941800244851038,-0.9973277656245045,0.9950347749399953,1.9915077901096083
642,js,added,inserted,removed,0.964539110660553,4.8453650379087776e-05,0.002360681537538767,0.9995635151863098,0.9621784291230142,-0.9995150615359307,0.9644906570101739,1.961693490658945
1778,js,added,inserted,removed,0.9967408776283264,0.00013119983486831188,0.0009655561880208552,0.999446451663971,0.9957753214403056,-0.9993152518291026,0.9966096777934581,1.9950905732694082
4644,js,added,inserted,removed,0.9891156554222107,8.901010733097792e-05,0.0012662465451285243,0.999376118183136,0.9878494088770822,-0.999287108075805,0.9890266453148797,1.9871365169528872
5913,js,add,insert,remove,0.9786009192466736,0.00018712127348408103,0.013680740259587765,0.9992916584014893,0.9649201789870858,-0.9991045371280052,0.9784137979731895,1.964024716115091
6316,js,added,inserted,removed,0.9958672523498535,0.000251770339673385,0.0005351434811018407,0.9992838501930237,0.9953321088687517,-0.9990320798533503,0.9956154820101801,1.994364188722102
6593,js,show,display,hide,0.9978020787239075,0.00034873958793468773,0.00018207239918410778,0.9974459409713745,0.9976200063247234,-0.9970972013834398,0.9974533391359728,1.9947172077081632
8534,js,added,inserted,removed,0.9008153676986694,6.588528049178421e-05,0.026431629434227943,0.9964723587036133,0.8743837382644415,-0.9964064734231215,0.9007494824181776,1.870790211687563
10513,js,show,display,hide,0.9988182187080383,0.6490448117256165,0.00027707478147931397,0.24308407306671143,0.998541143926559,0.40596073865890503,0.3497734069824219,0.592580405267654
11034,js,adding,inserting,removing,0.9966039657592773,0.00014826995902694762,0.0009374471846967936,0.9994707703590393,0.9956665185745806,-0.9993225004000124,0.9964556958002504,1.994989018974593
11387,js,added,inserted,removed,0.9968001842498779,0.00018949202785734087,0.00036671399720944464,0.9990730285644531,0.9964334702526685,-0.9988835365365958,0.9966106922220206,1.9953170067892643
14255,js,added,inserted,removed,0.9977908134460449,0.00018156836449634284,0.0006773180793970823,0.9989438652992249,0.9971134953666478,-0.9987622969347285,0.9976092450815486,1.9958757923013764
14517,js,added,inserted,removed,0.9970122575759888,0.00013142984244041145,0.0012478792341426015,0.9995567202568054,0.9957643783418462,-0.999425290414365,0.9968808277335484,1.9951896687562112
15135,js,added,inserted,removed,0.9979546070098877,0.0001707058836473152,0.0002840533561538905,0.9994319081306458,0.9976705536537338,-0.9992612022469984,0.9977839011262404,1.9969317559007322
15960,js,adding,inserting,removing,0.9779152870178223,7.993105828063563e-05,0.014440526254475117,0.9987296462059021,0.9634747607633471,-0.9986497151476215,0.9778353559595416,1.9621244759109686
17593,js,add,insert,remove,0.9832513332366943,0.0001463417283957824,0.0029010132420808077,0.9988200068473816,0.9803503199946135,-0.9986736651189858,0.9831049915082986,1.9790239851135993
18777,js,added,inserted,removed,0.9977498650550842,0.00011347185500198975,0.0004613814235199243,0.9994232654571533,0.9972884836315643,-0.9993097936021513,0.9976363932000822,1.9965982772337156
24482,js,added,inserted,removed,0.997048556804657,0.00021742546232417226,0.0006688337307423353,0.9993634819984436,0.9963797230739146,-0.9991460565361194,0.9968311313423328,1.995525779610034
24605,js,added,inserted,removed,0.9964409470558167,0.00018595645087771118,0.0011421102099120617,0.9993671774864197,0.9952988368459046,-0.999181221035542,0.9962549906049389,1.9944800578814466
24705,js,open,unlock,close,0.8653699159622192,0.0019300058484077454,0.026231275871396065,0.980053722858429,0.8391386400908232,-0.9781237170100212,0.8634399101138115,1.8172623571008444
24725,js,remove,delete,insert,0.992805540561676,0.000376872398192063,0.0007033887086436152,0.9914193153381348,0.9921021518530324,-0.9910424429399427,0.992428668163484,1.9831445947929751
26682,js,add,insert,remove,0.9891901016235352,0.00017447386926505715,0.0035250682849437,0.9978579878807068,0.9856650333385915,-0.9976835140114417,0.9890156277542701,1.9833485473500332
27501,js,removed,deleted,inserted,0.9934002161026001,9.77989038801752e-05,0.0009918633149936795,0.9991794228553772,0.9924083527876064,-0.999081623951497,0.9933024171987199,1.9914899767391034
30026,js,removed,deleted,inserted,0.9967266321182251,0.00014842516975477338,0.00018670843564905226,0.9993689656257629,0.996539923682576,-0.9992205404560082,0.9965782069484703,1.9957604641385842
31095,js,add,insert,remove,0.9885280132293701,7.241033017635345e-05,0.00212448975071311,0.9994608759880066,0.986403523478657,-0.9993884656578302,0.9884556028991938,1.9857919891364872
36539,js,added,inserted,removed,0.9921618103981018,0.00020161342399660498,0.001115448772907257,0.9993409514427185,0.9910463616251945,-0.9991393380187219,0.9919601969741052,1.9901856996439165
36638,js,added,inserted,removed,0.9967964291572571,0.0002116713294526562,0.0012876352993771434,0.9994089603424072,0.9955087938578799,-0.9991972890129546,0.9965847578278044,1.9947060828708345
37132,js,remove,delete,insert,0.9536425471305847,0.0005939141265116632,0.00414087763056159,0.9880452752113342,0.9495016695000231,-0.9874513610848226,0.953048633004073,1.9369530305848457
37220,js,add,insert,remove,0.8277425765991211,9.262961248168722e-05,0.15169021487236023,0.9992609620094299,0.6760523617267609,-0.9991683323969482,0.8276499469866394,1.675220694123709
37275,js,adds,inserts,removes,0.991273820400238,0.0002277136081829667,0.004075491800904274,0.9994344115257263,0.9871983285993338,-0.9992066979175434,0.9910461067920551,1.9864050265168771
37326,js,allow,permit,forbid,0.9868447780609131,0.00013781760935671628,0.0015265896217897534,0.9996399879455566,0.9853181884391233,-0.9995021703361999,0.9867069604515564,1.9848203587753233
37784,js,increase,raise,decrease,0.9964906573295593,0.00020062953990418464,0.0007227495079860091,0.9992716908454895,0.9957679078215733,-0.9990710613055853,0.9962900277896551,1.9948389691271586
38327,js,create,build,destroy,0.8775718212127686,0.00029030325822532177,0.020085280761122704,0.9916222095489502,0.8574865404516459,-0.9913319062907249,0.8772815179545432,1.8488184467423707
38867,js,remove,delete,insert,0.9899893999099731,0.00012316422362346202,0.0018442005384713411,0.9992108345031738,0.9881451993715018,-0.9990876702795504,0.9898662356863497,1.9872328696510522
39516,js,remove,delete,insert,0.9947505593299866,0.0002518896071705967,0.001147396513260901,0.9965683221817017,0.9936031628167257,-0.9963164325745311,0.994498669722816,1.9899195953912567
39533,js,add,insert,remove,0.9876700639724731,0.0001588415034348145,0.004345149267464876,0.9990522265434265,0.9833249147050083,-0.9988933850399917,0.9875112224690383,1.982218299745
39790,js,allow,permit,forbid,0.9970009922981262,0.0004926416440866888,0.0005486921290867031,0.9986364245414734,0.9964523001690395,-0.9981437828973867,0.9965083506540395,1.9945960830664262
39859,js,added,inserted,removed,0.9930505752563477,0.00015677933697588742,0.0006558816530741751,0.9993607401847839,0.9923946936032735,-0.999203960847808,0.9928937959193718,1.9915986544510815
40547,js,add,insert,remove,0.04321639984846115,0.0002198392030550167,0.9508873224258423,0.998406708240509,-0.9076709225773811,-0.998186869037454,0.042996560645406134,0.09051594646007288
40717,js,start,begin,stop,0.7295166850090027,0.0010078074410557747,0.005859164521098137,0.9885868430137634,0.7236575204879045,-0.9875790355727077,0.7285088775679469,1.7112365560606122
40717,js,opened,unlocked,closed,0.862569272518158,0.02523629367351532,0.01070090290158987,0.7624935507774353,0.8518683696165681,-0.73725725710392,0.8373329788446426,1.589125626720488
40928,js,allow,permit,forbid,0.9494733810424805,0.00043053843546658754,0.0017117686802521348,0.9966895580291748,0.9477616123622283,-0.9962590195937082,0.9490428426070139,1.9440206319559366
41865,js,adding,inserting,removing,0.8929793834686279,0.00010084381210617721,0.0839318037033081,0.9997338652610779,0.8090475797653198,-0.9996330214489717,0.8928785396565218,1.8086806012142915
42466,js,disable,block,enable,0.42046135663986206,0.0007914439775049686,0.437551885843277,0.991363525390625,-0.017090529203414917,-0.99057208141312,0.4196699126623571,0.9734815522097051
42466,js,allows,permits,forbids,0.9742285013198853,0.0006175391608849168,0.0029357473831623793,0.9972395896911621,0.9712927539367229,-0.9966220505302772,0.9736109621590003,1.967914804467
42816,js,create,build,destroy,0.8627345561981201,0.0001030525381793268,0.04053352773189545,0.9975040555000305,0.8222010284662247,-0.9974010029618512,0.8626315036599408,1.8196020314280759
43045,js,remove,delete,insert,0.9935328960418701,0.0001491788716521114,0.0026667506899684668,0.9990098476409912,0.9908661453519017,-0.9988606687693391,0.993383717170218,1.9897268141212407
44101,js,add,insert,remove,0.9898039102554321,0.0001342088944511488,0.004213073756545782,0.9989895224571228,0.9855908364988863,-0.9988553135626717,0.989669701360981,1.984446150061558
44196,js,add,insert,remove,0.9942620992660522,0.00016217537631746382,0.001615998800843954,0.9991450309753418,0.9926461004652083,-0.9989828555990243,0.9940999238897348,1.9916289560642326
44823,js,added,inserted,removed,0.9956348538398743,0.00021832319907844067,0.0013650412438437343,0.999372661113739,0.9942698125960305,-0.9991543379146606,0.9954165306407958,1.993424150510691
1141,js,show,display,hide,0.9972113966941833,0.0002121386060025543,0.00029094284400343895,0.9988337159156799,0.9969204538501799,-0.9986215773096774,0.9969992580881808,1.9955420311598573
2565,js,increase,raise,decrease,0.995274007320404,0.00016785746265668422,0.001182005973532796,0.9994068145751953,0.9940920013468713,-0.9992389571125386,0.9951061498577474,1.9933309584594099
3319,js,added,inserted,removed,0.9976447224617004,0.0001747569622239098,0.000729746650904417,0.9994989633560181,0.996914975810796,-0.9993242063937942,0.9974699654994765,1.9962391822045902
4770,js,allow,permit,forbid,0.9909619688987732,0.0002652033872436732,0.0033036423847079277,0.9992282390594482,0.9876583265140653,-0.9989630356722046,0.9906967655115295,1.9866213621862698
4919,js,hidden,covered,shown,0.044058337807655334,0.001798241981305182,0.9338995814323425,0.9824835658073425,-0.8898412436246872,-0.9806853238260373,0.04226009582635015,0.09084408020135015
5873,js,disable,block,enable,0.9881525635719299,0.00026091677136719227,0.0008484840509481728,0.9981176853179932,0.9873040795209818,-0.997856768546626,0.9878916468005627,1.9851608480676077
7915,js,add,insert,remove,0.990645170211792,0.000264834554400295,0.0026687628123909235,0.9980764389038086,0.9879764073994011,-0.9978116043494083,0.9903803356573917,1.9857880117488094
8098,js,add,insert,remove,0.9861207604408264,0.00016749472706578672,0.0043619428761303425,0.9991243481636047,0.9817588175646961,-0.998956853436539,0.9859532657137606,1.980715671001235
8240,js,add,insert,remove,0.9815185070037842,0.00023591428180225194,0.010091033764183521,0.9980984330177307,0.9714274732396007,-0.9978625187359285,0.9812825927219819,1.9692899919755291
8471,js,adding,inserting,removing,0.7482635378837585,0.00013053425936959684,0.2294476330280304,0.9996001124382019,0.5188159048557281,-0.9994695781788323,0.748133003624389,1.5182854830345605
8572,js,added,inserted,removed,0.995649516582489,8.080460975179449e-05,0.0008010051678866148,0.9996707439422607,0.9948485114146024,-0.999589939332509,0.9955687119727372,1.9944384507471113
11006,js,add,insert,remove,0.9842981100082397,0.00010909150296356529,0.006277536507695913,0.9987866282463074,0.9780205735005438,-0.9986775367433438,0.9841890185052762,1.9766981102438876
11099,js,added,inserted,removed,0.9977573752403259,0.0001261867000721395,0.00042325753020122647,0.9995137453079224,0.9973341177101247,-0.9993875586078502,0.9976311885402538,1.996721676317975
12269,js,add,insert,remove,0.9191531538963318,9.148454410023987e-05,0.0656055212020874,0.9993000030517578,0.8535476326942444,-0.9992085185076576,0.9190616693522315,1.852756151201902
12296,js,add,insert,remove,0.9948403239250183,0.00015879939019214362,0.0017235975246876478,0.9988540410995483,0.9931167264003307,-0.9986952417093562,0.9946815245348262,1.9918119681096869
12519,js,allow,permit,forbid,0.9980289340019226,0.0003413256781641394,0.0004158122173976153,0.999128520488739,0.997613121784525,-0.9987871948105749,0.9976876083237585,1.9964003165950999
13588,js,add,insert,remove,0.8889820575714111,0.00013048866821918637,0.10098011046648026,0.9991680383682251,0.7880019471049309,-0.9990375497000059,0.888851568903192,1.7870394968049368
13941,js,added,inserted,removed,0.9939479827880859,0.0001780286111170426,0.001961585134267807,0.9994800686836243,0.9919863976538181,-0.9993020400725072,0.9937699541769689,1.9912884377263254
15423,js,added,inserted,removed,0.9944994449615479,0.00023161666467785835,0.0014477783115580678,0.9993749260902405,0.9930516666499898,-0.9991433094255626,0.99426782829687,1.9921949760755524
15534,js,add,insert,remove,0.9859376549720764,0.00017480751557741314,0.007706205360591412,0.9986541271209717,0.978231449611485,-0.9984793196053943,0.985762847456499,1.9767107692168793
15740,js,add,insert,remove,0.9922399520874023,0.00016411830438300967,0.0021966942586004734,0.9991191029548645,0.9900432578288019,-0.9989549846504815,0.9920758337830193,1.9889982424792834
16727,js,add,insert,remove,0.994604766368866,0.00018548280058894306,0.0008427865104749799,0.9990992546081543,0.993761979858391,-0.9989137718075654,0.994419283568277,1.9926757516659563
16753,js,add,insert,remove,0.9832656383514404,0.00019250593322794884,0.005759295076131821,0.9976758360862732,0.9775063432753086,-0.9974833301530452,0.9830731324182125,1.9749896734283539
16753,js,enable,permit,disable,0.9936948418617249,0.0006659299251623452,0.0009701497037895024,0.9933027029037476,0.9927246921579354,-0.9926367729785852,0.9930289119365625,1.9853614651365206
17082,js,add,insert,remove,0.9954771399497986,0.00020883775141555816,0.0015152391279116273,0.9989442229270935,0.993961900821887,-0.998735385175678,0.995268302198383,1.992697285997565
17182,js,added,inserted,removed,0.9969332218170166,0.0002125281753251329,0.0012496630661189556,0.9994547963142395,0.9956835587508976,-0.9992422681389144,0.9967206936416915,1.994925826889812
18651,js,add,insert,remove,0.9963403940200806,0.00020618111011572182,0.0010827885707840323,0.9989874958992004,0.9952576054492965,-0.9987813147890847,0.9961342129099648,1.9940389202383813
19407,js,add,insert,remove,0.9954044818878174,0.0001661106653045863,0.0009486948838457465,0.9990083575248718,0.9944557870039716,-0.9988422468595672,0.9952383712225128,1.9932980338635389
19714,js,add,insert,remove,0.9959415793418884,0.000129008200019598,0.0014219057047739625,0.9991462230682373,0.9945196736371145,-0.9990172148682177,0.9958125711418688,1.9935368885053322
20736,js,added,inserted,removed,0.9865276217460632,0.00013177402433939278,0.009599899873137474,0.9995827078819275,0.9769277218729258,-0.9994509338575881,0.9863958477217238,1.9763786557305139
21299,js,adding,inserting,removing,0.9928178787231445,0.00013446244702208787,0.0027549867518246174,0.9995623230934143,0.9900628919713199,-0.9994278606463922,0.9926834162761224,1.9894907526177121
22866,js,increase,raise,decrease,0.9930186867713928,0.00019010173855349422,0.0014125969028100371,0.9992631077766418,0.9916060898685828,-0.9990730060380884,0.9928285850328393,1.9906790959066711
23609,js,enabled,permitted,disabled,0.9749590158462524,0.003764103865250945,0.007971473038196564,0.9655709266662598,0.9669875428080559,-0.9618068228010088,0.9711949119810015,1.9287943656090647
24234,js,add,insert,remove,0.987557053565979,0.00010800518066389486,0.005445222370326519,0.9995185136795044,0.9821118311956525,-0.9994105084988405,0.9874490483853151,1.981522339694493
24881,js,removed,deleted,inserted,0.996006429195404,0.00013794688857160509,0.0008122157887555659,0.9994999170303345,0.9951942134066485,-0.9993619701417629,0.9958684823068324,1.9945561835484114
25019,js,adding,inserting,removing,0.9890607595443726,0.00014638842549175024,0.0041143083944916725,0.9994379878044128,0.9849464511498809,-0.9992915993789211,0.9889143711188808,1.984238050528802
25522,js,allow,permit,forbid,0.9903188943862915,0.0005233973497524858,0.003527035005390644,0.9985723495483398,0.9867918593809009,-0.9980489521985874,0.989795497036539,1.9848408115794882
25648,js,added,inserted,removed,0.9936710596084595,0.00010113276221090928,0.002640255494043231,0.9996435642242432,0.9910308041144162,-0.9995424314620323,0.9935699268462486,1.9905732355764485
26278,js,add,insert,remove,0.7285081744194031,0.00011877495853696018,0.251230388879776,0.9993618130683899,0.4772777855396271,-0.9992430381098529,0.7283893994608661,1.47652082364948
27255,js,add,insert,remove,0.9821475744247437,9.990159014705569e-05,0.005592624191194773,0.9994868040084839,0.9765549502335489,-0.9993869024183368,0.9820476728345966,1.9759418526518857
27967,js,added,inserted,removed,0.9939498901367188,0.00017453338659834117,0.0022706252057105303,0.9990584254264832,0.9916792649310082,-0.9988838920398848,0.9937753567501204,1.990563156970893
27967,js,remove,delete,insert,0.988339900970459,0.003027857281267643,0.0014435241464525461,0.9766877293586731,0.9868963768240064,-0.9736598720774055,0.9853120436891913,1.960556248901412
28509,js,include,contain,exclude,0.9936830997467041,0.0004609626193996519,0.0010672680800780654,0.9981840252876282,0.992615831666626,-0.9977230626682285,0.9932221371273044,1.9903388943348546
30298,js,add,insert,remove,0.9928097724914551,0.00019372258975636214,0.0027005758602172136,0.998673677444458,0.9901091966312379,-0.9984799548547016,0.9926160499016987,1.9885891514859395
30376,js,removed,deleted,inserted,0.9968805313110352,0.00024243691586889327,0.0003335192450322211,0.9989086389541626,0.9965470120660029,-0.9986662020382937,0.9966380943951663,1.9952132141042966
30513,js,adds,inserts,removes,0.9954631924629211,0.00010538039350649342,0.0009393180371262133,0.9995997548103333,0.9945238744257949,-0.9994943744168268,0.9953578120694146,1.9940182488426217
32999,js,added,inserted,removed,0.9982272982597351,0.00023315497674047947,0.0004753005923703313,0.9994418025016785,0.9977519976673648,-0.999208647524938,0.9979941432829946,1.9969606451923028
32999,js,remove,delete,insert,0.9965261816978455,0.000314548407914117,0.0009505690541118383,0.9968382120132446,0.9955756126437336,-0.9965236636053305,0.9962116332899313,1.9920992762490641
34051,js,added,inserted,removed,0.9970442652702332,0.00012302747927606106,0.000950265908613801,0.9996562004089355,0.9960939993616194,-0.9995331729296595,0.9969212377909571,1.9956271722912788
34681,js,add,insert,remove,0.7262762188911438,9.61033656494692e-05,0.25370141863822937,0.9993378520011902,0.47257480025291443,-0.9992417486355407,0.7261801155254943,1.4718165488884551
34901,js,add,insert,remove,0.9902915358543396,0.00011023422121070325,0.0031699526589363813,0.9987918734550476,0.9871215831954032,-0.9986816392338369,0.9901813016331289,1.9858032224292401
35077,js,remove,delete,insert,0.9941120743751526,0.00016283549484796822,0.0005887090810574591,0.9984568357467651,0.9935233652940951,-0.9982940002519172,0.9939492388803046,1.9918173655460123
35954,js,add,insert,remove,0.991330623626709,0.000154987457790412,0.003067569574341178,0.9990609288215637,0.9882630540523678,-0.9989059413637733,0.9911756361689186,1.9871689954161411
36825,js,added,inserted,removed,0.9980015158653259,0.0002502221323084086,0.0004480709321796894,0.9994440674781799,0.9975534449331462,-0.9991938453458715,0.9977512937330175,1.9967472902790178
37228,js,create,build,destroy,0.9774665236473083,4.81813149235677e-05,0.003001739038154483,0.999396562576294,0.9744647846091539,-0.9993483812613704,0.9774183423323848,1.9738131658705242
37403,js,added,inserted,removed,0.9982482194900513,0.00016524507373105735,0.0007408144301734865,0.9995245933532715,0.9975074050598778,-0.9993593482795404,0.9980829744163202,1.9968667533394182
37520,js,add,insert,remove,0.9889152646064758,0.00017987110186368227,0.0015041001606732607,0.9986666440963745,0.9874111644458026,-0.9984867729945108,0.9887353935046121,1.9858979374403134
37792,js,added,inserted,removed,0.9685359597206116,0.6925332546234131,0.0080890953540802,0.23293724656105042,0.9604468643665314,0.45959600806236267,0.2760027050971985,0.5008508563041687
37792,js,removed,deleted,inserted,0.8935718536376953,0.015650223940610886,0.008168375119566917,0.9293211102485657,0.8854034785181284,-0.9136708863079548,0.8779216296970844,1.7990743648260832
38207,js,added,inserted,removed,0.994978129863739,0.0001744485489325598,0.001997267361730337,0.9995245933532715,0.9929808625020087,-0.9993501448043389,0.9948036813148065,1.9923310073063476
38462,js,starts,begins,stops,0.7862840890884399,0.009245865046977997,0.0027270240243524313,0.8125241994857788,0.7835570650640875,-0.8032783344388008,0.777038224041462,1.5868353995028883
38462,js,create,build,destroy,0.8806266188621521,0.0011687981896102428,0.002344447188079357,0.9675610065460205,0.8782821716740727,-0.9663922083564103,0.8794578206725419,1.844674380030483
38462,js,creates,builds,destroys,0.8246093988418579,0.0002934493822976947,0.04817911610007286,0.9768489003181458,0.776430282741785,-0.9765554509358481,0.8243159494595602,1.752985733677633
38711,js,create,build,destroy,0.733107328414917,0.0018234463641420007,0.03506287559866905,0.992107093334198,0.6980444528162479,-0.990283646970056,0.731283882050775,1.688328099786304
39425,js,added,inserted,removed,0.9981130361557007,0.00011825365800177678,0.00036634522257372737,0.9995835423469543,0.997746690933127,-0.9994652886889526,0.9979947824976989,1.9972119796220795
6,php,added,inserted,removed,0.9979754090309143,0.00017016408673953265,0.0004462381184566766,0.9995545744895935,0.9975291709124576,-0.999384410402854,0.9978052449441748,1.9969135813153116
31,php,creates,builds,destroys,0.9885745644569397,0.0001373795821564272,0.0014589299680665135,0.9982708692550659,0.9871156344888732,-0.9981334896729095,0.9884371848747833,1.9852491241617827
142,php,remove,delete,insert,0.948030948638916,0.0009889292996376753,0.03639836236834526,0.9944520592689514,0.9116325862705708,-0.9934631299693137,0.9470420193392783,1.9050957162398845
232,php,add,insert,remove,0.9888800382614136,0.00039890853804536164,0.00399020267650485,0.9970679879188538,0.9848898355849087,-0.9966690793808084,0.9884811297233682,1.9815589149657171
268,php,allow,permit,forbid,0.9735022783279419,0.0004034918383695185,0.004990714602172375,0.9987138509750366,0.9685115637257695,-0.9983103591366671,0.9730987864895724,1.9668219228624366
273,php,add,insert,remove,0.9538952112197876,0.00017014493641909212,0.026427704840898514,0.9989399313926697,0.9274675063788891,-0.9987697864562506,0.9537250662833685,1.9262372928351397
275,php,include,contain,exclude,0.9846696853637695,0.000161501913680695,0.001090056262910366,0.9994086027145386,0.9835796291008592,-0.9992471008008579,0.9845081834500888,1.982826729901717
292,php,added,inserted,removed,0.9921448826789856,0.00015503699250984937,0.0027479154523462057,0.9993545413017273,0.9893969672266394,-0.9991995043092174,0.9919898456864757,1.9885964715358568
294,php,add,insert,remove,0.9824926853179932,0.00015791438636370003,0.007554010022431612,0.9991033673286438,0.9749386752955616,-0.9989454529422801,0.9823347709316295,1.9738841282378417
324,php,add,insert,remove,0.9818202257156372,9.971206600312144e-05,0.003218882018700242,0.9993360638618469,0.978601343696937,-0.9992363517958438,0.9817205136496341,1.9778376954927808
383,php,remove,delete,insert,0.9970611929893494,0.00029944739071652293,0.00035480401129461825,0.997395396232605,0.9967063889780547,-0.9970959488418885,0.9967617455986328,1.9938023378199432
409,php,add,insert,remove,0.9905900955200195,0.0003361947601661086,0.0035538338124752045,0.9981483221054077,0.9870362617075443,-0.9978121273452416,0.9902539007598534,1.984848389052786
441,php,removed,deleted,inserted,0.9943552017211914,0.002579130930826068,0.001501175807788968,0.9862288236618042,0.9928540259134024,-0.9836496927309781,0.9917760707903653,1.9765037186443806
506,php,allow,permit,forbid,0.9899942278862,0.004545222502201796,0.001396799343638122,0.9938866496086121,0.9885974285425618,-0.9893414271064103,0.9854490053839982,1.977938855648972
581,php,remove,delete,insert,0.9911438226699829,0.00028368551284074783,0.002084830543026328,0.9985983967781067,0.9890589921269566,-0.9983147112652659,0.9908601371571422,1.9873737033922225
594,php,remove,delete,insert,0.9929920434951782,0.00026064759003929794,0.0014966052258387208,0.9982706308364868,0.9914954382693395,-0.9980099832464475,0.9927313959051389,1.989505421515787
619,php,remove,delete,insert,0.9946402907371521,0.00022075804008636624,0.0013841824838891625,0.9987804293632507,0.9932561082532629,-0.9985596713231644,0.9944195326970657,1.9918157795764273
635,php,remove,delete,insert,0.9928291440010071,0.000326711218804121,0.0020030897576361895,0.9979345798492432,0.9908260542433709,-0.997607868630439,0.992502432782203,1.98843392287381
685,php,remove,delete,insert,0.9901898503303528,0.00031251361360773444,0.0018560985336080194,0.9980167150497437,0.9883337517967448,-0.9977042014361359,0.989877336716745,1.9860379532328807
701,php,remove,delete,insert,0.9911167621612549,0.00019404612248763442,0.0033028635662049055,0.9991039633750916,0.98781389859505,-0.9989099172526039,0.9909227160387672,1.986723815847654
717,php,add,insert,remove,0.9758687615394592,0.0002258103049825877,0.014019740745425224,0.9990645051002502,0.961849020794034,-0.9988386947952677,0.9756429512344766,1.9606877155893017
721,php,adding,inserting,removing,0.9907614588737488,0.0003098880697507411,0.0035342455375939608,0.9991815686225891,0.9872272133361548,-0.9988716805528384,0.990451570803998,1.9860988938889932
749,php,add,insert,remove,0.8419232964515686,0.0006468234350904822,0.13854274153709412,0.9986352324485779,0.7033805549144745,-0.9979884090134874,0.8412764730164781,1.7013689639279619
779,php,remove,delete,insert,0.9966064691543579,0.0005673679988831282,0.0006348692695610225,0.9933125376701355,0.9959715998847969,-0.9927451696712524,0.9960391011554748,1.9887167695560493
782,php,starting,beginning,stopping,0.9576618075370789,0.01061955839395523,0.0028536845929920673,0.9321504235267639,0.9548081229440868,-0.9215308651328087,0.9470422491431236,1.8763389880768955
815,php,remove,delete,insert,0.9969436526298523,0.0002263215574203059,0.00038506975397467613,0.9986200332641602,0.9965585828758776,-0.9983937117067399,0.996717331072432,1.9949522945826175
869,php,remove,delete,insert,0.9961819648742676,0.00015684774552937597,0.00041978893568739295,0.9991171956062317,0.9957621759385802,-0.9989603478607023,0.9960251171287382,1.9947225237992825
894,php,allow,permit,forbid,0.9973213076591492,0.0004742049495689571,0.0006062043830752373,0.9991082549095154,0.9967151032760739,-0.9986340499599464,0.9968471027095802,1.9953491532360204
926,php,add,insert,remove,0.992324709892273,8.69967698235996e-05,0.001443667453713715,0.999660849571228,0.9908810424385592,-0.9995738528014044,0.9922377131224493,1.9904548952399637
974,php,allow,permit,forbid,0.9964399933815002,0.0002712701098062098,0.0010184455895796418,0.9992584586143494,0.9954215477919206,-0.9989871885045432,0.996168723271694,1.9944087362964638
1230,php,add,insert,remove,0.9939418435096741,0.00017534877406433225,0.0013128174468874931,0.9986205101013184,0.9926290260627866,-0.998445161327254,0.9937664947356097,1.9910741873900406
1253,php,adds,inserts,removes,0.7709951996803284,0.00011522793647600338,0.21361815929412842,0.9996104836463928,0.5573770403862,-0.9994952557099168,0.7708799717438524,1.5568722960961168
1300,php,remove,delete,insert,0.9709272980690002,0.00014035121421329677,0.0012447433546185493,0.9991344809532166,0.9696825547143817,-0.9989941297390033,0.970786946854787,1.968676684453385
1300,php,remove,delete,insert,0.9709272980690002,0.00014035121421329677,0.0012447433546185493,0.9991344809532166,0.9696825547143817,-0.9989941297390033,0.970786946854787,1.968676684453385
1306,php,add,insert,remove,0.9918047189712524,0.0004273480153642595,0.002396128373220563,0.9973107576370239,0.9894085905980319,-0.9968834096216597,0.9913773709558882,1.9862920002196915
1335,php,removing,deleting,inserting,0.9955457448959351,0.00018972395628225058,0.0004827866214327514,0.9985477328300476,0.9950629582745023,-0.9983580088737654,0.9953560209396528,1.9934209671482677
1338,php,allow,permit,forbid,0.9952979683876038,0.00015186068776529282,0.000995643436908722,0.9989250302314758,0.994302324950695,-0.9987731695437105,0.9951461076998385,1.9930754944944056
1409,php,remove,delete,insert,0.9922171831130981,0.0004043356457259506,0.0016958393389359117,0.9978247880935669,0.9905213437741622,-0.9974204524478409,0.9918128474673722,1.9879417962220032
1436,php,added,inserted,removed,0.9933277368545532,0.00024379431852139533,0.0008818496135063469,0.9995419979095459,0.9924458872410469,-0.9992982035910245,0.9930839425360318,1.9917440908320714
1454,php,adding,inserting,removing,0.9766755700111389,0.0002879891835618764,0.005619428586214781,0.9994682669639587,0.9710561414249241,-0.9991802777803969,0.976387580827577,1.970236419205321
1490,php,allow,permit,forbid,0.9925109148025513,0.0006763839046470821,0.003003800520673394,0.9971228241920471,0.9895071142818779,-0.9964464402874,0.9918345308979042,1.985953554569278
1493,php,includes,contains,excludes,0.8722534775733948,0.000285605521639809,0.012361766770482063,0.9992623925209045,0.8598917108029127,-0.9989767869992647,0.871967872051755,1.8588684978021774
1501,php,added,inserted,removed,0.9931092262268066,0.00019749155035242438,0.0017405430553480983,0.9992172718048096,0.9913686831714585,-0.9990197802544571,0.9929117346764542,1.9903884634259157
1502,php,adding,inserting,removing,0.9890930652618408,8.582564623793587e-05,0.0016695584636181593,0.9996975660324097,0.9874235067982227,-0.9996117403861717,0.9890072396156029,1.9870352471843944
1502,php,allows,permits,forbids,0.9584495425224304,0.0003502012405078858,0.0016474600415676832,0.9992554783821106,0.9568020824808627,-0.9989052771416027,0.9580993412819225,1.9557073596224654
1543,php,add,insert,remove,0.9897173643112183,0.00013812909310217947,0.0029560367111116648,0.9990501999855042,0.9867613276001066,-0.998912070892402,0.9895792352181161,1.9856733984925086
1569,php,add,insert,remove,0.9937979578971863,0.00021006113092880696,0.00228398316539824,0.9989715814590454,0.991513974731788,-0.9987615203281166,0.9935878967662575,1.9902754950599046
1570,php,add,insert,remove,0.8100755214691162,0.00016671314369887114,0.16964532434940338,0.9991344809532166,0.6404301971197128,-0.9989677678095177,0.8099088083254173,1.6393979649292305
1577,php,allow,permit,forbid,0.9851410388946533,0.0006297724321484566,0.00776665611192584,0.9975724816322327,0.9773743827827275,-0.9969427092000842,0.9845112664625049,1.9743170919828117
1583,php,add,insert,remove,0.9561410546302795,0.00019122254161629826,0.03145679831504822,0.9984020590782166,0.9246842563152313,-0.9982108365366003,0.9559498320886632,1.9228950928518316
1609,php,remove,delete,insert,0.966748058795929,0.00015201089263428003,0.00615084869787097,0.9991305470466614,0.960597210098058,-0.9989785361540271,0.9665960479032947,1.959575746252085
1623,php,add,insert,remove,0.9903682470321655,0.0002591916418168694,0.002856400329619646,0.9983450174331665,0.9875118467025459,-0.9980858257913496,0.9901090553903487,1.9855976724938955
1645,php,creating,building,destroying,0.9827299118041992,0.000498311419505626,0.0044526224955916405,0.9793973565101624,0.9782772893086076,-0.9788990450906567,0.9822316003846936,1.9571763343992643
1671,php,remove,delete,insert,0.9958051443099976,0.00031272368505597115,0.0004210446495562792,0.997238039970398,0.9953840996604413,-0.996925316285342,0.9954924206249416,1.9923094159457833
1714,php,add,insert,remove,0.9927394986152649,0.00011768937110900879,0.0017529375618323684,0.9992818236351013,0.9909865610534325,-0.9991641342639923,0.9926218092441559,1.9901506953174248
1804,php,add,insert,remove,0.99489825963974,0.00015590198745485395,0.0017678206786513329,0.9988753199577332,0.9931304389610887,-0.9987194179702783,0.9947423576522851,1.991849856931367
1804,php,added,inserted,removed,0.9305931925773621,0.00025459748576395214,0.05863408371806145,0.9672670364379883,0.8719591088593006,-0.9670124389522243,0.9303385950915981,1.838971547811525
1873,php,added,inserted,removed,0.9971952438354492,0.00014311604900285602,0.0005597002455033362,0.9995447993278503,0.9966355435899459,-0.9994016832788475,0.9970521277864464,1.9960372268687934
1878,php,add,insert,remove,0.9941847920417786,0.0001650328777031973,0.001649963785894215,0.9988086223602295,0.9925348282558843,-0.9986435894825263,0.9940197591640754,1.9911784177384106
1879,php,add,insert,remove,0.9936578869819641,0.00016177330689970404,0.0024089948274195194,0.9989537000656128,0.9912488921545446,-0.9987919267587131,0.9934961136750644,1.9900408189132577
1885,php,add,insert,remove,0.9937518239021301,0.00021431218192446977,0.002330533228814602,0.9990900754928589,0.9914212906733155,-0.9988757633109344,0.9935375117202057,1.99029705398425
1890,php,add,insert,remove,0.9973871111869812,0.000168391881743446,0.000833079859148711,0.9992353916168213,0.9965540313278325,-0.9990669997350778,0.9972187193052378,1.9956210310629103
1905,php,add,insert,remove,0.991940438747406,0.00042213330743834376,0.0018413367215543985,0.9966030120849609,0.9900991020258516,-0.9961808787775226,0.9915183054399677,1.9862799808033742
1928,php,add,insert,remove,0.9850752353668213,0.00011558667756617069,0.00852626096457243,0.999313473701477,0.9765489744022489,-0.9991978870239109,0.9849596486892551,1.9757468614261597
2030,php,add,insert,remove,0.9859473705291748,0.00022635514324065298,0.0054280320182442665,0.9993218183517456,0.9805193385109305,-0.999095463208505,0.9857210153859342,1.9796148017194355
2031,php,add,insert,remove,0.03234857693314552,0.0038781347684562206,0.9640818238258362,0.9950489401817322,-0.9317332468926907,-0.991170805413276,0.028470442164689302,0.0594375585205853
2031,php,remove,delete,insert,0.03502476215362549,0.001582704484462738,0.9615153670310974,0.9975801706314087,-0.9264906048774719,-0.995997466146946,0.03344205766916275,0.06950686126947403
2075,php,add,insert,remove,0.9495901465415955,0.00011770449054893106,0.03501874953508377,0.9996446371078491,0.9145713970065117,-0.9995269326173002,0.9494724420510465,1.9140983296238119
2090,php,add,insert,remove,0.9954924583435059,7.611351611558348e-05,0.0011939068790525198,0.9994939565658569,0.9942985514644533,-0.9994178430497414,0.9954163448273903,1.9937163945141947
2091,php,add,insert,remove,0.9944842457771301,9.720140951685607e-05,0.0019141681259498,0.9991480112075806,0.9925700776511803,-0.9990508097980637,0.9943870443676133,1.991620887449244
2097,php,remove,delete,insert,0.9906921982765198,9.319683158537373e-05,0.0024135324638336897,0.9994214773178101,0.9882786658126861,-0.9993282804862247,0.9905990014449344,1.9876069462989108
2137,php,removed,deleted,inserted,0.957963228225708,0.000597905833274126,0.0016343430615961552,0.9968016147613525,0.9563288851641119,-0.9962037089280784,0.9573653223924339,1.9525325940921903
2147,php,add,insert,remove,0.3954462707042694,0.00046467880019918084,0.5882172584533691,0.9990692734718323,-0.19277098774909973,-0.9986045946716331,0.39498159190407023,0.8058336069225334
2156,php,add,insert,remove,0.8720893263816833,9.947788930730894e-05,0.10961374640464783,0.9995595812797546,0.7624755799770355,-0.9994601033904473,0.871989848492376,1.7619356833674829
2181,php,allow,permit,forbid,0.9961563944816589,0.0015147480880841613,0.0010070358403027058,0.9970601201057434,0.9951493586413562,-0.9955453720176592,0.9946416463935748,1.9906947306590155
2190,php,add,insert,remove,0.9927238821983337,0.0006120785837993026,0.0033846506848931313,0.998721182346344,0.9893392315134406,-0.9981091037625447,0.9921118036145344,1.9874483352759853
2225,php,added,inserted,removed,0.994124710559845,0.00013832170225214213,0.0018396236700937152,0.9994763731956482,0.9922850868897513,-0.999338051493396,0.9939863888575928,1.9916231383831473
2225,php,allowed,permitted,forbade,0.9501973986625671,0.0002990672364830971,0.005490938201546669,0.9980413913726807,0.9447064604610205,-0.9977423241361976,0.949898331426084,1.942448784597218
2261,php,add,insert,remove,0.9943156838417053,0.00014409105642698705,0.00238709500990808,0.9991115927696228,0.9919285888317972,-0.9989675017131958,0.9941715927852783,1.990896090544993
2266,php,add,insert,remove,0.9946145415306091,0.0001500546495663002,0.0011006685672327876,0.9988572597503662,0.9935138729633763,-0.9987072051007999,0.9944644868810428,1.9922210780641763
2275,php,added,inserted,removed,0.9902728199958801,0.4769253432750702,0.003346043871715665,0.5046780109405518,0.9869267761241645,-0.027752667665481567,0.5133474767208099,1.014679443789646
2275,php,removed,deleted,inserted,0.9891101121902466,0.0004081283987034112,0.003084077499806881,0.9991445541381836,0.9860260346904397,-0.9987364257394802,0.9887019837915432,1.9847624604299199
2296,php,allow,permit,forbid,0.9954203963279724,0.0009254254400730133,0.0008145411848090589,0.998083233833313,0.9946058551431634,-0.99715780839324,0.9944949708878994,1.9917636635364033
2321,php,added,inserted,removed,0.9949609041213989,0.0002190532977692783,0.0013667521998286247,0.9993398785591125,0.9935941519215703,-0.9991208252613433,0.9947418508236296,1.9927149771829136
2322,php,added,inserted,removed,0.9978159666061401,0.00012791117478627712,0.0004825147916562855,0.9996089339256287,0.9973334518144839,-0.9994810227508424,0.9976880554313539,1.9968144745653262
2481,php,hidden,covered,shown,0.942331850528717,0.02731873095035553,0.03804442286491394,0.9683359265327454,0.9042874276638031,-0.9410171955823898,0.9150131195783615,1.845304623246193
2505,php,allow,permit,forbid,0.9970738887786865,0.0006035112892277539,0.0005157957784831524,0.998407781124115,0.9965580930002034,-0.9978042698348872,0.9964703774894588,1.9943623628350906
2515,php,add,insert,remove,0.995582640171051,0.00023456945200450718,0.0007442416972480714,0.9990608096122742,0.994838398473803,-0.9988262401602697,0.9953480707190465,1.9936646386340726
2533,php,added,inserted,removed,0.9976068735122681,0.00011934750364162028,0.0010659064864739776,0.9997463822364807,0.9965409670257941,-0.9996270347328391,0.9974875260086264,1.9961680017586332
2533,php,disable,block,enable,0.9958272576332092,0.00042993173701688647,0.0009209215058945119,0.9917036294937134,0.9949063361273147,-0.9912736977566965,0.9953973258961923,1.9861800338840112
2505,php,allow,permit,forbid,0.9970738887786865,0.0006035112892277539,0.0005157957784831524,0.998407781124115,0.9965580930002034,-0.9978042698348872,0.9964703774894588,1.9943623628350906
2515,php,add,insert,remove,0.995582640171051,0.00023456945200450718,0.0007442416972480714,0.9990608096122742,0.994838398473803,-0.9988262401602697,0.9953480707190465,1.9936646386340726
2547,php,add,insert,remove,0.98939448595047,0.0012637674808502197,0.003787157591432333,0.9899730682373047,0.9856073283590376,-0.9887093007564545,0.9881307184696198,1.974316629115492
2547,php,removed,deleted,inserted,0.9960353970527649,0.0003414271923247725,0.0002716670569498092,0.9982895255088806,0.9957637299958151,-0.9979480983165558,0.9956939698604401,1.993711828312371
2552,php,added,inserted,removed,0.9980757236480713,0.0002242709742859006,0.00043085089419037104,0.999528169631958,0.9976448727538809,-0.9993038986576721,0.9978514526737854,1.996948771411553
2557,php,enable,permit,disable,0.9968016147613525,0.00038055601180531085,0.00042758550262078643,0.9983556866645813,0.9963740292587318,-0.997975130652776,0.9964210587495472,1.9943491599115077
2569,php,add,insert,remove,0.9951605200767517,6.129819666966796e-05,0.0012550916289910674,0.9996761083602905,0.9939054284477606,-0.9996148101636209,0.995099221880082,1.9935202386113815
2576,php,add,insert,remove,0.9971868395805359,0.0001290496438741684,0.0008232987602241337,0.9993663430213928,0.9963635408203118,-0.9992372933775187,0.9970577899366617,1.9956008341978304
2576,php,hidden,covered,shown,0.00430934876203537,0.00019650770991574973,0.9916337728500366,0.9977872371673584,-0.9873244240880013,-0.9975907294574426,0.00411284105211962,0.010266305369441397
2593,php,remove,delete,insert,0.9974416494369507,0.00013037992175668478,0.0006415089010260999,0.9990630745887756,0.9968001405359246,-0.998932694667019,0.997311269515194,1.9957328352029435
2621,php,create,build,destroy,0.9468419551849365,0.0001427990646334365,0.015474417246878147,0.9958938360214233,0.9313675379380584,-0.9957510369567899,0.9466991561203031,1.9271185748948483
2622,php,add,insert,remove,0.9937108755111694,0.0003669718571472913,0.003332293825224042,0.9985424280166626,0.9903785816859454,-0.9981754561595153,0.9933439036540221,1.9885540378454607
2622,php,remove,delete,insert,0.9802989363670349,6.301159010035917e-05,0.01050855964422226,0.9997203946113586,0.9697903767228127,-0.9996573830212583,0.9802359247769346,1.969447759744071
2632,php,remove,delete,insert,0.9970431923866272,0.0002333424345124513,0.0004002489149570465,0.9978492259979248,0.9966429434716702,-0.9976158835634124,0.9968098499521147,1.9942588270350825
2897,php,add,insert,remove,0.9953243732452393,0.000152647087816149,0.0011565840104594827,0.9986621141433716,0.9941677892347798,-0.9985094670555554,0.9951717261574231,1.9926772562903352
3140,php,allow,permit,forbid,0.9954772591590881,0.0010095845209434628,0.002032376592978835,0.9953281879425049,0.9934448825661093,-0.9943186034215614,0.9944676746381447,1.9877634859876707
3146,php,allow,permit,forbid,0.9956860542297363,0.0009243196109309793,0.0017637134296819568,0.9968553781509399,0.9939223408000544,-0.995931058540009,0.9947617346188053,1.9898533993400633
3181,php,disabled,blocked,enabled,0.46702873706817627,0.0267719104886055,0.009975668974220753,0.5312042832374573,0.4570530680939555,-0.5044323727488518,0.44025682657957077,0.9614854408428073
3240,php,add,insert,remove,0.9586244225502014,0.00010913805454038084,0.03259165585041046,0.9997398257255554,0.926032766699791,-0.999630687671015,0.958515284495661,1.925663454370806
3277,php,remove,delete,insert,0.9862232804298401,0.00020772707648575306,0.0010772631503641605,0.9988951086997986,0.9851460172794759,-0.9986873816233128,0.9860155533533543,1.9838333989027888
3281,php,add,insert,remove,0.9921852946281433,0.00011569575872272253,0.004032121505588293,0.999702513217926,0.988153173122555,-0.9995868174592033,0.9920695988694206,1.9877399905817583
3296,php,add,insert,remove,0.9880623817443848,0.00018533247930463403,0.00354492268525064,0.998117208480835,0.9845174590591341,-0.9979318760015303,0.9878770492650801,1.9824493350606645
3299,php,remove,delete,insert,0.9923738837242126,0.00023742939811199903,0.0024473152589052916,0.9990382194519043,0.9899265684653074,-0.9988007900537923,0.9921364543261006,1.9887273585190997
3339,php,removed,deleted,inserted,0.90735924243927,0.0005094942171126604,0.08212307095527649,0.9991375207901001,0.8252361714839935,-0.9986280265729874,0.9068497482221574,1.823864198056981
3373,php,remove,delete,insert,0.9969462752342224,0.0005612509557977319,0.0006817576941102743,0.995306670665741,0.9962645175401121,-0.9947454197099432,0.9963850242784247,1.9910099372500554
3452,php,add,insert,remove,0.9827989935874939,0.00019012190750800073,0.009832470677793026,0.9987574815750122,0.9729665229097009,-0.9985673596675042,0.9826088716799859,1.971533882577205
3454,php,add,insert,remove,0.9481506943702698,0.0003470515366643667,0.031781088560819626,0.9989768266677856,0.9163696058094501,-0.9986297751311213,0.9478036428336054,1.9149993809405714
3477,php,allow,permit,forbid,0.9952079653739929,0.00043739972170442343,0.0013864764478057623,0.9987247586250305,0.9938214889261872,-0.9982873589033261,0.9947705656522885,1.9921088478295133
3482,php,allow,permit,forbid,0.9951411485671997,0.002466796664521098,0.000839745975099504,0.9971566200256348,0.9943014025921002,-0.9946898233611137,0.9926743519026786,1.9889912259532139
3496,php,allow,permit,forbid,0.9790841341018677,0.0003258305659983307,0.0017958926036953926,0.9989884495735168,0.9772882414981723,-0.9986626190075185,0.9787583035358693,1.9759508605056908
3496,php,allows,permits,forbids,0.9189784526824951,0.00015608544345013797,0.0011203415924683213,0.9995349645614624,0.9178581110900268,-0.9993788791180123,0.918822367239045,1.917236990208039
3549,php,adds,inserts,removes,0.13323980569839478,0.0002617221907712519,0.8513094186782837,0.9995597004890442,-0.7180696129798889,-0.9992979782982729,0.13297808350762352,0.281228365318384
3549,php,increases,raises,decreases,0.6880937218666077,0.000570264644920826,0.25912922620773315,0.9988628625869751,0.4289644956588745,-0.9982925979420543,0.6875234572216868,1.4272570936009288
3549,php,create,build,destroy,0.7941991686820984,0.000338558602379635,0.18285442888736725,0.9979549646377563,0.6113447397947311,-0.9976164060353767,0.7938606100797188,1.6089611458301079
3637,php,removed,deleted,inserted,0.9973249435424805,0.000951543275732547,0.00017730877152644098,0.997209370136261,0.997147634770954,-0.9962578268605284,0.9963734002667479,1.9934054616314825
3645,php,removing,deleting,inserting,0.9932827949523926,0.00010274487431161106,0.0006444447208195925,0.99959796667099,0.992638350231573,-0.9994952217966784,0.993180050078081,1.9921335720282514
3668,php,added,inserted,removed,0.9973347187042236,0.0001241108402609825,0.000828848744276911,0.9993141889572144,0.9965058699599467,-0.9991900781169534,0.9972106078639627,1.9956959480769
3668,php,allow,permit,forbid,0.9978755712509155,0.0004049388226121664,0.0005016812938265502,0.9974172115325928,0.997373889957089,-0.9970122727099806,0.9974706324283034,1.9943861626670696
3708,php,remove,delete,insert,0.9964061379432678,0.00026709696976467967,0.0005785184912383556,0.9986045956611633,0.9958276194520295,-0.9983374986913987,0.9961390409735031,1.9941651181434281
3736,php,add,insert,remove,0.9575624465942383,9.818427497521043e-05,0.03373430296778679,0.9994497895240784,0.9238281436264515,-0.9993516052491032,0.9574642623192631,1.9231797488755547
3760,php,add,insert,remove,0.9969832301139832,0.00023160359705798328,0.001126277376897633,0.9987516403198242,0.9958569527370855,-0.9985200367227662,0.9967516265169252,1.9943769894598518
3767,php,include,contain,exclude,0.9896552562713623,0.00030228070681914687,0.002305413596332073,0.9993470311164856,0.9873498426750302,-0.9990447504096664,0.9893529755645432,1.9863945930846967
3787,php,add,insert,remove,0.9953871369361877,0.00017466167628299445,0.0008945079753175378,0.9987234473228455,0.9944926289608702,-0.9985487856465625,0.9952124752599047,1.9930414146074327
3821,php,add,insert,remove,0.9877851009368896,0.00017121268319897354,0.005202323663979769,0.9989977478981018,0.9825827772729099,-0.9988265352149028,0.9876138882536907,1.9814093124878127
3829,php,add,insert,remove,0.8237665891647339,0.00015810277545824647,0.15862351655960083,0.9991856217384338,0.6651430726051331,-0.9990275189629756,0.8236084863892756,1.6641705915681086
3830,php,add,insert,remove,0.9908261895179749,0.00011379156785551459,0.004478013142943382,0.9992443323135376,0.9863481763750315,-0.9991305407456821,0.9907123979501193,1.9854787171207136
3885,php,add,insert,remove,0.9838032722473145,0.00018184914370067418,0.009772947058081627,0.9985526204109192,0.9740303251892328,-0.9983707712672185,0.9836214231036138,1.9724010964564513
3928,php,hide,cover,show,0.9926483035087585,0.7006910443305969,0.0005973457591608167,0.2840421497821808,0.9920509577495977,0.41664889454841614,0.2919572591781616,0.5754020632011816
4013,php,allow,permit,forbid,0.9911079406738281,0.00048161568702198565,0.0022450953256338835,0.998023271560669,0.9888628453481942,-0.997541655873647,0.9906263249868061,1.9864045012218412
4067,php,added,inserted,removed,0.995126485824585,0.00022044384968467057,0.001281640725210309,0.9995232820510864,0.9938448450993747,-0.9993028382014018,0.9949060419749003,1.9931476833007764
4072,php,add,insert,remove,0.9913572072982788,0.000192081875866279,0.0031496898736804724,0.9989759922027588,0.9882075174245983,-0.9987839103268925,0.9911651254224125,1.9869914277514908
4073,php,added,inserted,removed,0.9737512469291687,0.00011276073928456753,0.004232429433614016,0.9993422627449036,0.9695188174955547,-0.999229502005619,0.9736384861898841,1.9687483195011737
4098,php,added,inserted,removed,0.9961366057395935,0.00010922439105343074,0.0011164427269250154,0.9994722008705139,0.9950201630126685,-0.9993629764794605,0.9960273813485401,1.994383139492129
4098,php,enable,permit,disable,0.9969494938850403,0.00045156609849072993,0.0006246328121051192,0.9958795309066772,0.9963248610729352,-0.9954279648081865,0.9964979277865496,1.9917528258811217
4100,php,added,inserted,removed,0.9898995757102966,0.0010615333449095488,0.00288851885125041,0.9962767958641052,0.9870110568590462,-0.9952152625191957,0.9888380423653871,1.982226319378242
4100,php,remove,delete,insert,0.9401365518569946,0.0004174690693616867,0.025704506784677505,0.9975438714027405,0.9144320450723171,-0.9971264023333788,0.9397190827876329,1.911558447405696
4109,php,increase,raise,decrease,0.9813451766967773,0.00022526671818923205,0.0014073397032916546,0.9993367791175842,0.9799378369934857,-0.999111512399395,0.9811199099785881,1.9790493493928807
4141,php,added,inserted,removed,0.9972050786018372,0.0001342828181805089,0.0007902339566498995,0.9995720982551575,0.9964148446451873,-0.999437815436977,0.9970707957836566,1.9958526600821642
4249,php,remove,delete,insert,0.9414243698120117,0.00015242700465023518,0.024107815697789192,0.9991795420646667,0.9173165541142225,-0.9990271150600165,0.9412719428073615,1.916343669174239
4256,php,created,built,destroyed,0.9236523509025574,0.00030521166627295315,0.0145393256098032,0.9884894490242004,0.9091130252927542,-0.9881842373579275,0.9233471392362844,1.8972972626506817
4272,php,remove,delete,insert,0.9675012230873108,0.00021173976710997522,0.01168245729058981,0.9993746876716614,0.955818765796721,-0.9991629479045514,0.9672894833202008,1.9549817137012724
4283,php,add,insert,remove,0.9400992393493652,0.0002364451065659523,0.047934792935848236,0.9981448650360107,0.892164446413517,-0.9979084199294448,0.9398627942427993,1.8900728663429618
4318,php,show,display,hide,0.9907041192054749,0.0001877184258773923,0.004052159376442432,0.9994955062866211,0.9866519598290324,-0.9993077878607437,0.9905164007795975,1.9859597476897761
4318,php,showing,displaying,hiding,0.9645646810531616,0.8440095782279968,0.013674025423824787,0.13079693913459778,0.9508906556293368,0.713212639093399,0.1205551028251648,0.23767801653593779
4457,php,added,inserted,removed,0.997421145439148,7.464065856765956e-05,0.00033719930797815323,0.9996477365493774,0.9970839461311698,-0.9995730958908098,0.9973465047805803,1.9966570420219796
4457,php,show,display,hide,0.9810813069343567,9.881403093459085e-05,0.000715217087417841,0.9987000226974487,0.9803660898469388,-0.9986012086665141,0.9809824929034221,1.978967298513453
4547,php,add,insert,remove,0.992594301700592,0.000121380238851998,0.0007837093435227871,0.9993651509284973,0.9918105923570693,-0.9992437706896453,0.99247292146174,1.9910543630467146
4569,php,adding,inserting,removing,0.9949626922607422,0.00016913024592213333,0.0013452584389597178,0.9994944334030151,0.9936174338217825,-0.999325303157093,0.99479356201482,1.9929427369788755
4570,php,adding,inserting,removing,0.9922899603843689,0.0001257055118912831,0.002930857241153717,0.9995754361152649,0.9893591031432152,-0.9994497306033736,0.9921642548724776,1.9888088337465888
4575,php,add,insert,remove,0.991014301776886,0.00010537703201407567,0.0022598514333367348,0.9989160299301147,0.9887544503435493,-0.9988106528981007,0.9909089247448719,1.98756510324165
4646,php,added,inserted,removed,0.9906546473503113,0.00016433886776212603,0.002029635477811098,0.9994385838508606,0.9886250118725002,-0.9992742449830985,0.9904903084825492,1.9878992568555987
4660,php,added,inserted,removed,0.9902536273002625,0.0001743282628012821,0.001853590365499258,0.9995548129081726,0.9884000369347632,-0.9993804846453713,0.9900792990374612,1.9877805215801345
4666,php,remove,delete,insert,0.13918769359588623,0.008826332166790962,0.8489561676979065,0.9893785119056702,-0.7097684741020203,-0.9805521797388792,0.13036136142909527,0.27078370563685894
4729,php,add,insert,remove,0.9951794147491455,0.00016247785242740065,0.0007337236311286688,0.9992297887802124,0.9944456911180168,-0.999067310927785,0.9950169368967181,1.9935130020458018
4843,php,allow,permit,forbid,0.9894616007804871,0.00024166207003872842,0.0010712775401771069,0.9991023540496826,0.98839032324031,-0.9988606919796439,0.9892199387104483,1.9872510152199538
4855,php,add,insert,remove,0.9722575545310974,0.00014145423483569175,0.005089979153126478,0.9988283514976501,0.9671675753779709,-0.9986868972628145,0.9721161002962617,1.9658544726407854
4867,php,add,insert,remove,0.9916948676109314,0.0002876877842936665,0.0011028923327103257,0.9528111219406128,0.9905919752782211,-0.9525234341563191,0.9914071798266377,1.9431154094345402
4903,php,add,insert,remove,0.9739812016487122,7.960930815897882e-05,0.003365609794855118,0.9993065595626831,0.970615591853857,-0.9992269502545241,0.9739015923405532,1.9698425421083812
4963,php,remove,delete,insert,0.9953228831291199,0.000277523446129635,0.0013001502957195044,0.998492956161499,0.9940227328334004,-0.9982154327153694,0.9950453596829902,1.9922381655487698
4995,php,add,insert,remove,0.9945926070213318,0.00015837450337130576,0.0007621254189871252,0.9991156458854675,0.9938304816023447,-0.9989572713820962,0.9944342325179605,1.9927877529844409
6263,php,disable,block,enable,0.9060748815536499,0.0004783418553415686,0.004320034757256508,0.9946158528327942,0.9017548467963934,-0.9941375109774526,0.9055965396983083,1.895892357773846
6351,php,added,inserted,removed,0.9939275979995728,0.00018979088054038584,0.0019302944419905543,0.9994707703590393,0.9919973035575822,-0.9992809794784989,0.9937378071190324,1.9912782830360811
6371,php,remove,delete,insert,0.9694934487342834,0.0003584442602004856,0.010068011470139027,0.9985080361366272,0.9594254372641444,-0.9981495918764267,0.969135004474083,1.9575750291405711
6385,php,removed,deleted,inserted,0.8038396239280701,0.00046163349179551005,0.0016324996249750257,0.9989755153656006,0.802207124303095,-0.9985138818738051,0.8033779904362746,1.8007210061769001
6385,php,open,unlock,close,0.737644612789154,0.049825962632894516,0.16552743315696716,0.9007333517074585,0.5721171796321869,-0.850907389074564,0.6878186501562595,1.4230245687067509
6449,php,added,inserted,removed,0.996936559677124,0.00018685791292227805,0.000922621984500438,0.9994605183601379,0.9960139376926236,-0.9992736604472157,0.9967497017642017,1.9952875981398392
6451,php,allow,permit,forbid,0.9967092275619507,0.0003393437073100358,0.000743259908631444,0.9988440275192261,0.9959659676533192,-0.998504683811916,0.9963698838546406,1.9944706514652353
6515,php,adding,inserting,removing,0.973447859287262,0.050550512969493866,0.002013682620599866,0.9261226654052734,0.9714341766666621,-0.8755721524357796,0.9228973463177681,1.8470063291024417
6515,php,removing,deleting,inserting,0.9202505350112915,0.0024178267922252417,0.004712090827524662,0.9797906279563904,0.9155384441837668,-0.9773728011641651,0.9178327082190663,1.892911245347932
6535,php,enable,permit,disable,0.9945799112319946,0.00029626343166455626,0.0009434673120267689,0.9982547163963318,0.9936364439199679,-0.9979584529646672,0.9942836478003301,1.991594896884635
6538,php,added,inserted,removed,0.9864017367362976,0.00038111605681478977,0.001702787121757865,0.9991781115531921,0.9846989496145397,-0.9987969954963773,0.9860206206794828,1.983495945110917
6571,php,accept,take,reject,0.7285890579223633,0.026906371116638184,0.1342279613018036,0.9498235583305359,0.5943610966205597,-0.9229171872138977,0.7016826868057251,1.5172782838344574
6621,php,add,insert,remove,0.9885586500167847,0.00018098398868460208,0.004299349617213011,0.9994152784347534,0.9842593003995717,-0.9992342944460688,0.9883776660281001,1.9834935948456405
6627,php,added,inserted,removed,0.9892184138298035,0.0002367163688177243,0.0027942582964897156,0.9994186162948608,0.9864241555333138,-0.9991818999260431,0.9889816974609857,1.9856060554593569
6630,php,added,inserted,removed,0.9891504645347595,0.00012285889533814043,0.002463796641677618,0.9992969036102295,0.9866866678930819,-0.9991740447148914,0.9890276056394214,1.9858607126079733
6631,php,added,inserted,removed,0.9705128073692322,0.00017072736227419227,0.018790170550346375,0.9989888072013855,0.9517226368188858,-0.9988180798391113,0.970342080006958,1.950540716657997
6631,php,create,build,destroy,0.9433432221412659,0.00017839354404713959,0.009385870769619942,0.9719043970108032,0.9339573513716459,-0.9717260034667561,0.9431648285972187,1.905683354838402
6635,php,creating,building,destroying,0.9898219108581543,0.0002516541280783713,0.002342003397643566,0.9935206770896912,0.9874799074605107,-0.9932690229616128,0.9895702567300759,1.9807489304221235
6695,php,add,insert,remove,0.9932990074157715,0.00024761082022450864,0.0018313722684979439,0.998573899269104,0.9914676351472735,-0.9983262884488795,0.993051396595547,1.989793923596153
6695,php,start,begin,stop,0.9862694144248962,0.0023093305062502623,0.0018653121078386903,0.9578128457069397,0.9844041023170575,-0.9555035152006894,0.983960083918646,1.939907617517747
6715,php,add,insert,remove,0.6328811049461365,0.003356038359925151,0.33854761719703674,0.9956238865852356,0.29433348774909973,-0.9922678482253104,0.6295250665862113,1.2866013359744102
6716,php,add,insert,remove,0.9666570425033569,0.0036363620311021805,0.005297797732055187,0.9946828484535217,0.9613592447713017,-0.9910464864224195,0.9630206804722548,1.9524057311937213
6716,php,remove,delete,insert,0.9139906764030457,0.00517231272533536,0.020691435784101486,0.9936898946762085,0.8932992406189442,-0.9885175819508731,0.9088183636777103,1.8818168225698173
6717,php,add,insert,remove,0.3900640606880188,0.0003098669112659991,0.5958645343780518,0.9980192184448242,-0.20580047369003296,-0.9977093515335582,0.3897541937767528,0.7919088778435253
6774,php,add,insert,remove,0.9686743021011353,0.0005512592033483088,0.011381071992218494,0.9965698719024658,0.9572932301089168,-0.9960186126991175,0.968123042897787,1.9533118428080343
6801,php,remove,delete,insert,0.9431763887405396,0.0009584017097949982,0.04449349641799927,0.9976000189781189,0.8986828923225403,-0.9966416172683239,0.9422179870307446,1.8953245095908642
7029,php,add,insert,remove,0.988556981086731,0.00011758305481635034,0.0010453357826918364,0.9990848302841187,0.9875116453040391,-0.9989672472293023,0.9884393980319146,1.9864788925333414
7033,php,remove,delete,insert,0.9917343854904175,0.00021496863337233663,0.002117416588589549,0.9982805252075195,0.9896169689018279,-0.9980655565741472,0.9915194168570451,1.9876825254759751
7038,php,add,insert,remove,0.978104293346405,0.00039676070446148515,0.014361674897372723,0.9985104203224182,0.9637426184490323,-0.9981136596179567,0.9777075326419435,1.961856278066989
7038,php,remove,delete,insert,0.9961565136909485,0.000277543265838176,0.0010785070480778813,0.9978121519088745,0.9950780066428706,-0.9975346086430363,0.9958789704251103,1.992612615285907
7173,php,remove,delete,insert,0.9970345497131348,0.0006447986816056073,0.0006394839729182422,0.9969990253448486,0.9963950657402165,-0.996354226663243,0.9963897510315292,1.9927492924034595
7243,php,add,insert,remove,0.9938969016075134,0.0002833159815054387,0.00153759412933141,0.9986662864685059,0.992359307478182,-0.9983829704870004,0.993613585626008,1.9907422779651824
7243,php,remove,delete,insert,0.9958125948905945,0.00042729248525574803,0.0007644189754500985,0.9981492757797241,0.9950481759151444,-0.9977219832944684,0.9953853024053387,1.9927701592096128
7264,php,created,built,destroyed,0.9527754783630371,7.170988101279363e-05,0.0042396122589707375,0.9968587160110474,0.9485358661040664,-0.9967870061300346,0.9527037684820243,1.945322872234101
7265,php,show,display,hide,0.9891819357872009,0.00047351763350889087,0.0015973950503394008,0.9987711310386658,0.9875845407368615,-0.9982976134051569,0.988708418153692,1.9858821541420184
7328,php,removed,deleted,inserted,0.9340204000473022,0.00012597536260727793,0.06032957881689072,0.9997437596321106,0.8736908212304115,-0.9996177842695033,0.933894424684695,1.8733086054999148
7521,php,show,display,hide,0.9927567839622498,0.00016373545804526657,0.0005918550305068493,0.9987713694572449,0.9921649289317429,-0.9986076339991996,0.9925930485042045,1.9907725629309425
7540,php,enabled,permitted,disabled,0.9745818376541138,0.0010074226884171367,0.00866418331861496,0.9918792843818665,0.9659176543354988,-0.9908718616934493,0.9735744149656966,1.9567895160289481
7598,php,remove,delete,insert,0.9901872277259827,0.00028045004000887275,0.0030863583087921143,0.998555600643158,0.9871008694171906,-0.9982751506031491,0.9899067776859738,1.9853760200203396
7682,php,removed,deleted,inserted,0.9965957999229431,0.00017760558694135398,0.0009616545867174864,0.9994603991508484,0.9956341453362256,-0.999282793563907,0.9964181943360018,1.9949169389001327
7706,php,added,inserted,removed,0.9939804077148438,0.0001825782237574458,0.0022146878764033318,0.9993544220924377,0.9917657198384404,-0.9991718438686803,0.9937978294910863,1.9909375637071207
7832,php,add,insert,remove,0.9915549159049988,0.00026116278604604304,0.002756227971985936,0.9983635544776917,0.9887986879330128,-0.9981023916916456,0.9912937531189527,1.9869010796246585
7873,php,remove,delete,insert,0.9799554944038391,0.000347891851561144,0.0035934285260736942,0.9976935982704163,0.9763620658777654,-0.9973457064188551,0.979607602552278,1.9737077722966205
7901,php,add,insert,remove,0.9766355752944946,0.00012664627865888178,0.014658588916063309,0.9993430972099304,0.9619769863784313,-0.9992164509312715,0.9765089290158357,1.9611934373097029
7946,php,remove,delete,insert,0.9896270036697388,0.00025615468621253967,0.0024718104396015406,0.9981473684310913,0.9871551932301372,-0.9978912137448788,0.9893708489835262,1.985046406975016
8100,php,add,insert,remove,0.6228321194648743,0.001465772045776248,0.3463764190673828,0.9959173798561096,0.27645570039749146,-0.9944516078103334,0.621366347419098,1.2709073082078248
8100,php,removed,deleted,inserted,0.8833699226379395,0.0003697869542520493,0.08694792538881302,0.9977020621299744,0.7964219972491264,-0.9973322751757223,0.8830001356836874,1.7937542724248488
8117,php,remove,delete,insert,0.9956739544868469,0.0003561610938049853,0.000803737435489893,0.9983710646629333,0.994870217051357,-0.9980149035691284,0.9953177933930419,1.9928851206204854
8163,php,add,insert,remove,0.9553601741790771,0.055815473198890686,0.023826850578188896,0.9386757016181946,0.9315333236008883,-0.8828602284193039,0.8995447009801865,1.8143935520201921
8163,php,remove,delete,insert,0.9502500891685486,0.0010471396381035447,0.024982960894703865,0.9976133108139038,0.9252671282738447,-0.9965661711758003,0.949202949530445,1.921833299449645
8192,php,add,insert,remove,0.9900533556938171,0.00016280972340609878,0.0051642912440001965,0.9993657469749451,0.9848890644498169,-0.999202937251539,0.989890545970411,1.984092001701356
8344,php,remove,delete,insert,0.9962014555931091,0.00014697566803079098,0.00044079977669753134,0.9985842704772949,0.9957606558164116,-0.9984372948092641,0.9960544799250783,1.9941979506256757
8391,php,remove,delete,insert,0.9936869740486145,0.0001562312536407262,0.0011451808968558908,0.9991889595985413,0.9925417931517586,-0.9990327283449005,0.9935307427949738,1.9915745214966591
8405,php,adds,inserts,removes,0.8259025812149048,8.746467938181013e-05,0.09469471126794815,0.9996376037597656,0.7312078699469566,-0.9995501390803838,0.825815116535523,1.7307580090273404
125,py,add,insert,remove,0.9223688244819641,8.703696221346036e-05,0.03708912059664726,0.9994219541549683,0.8852797038853168,-0.9993349171927548,0.9222817875197507,1.8846146210780717
219,py,create,build,destroy,0.9531198740005493,0.0001029496852424927,0.008269231766462326,0.9973413348197937,0.944850642234087,-0.9972383851345512,0.9530169243153068,1.9420890273686382
286,py,create,build,destroy,0.9578105211257935,0.00016227061860263348,0.013474754989147186,0.9968889355659485,0.9443357661366463,-0.9967266649473459,0.9576482505071908,1.9410624310839921
633,py,added,inserted,removed,0.9956859350204468,8.53487872518599e-05,0.0006743133999407291,0.9995543360710144,0.995011621620506,-0.9994689872837625,0.9956005862331949,1.9944806089042686
647,py,added,inserted,removed,0.9965397119522095,0.0001658657129155472,0.0013217366067692637,0.9994169473648071,0.9952179753454402,-0.9992510816518916,0.9963738462392939,1.9944690569973318
652,py,add,insert,remove,0.9884235262870789,0.00013577390927821398,0.0033437854144722223,0.9992864727973938,0.9850797408726066,-0.9991506988881156,0.9882877523778006,1.9842304397607222
751,py,start,begin,stop,0.9753808379173279,0.00026905970298685133,0.0012214424787089229,0.9989448189735413,0.974159395438619,-0.9986757592705544,0.975111778214341,1.9728351547091734
877,py,allow,permit,forbid,0.9925504922866821,0.0003905763733200729,0.002655859338119626,0.9988672733306885,0.9898946329485625,-0.9984766969573684,0.9921599159133621,1.988371329905931
1133,py,add,insert,remove,0.3957495093345642,0.00017494561325293034,0.5937185287475586,0.9991266131401062,-0.19796901941299438,-0.9989516675268533,0.3955745637213113,0.8009826481138589
1170,py,add,insert,remove,0.9899123311042786,0.00012058542779413983,0.0017817154293879867,0.9993138313293457,0.9881306156748906,-0.9991932459015516,0.9897917456764844,1.9873238615764421
1216,py,open,unlock,close,0.7807145118713379,0.0007150006131269038,0.16806167364120483,0.9606884717941284,0.6126528382301331,-0.9599734711810015,0.779999511258211,1.5726263094111346
1229,py,add,insert,remove,0.9883912801742554,0.0002170315128751099,0.005868160631507635,0.998382568359375,0.9825231195427477,-0.9981655368464999,0.9881742486613803,1.9806886563892476
1284,py,allow,permit,forbid,0.994574248790741,0.00033453633659519255,0.0011914867209270597,0.9989950060844421,0.9933827620698139,-0.998660469747847,0.9942397124541458,1.9920432318176609
1446,py,add,insert,remove,0.9930045008659363,0.0001571232860442251,0.003481454448774457,0.9990298748016357,0.9895230464171618,-0.9988727515155915,0.992847377579892,1.9883957979327533
1898,py,add,insert,remove,0.9899387359619141,0.00013855556608177722,0.0026562069542706013,0.9993261098861694,0.9872825290076435,-0.9991875543200877,0.9898001803958323,1.9864700833277311
2199,py,add,insert,remove,0.9893118739128113,0.00012297462671995163,0.005664468742907047,0.9988036155700684,0.9836474051699042,-0.9986806409433484,0.9891888992860913,1.9823280461132526
2204,py,removes,deletes,inserts,0.9944171905517578,0.00023111779591999948,0.0007350662490352988,0.9990586638450623,0.9936821243027225,-0.9988275460491423,0.9941860727558378,1.9925096703518648
2400,py,allowed,permitted,forbade,0.9961088299751282,0.00031960970954969525,0.0009254176984541118,0.9988347887992859,0.9951834122766741,-0.9985151790897362,0.9957892202655785,1.9936985913664103
2431,py,add,insert,remove,0.9921860694885254,0.00021793933410663158,0.003116539679467678,0.9978600144386292,0.9890695298090577,-0.9976420751045225,0.9919681301544188,1.9867116049135802
2701,py,remove,delete,insert,0.9951569437980652,0.00033463025465607643,0.0006604806403629482,0.9891148805618286,0.9944964631577022,-0.9887802503071725,0.9948223135434091,1.9832767134648748
2760,py,add,insert,remove,0.9808026552200317,0.00015742247342132032,0.002028104616329074,0.9991601705551147,0.9787745506037027,-0.9990027480816934,0.9806452327466104,1.977777298685396
2820,py,allow,permit,forbid,0.9973249435424805,0.0005109182675369084,0.0007330632070079446,0.998595654964447,0.9965918803354725,-0.9980847366969101,0.9968140252749436,1.9946766170323826
2832,py,adds,inserts,removes,0.9950726628303528,7.36172150936909e-05,0.0012450156500563025,0.999657154083252,0.9938276471802965,-0.9995835368681583,0.9949990456152591,1.9934111840484547
2832,py,allow,permit,forbid,0.9768283367156982,0.00016106083057820797,0.0044100540690124035,0.9991973042488098,0.9724182826466858,-0.9990362434182316,0.97666727588512,1.9714545260649174
2997,py,add,insert,remove,0.9934176206588745,0.00014179732534103096,0.0019111179281026125,0.999194324016571,0.9915065027307719,-0.99905252669123,0.9932758233335335,1.990559029422002
3086,py,add,insert,remove,0.9573701024055481,0.00017514903447590768,0.025997808203101158,0.9990156888961792,0.9313722942024469,-0.9988405398617033,0.9571949533710722,1.9302128340641502
3132,py,add,insert,remove,0.981202244758606,0.0002034852368524298,0.0077044605277478695,0.9990285634994507,0.9734977842308581,-0.9988250782625983,0.9809987595217535,1.9723228624934563
3206,py,added,inserted,removed,0.9644887447357178,0.00018893936066888273,0.021911194548010826,0.9991971850395203,0.942577550187707,-0.9990082456788514,0.9642998053750489,1.9415857958665583
3206,py,removed,deleted,inserted,0.9873796701431274,0.00027764117112383246,0.007970425300300121,0.9989375472068787,0.9794092448428273,-0.9986599060357548,0.9871020289720036,1.9780691508785821
3257,py,added,inserted,removed,0.9967268705368042,0.0001111429010052234,0.0007784649496898055,0.999588668346405,0.9959484055871144,-0.9994775254453998,0.996615727635799,1.9954259310325142
3422,py,added,inserted,removed,0.9961891770362854,0.00013214284263085574,0.0010959631763398647,0.9994643330574036,0.9950932138599455,-0.9993321902147727,0.9960570341936545,1.9944254040747182
3699,py,adding,inserting,removing,0.982133686542511,8.003795664990321e-05,0.00523411575704813,0.9996209144592285,0.9768995707854629,-0.9995408765025786,0.9820536485858611,1.9764404472880415
4111,py,add,insert,remove,0.03233860805630684,0.0001816606818465516,0.9536597728729248,0.9983104467391968,-0.921321164816618,-0.9981287860573502,0.03215694737446029,0.07680762124073226
4193,py,adding,inserting,removing,0.9556041955947876,0.00010190167085966095,0.03465672582387924,0.9997171759605408,0.9209474697709084,-0.9996152742896811,0.9555022939239279,1.9205627440605895
4378,py,add,insert,remove,0.9936779141426086,0.00010671115887816995,0.002901308471336961,0.9991400241851807,0.9907766056712717,-0.9990333130263025,0.9935712029837305,1.9898099186975742
4378,py,enable,permit,disable,0.986580491065979,0.00017072001355700195,0.007688634097576141,0.9964091181755066,0.9788918569684029,-0.9962383981619496,0.986409771052422,1.9751302551303525
4605,py,creating,building,destroying,0.9898109436035156,0.0002170708467019722,0.002640583086758852,0.973595380783081,0.9871703605167568,-0.9733783099363791,0.9895938727568137,1.9605486704531359
4793,py,add,insert,remove,0.9081262946128845,0.0001501374354120344,0.07785823196172714,0.999165415763855,0.8302680626511574,-0.999015278328443,0.9079761571774725,1.8292833409796003
4923,py,added,inserted,removed,0.996742308139801,8.763496589381248e-05,0.0005774185992777348,0.9996352195739746,0.9961648895405233,-0.9995475846080808,0.9966546731739072,1.995712474148604
4960,py,add,insert,remove,0.9834926128387451,0.00012507113569881767,0.002788675483316183,0.9992732405662537,0.9807039373554289,-0.9991481694305548,0.9833675417030463,1.9798521067859838
5336,py,add,insert,remove,0.9750573039054871,8.45482136355713e-05,0.01535719446837902,0.9995256662368774,0.959700109437108,-0.9994411180232419,0.9749727556918515,1.95914122746035
5338,py,added,inserted,removed,0.9899632334709167,0.00011326086678309366,0.003377477638423443,0.999519944190979,0.9865857558324933,-0.9994066833241959,0.9898499726041337,1.9859924391566892
5509,py,open,unlock,close,0.4759208858013153,0.0015555088175460696,0.47802895307540894,0.9929484128952026,-0.002108067274093628,-0.9913929040776566,0.47436537698376924,0.9892848368035629
5510,py,show,display,hide,0.9564036726951599,0.0002122256555594504,0.006239642854779959,0.9850886464118958,0.95016402984038,-0.9848764207563363,0.9561914470396005,1.9350404505967163
5668,py,disabled,blocked,enabled,0.9775157570838928,0.0003660787479020655,0.0016836788272485137,0.9932683110237122,0.9758320782566443,-0.9929022322758101,0.9771496783359908,1.9687343105324544
5913,py,add,insert,remove,0.614400327205658,9.09990121726878e-05,0.3670201599597931,0.9995774626731873,0.24738016724586487,-0.9994864636610146,0.6143093281934853,1.2468666309068794
6191,py,add,insert,remove,0.9937293529510498,0.00017395686882082373,0.0015758539084345102,0.9992352724075317,0.9921534990426153,-0.9990613155387109,0.993555396082229,1.9912148145813262
6194,py,added,inserted,removed,0.99505215883255,0.0002092363138217479,0.0017476960783824325,0.9994495511054993,0.9933044627541676,-0.9992403147916775,0.9948429225187283,1.9925447775458451
6194,py,removed,deleted,inserted,0.9188254475593567,0.00035468602436594665,0.06267933547496796,0.9991980195045471,0.8561461120843887,-0.9988433334801812,0.9184707615349907,1.85498944556457
6240,py,add,insert,remove,0.993857204914093,8.728387183509767e-05,0.0005691229016520083,0.9992154836654663,0.993288082012441,-0.9991281997936312,0.9937699210422579,1.9924162818060722
6240,py,remove,delete,insert,0.9409603476524353,0.0004082760715391487,0.0037435777485370636,0.9965270161628723,0.9372167699038982,-0.9961187400913332,0.9405520715808962,1.9333355099952314
6302,py,increase,raise,decrease,0.9922440648078918,0.0001866882957983762,0.001791750080883503,0.9994534850120544,0.9904523147270083,-0.9992667967162561,0.9920573765120935,1.9897191114432644
6533,py,add,insert,remove,0.9861313104629517,0.00016451462579425424,0.007058418355882168,0.9989448189735413,0.9790728921070695,-0.998780304347747,0.9859667958371574,1.9778531964548165
6533,py,created,built,destroyed,0.9868659377098083,0.00021168129751458764,0.0029762298800051212,0.9905439615249634,0.9838897078298032,-0.9903322802274488,0.9866542564122938,1.974221988057252
6646,py,add,insert,remove,0.9957388639450073,0.00013671796477865428,0.0005642966134473681,0.9993795156478882,0.99517456733156,-0.9992427976831095,0.9956021459802287,1.9944173650146695
6692,py,added,inserted,removed,0.9114661812782288,0.0001272606459679082,0.07246412336826324,0.9995550513267517,0.8390020579099655,-0.9994277906807838,0.9113389206322609,1.8384298485907493
6711,py,added,inserted,removed,0.974450409412384,8.769685518927872e-05,0.005050808656960726,0.9995383024215698,0.9693996007554233,-0.9994506055663805,0.9743627125571948,1.9688502063218039
7349,py,allowing,permitting,forbidding,0.9869537949562073,0.01553031150251627,0.004816542379558086,0.9364356398582458,0.9821372525766492,-0.9209053283557296,0.971423483453691,1.9030425809323788
7573,py,start,begin,stop,0.997008740901947,0.00035318033769726753,0.000867914583068341,0.9967036843299866,0.9961408263188787,-0.9963505039922893,0.9966555605642498,1.992491330311168
7684,py,add,insert,remove,0.9940659999847412,0.00014674387057311833,0.0010767842177301645,0.9989776611328125,0.992989215767011,-0.9988309172622394,0.9939192561141681,1.9918201330292504
8029,py,add,insert,remove,0.8557509183883667,0.000139294977998361,0.119953952729702,0.9988238215446472,0.7357969656586647,-0.9986845265666489,0.8556116234103683,1.7344814922253136
8029,py,create,build,destroy,0.9165166020393372,0.006189926061779261,0.009811991825699806,0.927903950214386,0.9067046102136374,-0.9217140241526067,0.9103266759775579,1.828418634366244
8465,py,added,inserted,removed,0.997414231300354,0.0001623908174224198,0.0006832977524027228,0.9996436834335327,0.9967309335479513,-0.9994812926161103,0.9972518404829316,1.9962122261640616
8745,py,add,insert,remove,0.9689791202545166,0.0001438770559616387,0.008247502148151398,0.9987109899520874,0.9607316181063652,-0.9985671128961258,0.968835243198555,1.959298731002491
8874,py,added,inserted,removed,0.9802653789520264,0.00014043968985788524,0.007661979179829359,0.999276340007782,0.972603399772197,-0.9991359003179241,0.9801249392621685,1.971739300090121
9073,py,add,insert,remove,0.9815531969070435,9.816500096349046e-05,0.006347321439534426,0.9995748400688171,0.975205875467509,-0.9994766750678536,0.98145503190608,1.9746825505353627
9181,py,enabling,permitting,disabling,0.9842872619628906,0.0002832355094142258,0.005300820339471102,0.9986347556114197,0.9789864416234195,-0.9983515201020055,0.9840040264534764,1.977337961725425
9194,py,allow,permit,forbid,0.997105062007904,0.0009568711393512785,0.0009608275140635669,0.9977928400039673,0.9961442344938405,-0.996835968864616,0.9961481908685528,1.9929802033584565
9297,py,add,insert,remove,0.6491440534591675,0.000240829584072344,0.332771360874176,0.9991171956062317,0.31637269258499146,-0.9988763660221593,0.6489032238750951,1.3152490586071508
9297,py,remove,delete,insert,0.9871770143508911,8.515592344338074e-05,0.0023607646580785513,0.9992415904998779,0.9848162496928126,-0.9991564345764345,0.9870918584274477,1.983972684269247
9401,py,adds,inserts,removes,0.9838632345199585,0.00011680566240102053,0.010561528615653515,0.9995007514953613,0.973301705904305,-0.9993839458329603,0.9837464288575575,1.9726856517372653
9655,py,add,insert,remove,0.9209650158882141,0.00013701387797482312,0.06540116667747498,0.9992766976356506,0.8555638492107391,-0.9991396837576758,0.9208280020102393,1.854703532968415
10135,py,add,insert,remove,0.9919613003730774,0.0001515305193606764,0.004030954092741013,0.999025821685791,0.9879303462803364,-0.9988742911664303,0.9918097698537167,1.9868046374467667
10392,py,add,insert,remove,0.9933153986930847,0.0001832585403462872,0.002014038385823369,0.9991304278373718,0.9913013603072613,-0.9989471692970255,0.9931321401527384,1.9902485296042869
10450,py,add,insert,remove,0.9843201637268066,0.00014180809375829995,0.005340996664017439,0.9992949962615967,0.9789791670627892,-0.9991531881678384,0.9841783556330483,1.9781323552306276
10490,py,add,insert,remove,0.9860342144966125,0.0002481827395968139,0.007818973623216152,0.9989216327667236,0.9782152408733964,-0.9986734500271268,0.9857860317570157,1.9768886909005232
10737,py,disable,block,enable,0.9456073045730591,0.08401922881603241,0.039813317358493805,0.8910603523254395,0.9057939872145653,-0.807041123509407,0.8615880757570267,1.7128351107239723
10825,py,added,inserted,removed,0.998134195804596,9.021807636599988e-05,0.00044531552703119814,0.9996770620346069,0.9976888802775647,-0.9995868439582409,0.99804397772823,1.9972757242358057
11069,py,added,inserted,removed,0.9973203539848328,0.00012948653602506965,0.0005765607347711921,0.9995662569999695,0.9967437932500616,-0.9994367704639444,0.9971908674488077,1.996180563714006
11615,py,add,insert,remove,0.9937653541564941,0.00018496446136850864,0.0014128624461591244,0.9989902377128601,0.992352491710335,-0.9988052732514916,0.9935803896951256,1.9911577649618266
11781,py,added,inserted,removed,0.9958509206771851,9.89506661426276e-05,0.0003178618208039552,0.9996298551559448,0.9955330588563811,-0.9995309044898022,0.9957519700110424,1.9950639633461833
12098,py,add,insert,remove,0.9907217025756836,0.00019029248505830765,0.003099022665992379,0.9992102384567261,0.9876226799096912,-0.9990199459716678,0.9905314100906253,1.986642625881359
12145,py,added,inserted,removed,0.995972216129303,7.839685713406652e-05,0.0012926608324050903,0.9996978044509888,0.9946795552968979,-0.9996194075938547,0.9958938192721689,1.9942989628907526
12878,py,disable,block,enable,0.9873124957084656,0.0004366157518234104,0.00036433112109079957,0.994997501373291,0.9869481645873748,-0.9945608856214676,0.9868758799566422,1.9815090502088424
13127,py,allow,permit,forbid,0.991324782371521,0.00041000076453201473,0.004536905325949192,0.9980242252349854,0.9867878770455718,-0.9976142244704533,0.990914781606989,1.9844021015160251
13368,py,allow,permit,forbid,0.9882069230079651,0.0002539021661505103,0.003913804888725281,0.9994022846221924,0.9842931181192398,-0.9991483824560419,0.9879530208418146,1.9834415005752817
13578,py,allow,permit,forbid,0.9937570095062256,0.0012853509979322553,0.0015668753767386079,0.9975354671478271,0.992190134129487,-0.9962501161498949,0.9924716585082933,1.9884402502793819
14280,py,add,insert,remove,0.9904018044471741,0.00014408619608730078,0.0020067784935235977,0.9989225268363953,0.9883950259536505,-0.998778440640308,0.9902577182510868,1.9871734665939584
14316,py,added,inserted,removed,0.9961934089660645,0.00017577414109837264,0.0005837234784848988,0.9995490908622742,0.9956096854875796,-0.9993733167211758,0.9960176348249661,1.9949830022087554
14322,py,remove,delete,insert,0.9935581088066101,0.00015188779798336327,0.0009535551071166992,0.9993674159049988,0.9926045536994934,-0.9992155281070154,0.9934062210086267,1.9918200818065088
14336,py,adding,inserting,removing,0.9895151853561401,0.0001691066281637177,0.0024895428214222193,0.9979472756385803,0.9870256425347179,-0.9977781690104166,0.9893460787279764,1.9848038115451345
14444,py,adding,inserting,removing,0.9933765530586243,0.00011265044304309413,0.0012832408538088202,0.9996289014816284,0.9920933122048154,-0.9995162510385853,0.9932639026155812,1.9916095632434008
14444,py,increasing,raising,decreasing,0.9649130702018738,0.0022487996611744165,0.013232653960585594,0.991567075252533,0.9516804162412882,-0.9893182755913585,0.9626642705406994,1.9409986918326467
14610,py,add,insert,remove,0.9743579626083374,0.00018014061788562685,0.013982939533889294,0.999002993106842,0.9603750230744481,-0.9988228524889564,0.9741778219904518,1.9591978755634045
14660,py,allow,permit,forbid,0.9918335676193237,0.00027494985261000693,0.002569627482444048,0.9992738366127014,0.9892639401368797,-0.9989988867600914,0.9915586177667137,1.988262826896971
15176,py,added,inserted,removed,0.9867606163024902,0.00010882782225962728,0.0040910388343036175,0.9994864463806152,0.9826695774681866,-0.9993776185583556,0.9866517884802306,1.9820471960265422
15206,py,enable,permit,disable,0.9487593770027161,0.0005037061055190861,0.029553884640336037,0.9974766373634338,0.91920549236238,-0.9969729312579148,0.948255670897197,1.9161784236202948
16386,py,add,insert,remove,0.9891291856765747,0.0001246429019374773,0.0029113560449332,0.9992289543151855,0.9862178296316415,-0.9991043114132481,0.9890045427746372,1.9853221410448896
17624,py,add,insert,remove,0.9846541881561279,0.00016208598390221596,0.003416563617065549,0.9988086223602295,0.9812376245390624,-0.9986465363763273,0.9844921021722257,1.9798841609153897
18020,py,removed,deleted,inserted,0.9963474869728088,0.0003535731229931116,0.0010113664902746677,0.999164342880249,0.9953361204825342,-0.9988107697572559,0.9959939138498157,1.99414689023979
18025,py,add,insert,remove,0.9127885699272156,0.00011175788677064702,0.06973395496606827,0.9991875290870667,0.8430546149611473,-0.999075771200296,0.9126768120404449,1.8421303861614433
18068,py,added,inserted,removed,0.9920715689659119,0.00013642061094287783,0.002304523251950741,0.999065101146698,0.9897670457139611,-0.9989286805357551,0.991935148354969,1.9886957262497162
18087,py,enable,permit,disable,0.9917037487030029,0.000752471387386322,0.002565380185842514,0.9981555342674255,0.9891383685171604,-0.9974030628800392,0.9909512773156166,1.9865414313971996
18706,py,added,inserted,removed,0.9958274960517883,0.00010522820957703516,0.001020994153805077,0.9996594190597534,0.9948065018979833,-0.9995541908501764,0.9957222678422113,1.9943606927481596
19003,py,add,insert,remove,0.9360576868057251,0.00016810777015052736,0.0495077520608902,0.9989737272262573,0.8865499347448349,-0.9988056194561068,0.9358895790355746,1.8853555542009417
19394,py,added,inserted,removed,0.9827736616134644,0.0001136775390477851,0.001460194238461554,0.9994441866874695,0.9813134673750028,-0.9993305091484217,0.9826599840744166,1.9806439765234245
19650,py,add,insert,remove,0.9500802159309387,0.00013216750812716782,0.030456723645329475,0.9993343949317932,0.9196234922856092,-0.999202227423666,0.9499480484228116,1.9188257197092753
20170,py,adds,inserts,removes,0.987581729888916,8.682807674631476e-05,0.007360247895121574,0.9995548129081726,0.9802214819937944,-0.9994679848314263,0.9874949018121697,1.9796894668252207
20205,py,add,insert,remove,0.9917240738868713,0.00017907214350998402,0.002910705516114831,0.998420000076294,0.9888133683707565,-0.998240927932784,0.9915450017433614,1.9870542963035405
21128,py,remove,delete,insert,0.992908239364624,0.0003854431852232665,0.0005676538567058742,0.9983225464820862,0.9923405855079181,-0.9979371032968629,0.9925227961794008,1.990277688804781
21259,py,added,inserted,removed,0.996289849281311,0.0002051457850029692,0.001456666854210198,0.9993089437484741,0.9948331824271008,-0.9991037979634712,0.9960847034963081,1.993936980390572
21363,py,allow,permit,forbid,0.9893311262130737,0.00011403393000364304,0.002947551431134343,0.9995989203453064,0.9863835747819394,-0.9994848864153028,0.9892170922830701,1.9858684611972421
21490,py,allow,permit,forbid,0.9930478930473328,0.00038259042776189744,0.0022738396655768156,0.9987438321113586,0.990774053381756,-0.9983612416835967,0.9926653026195709,1.9891352950653527
22281,py,show,display,hide,0.997113823890686,0.0006941074971109629,0.00032879706122912467,0.9973938465118408,0.9967850268294569,-0.9966997390147299,0.9964197163935751,1.9934847658441868
22425,py,add,insert,remove,0.9921659231185913,0.00020864879479631782,0.002395800082013011,0.9984297156333923,0.9897701230365783,-0.998221066838596,0.991957274323795,1.9879911898751743
22454,py,enabled,permitted,disabled,0.9795897603034973,0.004634996876120567,0.004582889378070831,0.9304470419883728,0.9750068709254265,-0.9258120451122522,0.9749547634273767,1.9008189160376787
22680,py,add,insert,remove,0.9931229948997498,0.0002918374666478485,0.0025691601913422346,0.997846245765686,0.9905538347084075,-0.9975544082990382,0.9928311574331019,1.9881082430074457
22823,py,add,insert,remove,0.5347170829772949,0.00010785447375383228,0.4505828619003296,0.9996021389961243,0.08413422107696533,-0.9994942845223704,0.5346092285035411,1.0836285055993358
23059,py,added,inserted,removed,0.9929036498069763,9.317951480625197e-05,0.0012340673711150885,0.9992223978042603,0.9916695824358612,-0.999129218289454,0.9928104702921701,1.9907988007253152
23349,py,allow,permit,forbid,0.9969602227210999,0.00016121070075314492,0.0005158036365173757,0.9992766976356506,0.9964444190845825,-0.9991154869348975,0.9967990120203467,1.99555990601948
23451,py,add,insert,remove,0.9943733215332031,0.00012470151705201715,0.0007737955311313272,0.999363362789154,0.9935995260020718,-0.999238661272102,0.9942486200161511,1.9928381872741738
23762,py,create,build,destroy,0.9729129076004028,0.0003508884983602911,0.010476965457201004,0.996256947517395,0.9624359421432018,-0.9959060590190347,0.9725620191020425,1.9583420011622366
24501,py,add,insert,remove,0.9876250624656677,0.00018498057033866644,0.0054809716530144215,0.9985066056251526,0.9821440908126533,-0.9983216250548139,0.9874400818953291,1.9804657158674672
25384,py,add,insert,remove,0.9862213134765625,0.0001359712623525411,0.004551566205918789,0.9993370175361633,0.9816697472706437,-0.9992010462738108,0.98608534221421,1.9808707935444545
25439,py,add,insert,remove,0.9937828183174133,0.00017099875549320132,0.0014440084341913462,0.9989787340164185,0.992338809883222,-0.9988077352609253,0.9936118195619201,1.9911465451441472
25465,py,add,insert,remove,0.959808886051178,0.0002062604035018012,0.02489767223596573,0.9992715716362,0.9349112138152122,-0.9990653112326981,0.9596026256476762,1.9339765250479104
25648,py,add,insert,remove,0.982481062412262,7.442814239766449e-05,0.007474520709365606,0.9995230436325073,0.9750065417028964,-0.9994486154901097,0.9824066342698643,1.974455157193006
25885,py,adding,inserting,removing,0.98829585313797,7.523925887653604e-05,0.006592494435608387,0.9996408224105835,0.9817033587023616,-0.999565583151707,0.9882206138790934,1.9812689418540685
25950,py,allow,permit,forbid,0.9971585273742676,0.00044272493687458336,0.0006505986675620079,0.9990915060043335,0.9965079287067056,-0.9986487810674589,0.996715802437393,1.9951567097741645
26147,py,accept,take,reject,0.9690885543823242,0.0012596293818205595,0.007956898771226406,0.9896543025970459,0.9611316556110978,-0.9883946732152253,0.9678289250005037,1.9495263288263232
26701,py,include,contain,exclude,0.9934386610984802,0.00024093354295473546,0.0013302573934197426,0.9991320967674255,0.9921084037050605,-0.9988911632244708,0.9931977275555255,1.9909995669295313
28286,py,added,inserted,removed,0.9962530136108398,8.508923201588914e-05,0.0009299759985879064,0.9995356798171997,0.9953230376122519,-0.9994505905851838,0.996167924378824,1.9947736281974358
28632,py,create,build,destroy,0.9909840822219849,0.00010499136988073587,0.0015448217745870352,0.9979555606842041,0.9894392604473978,-0.9978505693143234,0.9908790908521041,1.9872898297617212
29013,py,add,insert,remove,0.8457683324813843,0.00018814984650816768,0.13554592430591583,0.999002993106842,0.7102224081754684,-0.9988148432603339,0.8455801826348761,1.7090372514358023
29064,py,add,insert,remove,0.9908922910690308,0.00010110219591297209,0.0010151138994842768,0.999065101146698,0.9898771771695465,-0.998963998950785,0.9907911888731178,1.9888411761203315
29064,py,remove,delete,insert,0.9825666546821594,0.00012226296530570835,0.0011050311150029302,0.9991468191146851,0.9814616235671565,-0.9990245561493794,0.9824443917168537,1.9804861797165358
29548,py,adding,inserting,removing,0.9892719984054565,6.828874029451981e-05,0.005860358942300081,0.9997469782829285,0.9834116394631565,-0.999678689542634,0.989203709665162,1.9830903290057904
30237,py,added,inserted,removed,0.9943656921386719,0.0001861980272224173,0.0020616971887648106,0.999313235282898,0.9923039949499071,-0.9991270372556755,0.9941794941114495,1.9914310322055826
30279,py,add,insert,remove,0.9533430933952332,7.99522313172929e-05,0.03643007576465607,0.9994803071022034,0.9169130176305771,-0.9994003548708861,0.9532631411639159,1.9163133725014632
30584,py,add,insert,remove,0.9904277324676514,0.00015684537356719375,0.003452253993600607,0.9988839030265808,0.9869754784740508,-0.9987270576530136,0.9902708870940842,1.9857025361270644
30601,py,added,inserted,removed,0.9963907599449158,0.00012171827984275296,0.0010003786301240325,0.9990736246109009,0.9953903813147917,-0.9989519063310581,0.996269041665073,1.9943422876458499
30770,py,include,contain,exclude,0.9890732169151306,0.000402972218580544,0.0015851270873099566,0.9986146688461304,0.9874880898278207,-0.9982116966275498,0.9886702446965501,1.9856997864553705
30793,py,add,insert,remove,0.9895871877670288,0.00014611946244258434,0.004235272295773029,0.9992194175720215,0.9853519154712558,-0.9990732981095789,0.9894410683045862,1.9844252135808347
30819,py,add,insert,remove,0.9919237494468689,8.727757085580379e-05,0.002541166730225086,0.9990594983100891,0.9893825827166438,-0.9989722207392333,0.9918364718760131,1.9883548034558771
31106,py,add,insert,remove,0.9917256832122803,0.0001088900535251014,0.002822543028742075,0.9991704225540161,0.9889031401835382,-0.999061532500491,0.9916167931587552,1.9879646726840292
31208,py,adding,inserting,removing,0.9960344433784485,9.584454528521746e-05,0.0006191247957758605,0.9994258880615234,0.9954153185826726,-0.9993300435162382,0.9959385988331633,1.9947453620989108
31285,py,add,insert,remove,0.9913894534111023,0.00016022131603676826,0.004074101336300373,0.9992908239364624,0.9873153520748019,-0.9991306026204256,0.9912292320950655,1.9864459546952276
31471,py,add,insert,remove,0.9162176251411438,0.00013761430454906076,0.0642961785197258,0.9991395473480225,0.851921446621418,-0.9990019330434734,0.9160800108365947,1.8509233796648914
31471,py,create,build,destroy,0.9644224047660828,8.484373393002898e-05,0.005327377002686262,0.9924858808517456,0.9590950277633965,-0.9924010371178156,0.9643375610321527,1.951496064881212
31683,py,include,contain,exclude,0.9798685908317566,0.0002955707022920251,0.004904920235276222,0.9991274476051331,0.9749636705964804,-0.998831876902841,0.9795730201294646,1.9737955474993214
31864,py,added,inserted,removed,0.9976104497909546,0.0001471139257773757,0.00027315461193211377,0.9995788931846619,0.9973372951790225,-0.9994317792588845,0.9974633358651772,1.996769074437907
32029,py,allows,permits,forbids,0.9881072640419006,0.0009340833639726043,0.002445790683850646,0.995517909526825,0.98566147335805,-0.9945838261628523,0.987173180677928,1.9802452995209023
32266,py,add,insert,remove,0.9699224233627319,9.909701475407928e-05,0.015738319605588913,0.9990454316139221,0.954184103757143,-0.998946334599168,0.9698233263479779,1.953130438356311
32286,py,added,inserted,removed,0.9976493716239929,0.0001245090097654611,0.0009231548756361008,0.9995406866073608,0.9967262167483568,-0.9994161775975954,0.9975248626142275,1.9961423943459522
32473,py,create,build,destroy,0.9802364706993103,6.32779483566992e-05,0.004204324446618557,0.9993163347244263,0.9760321462526917,-0.9992530567760696,0.9801731927509536,1.9752852030287613
32885,py,removed,deleted,inserted,0.9908862113952637,0.00024176188162527978,0.0018462567823007703,0.9869003891944885,0.9890399546129629,-0.9866586273128632,0.9906444495136384,1.9756985819258261
33063,py,adds,inserts,removes,0.9883743524551392,0.00013476946332957596,0.002400096273049712,0.998252809047699,0.9859742561820894,-0.9981180395843694,0.9882395829918096,1.9840922957664588
33063,py,allows,permits,forbids,0.9946913123130798,0.00022608789731748402,0.000996605958789587,0.9991924166679382,0.9936947063542902,-0.9989663287706207,0.9944652244157623,1.992661035124911
33198,py,add,insert,remove,0.9895400404930115,0.0002280460757901892,0.0037072570994496346,0.9986129999160767,0.9858327833935618,-0.9983849538402865,0.9893119944172213,1.9842177372338483
33295,py,added,inserted,removed,0.9960423707962036,0.00016052709543146193,0.001138204475864768,0.9993987083435059,0.9949041663203388,-0.9992381812480744,0.9958818437007722,1.9941423475684132
33505,py,show,display,hide,0.9914207458496094,0.00021700613433495164,0.003339221468195319,0.9989744424819946,0.9880815243814141,-0.9987574363476597,0.9912037397152744,1.9868389607290737
33767,py,add,insert,remove,0.9448267221450806,0.00012449330824892968,0.04273831099271774,0.9993155002593994,0.9020884111523628,-0.9991910069511505,0.9447022288368316,1.9012794181035133
34078,py,added,inserted,removed,0.9928808212280273,0.00025498121976852417,0.003443585941568017,0.999313473701477,0.9894372352864593,-0.9990584924817085,0.9926258400082588,1.9884957277681679
35220,py,allow,permit,forbid,0.991256833076477,0.00021884868328925222,0.0012238952331244946,0.999099850654602,0.9900329378433526,-0.9988810019713128,0.9910379843931878,1.9889139398146654
35366,py,create,build,destroy,0.9631894826889038,0.00044730358058586717,0.0037460860330611467,0.9578760266304016,0.9594433966558427,-0.9574287230498157,0.9627421791083179,1.9168721197056584
35535,py,add,insert,remove,0.9722027778625488,8.231162064475939e-05,0.018485603854060173,0.9993435740470886,0.9537171740084887,-0.9992612624264439,0.9721204662419041,1.9529784364349325
35833,py,removing,deleting,inserting,0.9783748984336853,0.0001094729668693617,0.0035082672256976366,0.9906437993049622,0.9748666312079877,-0.9905343263380928,0.9782654254668159,1.9654009575460805
36148,py,remove,delete,insert,0.9970784187316895,0.00022185762645676732,0.0011348446132615209,0.9987842440605164,0.9959435741184279,-0.9985623864340596,0.9968565611052327,1.9945059605524875
36432,py,added,inserted,removed,0.9940581321716309,0.00016552890883758664,0.0017672209069132805,0.9993335604667664,0.9922909112647176,-0.9991680315579288,0.9938926032627933,1.9914589428226463
36700,py,add,insert,remove,0.9854198098182678,0.00012053992395522073,0.003317160066217184,0.9993816614151001,0.9821026497520506,-0.9992611214911449,0.9852992698943126,1.9813637712431955
37691,py,allow,permit,forbid,0.9956158399581909,0.00038920564111322165,0.0014357157051563263,0.9979446530342102,0.9941801242530346,-0.997555447393097,0.9952266343170777,1.9917355716461316
37710,py,enable,permit,disable,0.9927155375480652,0.0011908363085240126,0.0025695981457829475,0.9970285296440125,0.9901459394022822,-0.9958376933354884,0.9915247012395412,1.9859836327377707
37761,py,allow,permit,forbid,0.9972900152206421,0.0017755755688995123,0.0006711204187013209,0.9945976734161377,0.9966188948019408,-0.9928220978472382,0.9955144396517426,1.989440992649179
37830,py,enable,permit,disable,0.9834885001182556,0.0004888733965344727,0.00451792823150754,0.9974334836006165,0.9789705718867481,-0.996944610204082,0.9829996267217211,1.97591518209083
38128,py,add,insert,remove,0.9928728342056274,0.00023662272724322975,0.0032406591344624758,0.9991852641105652,0.989632175071165,-0.998948641383322,0.9926362114783842,1.988580816454487
38403,py,add,insert,remove,0.8986387848854065,0.00015676135080866516,0.08710440993309021,0.9992775321006775,0.8115343749523163,-0.9991207707498688,0.8984820235345978,1.810655145702185
38636,py,remove,delete,insert,0.9489278793334961,0.00010013902647187933,0.0007953189779073,0.9986503720283508,0.9481325603555888,-0.998550233001879,0.9488277403070242,1.9466827933574677
38794,py,add,insert,remove,0.9913719892501831,0.00014517278759740293,0.0019047959940508008,0.9990082383155823,0.9894671932561323,-0.9988630655279849,0.9912268164625857,1.9883302587841172
39276,py,add,insert,remove,0.7917190790176392,0.0001375550200464204,0.19051142036914825,0.999089241027832,0.6012076586484909,-0.9989516860077856,0.7915815239975927,1.6001593446562765
39358,py,added,inserted,removed,0.9957696199417114,0.00020024439436383545,0.0016823012847453356,0.9992051720619202,0.9940873186569661,-0.9990049276675563,0.9955693755473476,1.9930922463245224
39358,py,removed,deleted,inserted,0.9922641515731812,0.00015475433610845357,0.0011369340354576707,0.999230146408081,0.9911272175377235,-0.9990753920719726,0.9921093972370727,1.990202609609696
39667,py,add,insert,remove,0.9880589842796326,0.00017270009266212583,0.006454481277614832,0.9990236759185791,0.9816045030020177,-0.998850975825917,0.9878862841869704,1.9804554788279347
39765,py,add,insert,remove,0.9672183394432068,0.00015374735812656581,0.015540898777544498,0.9987459182739258,0.9516774406656623,-0.9985921709157992,0.9670645920850802,1.9502696115814615
39949,py,add,insert,remove,0.9271447062492371,0.00014869584992993623,0.052787818014621735,0.9989615678787231,0.8743568882346153,-0.9988128720287932,0.9269960103993071,1.8731697602634085
40038,py,allow,permit,forbid,0.9930271506309509,0.00243742554448545,0.002100363839417696,0.9953857064247131,0.9909267867915332,-0.9929482808802277,0.9905897250864655,1.983875067671761
40202,py,add,insert,remove,0.9875596165657043,0.0001589624589541927,0.005933024920523167,0.9991124272346497,0.9816265916451812,-0.9989534647756955,0.9874006541067502,1.9805800564208766
40516,py,allow,permit,forbid,0.9936341047286987,0.00034183572279289365,0.0005873650079593062,0.9981257319450378,0.9930467397207394,-0.997783896222245,0.9932922690059058,1.9908306359429844
40621,py,add,insert,remove,0.9769390225410461,0.0002305492089362815,0.012905590236186981,0.9986891150474548,0.9640334323048592,-0.9984585658385186,0.9767084733321099,1.9624919981433777
40631,py,allow,permit,forbid,0.9924302697181702,0.0002878375235013664,0.00200505368411541,0.9992087483406067,0.9904252160340548,-0.9989209108171053,0.9921424321946688,1.98934612685116
40928,py,added,inserted,removed,0.9971365928649902,0.00013575512275565416,0.0008522390853613615,0.9995245933532715,0.9962843537796289,-0.9993888382305158,0.9970008377422346,1.9956731920101447
40941,py,add,insert,remove,0.3521800637245178,0.00022245783475227654,0.6304516792297363,0.9991146922111511,-0.2782716155052185,-0.9988922343763988,0.35195760588976555,0.7206206188711803
40994,py,added,inserted,removed,0.9744173288345337,9.214870078722015e-05,0.006273992359638214,0.9995372295379639,0.9681433364748955,-0.9994450808371766,0.9743251801337465,1.9675884173120721
41186,py,add,insert,remove,0.8944673538208008,9.788027819013223e-05,0.006099951919168234,0.9990231990814209,0.8883674019016325,-0.9989253188032308,0.8943694735426106,1.8872927207048633
41194,py,remove,delete,insert,0.9894503951072693,0.0003324923454783857,0.004665037617087364,0.998589813709259,0.9847853574901819,-0.9982573213637806,0.9891179027617909,1.9830426788539626
41269,py,add,insert,remove,0.9887079000473022,0.00016524041711818427,0.005808440502732992,0.9990808963775635,0.9828994595445693,-0.9989156559604453,0.9885426596301841,1.9818151155050145
41921,py,added,inserted,removed,0.9330500364303589,0.00012292491737753153,0.0011441173264756799,0.9992839694023132,0.9319059191038832,-0.9991610444849357,0.9329271115129814,1.931066963588819
41952,py,added,inserted,removed,0.9946184754371643,0.00014377119077835232,0.002083884086459875,0.9994990825653076,0.9925345913507044,-0.9993553113745293,0.994474704246386,1.9918899027252337
42064,py,start,begin,stop,0.9741713404655457,0.8692156076431274,0.001539150602184236,0.06818695366382599,0.9726321898633614,0.8010286539793015,0.10495573282241821,0.17160353588405997
42453,py,added,inserted,removed,0.9922584891319275,8.019780943868682e-05,0.0036027692258358,0.9993667006492615,0.9886557199060917,-0.9992865028398228,0.9921782913224888,1.9879422227459145
42478,py,add,insert,remove,0.7436302304267883,0.00015871059440542012,0.23393212258815765,0.999039351940155,0.5096981078386307,-0.9988806413457496,0.7434715198323829,1.5085787491843803
42703,py,add,insert,remove,0.995877742767334,8.079094550339505e-05,0.0007775169797241688,0.9993853569030762,0.9951002257876098,-0.9993045659575728,0.9957969518218306,1.9944047917451826
42759,py,add,insert,remove,0.48202961683273315,0.00012179299665149301,0.49904191493988037,0.9992637038230896,-0.017012298107147217,-0.9991419108264381,0.48190782383608166,0.9821296127192909
42815,py,added,inserted,removed,0.9929760694503784,0.00014753198774997145,0.0021729073487222195,0.9993917942047119,0.9908031621016562,-0.9992442622169619,0.9928285374626284,1.9900474243186181
43462,py,add,insert,remove,0.9866366982460022,0.00024368884623982012,0.006305086426436901,0.9987398982048035,0.9803316118195653,-0.9984962093585636,0.9863930093997624,1.978827821178129
43705,py,starts,begins,stops,0.9644895195960999,0.0009860306745395064,0.00469268299639225,0.9651796817779541,0.9597968365997076,-0.9641936511034146,0.9635034889215603,1.9239904877031222
43853,py,add,insert,remove,0.8844006061553955,0.00015239545609802008,0.09022840857505798,0.999138593673706,0.7941721975803375,-0.998986198217608,0.8842482106992975,1.7931583957979456
44428,py,add,insert,remove,0.6172694563865662,0.00014081249537412077,0.36835750937461853,0.999432384967804,0.24891194701194763,-0.9992915724724298,0.617128643891192,1.2482035194843775
38,rust,add,insert,remove,0.9798380136489868,0.00019784134929068387,0.007455579005181789,0.9988366961479187,0.972382434643805,-0.998638854798628,0.9796401722996961,1.971021289442433
46,rust,remove,delete,insert,0.9939008951187134,0.0001890985295176506,0.0015157562447711825,0.9987807869911194,0.9923851388739422,-0.9985916884616017,0.9937117965891957,1.990976827335544
63,rust,adds,inserts,removes,0.9543779492378235,7.604993879795074e-05,0.0061179581098258495,0.9997664093971252,0.9482599911279976,-0.9996903594583273,0.9543018992990255,1.947950350586325
105,rust,add,insert,remove,0.9934492707252502,0.00014092358469497412,0.0024376721121370792,0.9994503855705261,0.9910115986131132,-0.9993094619858311,0.9933083471405553,1.9903210605989443
130,rust,add,insert,remove,0.9977304339408875,0.0001191997725982219,0.0006659221835434437,0.9995216131210327,0.997064511757344,-0.9994024133484345,0.9976112341682892,1.9964669251057785
147,rust,add,insert,remove,0.9926059246063232,0.0001299829746130854,0.004278233274817467,0.9992541670799255,0.9883276913315058,-0.9991241841053125,0.9924759416317102,1.9874518754368182
148,rust,remove,delete,insert,0.9938119649887085,0.00014820482465438545,0.0012505600461736321,0.9990565180778503,0.9925614049425349,-0.998908313253196,0.9936637601640541,1.9914697181957308
164,rust,add,insert,remove,0.9893754720687866,0.00020724465139210224,0.003944966942071915,0.9995152950286865,0.9854305051267147,-0.9993080503772944,0.9891682274173945,1.9847385555040091
170,rust,add,insert,remove,0.9649951457977295,0.00014569502673111856,0.01442079059779644,0.9994326233863831,0.950574355199933,-0.9992869283596519,0.9648494507709984,1.949861283559585
279,rust,add,insert,remove,0.7780740857124329,0.0007769358926452696,0.20022910833358765,0.9989750385284424,0.5778449773788452,-0.9981981026357971,0.7772971498197876,1.5760430800146423
289,rust,allow,permit,forbid,0.9849224090576172,0.0020085435826331377,0.004642227664589882,0.9971209168434143,0.9802801813930273,-0.9951123732607812,0.982913865474984,1.9753925546538085
309,rust,add,insert,remove,0.9108340740203857,0.0006425703759305179,0.04971066117286682,0.9987371563911438,0.8611234128475189,-0.9980945860152133,0.9101915036444552,1.8592179988627322
417,rust,add,insert,remove,0.9924201369285583,0.00023729843087494373,0.0024669645354151726,0.9980329871177673,0.9899531723931432,-0.9977956886868924,0.9921828384976834,1.9877488610800356
494,rust,include,contain,exclude,0.9945942759513855,0.0004780303861480206,0.0009877810953184962,0.998968243598938,0.993606494856067,-0.99849021321279,0.9941162455652375,1.992096708068857
564,rust,add,insert,remove,0.9864820241928101,0.00014530391490552574,0.0042474353685975075,0.9992004036903381,0.9822345888242126,-0.9990550997754326,0.9863367202779045,1.9812896885996452
564,rust,created,built,destroyed,0.9698476195335388,9.175336890621111e-05,0.007141288369894028,0.9992710947990417,0.9627063311636448,-0.9991793414301355,0.9697558661646326,1.9618856725937803
601,rust,add,insert,remove,0.9836218953132629,0.00011891269969055429,0.010716143995523453,0.9989560842514038,0.9729057513177395,-0.9988371715517133,0.9835029826135724,1.9717429228694527
601,rust,create,build,destroy,0.9864881634712219,7.355127308983356e-05,0.0026943774428218603,0.9981951117515564,0.9837937860284001,-0.9981215604784666,0.9864146121981321,1.9819153465068666
629,rust,add,insert,remove,0.994561493396759,0.0008585118339397013,0.0029743160121142864,0.9961932897567749,0.9915871773846447,-0.9953347779228352,0.9937029815628193,1.98692195530748
681,rust,allow,permit,forbid,0.9830158352851868,0.0010042806388810277,0.0012870648643001914,0.9969933032989502,0.9817287704208866,-0.9959890226600692,0.9820115546463057,1.9777177930809557
752,rust,remove,delete,insert,0.994641900062561,0.00031082588247954845,0.0009316194336861372,0.9990440011024475,0.9937102806288749,-0.998733175219968,0.9943310741800815,1.9924434558488429
781,rust,add,insert,remove,0.9722435474395752,0.00012500192678999156,0.0212075375020504,0.9992528557777405,0.9510360099375248,-0.9991278538509505,0.9721185455127852,1.9501638637884753
853,rust,add,insert,remove,0.9765667915344238,0.00023117763339541852,0.0013961703516542912,0.9985693693161011,0.9751706211827695,-0.9983381916827057,0.9763356139010284,1.9735088128654752
853,rust,allow,permit,forbid,0.9918093085289001,0.0026313175912946463,0.0005937114474363625,0.983723521232605,0.9912155970814638,-0.9810922036413103,0.9891779909376055,1.9723078007227741
921,rust,added,inserted,removed,0.9788793325424194,9.927150676958263e-05,0.005600324831902981,0.9986841082572937,0.9732790077105165,-0.9985848367505241,0.9787800610356499,1.9718638444610406
928,rust,creating,building,destroying,0.981023907661438,0.0001516039774287492,0.004540989175438881,0.9842215776443481,0.9764829184859991,-0.9840699736669194,0.9808723036840092,1.9605528921529185
944,rust,disable,block,enable,0.9139347076416016,0.0011461497051641345,0.051083557307720184,0.9981915354728699,0.8628511503338814,-0.9970453857677057,0.9127885579364374,1.8598965361015871
1101,rust,added,inserted,removed,0.8865064382553101,0.0001293587265536189,0.08796755224466324,0.9929673671722412,0.7985388860106468,-0.9928380084456876,0.8863770795287564,1.7913768944563344
1129,rust,add,insert,remove,0.9934477210044861,0.00019523708033375442,0.0016012245323508978,0.9988162517547607,0.9918464964721352,-0.998621014674427,0.9932524839241523,1.9904675111465622
1173,rust,remove,delete,insert,0.9171698689460754,0.00016285167657770216,0.0018307114951312542,0.998925507068634,0.9153391574509442,-0.9987626553920563,0.9170070172694977,1.9141018128430005
1207,rust,add,insert,remove,0.9724474549293518,0.0002489004982635379,0.01253750640898943,0.9983999133110046,0.9599099485203624,-0.9981510128127411,0.9721985544310883,1.9580609613331035
1210,rust,add,insert,remove,0.9934884309768677,0.00014241038297768682,0.0011376752518117428,0.9990091323852539,0.9923507557250559,-0.9988667220022762,0.99334602059389,1.9912174777273322
1236,rust,add,insert,remove,0.9931793212890625,0.0001420461485395208,0.0012220001081004739,0.998583197593689,0.991957321180962,-0.9984411514451494,0.993037275140523,1.9903984726261115
1262,rust,enable,permit,disable,0.9916804432868958,0.0008037412189878523,0.0024179520551115274,0.9967131614685059,0.9892624912317842,-0.995909420249518,0.9908767020679079,1.9851719114813022
1275,rust,add,insert,remove,0.9928828477859497,0.00020516838412731886,0.002229639096185565,0.9984978437423706,0.9906532086897641,-0.9982926753582433,0.9926776794018224,1.9889458840480074
1310,rust,remove,delete,insert,0.9952765703201294,0.00028374913381412625,0.00035194502561353147,0.9978501796722412,0.9949246252945159,-0.9975664305384271,0.9949928211863153,1.992491055832943
1321,rust,add,insert,remove,0.9944475889205933,0.00011314676521578804,0.0009903321042656898,0.9993141889572144,0.9934572568163276,-0.9992010421919986,0.9943344421553775,1.9926582990083261
1388,rust,add,insert,remove,0.9960342049598694,0.00015852383512537926,0.0005349451676011086,0.9991063475608826,0.9954992597922683,-0.9989478237257572,0.995875681124744,1.9944470835180255
1449,rust,include,contain,exclude,0.9954540729522705,0.0001822698104660958,0.0011912406189367175,0.9995118379592896,0.9942628323333338,-0.9993295681488235,0.9952718031418044,1.9935924004821572
1461,rust,added,inserted,removed,0.996612012386322,0.00015430815983563662,0.0009076284477487206,0.9993602633476257,0.9957043839385733,-0.9992059551877901,0.9964577042264864,1.9949103391263634
1754,rust,create,build,destroy,0.9788737297058105,0.00011047923180740327,0.0016600011149421334,0.9899045825004578,0.9772137285908684,-0.9897941032686504,0.9787632504740031,1.9670078318595188
1783,rust,add,insert,remove,0.9882012009620667,0.00020650267833843827,0.003691773395985365,0.998134434223175,0.9845094275660813,-0.9979279315448366,0.9879946982837282,1.982437359110918
1809,rust,create,build,destroy,0.9939694404602051,0.0002206021745223552,0.0011519392719492316,0.9955009818077087,0.9928175011882558,-0.9952803796331864,0.9937488382856827,1.9880978808214422
1821,rust,add,insert,remove,0.9830777049064636,0.0003608665138017386,0.007217738777399063,0.9978504180908203,0.9758599661290646,-0.9974895515770186,0.9827168383926619,1.9733495177060831
1834,rust,add,insert,remove,0.9738686084747314,0.00018965743947774172,0.004193904809653759,0.9986699819564819,0.9696747036650777,-0.9984803245170042,0.9736789510352537,1.9681550281820819
1919,rust,accept,take,reject,0.9914562106132507,0.0003582687641028315,0.0019209204474464059,0.9987208247184753,0.9895352901658043,-0.9983625559543725,0.9910979418491479,1.9878978461201768
2001,rust,starting,beginning,stopping,0.8439099192619324,0.000140473319333978,0.023435700684785843,0.9965992569923401,0.8204742185771465,-0.9964587836730061,0.8437694459425984,1.8169330022501526
2044,rust,started,began,stopped,0.983372151851654,0.0009890558430925012,0.001696464722044766,0.994929850101471,0.9816756871296093,-0.9939407942583784,0.9823830960085616,1.9756164813879877
2090,rust,add,insert,remove,0.9767541885375977,0.00019096095638815314,0.00704055093228817,0.998547375202179,0.9697136376053095,-0.9983564142457908,0.9765632275812095,1.9680700518511003
2166,rust,create,build,destroy,0.9835071563720703,0.00016338774003088474,0.0026377569884061813,0.9991294741630554,0.9808693993836641,-0.9989660864230245,0.9833437686320394,1.9798354858066887
2178,rust,include,contain,exclude,0.9944918155670166,0.0002405716513749212,0.0005942105781286955,0.9991441965103149,0.9938976049888879,-0.99890362485894,0.9942512439156417,1.992801229847828
2212,rust,create,build,destroy,0.9844114184379578,0.00016646795847918838,0.002246081829071045,0.9926255345344543,0.9821653366088867,-0.9924590665759752,0.9842449504794786,1.9746244031848619
2241,rust,add,insert,remove,0.9888669848442078,0.00018347967125009745,0.003320049960166216,0.9989326596260071,0.9855469348840415,-0.998749179954757,0.9886835051729577,1.9842961148387985
2241,rust,added,inserted,removed,0.7487672567367554,0.0005304698715917766,0.21243003010749817,0.9938986301422119,0.5363372266292572,-0.9933681602706201,0.7482367868651636,1.5297053868998773
2256,rust,create,build,destroy,0.992085874080658,0.00026036714552901685,0.002084636827930808,0.9970433115959167,0.9900012372527272,-0.9967829444503877,0.9918255069351289,1.9867841817031149
2264,rust,add,insert,remove,0.9848508834838867,0.00016182455874513835,0.003520569996908307,0.9983575940132141,0.9813303134869784,-0.998195769454469,0.9846890589251416,1.9795260829414474
2291,rust,allow,permit,forbid,0.9682714343070984,0.0006069543887861073,0.008182737976312637,0.9984723925590515,0.9600886963307858,-0.9978654381702654,0.9676644799183123,1.9579541345010512
2310,rust,create,build,destroy,0.9877581000328064,0.00016712862998247147,0.003386386437341571,0.9980812072753906,0.9843717135954648,-0.9979140786454082,0.9875909714028239,1.982285792240873
2333,rust,increase,raise,decrease,0.9949461817741394,0.0005458935047499835,0.0013640845427289605,0.9981093406677246,0.9935820972314104,-0.9975634471629746,0.9944002882693894,1.991145544394385
2376,rust,increase,raise,decrease,0.9974279999732971,0.00019509044068399817,0.0004283563466742635,0.9993823766708374,0.9969996436266229,-0.9991872862301534,0.9972329095326131,1.9961869298567763
2524,rust,allow,permit,forbid,0.9903241395950317,0.0002983175218105316,0.00438265036791563,0.9994472861289978,0.9859414892271161,-0.9991489686071873,0.9900258220732212,1.9850904578343034
2734,rust,add,insert,remove,0.827545702457428,8.135917596518993e-05,0.16045044362545013,0.9996401071548462,0.6670952588319778,-0.999558747978881,0.8274643432814628,1.6666540068108588
2791,rust,remove,delete,insert,0.9910802245140076,0.00020233604300301522,0.0018609896069392562,0.9980670809745789,0.9892192349070683,-0.9978647449315758,0.9908778884710046,1.9870839798386442
2795,rust,add,insert,remove,0.9942157864570618,0.00013586462591774762,0.001210686401464045,0.9990200996398926,0.9930051000555977,-0.9988842350139748,0.994079921831144,1.9918893350695726
2894,rust,creating,building,destroying,0.9690848588943481,0.00032773116254247725,0.007656443398445845,0.9861037135124207,0.9614284154959023,-0.9857759823498782,0.9687571277318057,1.9472043978457805
2951,rust,remove,delete,insert,0.991689920425415,0.00030450051417574286,0.0014021198730915785,0.9980594515800476,0.9902878005523235,-0.9977549510658719,0.9913854199112393,1.9880427516181953
2988,rust,create,build,destroy,0.9799081683158875,0.00039945641765370965,0.0036030951887369156,0.9969316720962524,0.9763050731271505,-0.9965322156785987,0.9795087118982337,1.9728372888057493
2997,rust,disabled,blocked,enabled,0.7290421724319458,0.043030690401792526,0.005271007306873798,0.8074005246162415,0.723771165125072,-0.7643698342144489,0.6860114820301533,1.488140999339521
3048,rust,add,insert,remove,0.9759595990180969,0.00024019410193432122,0.017556704580783844,0.9985584616661072,0.9584028944373131,-0.9983182675641729,0.9757194049161626,1.956721162001486
3048,rust,remove,delete,insert,0.994835615158081,0.00025073051801882684,0.0008131214417517185,0.9983277916908264,0.9940224937163293,-0.9980770611728076,0.9945848846400622,1.992099554889137
3060,rust,allow,permit,forbid,0.9946000576019287,0.00022440336761064827,0.001363166025839746,0.9990629553794861,0.993236891576089,-0.9988385520118754,0.9943756542343181,1.9920754435879644
3100,rust,disable,block,enable,0.9682490825653076,0.0006749342428520322,0.0020164488814771175,0.9951134324073792,0.9662326336838305,-0.9944384981645271,0.9675741483224556,1.9606711318483576
3182,rust,allow,permit,forbid,0.9934264421463013,0.00031265165307559073,0.001690433593466878,0.9990127086639404,0.9917360085528344,-0.9987000570108648,0.9931137904932257,1.9904360655636992
3203,rust,enabled,permitted,disabled,0.9690372943878174,0.04220740497112274,0.009456714615225792,0.8293241262435913,0.9595805797725916,-0.7871167212724686,0.9268298894166946,1.7466973010450602
3273,rust,allow,permit,forbid,0.995369017124176,0.00042351544834673405,0.0011907367734238505,0.9987824559211731,0.9941782803507522,-0.9983589404728264,0.9949455016758293,1.9925372208235785
3322,rust,remove,delete,insert,0.9783537983894348,0.000725722115021199,0.002208456862717867,0.9971808195114136,0.976145341526717,-0.9964550973963924,0.9776280762744136,1.9726004389231093
3390,rust,remove,delete,insert,0.9426620006561279,0.0003976697917096317,0.010293916799128056,0.9981447458267212,0.9323680838569999,-0.9977470760350116,0.9422643308644183,1.9301151598920114
3467,rust,enable,permit,disable,0.9694525599479675,0.001253056339919567,0.015644880011677742,0.9974115490913391,0.9538076799362898,-0.9961584927514195,0.968199503608048,1.9499661726877093
3512,rust,creating,building,destroying,0.9803053140640259,0.00548204779624939,0.00966331921517849,0.8360743522644043,0.9706419948488474,-0.8305923044681549,0.9748232662677765,1.8012342993170023
3605,rust,add,insert,remove,0.9898813366889954,0.00019206358410883695,0.0033850015606731176,0.9988284707069397,0.9864963351283222,-0.9986364071228309,0.9896892731048865,1.985132742251153
3673,rust,start,begin,stop,0.9788898229598999,0.9678047299385071,0.0020351086277514696,0.013032914139330387,0.9768547143321484,0.9547718157991767,0.011085093021392822,0.02208289853297174
3763,rust,add,insert,remove,0.9898378849029541,7.872848073020577e-05,0.00040731127955950797,0.9994614720344543,0.9894305736233946,-0.9993827435537241,0.9897591564222239,1.9888133171771187
3813,rust,add,insert,remove,0.9969263672828674,9.549690003041178e-05,0.0007918682531453669,0.999398946762085,0.9961344990297221,-0.9993034498620545,0.996830870382837,1.9954379488917766
3822,rust,create,build,destroy,0.9836689829826355,0.00014453976473305374,0.0006485067424364388,0.9935997724533081,0.9830204762401991,-0.993455232688575,0.9835244432179024,1.976475708928774
3850,rust,add,insert,remove,0.9950533509254456,0.0002324431698070839,0.001969211036339402,0.9985070824623108,0.9930841398891062,-0.9982746392925037,0.9948209077556385,1.9913587791816099
3874,rust,add,insert,remove,0.9713617563247681,0.00022363655443768948,0.009543528780341148,0.9988768696784973,0.9618182275444269,-0.9986532331240596,0.9711381197703304,1.9604714606684865
3950,rust,add,insert,remove,0.9862048029899597,0.00017019793449435383,0.005103869829326868,0.9987099170684814,0.9811009331606328,-0.9985397191339871,0.9860346050554654,1.97964065229462
3997,rust,adds,inserts,removes,0.8853165507316589,0.00012267596321180463,0.031441256403923035,0.999738872051239,0.8538752943277359,-0.9996161960880272,0.8851938747684471,1.853491490415763
4000,rust,add,insert,remove,0.9916160702705383,0.00013004394713789225,0.002763296477496624,0.9992939233779907,0.9888527737930417,-0.9991638794308528,0.9914860263234004,1.9880166532238945
4000,rust,creating,building,destroying,0.984356701374054,0.00016309415514115244,0.003849910106509924,0.9920418858528137,0.980506791267544,-0.9918787916976726,0.9841936072189128,1.9723855829652166
4028,rust,add,insert,remove,0.9857661724090576,0.00013665018195752054,0.004230169579386711,0.9988611936569214,0.9815360028296709,-0.9987245434749639,0.9856295222271001,1.9802605463046348
4209,rust,create,build,destroy,0.8695074319839478,9.884968312690035e-05,0.0055412594228982925,0.9787487387657166,0.8639661725610495,-0.9786498890825897,0.8694085823008209,1.8426160616436391
4376,rust,add,insert,remove,0.9863240122795105,0.00036752221058122814,0.007122191600501537,0.9977631568908691,0.979201820679009,-0.9973956346802879,0.9859564900689293,1.9765974553592969
4376,rust,adding,inserting,removing,0.9626047015190125,0.00018199968326371163,0.01081628818064928,0.9993916749954224,0.9517884133383632,-0.9992096753121587,0.9624227018357487,1.9509980886505218
4376,rust,removing,deleting,inserting,0.868216872215271,0.0010497173061594367,0.007591000758111477,0.9915967583656311,0.8606258714571595,-0.9905470410594717,0.8671671549091116,1.8511729125166312
4405,rust,add,insert,remove,0.9948025941848755,0.00013019490870647132,0.0012017927365377545,0.9989628791809082,0.9936008014483377,-0.9988326842722017,0.994672399276169,1.9924334857205395
4606,rust,add,insert,remove,0.9756836295127869,0.0006246755365282297,0.012124446220695972,0.9845054745674133,0.9635591832920909,-0.9838807990308851,0.9750589539762586,1.947439982322976
4696,rust,add,insert,remove,0.9846125245094299,0.00015059659199323505,0.005939793772995472,0.9991223216056824,0.9786727307364345,-0.9989717250136891,0.9844619279174367,1.9776444557501236
4717,rust,show,display,hide,0.9663357734680176,0.00015450197679456323,0.005243064370006323,0.9986250400543213,0.9610927090980113,-0.9984705380775267,0.966181271491223,1.959563247175538
4722,rust,add,insert,remove,0.9952933192253113,0.00013967732957098633,0.001005366793833673,0.9992489218711853,0.9942879524314776,-0.9991092445416143,0.9951536418957403,1.993397196973092
4727,rust,add,insert,remove,0.9936324954032898,0.00013401624164544046,0.0020861909724771976,0.9993027448654175,0.9915463044308126,-0.999168728623772,0.9934984791616444,1.9907150330545846
4749,rust,add,insert,remove,0.9699548482894897,0.0002784942334983498,0.006734988186508417,0.9991355538368225,0.9632198601029813,-0.9988570596033242,0.9696763540559914,1.9620769197063055
4749,rust,create,build,destroy,0.9771205186843872,0.0001077152555808425,0.0007155890925787389,0.9989099502563477,0.9764049295918085,-0.9988022350007668,0.9770128034288064,1.9752071645925753
4758,rust,add,insert,remove,0.9868999123573303,0.0002915316727012396,0.0036966081243008375,0.9978498220443726,0.9832033042330295,-0.9975582903716713,0.9866083806846291,1.9807615946047008
4773,rust,add,insert,remove,0.9902997016906738,0.0001530984154669568,0.0016546734841540456,0.9991191029548645,0.9886450282065198,-0.9989660045393975,0.9901466032752069,1.9876110327459173
4774,rust,add,insert,remove,0.9940087795257568,0.00015288910071831197,0.0012938175350427628,0.9990652203559875,0.9927149619907141,-0.9989123312552692,0.9938558904250385,1.9916272932459833
4775,rust,add,insert,remove,0.9929574728012085,0.0001809223322197795,0.0021127176005393267,0.9992891550064087,0.9908447552006692,-0.9991082326741889,0.9927765504689887,1.989952987874858
4776,rust,add,insert,remove,0.9931061863899231,0.00017862992535810918,0.0010838363086804748,0.9990994930267334,0.9920223500812426,-0.9989208631013753,0.992927556464565,1.990943213182618
4783,rust,add,insert,remove,0.993445634841919,0.0002099469129461795,0.0017329244874417782,0.9992103576660156,0.9917127103544772,-0.9990004107530694,0.9932356879289728,1.9907131211075466
4784,rust,add,insert,remove,0.9950689077377319,0.0001615854853298515,0.001106264884583652,0.9992870688438416,0.9939626428531483,-0.9991254833585117,0.9949073222524021,1.99308812621166
4795,rust,allow,permit,forbid,0.9953545331954956,0.0004217990208417177,0.0007220549159683287,0.9976596832275391,0.9946324782795273,-0.9972378842066973,0.9949327341746539,1.9918703624862246
4799,rust,add,insert,remove,0.9937213659286499,0.0002200210583396256,0.0011774083832278848,0.9981791973114014,0.992543957545422,-0.9979591762530617,0.9935013448703103,1.9905031337984838
4808,rust,add,insert,remove,0.9943116903305054,0.00014893870684318244,0.0010375033598393202,0.9988960027694702,0.993274186970666,-0.998747064062627,0.9941627516236622,1.992021251033293
4811,rust,add,insert,remove,0.9750564694404602,0.00017107927124015987,0.012171932496130466,0.9978519678115845,0.9628845369443297,-0.9976808885403443,0.97488539016922,1.960565425484674
4816,rust,add,insert,remove,0.9963957667350769,0.00019405040075071156,0.0007066766847856343,0.9989136457443237,0.9956890900502913,-0.998719595343573,0.9962017163343262,1.9944086853938643
4825,rust,add,insert,remove,0.9943975210189819,0.0001433373981853947,0.000703916244674474,0.9991612434387207,0.9936936047743075,-0.9990179060405353,0.9942541836207965,1.9927115108148428
4838,rust,allow,permit,forbid,0.9931899905204773,0.000412758527090773,0.0018870102940127254,0.9987543821334839,0.9913029802264646,-0.9983416236063931,0.9927772319933865,1.9896446038328577
4863,rust,allow,permit,forbid,0.9937453269958496,0.0005939302500337362,0.0023758537136018276,0.997931718826294,0.9913694732822478,-0.9973377885762602,0.9931513967458159,1.988707261858508
4874,rust,add,insert,remove,0.9943289160728455,0.00022915779845789075,0.0011596392141655087,0.9989896416664124,0.99316927685868,-0.9987604838679545,0.9940997582743876,1.9919297607266344
4874,rust,create,build,destroy,0.9872236251831055,0.000136864953674376,0.0029886276461184025,0.9954319000244141,0.9842349975369871,-0.9952950350707397,0.9870867602294311,1.9795300326077268
4882,rust,add,insert,remove,0.9828097820281982,0.00016603496624156833,0.00431163189932704,0.9992695450782776,0.9784981501288712,-0.999103510112036,0.9826437470619567,1.9776016602409072
4897,rust,add,insert,remove,0.988792359828949,0.00010952402226394042,0.0018200172344222665,0.9991982579231262,0.9869723425945267,-0.9990887339008623,0.988682835806685,1.986061076495389
4901,rust,allow,permit,forbid,0.9548186659812927,0.0023095107171684504,0.006071008276194334,0.9941530823707581,0.9487476577050984,-0.9918435716535896,0.9525091552641243,1.940591229358688
4918,rust,add,insert,remove,0.9937133193016052,0.000183996744453907,0.0009571194532327354,0.9993079900741577,0.9927561998483725,-0.9991239933297038,0.9935293225571513,1.9918801931780763
4924,rust,add,insert,remove,0.9873707294464111,0.0001501095393905416,0.00201802677474916,0.9989674091339111,0.985352702671662,-0.9988172995945206,0.9872206199070206,1.9841700022661826
4933,rust,add,insert,remove,0.9958245754241943,0.00018047206685878336,0.0005360798095352948,0.9990215301513672,0.995288495614659,-0.9988410580845084,0.9956441033573356,1.9941295536991674
4937,rust,start,begin,stop,0.924362301826477,0.0005268234526738524,0.015879644080996513,0.9918413162231445,0.9084826577454805,-0.9913144927704707,0.9238354783738032,1.8997971505159512
4939,rust,start,begin,stop,0.9855359196662903,0.01315347570925951,0.0008523991564288735,0.8314375877380371,0.9846835205098614,-0.8182841120287776,0.9723824439570308,1.802967632538639
4939,rust,include,contain,exclude,0.9958546757698059,0.0002914648794103414,0.0004918666090816259,0.9987892508506775,0.9953628091607243,-0.9984977859712671,0.9955632108903956,1.9938605951319914
4951,rust,add,insert,remove,0.9953469634056091,0.00022030473337508738,0.0014789432752877474,0.9986981153488159,0.9938680201303214,-0.9984778106154408,0.995126658672234,1.9923458307457622
4954,rust,add,insert,remove,0.9926595091819763,0.00013558899809140712,0.0009533224510960281,0.9991987347602844,0.9917061867308803,-0.999063145762193,0.9925239201838849,1.9907693324930733
4960,rust,add,insert,remove,0.9940893650054932,0.00026049124426208436,0.0013963899109512568,0.9990904331207275,0.9926929750945419,-0.9988299418764655,0.9938288737612311,1.9915229169710074
4960,rust,create,build,destroy,0.9778611063957214,0.00035373723949305713,0.0057407221756875515,0.9828777313232422,0.9721203842200339,-0.9825239940837491,0.9775073691562284,1.954644378303783
4981,rust,allow,permit,forbid,0.9965664148330688,0.00017362354265060276,0.0011131977662444115,0.9995229244232178,0.9954532170668244,-0.9993493008805672,0.9963927912904182,1.9948025179473916
4991,rust,add,insert,remove,0.9666133522987366,0.00027337498613633215,0.003485872643068433,0.9992840886116028,0.9631274796556681,-0.9990107136254665,0.9663399773126002,1.9621381932811346
4991,rust,opens,unlocks,closes,0.9563143849372864,0.0017523469869047403,0.004103755112737417,0.9963513612747192,0.952210629824549,-0.9945990142878145,0.9545620379503816,1.9468096441123635
5024,rust,allow,permit,forbid,0.994624674320221,0.0013861550251021981,0.0015867847250774503,0.9959379434585571,0.9930378895951435,-0.9945517884334549,0.9932385192951187,1.9875896780285984
5035,rust,add,insert,remove,0.9944350719451904,0.0002747246762737632,0.0007302747690118849,0.9988583326339722,0.9937047971761785,-0.9985836079576984,0.9941603472689167,1.992288405133877
5051,rust,add,insert,remove,0.9769908785820007,0.00022617132344748825,0.014548384584486485,0.9986502528190613,0.9624424939975142,-0.9984240814956138,0.9767647072585532,1.960866575493128
5059,rust,add,insert,remove,0.9953536987304688,9.53316266532056e-05,0.0014108973555266857,0.9995406866073608,0.9939428013749421,-0.9994453549807076,0.9952583671038155,1.9933881563556497
5062,rust,add,insert,remove,0.9821556210517883,0.00018608894606586546,0.006043647415935993,0.9991772770881653,0.9761119736358523,-0.9989911881420994,0.9819695321057225,1.9751031617779518
5076,rust,add,insert,remove,0.9194852113723755,0.00025855685817077756,0.06130895018577576,0.9982886910438538,0.8581762611865997,-0.998030134185683,0.9192266545142047,1.8562063953722827
5083,rust,add,insert,remove,0.9941185712814331,0.00024252368893940002,0.0013690453488379717,0.9984622001647949,0.9927495259325951,-0.9982196764758555,0.9938760475924937,1.9909692024084507
5084,rust,add,insert,remove,0.9918155074119568,0.0002431534230709076,0.0013153556501492858,0.9961169958114624,0.9905001517618075,-0.9958738423883915,0.9915723539888859,1.986373994150199
5093,rust,add,insert,remove,0.9936696887016296,0.00015502056339755654,0.0007484844536520541,0.9992057681083679,0.9929212042479776,-0.9990507475449704,0.9935146681382321,1.991971951792948
5102,rust,add,insert,remove,0.48722097277641296,0.00022084814554546028,0.48851099610328674,0.9980681538581848,-0.0012900233268737793,-0.9978473057126394,0.4870001246308675,0.9965572823857656
5133,rust,add,insert,remove,0.9891161322593689,0.0001625841687200591,0.003156969789415598,0.9989961981773376,0.9859591624699533,-0.9988336140086176,0.9889535480906488,1.9847927764785709
5135,rust,add,insert,remove,0.9865947961807251,0.00016396603314206004,0.004326338414102793,0.9990615248680115,0.9822684577666223,-0.9988975588348694,0.986430830147583,1.9811660166014917
5201,rust,add,insert,remove,0.3916168510913849,0.009045715443789959,0.5183605551719666,0.7954185605049133,-0.12674370408058167,-0.7863728450611234,0.38257113564759493,0.6596291409805417
5205,rust,add,insert,remove,0.9867212772369385,0.00013885916268918663,0.002150159329175949,0.999147891998291,0.9845711179077625,-0.9990090328356018,0.9865824180742493,1.9835801507433644
5236,rust,add,insert,remove,0.9920217990875244,0.00018033453670796007,0.0012188218533992767,0.9990602135658264,0.9908029772341251,-0.9988798790291185,0.9918414645508165,1.9896828562632436
5236,rust,enable,permit,disable,0.996535062789917,0.0007798934821039438,0.000539793458301574,0.9910233020782471,0.9959952693316154,-0.9902434085961431,0.995755169307813,1.9862386779277585
5269,rust,add,insert,remove,0.9863666892051697,0.00020302666234783828,0.0012994561111554503,0.9992042183876038,0.9850672330940142,-0.9990011917252559,0.9861636625428218,1.9840684248192701
5299,rust,removed,deleted,inserted,0.994927167892456,0.00035462426603771746,0.001575081842020154,0.9991807341575623,0.9933520860504359,-0.9988261098915245,0.9945725436264183,1.9921781959419604
5301,rust,add,insert,remove,0.9876356720924377,0.0003089313686359674,0.0011456642532721162,0.9935173988342285,0.9864900078391656,-0.9932084674655925,0.9873267407238018,1.9796984753047582
5303,rust,allow,permit,forbid,0.9922234416007996,0.0008360380306839943,0.0021786082070320845,0.9979544878005981,0.9900448333937675,-0.9971184497699142,0.9913874035701156,1.9871632831636816
5349,rust,add,insert,remove,0.9740309715270996,0.00014551240019500256,0.016874810680747032,0.9994229078292847,0.9571561608463526,-0.9992773954290897,0.9738854591269046,1.9564335562754422
5354,rust,enable,permit,disable,0.9802889227867126,0.00020998732361476868,0.0019485289230942726,0.9994122982025146,0.9783403938636184,-0.9992023108788999,0.9800789354630979,1.9775427047425183
5367,rust,start,begin,stop,0.7646676898002625,0.0007199617102742195,0.02712204121053219,0.9943021535873413,0.7375456485897303,-0.9935821918770671,0.7639477280899882,1.7311278404667974
5400,rust,add,insert,remove,0.9799567461013794,0.00013916297757532448,0.0029949930030852556,0.9989590644836426,0.9769617530982941,-0.9988199015060673,0.9798175831238041,1.9757816546043614
5423,rust,add,insert,remove,0.9888644218444824,0.00016536269686184824,0.004288865253329277,0.9991588592529297,0.9845755565911531,-0.9989934965560678,0.9886990591476206,1.983569053147221
5424,rust,add,insert,remove,0.9808500409126282,0.00027283228700980544,0.008921551518142223,0.9992547631263733,0.971928489394486,-0.9989819308393635,0.9805772086256184,1.9709104202338494
5456,rust,add,insert,remove,0.8630762100219727,7.671069033676758e-05,0.11906131356954575,0.9996101260185242,0.7440148964524269,-0.9995334153281874,0.8629994993316359,1.7435483117806143
5462,rust,allow,permit,forbid,0.9959483742713928,0.07243300974369049,0.0016213080380111933,0.9215457439422607,0.9943270662333816,-0.8491127341985703,0.9235153645277023,1.8434398004319519
5501,rust,add,insert,remove,0.3836275339126587,0.00023999701079446822,0.5911635756492615,0.99776291847229,-0.20753604173660278,-0.9975229214614956,0.3833875369018642,0.7899868797248928
5502,rust,add,insert,remove,0.9924132227897644,0.00021040247520431876,0.002048870548605919,0.9987891316413879,0.9903643522411585,-0.9985787291661836,0.9922028203145601,1.988943081407342
5569,rust,remove,delete,insert,0.9753549098968506,0.0013976249611005187,0.006184177938848734,0.97026526927948,0.9691707319580019,-0.9688676443183795,0.9739572849357501,1.9380383762763813
5593,rust,add,insert,remove,0.8604965209960938,0.0001695471437415108,0.09359730035066605,0.9985431432723999,0.7668992206454277,-0.9983735961286584,0.8603269738523522,1.765272816774086
5593,rust,accepting,taking,rejecting,0.9606428146362305,0.0004526358097791672,0.00652754120528698,0.9966928958892822,0.9541152734309435,-0.9962402600795031,0.9601901788264513,1.9503555335104465
5618,rust,add,insert,remove,0.9787918329238892,0.00010909097181865945,0.003457952756434679,0.9992038607597351,0.9753338801674545,-0.9990947697879164,0.9786827419520705,1.974428649955371
5622,rust,add,insert,remove,0.9890958666801453,0.0001413083082297817,0.0017977711977437139,0.9992338418960571,0.9872980954824015,-0.9990925335878273,0.9889545583719155,1.986390629070229
5670,rust,accept,take,reject,0.11579399555921555,0.008612322621047497,0.3154349625110626,0.7939568758010864,-0.19964096695184708,-0.7853445531800389,0.10718167293816805,0.5857035862281919
5704,rust,add,insert,remove,0.99191814661026,0.00020443618996068835,0.0016847786027938128,0.9989979863166809,0.9902333680074662,-0.9987935501267202,0.9917137104202993,1.9890269181341864
5704,rust,starting,beginning,stopping,0.9866163730621338,0.001654618768952787,0.0007796345162205398,0.950956404209137,0.9858367385459132,-0.9493017854401842,0.984961754293181,1.9351385239860974
5836,rust,add,insert,remove,0.9929346442222595,0.0005487086018547416,0.0018022392177954316,0.9965257048606873,0.9911324050044641,-0.9959769962588325,0.9923859356204048,1.9871094012632966
5836,rust,disable,block,enable,0.9770603179931641,0.0014186884509399533,0.0038778542075306177,0.986199140548706,0.9731824637856334,-0.9847804520977661,0.9756416295422241,1.9579629158833995
5935,rust,added,inserted,removed,0.9956443309783936,0.00013937889889348298,0.0011687029618769884,0.9993007183074951,0.9944756280165166,-0.9991613394086016,0.9955049520795001,1.9936369674251182
5954,rust,increase,raise,decrease,0.9842026233673096,0.0004115343908779323,0.0016878524329513311,0.9936867356300354,0.9825147709343582,-0.9932752012391575,0.9837910889764316,1.9757899721735157
5986,rust,add,insert,remove,0.978611409664154,0.0006297480431385338,0.004971744026988745,0.9980266690254211,0.9736396656371653,-0.9973969209822826,0.9779816616210155,1.971036586619448
5991,rust,add,insert,remove,0.960055410861969,0.0023606105241924524,0.0035988071467727423,0.9958783388137817,0.9564566037151963,-0.9935177282895893,0.9576948003377765,1.9499743320047855
6081,rust,add,insert,remove,0.9859574437141418,0.00013644056161865592,0.0011205509072169662,0.9994770884513855,0.9848368928069249,-0.9993406478897668,0.9858210031525232,1.9841775406966917
6125,rust,hiding,covering,showing,0.8591206669807434,0.0017776875756680965,0.12184439599514008,0.9967765212059021,0.7372762709856033,-0.994998833630234,0.8573429794050753,1.7322751046158373
6203,rust,creating,building,destroying,0.9628018140792847,0.0012657020706683397,0.013384552672505379,0.967538058757782,0.9494172614067793,-0.9662723566871136,0.9615361120086163,1.915689618093893
6221,rust,add,insert,remove,0.9736936092376709,0.0003497133729979396,0.00497468700632453,0.9989651441574097,0.9687189222313464,-0.9986154307844117,0.973343895864673,1.967334353015758
6282,rust,added,inserted,removed,0.9953129291534424,0.00012007056648144498,0.0018693299498409033,0.9994322657585144,0.9934435992036015,-0.999312195192033,0.9951928585869609,1.9927557943956344
6315,rust,add,insert,remove,0.9872937202453613,0.0001914271415444091,0.0033411963377147913,0.9982072114944458,0.9839525239076465,-0.9980157843529014,0.9871022931038169,1.981968308260548
6342,rust,add,insert,remove,0.9951449036598206,0.00012519682059064507,0.0007084006210789084,0.9993563294410706,0.9944365030387416,-0.9992311326204799,0.9950197068392299,1.9936676356592216
6359,rust,allow,permit,forbid,0.9471163153648376,0.0006189041305333376,0.009348374791443348,0.9988020658493042,0.9377679405733943,-0.9981831617187709,0.9464974112343043,1.9359511022921652
6380,rust,added,inserted,removed,0.997122585773468,0.00015081162564456463,0.0009389203623868525,0.9994351267814636,0.9961836654110812,-0.9992843151558191,0.9969717741478235,1.9954679805669002
6402,rust,add,insert,remove,0.9547334313392639,0.00014947935414966196,0.032899100333452225,0.9988059997558594,0.9218343310058117,-0.9986565204017097,0.9545839519851143,1.9204908514075214
6427,rust,added,inserted,removed,0.9938244819641113,7.234611257445067e-05,0.0034500930923968554,0.9995433688163757,0.9903743888717145,-0.9994710227038013,0.9937521358515369,1.9898454115755158
6569,rust,add,insert,remove,0.9870144128799438,0.00021187635138630867,0.005773340817540884,0.9984116554260254,0.981241072062403,-0.9981997790746391,0.9868025365285575,1.979440851137042
6591,rust,add,insert,remove,0.9895490407943726,7.560692756669596e-05,0.0016263012075796723,0.9996767044067383,0.9879227395867929,-0.9996010974791716,0.9894734338668059,1.9875238370659645
6591,rust,adding,inserting,removing,0.8762913346290588,8.978562254924327e-05,0.05504851043224335,0.9978450536727905,0.8212428241968155,-0.9977552680502413,0.8762015490065096,1.8189980922470568
6595,rust,allow,permit,forbid,0.9928038716316223,0.02524900622665882,0.0012423067819327116,0.9734832048416138,0.9915615648496896,-0.948234198614955,0.9675548654049635,1.9397957634646446
6652,rust,added,inserted,removed,0.39026421308517456,0.0013155454071238637,0.5233345627784729,0.99755859375,-0.13307034969329834,-0.9962430483428761,0.3889486676780507,0.8631726986495778
6652,rust,remove,delete,insert,0.6454700231552124,0.009896388277411461,0.04117875173687935,0.9826024770736694,0.604291271418333,-0.972706088796258,0.6355736348778009,1.576997360214591
6792,rust,add,insert,remove,0.980709433555603,8.896737563190982e-05,0.011044724844396114,0.999607264995575,0.9696647087112069,-0.999518297619943,0.9806204661799711,1.96918300633115
7588,rust,add,insert,remove,0.9547845125198364,0.0001926650875248015,0.0344524160027504,0.9989921450614929,0.920332096517086,-0.9987994799739681,0.9545918474323116,1.9191315764910541
7600,rust,add,insert,remove,0.977695882320404,0.00017704625497572124,0.01015513390302658,0.9989615678787231,0.9675407484173775,-0.9987845216237474,0.9775188360654283,1.966325270041125
7624,rust,add,insert,remove,0.990007758140564,0.00017824435781221837,0.0023644946049898863,0.9988320469856262,0.9876432635355741,-0.998653802627814,0.9898295137827517,1.986297066163388
7676,rust,add,insert,remove,0.9887492656707764,0.00017400043725501746,0.004391838796436787,0.9988099336624146,0.9843574268743396,-0.9986359332251595,0.9885752652335213,1.9829933600994991
7676,rust,disabled,blocked,enabled,0.8139671087265015,0.009568572044372559,0.00876947958022356,0.8105809092521667,0.8051976291462779,-0.8010123372077942,0.8043985366821289,1.606209966354072
7127,rust,add,insert,remove,0.9929444193840027,0.00020237499848008156,0.0003487331559881568,0.99953293800354,0.9925956862280145,-0.99933056300506,0.9927420443855226,1.9919262492330745
7194,rust,add,insert,remove,0.3617359399795532,0.00013173307524994016,0.6205843687057495,0.999198853969574,-0.2588484287261963,-0.999067120894324,0.3616042069043033,0.7402186921681277
7215,rust,allowing,permitting,forbidding,0.938823938369751,0.000109691041870974,0.006001417059451342,0.9991552829742432,0.9328225213102996,-0.9990455919323722,0.93871424732788,1.9318681132426718
7299,rust,add,insert,remove,0.9334895610809326,0.00010294225648976862,0.0014676091959699988,0.9996737241744995,0.9320219518849626,-0.9995707819180097,0.9333866188244428,1.9315927338029724
7331,rust,add,insert,remove,0.25970029830932617,0.00012330058962106705,0.7293384075164795,0.9995619654655457,-0.4696381092071533,-0.9994386648759246,0.2595769977197051,0.5298005556687713
7387,rust,add,insert,remove,0.22517868876457214,0.00013927747204434127,0.7627965807914734,0.9993947744369507,-0.5376178920269012,-0.9992554969649063,0.2250394112925278,0.4616376049380051
7588,rust,add,insert,remove,0.9547845125198364,0.0001926650875248015,0.0344524160027504,0.9989921450614929,0.920332096517086,-0.9987994799739681,0.9545918474323116,1.9191315764910541
7624,rust,add,insert,remove,0.990007758140564,0.00017824435781221837,0.0023644946049898863,0.9988320469856262,0.9876432635355741,-0.998653802627814,0.9898295137827517,1.986297066163388
7676,rust,add,insert,remove,0.9887492656707764,0.00017400043725501746,0.004391838796436787,0.9988099336624146,0.9843574268743396,-0.9986359332251595,0.9885752652335213,1.9829933600994991
7676,rust,disabled,blocked,enabled,0.8139671087265015,0.009568572044372559,0.00876947958022356,0.8105809092521667,0.8051976291462779,-0.8010123372077942,0.8043985366821289,1.606209966354072
7799,rust,allow,permit,forbid,0.995428204536438,0.0006577612366527319,0.0010487708495929837,0.9981446266174316,0.994379433686845,-0.9974868653807789,0.9947704432997853,1.991866299067624
7831,rust,allow,permit,forbid,0.8847776651382446,0.0001759347942424938,0.01596769690513611,0.9994022846221924,0.8688099682331085,-0.9992263498279499,0.8846017303440021,1.8680363180610584
7910,rust,add,insert,remove,0.9945204854011536,0.00020255650451872498,0.0012246666010469198,0.9991459846496582,0.9932958188001066,-0.9989434281451395,0.9943179288966348,1.9922392469452461
8031,rust,enable,permit,disable,0.9879648685455322,0.0007212774362415075,0.0020831956062465906,0.9964726567268372,0.9858816729392856,-0.9957513792905957,0.9872435911092907,1.9816330522298813
8043,rust,allow,permit,forbid,0.9685186147689819,0.0004993146285414696,0.015428765676915646,0.9975670576095581,0.9530898490920663,-0.9970677429810166,0.9680193001404405,1.950157592073083
