diff_id,language,anchor,synonym,antonym,gold_word_count,bertscore_syn,bertscore_ant,bertscore_delta
227,cpp,allow,permit,forbid,8,0.9630568027496338,0.9726258516311646,-0.009569048881530762
634,cpp,add,insert,remove,13,0.9839416146278381,0.989525318145752,-0.005583703517913818
932,cpp,add,insert,remove,15,0.9988648891448975,0.9986692667007446,0.00019562244415283203
932,cpp,disable,block,enable,15,0.9830245971679688,0.9926342964172363,-0.009609699249267578
932,cpp,create,build,destroy,15,0.9936061501502991,0.9893451929092407,0.00426095724105835
1558,cpp,adding,inserting,removing,6,0.9801008105278015,0.96975177526474,0.010349035263061523
2427,cpp,added,inserted,removed,13,0.999664306640625,0.9997310042381287,-6.669759750366211e-05
2909,cpp,remove,delete,insert,10,0.9966745376586914,0.9920247793197632,0.004649758338928223
3149,cpp,added,inserted,removed,13,0.9834169745445251,0.9997901320457458,-0.016373157501220703
4054,cpp,add,insert,remove,7,0.9967297315597534,0.9964489936828613,0.00028073787689208984
4103,cpp,adds,inserts,removes,7,0.9845825433731079,0.9800867438316345,0.004495799541473389
4442,cpp,add,insert,remove,7,0.9972084760665894,0.9977710247039795,-0.0005625486373901367
4496,cpp,added,inserted,removed,13,0.9997880458831787,0.9998118281364441,-2.378225326538086e-05
4496,cpp,allow,permit,forbid,13,0.9879234433174133,0.9840787649154663,0.0038446784019470215
5010,cpp,remove,delete,insert,8,0.9907989501953125,0.9846411943435669,0.0061577558517456055
5208,cpp,include,contain,exclude,7,0.9843456149101257,0.9841395020484924,0.00020611286163330078
5697,cpp,add,insert,remove,10,0.978509247303009,0.9793734550476074,-0.0008642077445983887
5709,cpp,remove,delete,insert,7,0.9975312948226929,0.9968833327293396,0.0006479620933532715
5709,cpp,includes,contains,excludes,7,0.9659956693649292,0.9746994972229004,-0.008703827857971191
5971,cpp,added,inserted,removed,9,0.9886123538017273,0.9997646808624268,-0.011152327060699463
6312,cpp,disable,block,enable,6,0.9993592500686646,0.9990376234054565,0.0003216266632080078
6449,cpp,add,insert,remove,6,0.9988276958465576,0.9986581802368164,0.00016951560974121094
6547,cpp,add,insert,remove,10,0.9974223971366882,0.9978362321853638,-0.0004138350486755371
7572,cpp,adding,inserting,removing,14,0.9918659329414368,0.9843466877937317,0.007519245147705078
7590,cpp,adding,inserting,removing,11,0.9885554909706116,0.9811556935310364,0.007399797439575195
8146,cpp,allow,permit,forbid,10,0.9616249203681946,0.9678317904472351,-0.006206870079040527
8313,cpp,start,begin,stop,23,0.9868283271789551,0.9913203716278076,-0.004492044448852539
8542,cpp,removed,deleted,inserted,7,0.9850447177886963,0.9786736965179443,0.006371021270751953
8543,cpp,add,insert,remove,13,0.9940681457519531,0.989409327507019,0.004658818244934082
8543,cpp,remove,delete,insert,13,0.9908512830734253,0.9892582893371582,0.0015929937362670898
8735,cpp,add,insert,remove,9,0.9845086932182312,0.9838889837265015,0.0006197094917297363
8875,cpp,allow,permit,forbid,13,0.9522001147270203,0.9589602947235107,-0.0067601799964904785
9568,cpp,add,insert,remove,9,0.9981478452682495,0.9986155033111572,-0.00046765804290771484
10309,cpp,remove,delete,insert,9,0.9990053772926331,0.9997639656066895,-0.0007585883140563965
10309,cpp,allow,permit,forbid,9,0.9972423315048218,0.9904296398162842,0.006812691688537598
10504,cpp,allow,permit,forbid,14,0.9943852424621582,0.9778992533683777,0.016485989093780518
11034,cpp,add,insert,remove,9,0.9835078716278076,0.9814887046813965,0.002019166946411133
11174,cpp,started,began,stopped,13,0.996906042098999,0.9915146827697754,0.005391359329223633
11339,cpp,add,insert,remove,5,0.9988645315170288,0.9990417957305908,-0.00017726421356201172
12096,cpp,remove,delete,insert,13,0.9997503161430359,0.9996861219406128,6.41942024230957e-05
12097,cpp,add,insert,remove,6,0.9963875412940979,0.9968337416648865,-0.0004462003707885742
12116,cpp,remove,delete,insert,7,0.989696741104126,0.967348575592041,0.02234816551208496
12116,cpp,include,contain,exclude,7,0.9775136709213257,0.9779730439186096,-0.00045937299728393555
12213,cpp,add,insert,remove,8,0.9774506688117981,0.9788733720779419,-0.0014227032661437988
12345,cpp,add,insert,remove,11,0.9869250059127808,0.9931092858314514,-0.006184279918670654
12518,cpp,disable,block,enable,9,0.9996420741081238,0.9996315240859985,1.055002212524414e-05
13200,cpp,add,insert,remove,6,0.9956893920898438,0.9949451684951782,0.0007442235946655273
13296,cpp,add,insert,remove,9,0.9990877509117126,0.989596962928772,0.009490787982940674
13516,cpp,show,display,hide,8,0.9946708679199219,0.9989060163497925,-0.0042351484298706055
14126,cpp,adds,inserts,removes,22,0.9904302954673767,0.9909485578536987,-0.0005182623863220215
14436,cpp,added,inserted,removed,9,0.9766948819160461,0.9915670156478882,-0.014872133731842041
14515,cpp,remove,delete,insert,11,0.9997900724411011,0.9995372295379639,0.00025284290313720703
14946,cpp,add,insert,remove,8,0.9816610813140869,0.9895415306091309,-0.007880449295043945
15525,cpp,add,insert,remove,8,0.9743608832359314,0.9807384610176086,-0.006377577781677246
15899,cpp,create,build,destroy,18,0.9888914227485657,0.9910812377929688,-0.002189815044403076
16836,cpp,added,inserted,removed,21,0.9920697808265686,0.9957722425460815,-0.0037024617195129395
17076,cpp,adds,inserts,removes,10,0.9172484278678894,0.9553237557411194,-0.03807532787322998
17174,cpp,added,inserted,removed,11,0.9987015128135681,0.9991171360015869,-0.00041562318801879883
17525,cpp,show,display,hide,12,0.9957138895988464,0.9791099429130554,0.016603946685791016
17954,cpp,add,insert,remove,7,0.9778129458427429,0.9783830642700195,-0.0005701184272766113
18064,cpp,removing,deleting,inserting,8,0.9821122884750366,0.9856567978858948,-0.0035445094108581543
18200,cpp,add,insert,remove,8,0.998579740524292,0.998837947845459,-0.0002582073211669922
18904,cpp,removing,deleting,inserting,12,0.9945534467697144,0.9899039268493652,0.004649519920349121
19017,cpp,remove,delete,insert,14,0.9942278861999512,0.9886506795883179,0.005577206611633301
20346,cpp,added,inserted,removed,8,0.9890291690826416,0.985810399055481,0.0032187700271606445
20349,cpp,increase,raise,decrease,7,0.9965866804122925,0.971917986869812,0.02466869354248047
20800,cpp,remove,delete,insert,6,0.9953314661979675,0.9796527624130249,0.015678703784942627
20812,cpp,created,built,destroyed,6,0.9996975064277649,0.9995725154876709,0.00012499094009399414
20958,cpp,create,build,destroy,8,0.9701034426689148,0.9525297284126282,0.01757371425628662
21282,cpp,allow,permit,forbid,9,0.9722669124603271,0.9744319915771484,-0.002165079116821289
21431,cpp,remove,delete,insert,8,0.9996840953826904,0.9996635913848877,2.0503997802734375e-05
21556,cpp,show,display,hide,13,0.9965741634368896,0.9880347847938538,0.008539378643035889
21571,cpp,remove,delete,insert,6,0.9934479594230652,0.9775810241699219,0.01586693525314331
21832,cpp,allow,permit,forbid,18,0.9916393160820007,0.9753410220146179,0.016298294067382812
22303,cpp,add,insert,remove,21,0.9957737922668457,0.9956618547439575,0.0001119375228881836
22666,cpp,disable,block,enable,11,0.975606381893158,0.9937964677810669,-0.018190085887908936
22746,cpp,add,insert,remove,10,0.9923508763313293,0.9933355450630188,-0.0009846687316894531
22746,cpp,open,unlock,close,10,0.9843165874481201,0.9878219366073608,-0.0035053491592407227
23048,cpp,allow,permit,forbid,17,0.9951730966567993,0.9789085984230042,0.016264498233795166
24219,cpp,show,display,hide,20,0.9940919876098633,0.9941707849502563,-7.87973403930664e-05
24483,cpp,added,inserted,removed,8,0.992716908454895,0.9968970417976379,-0.00418013334274292
24989,cpp,includes,contains,excludes,16,0.9958466291427612,0.9931412935256958,0.0027053356170654297
25202,cpp,added,inserted,removed,12,0.979831337928772,0.9907798171043396,-0.010948479175567627
25263,cpp,increase,raise,decrease,9,0.99208664894104,0.9920468926429749,3.975629806518555e-05
25366,cpp,added,inserted,removed,8,0.9678893089294434,0.9688403010368347,-0.0009509921073913574
25527,cpp,increased,raised,decreased,6,0.9993191361427307,0.9998299479484558,-0.0005108118057250977
26005,cpp,opening,unlocking,closing,8,0.9729827046394348,0.9800119996070862,-0.007029294967651367
26407,cpp,add,insert,remove,28,0.993046224117279,0.9890687465667725,0.003977477550506592
26407,cpp,disable,block,enable,28,0.9923772811889648,0.9949874877929688,-0.0026102066040039062
26479,cpp,show,display,hide,11,0.9995460510253906,0.9996024370193481,-5.638599395751953e-05
26977,cpp,allow,permit,forbid,13,0.994260311126709,0.9884850978851318,0.0057752132415771484
27525,cpp,adding,inserting,removing,11,0.9994457960128784,0.9996193647384644,-0.0001735687255859375
27671,cpp,adding,inserting,removing,18,0.9851207137107849,0.9718760251998901,0.013244688510894775
27872,cpp,added,inserted,removed,10,0.9818799495697021,0.9986680746078491,-0.016788125038146973
28246,cpp,remove,delete,insert,8,0.9940171241760254,0.9816158413887024,0.012401282787322998
28525,cpp,add,insert,remove,6,0.9727100133895874,0.9765692949295044,-0.003859281539916992
28635,cpp,disabled,blocked,enabled,6,0.9881564378738403,0.9901061654090881,-0.0019497275352478027
28981,cpp,disable,block,enable,8,0.9995377659797668,0.9996230006217957,-8.52346420288086e-05
29129,cpp,adding,inserting,removing,8,0.9534720182418823,0.9516633749008179,0.0018086433410644531
29182,cpp,remove,delete,insert,7,0.9957764744758606,0.9902098774909973,0.005566596984863281
29517,cpp,added,inserted,removed,7,0.9867125153541565,0.988937258720398,-0.002224743366241455
29670,cpp,add,insert,remove,6,0.9987655878067017,0.9989715814590454,-0.00020599365234375
29745,cpp,add,insert,remove,14,0.9923343062400818,0.9895864129066467,0.0027478933334350586
29776,cpp,show,display,hide,17,0.9993160367012024,0.9993389248847961,-2.288818359375e-05
30426,cpp,allow,permit,forbid,12,0.9875736236572266,0.988401472568512,-0.0008278489112854004
30778,cpp,added,inserted,removed,10,0.9833824038505554,0.9919816851615906,-0.008599281311035156
31182,cpp,add,insert,remove,13,0.9913680553436279,0.9933191537857056,-0.0019510984420776367
31840,cpp,added,inserted,removed,7,0.9737481474876404,0.9793934226036072,-0.005645275115966797
32361,cpp,add,insert,remove,12,0.9992352724075317,0.9992924928665161,-5.7220458984375e-05
32780,cpp,enable,permit,disable,8,0.9760646224021912,0.9893481731414795,-0.01328355073928833
32882,cpp,show,display,hide,14,0.9969751834869385,0.9927339553833008,0.004241228103637695
33018,cpp,added,inserted,removed,6,0.9702494144439697,0.9783260822296143,-0.008076667785644531
33295,cpp,opened,unlocked,closed,12,0.990378201007843,0.981998085975647,0.008380115032196045
33995,cpp,add,insert,remove,17,0.9985699653625488,0.9986183643341064,-4.839897155761719e-05
34036,cpp,allow,permit,forbid,10,0.9530968070030212,0.9812827110290527,-0.028185904026031494
34036,cpp,open,unlock,close,10,0.9440785050392151,0.9428972005844116,0.0011813044548034668
34070,cpp,add,insert,remove,13,0.9901325702667236,0.9938698410987854,-0.0037372708320617676
34438,cpp,added,inserted,removed,24,0.9993929266929626,0.9994609355926514,-6.80088996887207e-05
34510,cpp,add,insert,remove,9,0.9963140487670898,0.9943294525146484,0.0019845962524414062
34804,cpp,remove,delete,insert,7,0.9948278665542603,0.9858636260032654,0.008964240550994873
35088,cpp,adds,inserts,removes,21,0.9886912703514099,0.985262930393219,0.003428339958190918
35191,cpp,add,insert,remove,5,0.9736896753311157,0.974886953830719,-0.0011972784996032715
35254,cpp,add,insert,remove,9,0.9834214448928833,0.9843924045562744,-0.0009709596633911133
35623,cpp,creating,building,destroying,12,0.9872307181358337,0.983923077583313,0.003307640552520752
35838,cpp,increase,raise,decrease,7,0.9985464811325073,0.9995145797729492,-0.0009680986404418945
36179,cpp,enable,permit,disable,16,0.9853199124336243,0.9937573671340942,-0.00843745470046997
36293,cpp,allow,permit,forbid,7,0.9763876795768738,0.9790379405021667,-0.0026502609252929688
36401,cpp,added,inserted,removed,6,0.9764939546585083,0.9881791472434998,-0.011685192584991455
37000,cpp,add,insert,remove,9,0.9912316203117371,0.9914794564247131,-0.0002478361129760742
37143,cpp,add,insert,remove,12,0.9881137609481812,0.9885309934616089,-0.0004172325134277344
38037,cpp,enable,permit,disable,10,0.9843080043792725,0.9928780794143677,-0.008570075035095215
38968,cpp,adding,inserting,removing,23,0.9990591406822205,0.9993606805801392,-0.00030153989791870117
39004,cpp,added,inserted,removed,15,0.9994508028030396,0.9996976256370544,-0.0002468228340148926
39097,cpp,allow,permit,forbid,11,0.9990511536598206,0.999089777469635,-3.8623809814453125e-05
39271,cpp,added,inserted,removed,10,0.9781044125556946,0.9993541240692139,-0.021249711513519287
39316,cpp,enable,permit,disable,13,0.9681025743484497,0.9904974699020386,-0.022394895553588867
39418,cpp,remove,delete,insert,15,0.9965435266494751,0.9927222728729248,0.003821253776550293
39650,cpp,enabling,permitting,disabling,11,0.9808008670806885,0.99410480260849,-0.013303935527801514
39650,cpp,allow,permit,forbid,11,0.9873818755149841,0.9790416955947876,0.008340179920196533
40254,cpp,enabled,permitted,disabled,17,0.979424238204956,0.9885358810424805,-0.009111642837524414
40593,cpp,added,inserted,removed,7,0.9777497053146362,0.9855030179023743,-0.007753312587738037
41009,cpp,add,insert,remove,9,0.9904626607894897,0.9892653822898865,0.0011972784996032715
41009,cpp,allow,permit,forbid,9,0.9697781205177307,0.9697002172470093,7.790327072143555e-05
41128,cpp,create,build,destroy,12,0.999494194984436,0.9994669556617737,2.7239322662353516e-05
41230,cpp,add,insert,remove,10,0.9828439950942993,0.9813163876533508,0.0015276074409484863
41304,cpp,open,unlock,close,11,0.9608285427093506,0.9680258631706238,-0.007197320461273193
41553,cpp,remove,delete,insert,6,0.9926409125328064,0.9877266883850098,0.004914224147796631
41830,cpp,remove,delete,insert,9,0.9926161766052246,0.9866654276847839,0.005950748920440674
41861,cpp,added,inserted,removed,7,0.9986612796783447,0.9992603659629822,-0.0005990862846374512
41968,cpp,add,insert,remove,11,0.9988669157028198,0.9975391626358032,0.0013277530670166016
42105,cpp,added,inserted,removed,12,0.9995286464691162,0.9995174407958984,1.1205673217773438e-05
42263,cpp,remove,delete,insert,6,0.9862851500511169,0.9652265310287476,0.021058619022369385
42979,cpp,disable,block,enable,7,0.9993157386779785,0.9992755651473999,4.017353057861328e-05
43447,cpp,remove,delete,insert,10,0.9961729645729065,0.9855725169181824,0.010600447654724121
43531,cpp,allow,permit,forbid,11,0.989940345287323,0.9824387431144714,0.0075016021728515625
43561,cpp,add,insert,remove,16,0.9914922118186951,0.9936385750770569,-0.0021463632583618164
43570,cpp,show,display,hide,31,0.9990894794464111,0.9960841536521912,0.0030053257942199707
43597,cpp,enabled,permitted,disabled,42,0.9894514679908752,0.9947731494903564,-0.005321681499481201
43650,cpp,add,insert,remove,7,0.9617059230804443,0.978605329990387,-0.016899406909942627
44334,cpp,including,containing,excluding,6,0.9910202622413635,0.9893537759780884,0.0016664862632751465
44635,cpp,enabled,permitted,disabled,11,0.9816251993179321,0.9962049126625061,-0.014579713344573975
44875,cpp,add,insert,remove,22,0.988144040107727,0.9910516738891602,-0.0029076337814331055
281,cs,add,insert,remove,10,0.9707295298576355,0.9776744842529297,-0.0069449543952941895
281,cs,show,display,hide,10,0.958547055721283,0.9680789709091187,-0.009531915187835693
354,cs,adding,inserting,removing,14,0.9746848940849304,0.973213255405426,0.0014716386795043945
427,cs,added,inserted,removed,10,0.9806609749794006,0.9962778687477112,-0.015616893768310547
461,cs,add,insert,remove,14,0.9889863729476929,0.9893901348114014,-0.0004037618637084961
884,cs,add,insert,remove,10,0.9997323751449585,0.9996395111083984,9.28640365600586e-05
1012,cs,add,insert,remove,11,0.9795622229576111,0.9851550459861755,-0.005592823028564453
1012,cs,removed,deleted,inserted,11,0.9936065673828125,0.9800275564193726,0.013579010963439941
1332,cs,adding,inserting,removing,16,0.9896110892295837,0.984140157699585,0.005470931529998779
1332,cs,enable,permit,disable,16,0.9922072887420654,0.9922356605529785,-2.8371810913085938e-05
2034,cs,add,insert,remove,16,0.9993222951889038,0.9993963241577148,-7.402896881103516e-05
2656,cs,creating,building,destroying,11,0.9939916729927063,0.9904922842979431,0.0034993886947631836
2747,cs,remove,delete,insert,9,0.9863657355308533,0.9855998158454895,0.0007659196853637695
4034,cs,added,inserted,removed,12,0.9792044758796692,0.9771984815597534,0.0020059943199157715
4252,cs,add,insert,remove,15,0.9837321639060974,0.9860684275627136,-0.002336263656616211
5020,cs,add,insert,remove,13,0.9993919730186462,0.9994941353797913,-0.00010216236114501953
5431,cs,include,contain,exclude,9,0.9863908290863037,0.9809131026268005,0.005477726459503174
5857,cs,add,insert,remove,18,0.9965832233428955,0.9949867129325867,0.0015965104103088379
6208,cs,add,insert,remove,21,0.9791977405548096,0.9804500341415405,-0.001252293586730957
7248,cs,add,insert,remove,11,0.986386775970459,0.987525224685669,-0.001138448715209961
7766,cs,add,insert,remove,9,0.9997797608375549,0.9998151063919067,-3.534555435180664e-05
8050,cs,remove,delete,insert,11,0.987453818321228,0.9770784378051758,0.010375380516052246
8262,cs,added,inserted,removed,10,0.9826117157936096,0.9886504411697388,-0.00603872537612915
8374,cs,added,inserted,removed,9,0.9741297364234924,0.9716407060623169,0.002489030361175537
8735,cs,add,insert,remove,11,0.9900376796722412,0.9879440665245056,0.0020936131477355957
8878,cs,allow,permit,forbid,10,0.9792070984840393,0.9855257868766785,-0.00631868839263916
9927,cs,add,insert,remove,12,0.9994450807571411,0.9993807673454285,6.431341171264648e-05
10601,cs,added,inserted,removed,11,0.9840521812438965,0.9919443726539612,-0.007892191410064697
10601,cs,open,unlock,close,11,0.9699124097824097,0.9732931852340698,-0.0033807754516601562
11254,cs,added,inserted,removed,10,0.9811819195747375,0.9912136793136597,-0.01003175973892212
11402,cs,added,inserted,removed,9,0.9784775972366333,0.9944034814834595,-0.015925884246826172
11402,cs,allowed,permitted,forbade,9,0.9908198118209839,0.9657697081565857,0.025050103664398193
11411,cs,add,insert,remove,9,0.9972289800643921,0.9987403154373169,-0.0015113353729248047
11883,cs,added,inserted,removed,14,0.9860023856163025,0.9887405633926392,-0.00273817777633667
11990,cs,added,inserted,removed,22,0.9848889708518982,0.9935426712036133,-0.008653700351715088
12597,cs,creating,building,destroying,10,0.9885070323944092,0.9723800420761108,0.01612699031829834
12622,cs,added,inserted,removed,17,0.9911512732505798,0.9951558113098145,-0.004004538059234619
12708,cs,add,insert,remove,12,0.9920393228530884,0.9881044626235962,0.0039348602294921875
12749,cs,add,insert,remove,11,0.9994534254074097,0.9994000792503357,5.334615707397461e-05
15362,cs,add,insert,remove,15,0.9960857629776001,0.9939796328544617,0.0021061301231384277
16048,cs,add,insert,remove,11,0.9904496073722839,0.9845963716506958,0.005853235721588135
16048,cs,remove,delete,insert,11,0.9937487244606018,0.9878696203231812,0.005879104137420654
16117,cs,added,inserted,removed,12,0.9773709774017334,0.9856349229812622,-0.008263945579528809
16341,cs,added,inserted,removed,11,0.9909076690673828,0.974496066570282,0.01641160249710083
16341,cs,allows,permits,forbids,11,0.994256317615509,0.9880236983299255,0.006232619285583496
16366,cs,create,build,destroy,13,0.9994739890098572,0.9993901252746582,8.386373519897461e-05
16542,cs,added,inserted,removed,19,0.9803082346916199,0.9806950092315674,-0.00038677453994750977
16542,cs,open,unlock,close,19,0.9901158809661865,0.9932342767715454,-0.0031183958053588867
17126,cs,add,insert,remove,9,0.9974066019058228,0.9982556104660034,-0.0008490085601806641
17339,cs,removed,deleted,inserted,20,0.9994357228279114,0.9993120431900024,0.00012367963790893555
17461,cs,add,insert,remove,9,0.9983111619949341,0.9987252950668335,-0.00041413307189941406
18093,cs,adding,inserting,removing,12,0.9898728132247925,0.9828811287879944,0.006991684436798096
18370,cs,added,inserted,removed,11,0.9757174849510193,0.9840928316116333,-0.008375346660614014
18514,cs,adding,inserting,removing,14,0.9850066304206848,0.9756569266319275,0.009349703788757324
18609,cs,disable,block,enable,13,0.9997025728225708,0.9998072385787964,-0.00010466575622558594
19565,cs,added,inserted,removed,12,0.9814315438270569,0.9899032711982727,-0.00847172737121582
20882,cs,added,inserted,removed,11,0.9718801975250244,0.9761897325515747,-0.004309535026550293
21208,cs,added,inserted,removed,17,0.9824846982955933,0.9988377094268799,-0.01635301113128662
21208,cs,allow,permit,forbid,17,0.9894415736198425,0.988888144493103,0.000553429126739502
21342,cs,remove,delete,insert,10,0.9945907592773438,0.9801827073097229,0.01440805196762085
21655,cs,remove,delete,insert,9,0.9954395294189453,0.9835822582244873,0.011857271194458008
23109,cs,allow,permit,forbid,10,0.9737759828567505,0.9793515205383301,-0.00557553768157959
23216,cs,add,insert,remove,10,0.9939230680465698,0.9925459623336792,0.001377105712890625
23725,cs,add,insert,remove,12,0.9994403123855591,0.9891172051429749,0.010323107242584229
23725,cs,showing,displaying,hiding,12,0.972285270690918,0.964313805103302,0.007971465587615967
25140,cs,add,insert,remove,16,0.9963039755821228,0.9966368079185486,-0.00033283233642578125
25609,cs,added,inserted,removed,15,0.9568572640419006,0.9804452657699585,-0.02358800172805786
25682,cs,added,inserted,removed,13,0.9829394221305847,0.9993370771408081,-0.01639765501022339
26021,cs,remove,delete,insert,9,0.9992926120758057,0.9994252920150757,-0.00013267993927001953
26269,cs,remove,delete,insert,9,0.9944469928741455,0.9853460192680359,0.00910097360610962
26329,cs,added,inserted,removed,12,0.976861298084259,0.9731345176696777,0.003726780414581299
26473,cs,creating,building,destroying,14,0.9957107901573181,0.9893550276756287,0.006355762481689453
26624,cs,added,inserted,removed,16,0.9973139762878418,0.9969775080680847,0.0003364682197570801
26624,cs,remove,delete,insert,16,0.998894453048706,0.9958125948905945,0.0030818581581115723
26739,cs,add,insert,remove,12,0.9994895458221436,0.9978237748146057,0.0016657710075378418
26739,cs,removing,deleting,inserting,12,0.9947336912155151,0.9909617900848389,0.0037719011306762695
27284,cs,add,insert,remove,9,0.9809150695800781,0.9876258969306946,-0.006710827350616455
27306,cs,allow,permit,forbid,16,0.9847409725189209,0.9892320036888123,-0.004491031169891357
27469,cs,add,insert,remove,10,0.9997166395187378,0.9997458457946777,-2.9206275939941406e-05
27649,cs,add,insert,remove,12,0.9933536052703857,0.993850588798523,-0.000496983528137207
27882,cs,add,insert,remove,11,0.9994717836380005,0.9992659091949463,0.00020587444305419922
27924,cs,remove,delete,insert,11,0.9996309876441956,0.9995906352996826,4.035234451293945e-05
28473,cs,disable,block,enable,12,0.998863160610199,0.999274730682373,-0.00041157007217407227
28513,cs,added,inserted,removed,9,0.9797742366790771,0.9836873412132263,-0.00391310453414917
28520,cs,removed,deleted,inserted,10,0.9757217764854431,0.9768327474594116,-0.0011109709739685059
28544,cs,add,insert,remove,13,0.9855467081069946,0.9859991669654846,-0.00045245885848999023
28601,cs,add,insert,remove,10,0.9988911747932434,0.9987256526947021,0.00016552209854125977
28817,cs,add,insert,remove,11,0.9950428605079651,0.9948327541351318,0.00021010637283325195
29189,cs,remove,delete,insert,23,0.9962457418441772,0.9917595386505127,0.004486203193664551
29766,cs,creating,building,destroying,10,0.9817089438438416,0.9595447182655334,0.022164225578308105
30017,cs,add,insert,remove,9,0.9963659048080444,0.9963964223861694,-3.0517578125e-05
30271,cs,adding,inserting,removing,9,0.9836114048957825,0.9725024700164795,0.011108934879302979
30289,cs,added,inserted,removed,9,0.9798689484596252,0.9986206889152527,-0.01875174045562744
31754,cs,added,inserted,removed,15,0.9816117882728577,0.9880130887031555,-0.0064013004302978516
32313,cs,add,insert,remove,12,0.9918384552001953,0.9940844774246216,-0.0022460222244262695
33223,cs,start,begin,stop,11,0.9519935846328735,0.9704846739768982,-0.018491089344024658
33226,cs,add,insert,remove,12,0.998602032661438,0.9989196062088013,-0.00031757354736328125
33272,cs,add,insert,remove,14,0.9993269443511963,0.9991897344589233,0.00013720989227294922
33366,cs,disable,block,enable,15,0.9995179176330566,0.9997081160545349,-0.00019019842147827148
33371,cs,add,insert,remove,10,0.9997131824493408,0.9998088479042053,-9.566545486450195e-05
33559,cs,added,inserted,removed,9,0.9969810843467712,0.998018741607666,-0.0010376572608947754
33579,cs,add,insert,remove,19,0.9982953667640686,0.9980370998382568,0.0002582669258117676
34124,cs,adding,inserting,removing,11,0.985320508480072,0.9752403497695923,0.010080158710479736
34620,cs,added,inserted,removed,14,0.984009861946106,0.9995409250259399,-0.015531063079833984
34620,cs,allow,permit,forbid,14,0.9900168180465698,0.9802955389022827,0.00972127914428711
35217,cs,added,inserted,removed,17,0.9832558035850525,0.9856448173522949,-0.0023890137672424316
35393,cs,added,inserted,removed,11,0.9837994575500488,0.9906916618347168,-0.006892204284667969
36074,cs,added,inserted,removed,10,0.97282475233078,0.9928337931632996,-0.02000904083251953
36324,cs,added,inserted,removed,23,0.9889069199562073,0.9996175169944763,-0.010710597038269043
36324,cs,allow,permit,forbid,23,0.9973872303962708,0.9894925355911255,0.007894694805145264
36569,cs,enable,permit,disable,12,0.9746888279914856,0.9998353719711304,-0.025146543979644775
36795,cs,disable,block,enable,9,0.9995822906494141,0.9996784329414368,-9.614229202270508e-05
36959,cs,add,insert,remove,13,0.9980968236923218,0.9990544319152832,-0.0009576082229614258
37055,cs,added,inserted,removed,14,0.9782422780990601,0.9900553226470947,-0.011813044548034668
37908,cs,remove,delete,insert,15,0.9976682662963867,0.9907784461975098,0.006889820098876953
38242,cs,enable,permit,disable,14,0.984969437122345,0.9996774196624756,-0.014707982540130615
38892,cs,remove,delete,insert,11,0.9988394975662231,0.9964679479598999,0.002371549606323242
39450,cs,added,inserted,removed,13,0.9836932420730591,0.9904762506484985,-0.006783008575439453
39648,cs,accept,take,reject,19,0.9826933145523071,0.9808464050292969,0.001846909523010254
204,cs,allow,permit,forbid,13,0.9686242938041687,0.9707777500152588,-0.002153456211090088
520,cs,added,inserted,removed,7,0.9718149900436401,0.9884579181671143,-0.01664292812347412
1400,cs,add,insert,remove,11,0.9995726943016052,0.9995603561401367,1.233816146850586e-05
1638,cs,start,begin,stop,7,0.9995616674423218,0.9994624853134155,9.918212890625e-05
2387,cs,removed,deleted,inserted,13,0.987912118434906,0.9807103276252747,0.007201790809631348
2730,cs,added,inserted,removed,11,0.9822019338607788,0.9879987835884094,-0.005796849727630615
3351,cs,create,build,destroy,7,0.9996627569198608,0.9994468092918396,0.00021594762802124023
3572,cs,opening,unlocking,closing,12,0.983181357383728,0.9897750616073608,-0.0065937042236328125
4419,cs,allow,permit,forbid,11,0.972822368144989,0.9786916375160217,-0.005869269371032715
5153,cs,added,inserted,removed,10,0.9813594818115234,0.9976897835731506,-0.016330301761627197
5425,cs,added,inserted,removed,7,0.9662402272224426,0.9717687964439392,-0.005528569221496582
6928,cs,added,inserted,removed,13,0.975746750831604,0.9940386414527893,-0.018291890621185303
9077,cs,opening,unlocking,closing,10,0.986628532409668,0.9907298684120178,-0.0041013360023498535
9077,cs,created,built,destroyed,10,0.9901581406593323,0.9871228933334351,0.003035247325897217
10393,cs,allow,permit,forbid,15,0.9959684610366821,0.9803866147994995,0.015581846237182617
10877,cs,add,insert,remove,11,0.9965779781341553,0.9967066049575806,-0.00012862682342529297
10877,cs,creating,building,destroying,11,0.9880592823028564,0.9838857650756836,0.0041735172271728516
11130,cs,add,insert,remove,7,0.9977003335952759,0.998253583908081,-0.0005532503128051758
11832,cs,allow,permit,forbid,9,0.9647626280784607,0.9657280445098877,-0.000965416431427002
12962,cs,add,insert,remove,6,0.9990630149841309,0.9974154233932495,0.0016475915908813477
13006,cs,add,insert,remove,13,0.9942365288734436,0.9922786355018616,0.0019578933715820312
13245,cs,add,insert,remove,13,0.9886530041694641,0.988028347492218,0.0006246566772460938
13546,cs,disable,block,enable,9,0.9919695258140564,0.9931949973106384,-0.0012254714965820312
17934,cs,add,insert,remove,13,0.984147846698761,0.9832035899162292,0.0009442567825317383
20966,cs,started,began,stopped,7,0.9701457023620605,0.9741673469543457,-0.004021644592285156
28092,cs,remove,delete,insert,9,0.9995949864387512,0.9996105432510376,-1.5556812286376953e-05
29058,cs,added,inserted,removed,9,0.9777805209159851,0.998748242855072,-0.020967721939086914
32030,cs,hide,cover,show,6,0.9985283613204956,0.9933185577392578,0.005209803581237793
33765,cs,allow,permit,forbid,7,0.9913222789764404,0.9653289318084717,0.02599334716796875
38648,cs,added,inserted,removed,9,0.9794173836708069,0.9993499517440796,-0.019932568073272705
39734,cs,enable,permit,disable,11,0.958654522895813,0.9905437231063843,-0.03188920021057129
41252,cs,added,inserted,removed,6,0.9852734208106995,0.9843820333480835,0.0008913874626159668
41252,cs,disable,block,enable,6,0.9988734722137451,0.9994644522666931,-0.000590980052947998
41479,cs,added,inserted,removed,11,0.9934515357017517,0.9937448501586914,-0.00029331445693969727
42344,cs,add,insert,remove,9,0.9804537296295166,0.9807456731796265,-0.0002919435501098633
42959,cs,added,inserted,removed,11,0.9769415259361267,0.9821621775627136,-0.005220651626586914
43406,cs,add,insert,remove,18,0.9998123049736023,0.9998065233230591,5.781650543212891e-06
44858,cs,adding,inserting,removing,9,0.9982313513755798,0.998533308506012,-0.0003019571304321289
845,cs,added,inserted,removed,13,0.9910593032836914,0.9991854429244995,-0.008126139640808105
973,cs,allow,permit,forbid,8,0.9650823473930359,0.960932731628418,0.00414961576461792
1435,cs,added,inserted,removed,16,0.989780604839325,0.9968140721321106,-0.0070334672927856445
1646,cs,add,insert,remove,8,0.9874736070632935,0.9881411194801331,-0.0006675124168395996
3910,cs,add,insert,remove,9,0.986295759677887,0.9867326021194458,-0.0004368424415588379
4052,cs,add,insert,remove,7,0.9978047609329224,0.9982280731201172,-0.0004233121871948242
4655,cs,allow,permit,forbid,10,0.9725720882415771,0.9808001518249512,-0.008228063583374023
4655,cs,accepted,took,rejected,10,0.9730252623558044,0.9785448312759399,-0.005519568920135498
4918,cs,add,insert,remove,7,0.999295711517334,0.9994289875030518,-0.00013327598571777344
6317,cs,add,insert,remove,6,0.99956214427948,0.9995924234390259,-3.0279159545898438e-05
7660,cs,disable,block,enable,7,0.9988051652908325,0.9992846250534058,-0.0004794597625732422
8372,cs,add,insert,remove,8,0.9995858669281006,0.99947190284729,0.00011396408081054688
9588,cs,included,contained,excluded,12,0.9856234192848206,0.9858411550521851,-0.00021773576736450195
10237,cs,allow,permit,forbid,7,0.9857985973358154,0.9737167358398438,0.01208186149597168
11590,cs,add,insert,remove,11,0.9929171800613403,0.9892168045043945,0.0037003755569458008
11590,cs,added,inserted,removed,11,0.9886589050292969,0.9810712337493896,0.0075876712799072266
11605,cs,add,insert,remove,5,0.975885808467865,0.9877192974090576,-0.011833488941192627
13107,cs,add,insert,remove,10,0.9844735860824585,0.982705295085907,0.0017682909965515137
13377,cs,add,insert,remove,6,0.964324414730072,0.9636030793190002,0.0007213354110717773
14121,cs,increase,raise,decrease,6,0.9901856184005737,0.9740237593650818,0.016161859035491943
15072,cs,allow,permit,forbid,8,0.9695526957511902,0.9721917510032654,-0.0026390552520751953
16256,cs,enable,permit,disable,21,0.9798020124435425,0.9939299821853638,-0.014127969741821289
17366,cs,add,insert,remove,7,0.9866420030593872,0.9884876012802124,-0.0018455982208251953
18507,cs,added,inserted,removed,8,0.9827902913093567,0.987654983997345,-0.004864692687988281
18952,cs,add,insert,remove,8,0.9916431903839111,0.9913164377212524,0.0003267526626586914
19073,cs,add,insert,remove,5,0.979884147644043,0.9823780655860901,-0.002493917942047119
19372,cs,added,inserted,removed,7,0.9588652849197388,0.9766980409622192,-0.01783275604248047
19453,cs,add,insert,remove,7,0.9957516193389893,0.9946776628494263,0.0010739564895629883
19528,cs,adding,inserting,removing,8,0.9871722459793091,0.9753910899162292,0.011781156063079834
20910,cs,show,display,hide,10,0.9994499683380127,0.999685525894165,-0.00023555755615234375
20920,cs,remove,delete,insert,11,0.9768213033676147,0.9641660451889038,0.012655258178710938
20980,cs,adding,inserting,removing,6,0.9329226016998291,0.9455588459968567,-0.012636244297027588
21388,cs,added,inserted,removed,6,0.965518057346344,0.9819176197052002,-0.0163995623588562
21472,cs,add,insert,remove,7,0.9997849464416504,0.9997222423553467,6.270408630371094e-05
22393,cs,add,insert,remove,7,0.9754185676574707,0.9755620956420898,-0.00014352798461914062
24079,cs,open,unlock,close,7,0.9159413576126099,0.9679853916168213,-0.052044034004211426
25399,cs,add,insert,remove,6,0.964524507522583,0.9659320116043091,-0.0014075040817260742
26638,cs,added,inserted,removed,7,0.9701845049858093,0.9862407445907593,-0.01605623960494995
26638,cs,disable,block,enable,7,0.9694285988807678,0.9858874082565308,-0.01645880937576294
27508,cs,add,insert,remove,9,0.9926466345787048,0.9942382574081421,-0.0015916228294372559
28269,cs,add,insert,remove,9,0.9950153827667236,0.9950076341629028,7.748603820800781e-06
29071,cs,allow,permit,forbid,6,0.9678692817687988,0.9754353165626526,-0.00756603479385376
29412,cs,allow,permit,forbid,8,0.9584483504295349,0.9485295414924622,0.009918808937072754
29859,cs,added,inserted,removed,8,0.9725660681724548,0.9837151169776917,-0.011149048805236816
46,go,remove,delete,insert,7,0.9991798400878906,0.9992957711219788,-0.00011593103408813477
77,go,add,insert,remove,7,0.9763824939727783,0.9762540459632874,0.0001284480094909668
94,go,remove,delete,insert,6,0.9996328949928284,0.9994103312492371,0.0002225637435913086
151,go,show,display,hide,43,0.9972208738327026,0.9943957924842834,0.0028250813484191895
162,go,add,insert,remove,6,0.9766449928283691,0.9877756834030151,-0.011130690574645996
316,go,removed,deleted,inserted,33,0.9985961318016052,0.9928386807441711,0.005757451057434082
316,go,start,begin,stop,33,0.9901074171066284,0.9967678189277649,-0.006660401821136475
398,go,remove,delete,insert,9,0.9995003342628479,0.9996718168258667,-0.00017148256301879883
431,go,add,insert,remove,6,0.9878658056259155,0.989924430847168,-0.0020586252212524414
502,go,show,display,hide,24,0.9998220205307007,0.998916745185852,0.0009052753448486328
513,go,add,insert,remove,34,0.9959591627120972,0.9956238865852356,0.00033527612686157227
524,go,start,begin,stop,27,0.9985018372535706,0.9943765997886658,0.004125237464904785
538,go,showing,displaying,hiding,32,0.9975639581680298,0.9938641786575317,0.003699779510498047
605,go,added,inserted,removed,31,0.9915342926979065,0.9924927949905396,-0.0009585022926330566
605,go,included,contained,excluded,31,0.9974765777587891,0.99486243724823,0.002614140510559082
679,go,allow,permit,forbid,7,0.9899076223373413,0.9951618909835815,-0.005254268646240234
715,go,add,insert,remove,7,0.9936777949333191,0.9983428716659546,-0.004665076732635498
729,go,add,insert,remove,13,0.9785574674606323,0.9809336066246033,-0.0023761391639709473
749,go,add,insert,remove,11,0.9988679885864258,0.9993863105773926,-0.0005183219909667969
814,go,enable,permit,disable,5,0.9436246156692505,0.9981950521469116,-0.05457043647766113
857,go,allows,permits,forbids,18,0.997620701789856,0.990083634853363,0.00753706693649292
875,go,include,contain,exclude,6,0.9425591826438904,0.9412881135940552,0.001271069049835205
906,go,add,insert,remove,8,0.9967317581176758,0.9966369867324829,9.47713851928711e-05
913,go,create,build,destroy,32,0.9999660849571228,0.999948263168335,1.7821788787841797e-05
975,go,add,insert,remove,12,0.9978333711624146,0.997811496257782,2.187490463256836e-05
975,go,disable,block,enable,12,0.9755761623382568,0.9912731051445007,-0.015696942806243896
978,go,add,insert,remove,6,0.9987543225288391,0.9984349012374878,0.00031942129135131836
1046,go,allow,permit,forbid,45,0.9984732866287231,0.9940863251686096,0.004386961460113525
1120,go,open,unlock,close,9,0.9766128063201904,0.9896314740180969,-0.013018667697906494
1163,go,add,insert,remove,9,0.9756671786308289,0.9775322079658508,-0.0018650293350219727
1166,go,start,begin,stop,30,0.9939736723899841,0.9924418330192566,0.001531839370727539
1176,go,adding,inserting,removing,7,0.9853628277778625,0.9743640422821045,0.010998785495758057
1177,go,adding,inserting,removing,16,0.9881448149681091,0.9919935464859009,-0.003848731517791748
1183,go,adding,inserting,removing,6,0.9756015539169312,0.9532687664031982,0.02233278751373291
1188,go,adding,inserting,removing,33,0.9951021671295166,0.9910706877708435,0.004031479358673096
1188,go,shows,displays,hides,33,0.9991458654403687,0.9956395626068115,0.003506302833557129
1210,go,start,begin,stop,21,0.9984356164932251,0.9938624501228333,0.004573166370391846
1228,go,allow,permit,forbid,12,0.9683505296707153,0.9710241556167603,-0.002673625946044922
1254,go,adding,inserting,removing,9,0.9801821708679199,0.9515429735183716,0.02863919734954834
1258,go,remove,delete,insert,15,0.9989116191864014,0.9997085332870483,-0.0007969141006469727
1268,go,add,insert,remove,21,0.9994261264801025,0.9993560314178467,7.009506225585938e-05
1274,go,add,insert,remove,9,0.9938707947731018,0.9946380257606506,-0.0007672309875488281
1280,go,adding,inserting,removing,31,0.9911942481994629,0.9946185946464539,-0.003424346446990967
1288,go,add,insert,remove,10,0.9804894924163818,0.965944766998291,0.01454472541809082
1288,go,added,inserted,removed,10,0.997898519039154,0.9988049864768982,-0.0009064674377441406
1316,go,add,insert,remove,7,0.9882562160491943,0.9885269999504089,-0.0002707839012145996
1423,go,add,insert,remove,8,0.9843586683273315,0.9840641021728516,0.00029456615447998047
1515,go,add,insert,remove,11,0.9926881194114685,0.9917064905166626,0.0009816288948059082
1515,go,remove,delete,insert,11,0.9998818635940552,0.9998230338096619,5.882978439331055e-05
1587,go,adding,inserting,removing,7,0.9750956892967224,0.9643504619598389,0.010745227336883545
1620,go,added,inserted,removed,17,0.9774836897850037,0.9930818676948547,-0.015598177909851074
1630,go,allow,permit,forbid,18,0.9873621463775635,0.9842612743377686,0.003100872039794922
1704,go,add,insert,remove,21,0.9994205236434937,0.999480128288269,-5.9604644775390625e-05
1704,go,adds,inserts,removes,21,0.9945855140686035,0.9923675060272217,0.002218008041381836
1729,go,add,insert,remove,6,0.9772320985794067,0.9791656136512756,-0.0019335150718688965
1780,go,allow,permit,forbid,6,0.948157787322998,0.9470153450965881,0.0011424422264099121
1796,go,add,insert,remove,7,0.9963904023170471,0.9967907667160034,-0.00040036439895629883
1822,go,allow,permit,forbid,9,0.9951890110969543,0.9806460738182068,0.014542937278747559
1882,go,allows,permits,forbids,14,0.9948641061782837,0.9743712544441223,0.020492851734161377
1892,go,adding,inserting,removing,6,0.9744191765785217,0.953597903251648,0.02082127332687378
1911,go,disabled,blocked,enabled,33,0.9953410029411316,0.9973729848861694,-0.002031981945037842
1935,go,add,insert,remove,7,0.9810438752174377,0.9816466569900513,-0.0006027817726135254
1976,go,add,insert,remove,6,0.9451445937156677,0.9447965025901794,0.00034809112548828125
1991,go,adds,inserts,removes,41,0.996545672416687,0.9953831434249878,0.0011625289916992188
2013,go,enabled,permitted,disabled,15,0.9806002378463745,0.983531653881073,-0.0029314160346984863
2020,go,allows,permits,forbids,41,0.9994252324104309,0.9966096878051758,0.002815544605255127
2031,go,add,insert,remove,6,0.9992372989654541,0.9989815950393677,0.0002557039260864258
2106,go,enable,permit,disable,7,0.9748515486717224,0.9995036125183105,-0.024652063846588135
2129,go,add,insert,remove,10,0.9930090308189392,0.9934520721435547,-0.0004430413246154785
2205,go,remove,delete,insert,9,0.9878767728805542,0.9766350388526917,0.011241734027862549
2229,go,add,insert,remove,14,0.9974891543388367,0.9975336790084839,-4.45246696472168e-05
2259,go,add,insert,remove,10,0.9882718324661255,0.9880266189575195,0.00024521350860595703
2277,go,remove,delete,insert,19,0.9947705268859863,0.9895621538162231,0.005208373069763184
2277,go,allows,permits,forbids,19,0.990319550037384,0.9855571389198303,0.004762411117553711
2279,go,add,insert,remove,8,0.9990333318710327,0.9992212057113647,-0.00018787384033203125
2304,go,hidden,covered,shown,13,0.9821000099182129,0.981809139251709,0.00029087066650390625
2318,go,create,build,destroy,37,0.9998658299446106,0.9994032382965088,0.00046259164810180664
2320,go,add,insert,remove,27,0.9993476867675781,0.9994131326675415,-6.54458999633789e-05
2350,go,add,insert,remove,6,0.9896771311759949,0.9926222562789917,-0.002945125102996826
2363,go,create,build,destroy,17,0.9945651292800903,0.9917466044425964,0.0028185248374938965
2372,go,allow,permit,forbid,31,0.9927442669868469,0.9904402494430542,0.0023040175437927246
2378,go,start,begin,stop,43,0.9960668683052063,0.9936428070068359,0.0024240612983703613
2379,go,accept,take,reject,21,0.9998875856399536,0.9999175667762756,-2.9981136322021484e-05
2380,go,remove,delete,insert,19,0.9987301826477051,0.9947977066040039,0.003932476043701172
2380,go,removed,deleted,inserted,19,0.9986482858657837,0.9930551648139954,0.00559312105178833
2399,go,add,insert,remove,21,0.9889538884162903,0.9901483654975891,-0.0011944770812988281
2405,go,add,insert,remove,14,0.9958019256591797,0.9940809011459351,0.001721024513244629
2409,go,add,insert,remove,43,0.9976475238800049,0.9980320930480957,-0.0003845691680908203
2409,go,created,built,destroyed,43,0.9974619150161743,0.9959397315979004,0.0015221834182739258
2418,go,add,insert,remove,46,0.9985127449035645,0.997473418712616,0.0010393261909484863
2418,go,start,begin,stop,46,0.9994074106216431,0.9974431395530701,0.001964271068572998
2418,go,created,built,destroyed,46,0.9984099864959717,0.9967707991600037,0.0016391873359680176
2424,go,add,insert,remove,23,0.9922658205032349,0.9939621686935425,-0.0016963481903076172
2424,go,start,begin,stop,23,0.9961388111114502,0.9933596253395081,0.0027791857719421387
2444,go,add,insert,remove,8,0.982780396938324,0.9858618974685669,-0.00308150053024292
2451,go,add,insert,remove,29,0.9995241761207581,0.9991756677627563,0.000348508358001709
2451,go,adding,inserting,removing,29,0.992867112159729,0.9928916096687317,-2.4497509002685547e-05
2453,go,add,insert,remove,37,0.9911561012268066,0.9880846738815308,0.003071427345275879
2458,go,included,contained,excluded,43,0.99599289894104,0.9952550530433655,0.0007378458976745605
2463,go,add,insert,remove,8,0.9952280521392822,0.9947552680969238,0.00047278404235839844
2492,go,show,display,hide,51,0.9963575601577759,0.9931576251983643,0.003199934959411621
2492,go,start,begin,stop,51,0.9993491768836975,0.9976094365119934,0.0017397403717041016
2503,go,remove,delete,insert,45,0.9977096319198608,0.9929525852203369,0.004757046699523926
2507,go,show,display,hide,25,0.9985569715499878,0.995124340057373,0.003432631492614746
2583,go,allow,permit,forbid,16,0.9988361597061157,0.9919434785842896,0.006892681121826172
2629,go,add,insert,remove,8,0.9834600687026978,0.9881714582443237,-0.0047113895416259766
2639,go,add,insert,remove,6,0.9815601110458374,0.9881017208099365,-0.006541609764099121
2692,go,add,insert,remove,7,0.9668432474136353,0.9751245379447937,-0.008281290531158447
2718,go,add,insert,remove,49,0.9937999248504639,0.991790771484375,0.002009153366088867
2718,go,adds,inserts,removes,49,0.996549129486084,0.995516300201416,0.0010328292846679688
2747,go,add,insert,remove,20,0.9944012761116028,0.9939137101173401,0.0004875659942626953
2754,go,added,inserted,removed,15,0.9849258065223694,0.9839593172073364,0.000966489315032959
2785,go,remove,delete,insert,13,0.9962252378463745,0.9898667335510254,0.006358504295349121
2797,go,starts,begins,stops,8,0.9946084022521973,0.986294150352478,0.008314251899719238
2808,go,removes,deletes,inserts,40,0.9973326325416565,0.9938272833824158,0.0035053491592407227
2887,go,add,insert,remove,7,0.9967038631439209,0.986644446849823,0.0100594162940979
2963,go,add,insert,remove,17,0.9980738162994385,0.9979975819587708,7.623434066772461e-05
2963,go,removed,deleted,inserted,17,0.9953649640083313,0.9915099143981934,0.0038550496101379395
2971,go,start,begin,stop,23,0.9988387227058411,0.9930787086486816,0.005760014057159424
2993,go,enable,permit,disable,35,0.9968550205230713,0.9952519536018372,0.0016030669212341309
3010,go,add,insert,remove,13,0.9844947457313538,0.9884836673736572,-0.003988921642303467
3018,go,add,insert,remove,29,0.9911841750144958,0.9952604174613953,-0.004076242446899414
3024,go,remove,delete,insert,26,0.999004602432251,0.9942629337310791,0.004741668701171875
3042,go,removed,deleted,inserted,26,0.9936009049415588,0.9897595047950745,0.003841400146484375
3095,go,add,insert,remove,10,0.9979865550994873,0.9994677305221558,-0.001481175422668457
3095,go,adds,inserts,removes,10,0.9806917309761047,0.9774845242500305,0.0032072067260742188
3116,go,create,build,destroy,48,0.9977130889892578,0.9977958798408508,-8.279085159301758e-05
3125,go,add,insert,remove,18,0.9877914786338806,0.9818937182426453,0.0058977603912353516
3141,go,remove,delete,insert,28,0.9983215928077698,0.9934830069541931,0.00483858585357666
3170,go,add,insert,remove,17,0.990924596786499,0.9879968762397766,0.002927720546722412
3204,go,add,insert,remove,33,0.9934626817703247,0.9959484338760376,-0.0024857521057128906
3204,go,adding,inserting,removing,33,0.9941765069961548,0.992168128490448,0.002008378505706787
3251,go,add,insert,remove,35,0.9976034164428711,0.99666827917099,0.0009351372718811035
3251,go,remove,delete,insert,35,0.996768593788147,0.9945005774497986,0.0022680163383483887
3355,go,add,insert,remove,11,0.9905883073806763,0.9910159111022949,-0.00042760372161865234
3408,go,allow,permit,forbid,8,0.9558021426200867,0.9621482491493225,-0.00634610652923584
3423,go,add,insert,remove,7,0.9978037476539612,0.9980593919754028,-0.0002556443214416504
3491,go,add,insert,remove,7,0.991810142993927,0.9923405647277832,-0.0005304217338562012
3595,go,remove,delete,insert,12,0.999550461769104,0.9997588396072388,-0.00020837783813476562
3599,go,increase,raise,decrease,8,0.9976041316986084,0.9696040153503418,0.0280001163482666
3624,go,add,insert,remove,6,0.9654805660247803,0.971194863319397,-0.005714297294616699
3629,go,add,insert,remove,8,0.9883445501327515,0.9894281625747681,-0.0010836124420166016
3680,go,including,containing,excluding,17,0.9887892007827759,0.9870802760124207,0.0017089247703552246
3687,go,add,insert,remove,9,0.9880666732788086,0.988723635673523,-0.0006569623947143555
3695,go,add,insert,remove,11,0.998070240020752,0.9986065626144409,-0.0005363225936889648
3731,go,start,begin,stop,23,0.9991803169250488,0.9932397603988647,0.005940556526184082
3773,go,create,build,destroy,17,0.9952836632728577,0.9936585426330566,0.0016251206398010254
3796,go,add,insert,remove,23,0.9995329976081848,0.9995934367179871,-6.0439109802246094e-05
3829,go,adding,inserting,removing,29,0.9953278303146362,0.9941756129264832,0.0011522173881530762
3829,go,increase,raise,decrease,29,0.9999159574508667,0.9999570250511169,-4.106760025024414e-05
3852,go,add,insert,remove,8,0.9994430541992188,0.9996225833892822,-0.00017952919006347656
3864,go,add,insert,remove,45,0.9980138540267944,0.996989905834198,0.0010239481925964355
3867,go,remove,delete,insert,21,0.9999149441719055,0.9998630881309509,5.1856040954589844e-05
3871,go,increase,raise,decrease,6,0.999078631401062,0.9991259574890137,-4.7326087951660156e-05
3913,go,add,insert,remove,11,0.993695855140686,0.9930612444877625,0.000634610652923584
3922,go,add,insert,remove,7,0.9944052696228027,0.9968159198760986,-0.0024106502532958984
3951,go,add,insert,remove,8,0.9960640668869019,0.9968526363372803,-0.000788569450378418
3956,go,remove,delete,insert,46,0.9973728656768799,0.9965870380401611,0.00078582763671875
3956,go,removing,deleting,inserting,46,0.9983869194984436,0.994128942489624,0.00425797700881958
3966,go,add,insert,remove,8,0.9990336298942566,0.9988594055175781,0.0001742243766784668
4000,go,remove,delete,insert,45,0.9982122182846069,0.9948513507843018,0.0033608675003051758
4000,go,start,begin,stop,45,0.9986755847930908,0.9947544932365417,0.003921091556549072
4023,go,include,contain,exclude,11,0.97926926612854,0.980421781539917,-0.0011525154113769531
4029,go,remove,delete,insert,42,0.9999334812164307,0.9998226165771484,0.00011086463928222656
4039,go,add,insert,remove,6,0.9975404739379883,0.9987792372703552,-0.0012387633323669434
4076,go,add,insert,remove,6,0.9986664056777954,0.9984993934631348,0.00016701221466064453
4076,go,include,contain,exclude,6,0.9808176159858704,0.971657931804657,0.009159684181213379
4119,go,add,insert,remove,10,0.9949486255645752,0.997689962387085,-0.0027413368225097656
4126,go,removed,deleted,inserted,23,0.9975212216377258,0.9901148080825806,0.007406413555145264
4153,go,added,inserted,removed,5,0.9774844646453857,0.9834029674530029,-0.0059185028076171875
4199,go,add,insert,remove,7,0.9995421171188354,0.9996750354766846,-0.0001329183578491211
4216,go,add,insert,remove,7,0.9802045226097107,0.9787399172782898,0.0014646053314208984
4226,go,add,insert,remove,12,0.9946756362915039,0.994388222694397,0.0002874135971069336
4227,go,remove,delete,insert,10,0.9995969533920288,0.9996923208236694,-9.5367431640625e-05
4236,go,add,insert,remove,8,0.941828727722168,0.9543620347976685,-0.012533307075500488
4260,go,add,insert,remove,8,0.9976428747177124,0.9988471269607544,-0.0012042522430419922
4262,go,add,insert,remove,6,0.9804097414016724,0.9835258722305298,-0.003116130828857422
4292,go,remove,delete,insert,30,0.9998677372932434,0.9995958805084229,0.00027185678482055664
4292,go,created,built,destroyed,30,0.9972031712532043,0.991305947303772,0.005897223949432373
4299,go,created,built,destroyed,23,0.9963754415512085,0.9925177097320557,0.003857731819152832
4331,go,adds,inserts,removes,38,0.9974977374076843,0.9954562783241272,0.002041459083557129
4331,go,create,build,destroy,38,0.9979788661003113,0.9966204166412354,0.0013584494590759277
4331,go,created,built,destroyed,38,0.9980772733688354,0.9951050877571106,0.0029721856117248535
4331,go,creating,building,destroying,38,0.993669867515564,0.9917393922805786,0.0019304752349853516
4333,go,add,insert,remove,7,0.9841463565826416,0.9843310713768005,-0.00018471479415893555
4345,go,showing,displaying,hiding,21,0.9980236291885376,0.9933928847312927,0.004630744457244873
4354,go,adds,inserts,removes,12,0.9851201772689819,0.972475528717041,0.012644648551940918
4359,go,remove,delete,insert,19,0.9997710585594177,0.9994789958000183,0.00029206275939941406
4391,go,add,insert,remove,6,0.9861600995063782,0.9953818321228027,-0.00922173261642456
4410,go,added,inserted,removed,5,0.9976528286933899,0.9993714690208435,-0.0017186403274536133
4422,go,add,insert,remove,6,0.9670403003692627,0.9687911868095398,-0.0017508864402770996
4439,go,disable,block,enable,6,0.9990566968917847,0.9995788335800171,-0.0005221366882324219
4505,go,add,insert,remove,7,0.9963645339012146,0.9963645935058594,-5.960464477539063e-08
4511,go,add,insert,remove,7,0.9852133393287659,0.9963381290435791,-0.011124789714813232
4552,go,add,insert,remove,7,0.9973172545433044,0.9965245723724365,0.0007926821708679199
4625,go,added,inserted,removed,13,0.9981680512428284,0.9972047209739685,0.0009633302688598633
4625,go,enable,permit,disable,13,0.9828436374664307,0.989434003829956,-0.006590366363525391
4662,go,add,insert,remove,7,0.966691255569458,0.9681141972541809,-0.0014229416847229004
4691,go,include,contain,exclude,8,0.9873538017272949,0.968265175819397,0.01908862590789795
4706,go,add,insert,remove,8,0.9664359092712402,0.9690068364143372,-0.002570927143096924
4746,go,add,insert,remove,7,0.9954401850700378,0.9956185221672058,-0.00017833709716796875
4754,go,allow,permit,forbid,26,0.9891210794448853,0.9870620369911194,0.002059042453765869
4796,go,add,insert,remove,6,0.9741218686103821,0.9750596284866333,-0.0009377598762512207
4811,go,add,insert,remove,12,0.9971468448638916,0.9964444041252136,0.0007024407386779785
4845,go,add,insert,remove,8,0.9961824417114258,0.9964449405670166,-0.0002624988555908203
4851,go,enable,permit,disable,8,0.9992905855178833,0.98881995677948,0.01047062873840332
4881,go,remove,delete,insert,43,0.9999621510505676,0.9999529123306274,9.238719940185547e-06
4881,go,removes,deletes,inserts,43,0.9972126483917236,0.9926542043685913,0.004558444023132324
4890,go,add,insert,remove,6,0.9872855544090271,0.9869815111160278,0.0003040432929992676
4892,go,create,build,destroy,18,0.999854564666748,0.9997235536575317,0.0001310110092163086
4913,go,add,insert,remove,6,0.998971700668335,0.9990151524543762,-4.3451786041259766e-05
4933,go,adding,inserting,removing,14,0.9892023205757141,0.9946857690811157,-0.005483448505401611
4940,go,allow,permit,forbid,30,0.9966045618057251,0.9901447296142578,0.006459832191467285
4953,go,add,insert,remove,8,0.9978532791137695,0.9971083402633667,0.000744938850402832
4966,go,disabled,blocked,enabled,44,0.9968674778938293,0.99517822265625,0.0016892552375793457
4985,go,add,insert,remove,22,0.9925588965415955,0.9927858114242554,-0.0002269148826599121
4985,go,include,contain,exclude,22,0.9845460653305054,0.984661340713501,-0.00011527538299560547
44,java,add,insert,remove,13,0.9903278946876526,0.9906682372093201,-0.00034034252166748047
253,java,remove,delete,insert,8,0.9969556331634521,0.9927890300750732,0.004166603088378906
441,java,remove,delete,insert,9,0.996647298336029,0.9924919009208679,0.004155397415161133
523,java,remove,delete,insert,6,0.9998301863670349,0.9994409084320068,0.00038927793502807617
550,java,includes,contains,excludes,17,0.9970183968544006,0.9919040203094482,0.005114376544952393
1123,java,add,insert,remove,20,0.9991195797920227,0.9990053176879883,0.00011426210403442383
1783,java,remove,delete,insert,7,0.9946193099021912,0.9831432700157166,0.01147603988647461
2203,java,enable,permit,disable,6,0.9658781886100769,0.999334454536438,-0.033456265926361084
2218,java,added,inserted,removed,10,0.9667022228240967,0.9696597456932068,-0.0029575228691101074
2243,java,enable,permit,disable,7,0.9666836261749268,0.999329686164856,-0.0326460599899292
2256,java,increase,raise,decrease,8,0.9996520280838013,0.999734103679657,-8.207559585571289e-05
2535,java,add,insert,remove,9,0.9991981983184814,0.9986567497253418,0.0005414485931396484
2698,java,remove,delete,insert,11,0.9960013628005981,0.9889240264892578,0.007077336311340332
2829,java,add,insert,remove,10,0.9988831281661987,0.9987841248512268,9.900331497192383e-05
3349,java,remove,delete,insert,37,0.9980614185333252,0.9964480996131897,0.001613318920135498
3601,java,add,insert,remove,14,0.9979941248893738,0.9977059364318848,0.00028818845748901367
3959,java,add,insert,remove,9,0.9998624920845032,0.9998539686203003,8.52346420288086e-06
4431,java,included,contained,excluded,28,0.99249666929245,0.9874014854431152,0.005095183849334717
4471,java,add,insert,remove,9,0.987780749797821,0.9733415246009827,0.014439225196838379
4471,java,remove,delete,insert,9,0.9949744343757629,0.9818027019500732,0.013171732425689697
4762,java,added,inserted,removed,16,0.9875787496566772,0.9906815886497498,-0.0031028389930725098
4972,java,remove,delete,insert,12,0.9951316118240356,0.9888243675231934,0.006307244300842285
5257,java,added,inserted,removed,7,0.989855170249939,0.999441385269165,-0.009586215019226074
5346,java,add,insert,remove,16,0.997228741645813,0.9964262843132019,0.000802457332611084
5883,java,added,inserted,removed,18,0.9934923648834229,0.994534969329834,-0.0010426044464111328
6091,java,add,insert,remove,8,0.9981517195701599,0.9980847835540771,6.693601608276367e-05
6182,java,add,insert,remove,9,0.9980248212814331,0.9980385899543762,-1.3768672943115234e-05
6334,java,removing,deleting,inserting,23,0.9958128333091736,0.9863680005073547,0.009444832801818848
6834,java,add,insert,remove,12,0.9621809720993042,0.988250732421875,-0.0260697603225708
6916,java,allow,permit,forbid,17,0.9954661130905151,0.9821321368217468,0.01333397626876831
7015,java,add,insert,remove,12,0.9855538606643677,0.9918397665023804,-0.006285905838012695
7434,java,add,insert,remove,9,0.9931142330169678,0.9934868216514587,-0.0003725886344909668
7460,java,adding,inserting,removing,10,0.9816008806228638,0.9875572323799133,-0.0059563517570495605
7460,java,allow,permit,forbid,10,0.9804351329803467,0.9623289108276367,0.01810622215270996
7782,java,added,inserted,removed,8,0.9792081713676453,0.9993453621864319,-0.02013719081878662
7929,java,added,inserted,removed,9,0.9777985215187073,0.9827589392662048,-0.004960417747497559
8020,java,include,contain,exclude,11,0.9765788316726685,0.9749345183372498,0.0016443133354187012
8020,java,created,built,destroyed,11,0.9924954771995544,0.9901576042175293,0.0023378729820251465
8180,java,remove,delete,insert,9,0.9943034648895264,0.9880683422088623,0.0062351226806640625
8432,java,adding,inserting,removing,7,0.9856745600700378,0.9850794672966003,0.0005950927734375
8487,java,remove,delete,insert,11,0.9996926784515381,0.9996229410171509,6.973743438720703e-05
8522,java,allow,permit,forbid,16,0.9912932515144348,0.986122727394104,0.0051705241203308105
8525,java,added,inserted,removed,9,0.9720549583435059,0.9895976185798645,-0.017542660236358643
8573,java,disable,block,enable,6,0.9973167777061462,0.9995198845863342,-0.0022031068801879883
8686,java,added,inserted,removed,22,0.9839962720870972,0.9828144311904907,0.0011818408966064453
8793,java,remove,delete,insert,14,0.9989031553268433,0.9966439604759216,0.002259194850921631
8796,java,adding,inserting,removing,11,0.9852689504623413,0.9730929732322693,0.012175977230072021
9274,java,adding,inserting,removing,25,0.9874265789985657,0.9908922910690308,-0.003465712070465088
9513,java,remove,delete,insert,10,0.9997473955154419,0.9994231462478638,0.000324249267578125
10147,java,adding,inserting,removing,18,0.9795511960983276,0.9809117317199707,-0.0013605356216430664
10305,java,removed,deleted,inserted,10,0.9951159954071045,0.9877867698669434,0.007329225540161133
10373,java,added,inserted,removed,12,0.9934269189834595,0.9960107803344727,-0.0025838613510131836
10643,java,add,insert,remove,10,0.9870069622993469,0.9915448427200317,-0.0045378804206848145
10643,java,show,display,hide,10,0.9896708726882935,0.9900702238082886,-0.0003993511199951172
11310,java,allow,permit,forbid,14,0.9922568798065186,0.981073796749115,0.011183083057403564
11621,java,adding,inserting,removing,12,0.9944684505462646,0.9901567697525024,0.004311680793762207
11621,java,removing,deleting,inserting,12,0.9964178800582886,0.9876418709754944,0.00877600908279419
11868,java,enable,permit,disable,14,0.9879415035247803,0.9905638694763184,-0.002622365951538086
12149,java,remove,delete,insert,12,0.9953727722167969,0.9895027279853821,0.005870044231414795
12630,java,added,inserted,removed,10,0.9729182124137878,0.9849764108657837,-0.01205819845199585
12655,java,add,insert,remove,23,0.9945329427719116,0.9907137751579285,0.0038191676139831543
12655,java,allows,permits,forbids,23,0.9893839955329895,0.9837360382080078,0.0056479573249816895
12961,java,allow,permit,forbid,10,0.9678139686584473,0.9780521988868713,-0.010238230228424072
12965,java,removed,deleted,inserted,15,0.9964820742607117,0.9800764322280884,0.01640564203262329
13839,java,create,build,destroy,16,0.9916974902153015,0.9881696701049805,0.003527820110321045
14443,java,added,inserted,removed,12,0.9789883494377136,0.9992958307266235,-0.020307481288909912
14458,java,remove,delete,insert,7,0.9894289970397949,0.9775003790855408,0.01192861795425415
14563,java,removing,deleting,inserting,36,0.9926235675811768,0.9914555549621582,0.0011680126190185547
14791,java,remove,delete,insert,15,0.9889262914657593,0.980290412902832,0.008635878562927246
14791,java,create,build,destroy,15,0.9853646755218506,0.9892166256904602,-0.003851950168609619
15062,java,adding,inserting,removing,19,0.9842042922973633,0.9757766127586365,0.008427679538726807
15471,java,added,inserted,removed,16,0.9824710488319397,0.9821968078613281,0.00027424097061157227
15505,java,adding,inserting,removing,17,0.9930954575538635,0.991262674331665,0.0018327832221984863
15564,java,add,insert,remove,8,0.983614981174469,0.988407552242279,-0.004792571067810059
16040,java,remove,delete,insert,7,0.9907842874526978,0.9854834079742432,0.00530087947845459
16278,java,add,insert,remove,15,0.9906961917877197,0.9831050634384155,0.007591128349304199
16581,java,add,insert,remove,11,0.9981977343559265,0.9968236088752747,0.0013741254806518555
16610,java,remove,delete,insert,11,0.992714524269104,0.9886674880981445,0.004047036170959473
16729,java,enabled,permitted,disabled,21,0.9933140277862549,0.995772123336792,-0.0024580955505371094
17410,java,add,insert,remove,14,0.9844162464141846,0.9861749410629272,-0.0017586946487426758
17420,java,added,inserted,removed,9,0.9997560381889343,0.9998631477355957,-0.00010710954666137695
17966,java,add,insert,remove,23,0.9944781064987183,0.9945176243782043,-3.9517879486083984e-05
18046,java,adding,inserting,removing,8,0.979524552822113,0.9638576507568359,0.0156669020652771
18180,java,add,insert,remove,21,0.9993594288825989,0.999581515789032,-0.00022208690643310547
18431,java,disabled,blocked,enabled,26,0.9920074343681335,0.9954963326454163,-0.003488898277282715
18459,java,add,insert,remove,7,0.995942234992981,0.995948314666748,-6.079673767089844e-06
18994,java,removed,deleted,inserted,8,0.9746689796447754,0.9838711023330688,-0.009202122688293457
19093,java,adding,inserting,removing,16,0.9855078458786011,0.9829521179199219,0.0025557279586791992
19093,java,enables,permits,disables,16,0.9906845688819885,0.9860066175460815,0.004677951335906982
19192,java,add,insert,remove,10,0.9991554021835327,0.9986395835876465,0.0005158185958862305
19280,java,remove,delete,insert,9,0.9945527911186218,0.984513521194458,0.010039269924163818
19469,java,add,insert,remove,11,0.9991233348846436,0.9994070529937744,-0.0002837181091308594
19469,java,create,build,destroy,11,0.9948363900184631,0.9810082912445068,0.013828098773956299
19684,java,added,inserted,removed,10,0.9761456847190857,0.9978529214859009,-0.021707236766815186
19697,java,adding,inserting,removing,10,0.9831584095954895,0.9787511229515076,0.004407286643981934
20180,java,add,insert,remove,11,0.992896556854248,0.9912019371986389,0.0016946196556091309
20282,java,allows,permits,forbids,10,0.9852900505065918,0.9818986058235168,0.003391444683074951
20390,java,allow,permit,forbid,9,0.9632274508476257,0.963101863861084,0.00012558698654174805
20551,java,add,insert,remove,10,0.996699333190918,0.9964542388916016,0.00024509429931640625
20600,java,add,insert,remove,10,0.9888359904289246,0.9887949824333191,4.100799560546875e-05
20600,java,create,build,destroy,10,0.9940382242202759,0.9854630827903748,0.008575141429901123
20660,java,add,insert,remove,8,0.9964414238929749,0.9987316131591797,-0.002290189266204834
20793,java,add,insert,remove,9,0.9995483160018921,0.9995458722114563,2.4437904357910156e-06
20837,java,add,insert,remove,13,0.9851705431938171,0.9852532744407654,-8.273124694824219e-05
21023,java,remove,delete,insert,9,0.9953654408454895,0.9902742505073547,0.005091190338134766
21087,java,remove,delete,insert,11,0.997869610786438,0.9927784204483032,0.005091190338134766
21446,java,creating,building,destroying,15,0.9946855306625366,0.9892860054969788,0.005399525165557861
21494,java,remove,delete,insert,9,0.9917552471160889,0.9825156927108765,0.009239554405212402
21893,java,removed,deleted,inserted,10,0.9760326147079468,0.9711115956306458,0.004921019077301025
21902,java,remove,delete,insert,23,0.9998853206634521,0.9998623728752136,2.294778823852539e-05
21904,java,add,insert,remove,12,0.9977923631668091,0.9971822500228882,0.0006101131439208984
22476,java,remove,delete,insert,22,0.999754786491394,0.9997304677963257,2.4318695068359375e-05
23256,java,added,inserted,removed,10,0.9812150597572327,0.9995954632759094,-0.018380403518676758
23555,java,add,insert,remove,8,0.9802439212799072,0.9826392531394958,-0.002395331859588623
23624,java,disable,block,enable,12,0.998279869556427,0.9987743496894836,-0.0004944801330566406
23666,java,add,insert,remove,16,0.9965025782585144,0.997596263885498,-0.0010936856269836426
23725,java,allow,permit,forbid,11,0.9730469584465027,0.985528290271759,-0.012481331825256348
24113,java,enabled,permitted,disabled,10,0.9843153953552246,0.9902925491333008,-0.005977153778076172
24154,java,added,inserted,removed,8,0.9545868635177612,0.963491678237915,-0.008904814720153809
24306,java,added,inserted,removed,40,0.9932209849357605,0.9954971671104431,-0.002276182174682617
24306,java,allow,permit,forbid,40,0.9979677796363831,0.9910309314727783,0.006936848163604736
24306,java,allows,permits,forbids,40,0.9883455634117126,0.9842876195907593,0.004057943820953369
24507,java,remove,delete,insert,11,0.99544358253479,0.9900708198547363,0.005372762680053711
24927,java,allow,permit,forbid,32,0.9895076155662537,0.9887688159942627,0.0007387995719909668
24927,java,including,containing,excluding,32,0.995568037033081,0.9934810400009155,0.0020869970321655273
24985,java,added,inserted,removed,12,0.9850241541862488,0.9943968057632446,-0.00937265157699585
24992,java,add,insert,remove,8,0.9920821189880371,0.9921150803565979,-3.2961368560791016e-05
25268,java,show,display,hide,9,0.9918301701545715,0.9699950814247131,0.0218350887298584
25996,java,add,insert,remove,15,0.9960245490074158,0.9959872961044312,3.725290298461914e-05
26087,java,remove,delete,insert,11,0.9950428605079651,0.9902863502502441,0.004756510257720947
26649,java,enabled,permitted,disabled,12,0.9892878532409668,0.9932008981704712,-0.0039130449295043945
26649,java,disabled,blocked,enabled,12,0.999738872051239,0.9997106194496155,2.8252601623535156e-05
26722,java,disabling,blocking,enabling,8,0.9677007794380188,0.9712944030761719,-0.003593623638153076
26843,java,added,inserted,removed,6,0.9975908398628235,0.9985100030899048,-0.0009191632270812988
27110,java,allow,permit,forbid,10,0.9961121678352356,0.9868767261505127,0.0092354416847229
27384,java,add,insert,remove,9,0.9978159666061401,0.9982497096061707,-0.0004337430000305176
27561,java,add,insert,remove,10,0.994717001914978,0.9935399293899536,0.001177072525024414
27561,java,hide,cover,show,10,0.9833987951278687,0.9837555885314941,-0.0003567934036254883
27753,java,remove,delete,insert,7,0.9993549585342407,0.9984021782875061,0.0009527802467346191
28072,java,allow,permit,forbid,8,0.953140377998352,0.9498282670974731,0.0033121109008789062
28144,java,add,insert,remove,11,0.9989232420921326,0.9990481734275818,-0.00012493133544921875
28357,java,adding,inserting,removing,9,0.9988512396812439,0.9997681379318237,-0.000916898250579834
28732,java,add,insert,remove,21,0.999369740486145,0.9994380474090576,-6.830692291259766e-05
28832,java,added,inserted,removed,12,0.9876502156257629,0.9920231103897095,-0.004372894763946533
28947,java,add,insert,remove,16,0.9982885122299194,0.9980837106704712,0.0002048015594482422
29239,java,remove,delete,insert,9,0.9994674324989319,0.9984134435653687,0.0010539889335632324
29619,java,added,inserted,removed,10,0.984580397605896,0.9939736723899841,-0.009393274784088135
29740,java,adding,inserting,removing,6,0.9858037829399109,0.9817292094230652,0.004074573516845703
29991,java,create,build,destroy,10,0.9996700882911682,0.9993360042572021,0.00033408403396606445
30080,java,create,build,destroy,11,0.9995684623718262,0.9996119737625122,-4.3511390686035156e-05
30507,java,add,insert,remove,9,0.9825103282928467,0.9825147986412048,-4.470348358154297e-06
30779,java,open,unlock,close,11,0.9766147136688232,0.9898135662078857,-0.0131988525390625
30799,java,allow,permit,forbid,12,0.9964910745620728,0.9840763807296753,0.012414693832397461
30860,java,allow,permit,forbid,33,0.9970692992210388,0.9911788702011108,0.0058904290199279785
30873,java,add,insert,remove,13,0.9889262914657593,0.9916603565216064,-0.002734065055847168
30962,java,allow,permit,forbid,9,0.9638552665710449,0.9784049987792969,-0.014549732208251953
31339,java,removed,deleted,inserted,14,0.9945656061172485,0.9885448217391968,0.006020784378051758
31339,java,starts,begins,stops,14,0.9986888766288757,0.9935882091522217,0.005100667476654053
31379,java,removed,deleted,inserted,11,0.9988971948623657,0.9997967481613159,-0.0008995532989501953
31431,java,add,insert,remove,8,0.9970672130584717,0.9977408647537231,-0.0006736516952514648
31572,java,add,insert,remove,16,0.9985015392303467,0.9985306262969971,-2.9087066650390625e-05
31762,java,add,insert,remove,9,0.9814020991325378,0.9815983176231384,-0.00019621849060058594
31892,java,adding,inserting,removing,10,0.9983576536178589,0.9988369941711426,-0.0004793405532836914
32003,java,remove,delete,insert,6,0.991191029548645,0.9829707741737366,0.008220255374908447
32028,java,enabled,permitted,disabled,10,0.9799636602401733,0.9920172095298767,-0.01205354928970337
32446,java,allow,permit,forbid,17,0.9760596752166748,0.9840211868286133,-0.007961511611938477
32608,java,remove,delete,insert,8,0.9995471239089966,0.9998539686203003,-0.00030684471130371094
32738,java,remove,delete,insert,8,0.9962296485900879,0.9985405206680298,-0.0023108720779418945
32945,java,added,inserted,removed,20,0.9860723614692688,0.9918000102043152,-0.005727648735046387
32945,java,enable,permit,disable,20,0.9941956996917725,0.9871927499771118,0.0070029497146606445
33265,java,add,insert,remove,11,0.9894605875015259,0.9913906455039978,-0.0019300580024719238
33265,java,adding,inserting,removing,11,0.9953349828720093,0.9911466836929321,0.0041882991790771484
33500,java,create,build,destroy,13,0.9997891783714294,0.9995520710945129,0.0002371072769165039
34929,java,starting,beginning,stopping,19,0.9903764724731445,0.9948204755783081,-0.004444003105163574
35443,java,enabled,permitted,disabled,24,0.9896873235702515,0.9956180453300476,-0.005930721759796143
35443,java,create,build,destroy,24,0.9998505115509033,0.9998546838760376,-4.172325134277344e-06
35853,java,creating,building,destroying,17,0.9989692568778992,0.9719085097312927,0.027060747146606445
36056,java,added,inserted,removed,20,0.9991968274116516,0.9993830919265747,-0.0001862645149230957
36674,java,disabled,blocked,enabled,15,0.9848511219024658,0.9888982176780701,-0.004047095775604248
37599,java,create,build,destroy,9,0.9947618246078491,0.9884511232376099,0.006310701370239258
38003,java,allow,permit,forbid,17,0.9799554944038391,0.9837709069252014,-0.0038154125213623047
38003,java,created,built,destroyed,17,0.992699384689331,0.9839256405830383,0.008773744106292725
38475,java,add,insert,remove,12,0.9752683043479919,0.9793800711631775,-0.004111766815185547
38661,java,add,insert,remove,17,0.9921717047691345,0.9883568286895752,0.003814876079559326
38661,java,allow,permit,forbid,17,0.9791843891143799,0.9860832095146179,-0.006898820400238037
39926,java,disable,block,enable,15,0.9881280660629272,0.9949352741241455,-0.006807208061218262
40615,java,added,inserted,removed,19,0.9911637306213379,0.9961588978767395,-0.004995167255401611
40616,java,add,insert,remove,9,0.9990498423576355,0.9991252422332764,-7.539987564086914e-05
40897,java,remove,delete,insert,10,0.9997372627258301,0.9996722340583801,6.502866744995117e-05
41020,java,add,insert,remove,19,0.9934160709381104,0.9957387447357178,-0.002322673797607422
121,js,open,unlock,close,10,0.9993549585342407,0.9991594552993774,0.00019550323486328125
305,js,add,insert,remove,23,0.9986400604248047,0.9981597661972046,0.00048029422760009766
305,js,create,build,destroy,23,0.9946880340576172,0.9913205504417419,0.003367483615875244
815,js,allow,permit,forbid,11,0.9638816714286804,0.9757785201072693,-0.011896848678588867
871,js,added,inserted,removed,9,0.9634226560592651,0.9727824926376343,-0.00935983657836914
951,js,add,insert,remove,14,0.9856452941894531,0.9870229959487915,-0.001377701759338379
3433,js,added,inserted,removed,12,0.9761772155761719,0.9796626567840576,-0.003485441207885742
3433,js,accepted,took,rejected,12,0.9774911999702454,0.9889208078384399,-0.01142960786819458
4368,js,add,insert,remove,25,0.9877870082855225,0.9877158403396606,7.11679458618164e-05
4368,js,added,inserted,removed,25,0.9904065728187561,0.9937022924423218,-0.003295719623565674
4412,js,add,insert,remove,13,0.986716628074646,0.9825811982154846,0.004135429859161377
4918,js,removed,deleted,inserted,12,0.9920331239700317,0.987565279006958,0.0044678449630737305
5132,js,allow,permit,forbid,11,0.9798747301101685,0.9671536684036255,0.012721061706542969
5639,js,starts,begins,stops,19,0.9988718032836914,0.9933136701583862,0.005558133125305176
5757,js,add,insert,remove,11,0.9926449656486511,0.9918976426124573,0.0007473230361938477
6081,js,add,insert,remove,11,0.9978326559066772,0.9982026815414429,-0.000370025634765625
6174,js,open,unlock,close,15,0.9681724309921265,0.9816886782646179,-0.013516247272491455
6876,js,show,display,hide,10,0.999191164970398,0.9995905160903931,-0.0003993511199951172
7355,js,allow,permit,forbid,25,0.9953898191452026,0.9863349795341492,0.009054839611053467
7355,js,allows,permits,forbids,25,0.9937596917152405,0.9849076867103577,0.008852005004882812
8116,js,add,insert,remove,10,0.9821391701698303,0.9861558675765991,-0.004016697406768799
8349,js,allow,permit,forbid,14,0.9746023416519165,0.9786868095397949,-0.004084467887878418
8672,js,added,inserted,removed,19,0.9842435717582703,0.9834261536598206,0.000817418098449707
8779,js,added,inserted,removed,14,0.9897431135177612,0.9882906079292297,0.0014525055885314941
10097,js,add,insert,remove,33,0.9961633086204529,0.99482262134552,0.0013406872749328613
10553,js,add,insert,remove,10,0.996010422706604,0.9966298937797546,-0.0006194710731506348
11217,js,remove,delete,insert,13,0.9930939674377441,0.9850931167602539,0.008000850677490234
11629,js,add,insert,remove,9,0.9994103908538818,0.9993242025375366,8.618831634521484e-05
11713,js,allow,permit,forbid,13,0.9682191014289856,0.9820728898048401,-0.013853788375854492
12942,js,added,inserted,removed,12,0.9837457537651062,0.9902448058128357,-0.006499052047729492
12947,js,add,insert,remove,10,0.9980425834655762,0.99839186668396,-0.00034928321838378906
12989,js,accept,take,reject,9,0.9628411531448364,0.9856940507888794,-0.02285289764404297
13215,js,remove,delete,insert,14,0.9939775466918945,0.9872796535491943,0.006697893142700195
13554,js,allow,permit,forbid,10,0.9736883640289307,0.9750832915306091,-0.0013949275016784668
13602,js,add,insert,remove,9,0.9873611927032471,0.9841275811195374,0.003233611583709717
13737,js,start,begin,stop,13,0.9755644202232361,0.9788886308670044,-0.0033242106437683105
13862,js,start,begin,stop,12,0.9998740553855896,0.9995902180671692,0.00028383731842041016
13899,js,allow,permit,forbid,11,0.9974134564399719,0.9991707801818848,-0.0017573237419128418
14096,js,added,inserted,removed,9,0.9798890352249146,0.9995070099830627,-0.019617974758148193
14396,js,add,insert,remove,9,0.9906752109527588,0.9903287887573242,0.0003464221954345703
14513,js,add,insert,remove,9,0.9941792488098145,0.9984174370765686,-0.00423818826675415
14622,js,add,insert,remove,12,0.9871957302093506,0.9880014657974243,-0.0008057355880737305
14904,js,remove,delete,insert,13,0.9992472529411316,0.9985679388046265,0.000679314136505127
15619,js,allow,permit,forbid,11,0.9962272047996521,0.9896191358566284,0.006608068943023682
16214,js,adding,inserting,removing,9,0.978144645690918,0.9676691293716431,0.010475516319274902
16547,js,added,inserted,removed,13,0.9719415903091431,0.9997650980949402,-0.02782350778579712
16590,js,added,inserted,removed,14,0.9912928342819214,0.9858262538909912,0.005466580390930176
16655,js,allow,permit,forbid,9,0.998524010181427,0.9982571601867676,0.00026684999465942383
16804,js,added,inserted,removed,10,0.9932148456573486,0.9839253425598145,0.00928950309753418
17525,js,add,insert,remove,12,0.9957237243652344,0.9915173053741455,0.004206418991088867
17596,js,creating,building,destroying,12,0.9922564625740051,0.9828284382820129,0.009428024291992188
17694,js,allowed,permitted,forbade,13,0.9863835573196411,0.9642199873924255,0.022163569927215576
17875,js,added,inserted,removed,9,0.9784213304519653,0.9969770908355713,-0.018555760383605957
17949,js,adding,inserting,removing,12,0.9875205159187317,0.9832916259765625,0.0042288899421691895
18231,js,added,inserted,removed,11,0.9849165678024292,0.9838976860046387,0.0010188817977905273
18894,js,added,inserted,removed,9,0.972496747970581,0.9812594652175903,-0.008762717247009277
19668,js,add,insert,remove,11,0.9963625073432922,0.9960834383964539,0.0002790689468383789
20114,js,add,insert,remove,13,0.9969474673271179,0.9967078566551208,0.0002396106719970703
20764,js,create,build,destroy,9,0.9859554171562195,0.9833356142044067,0.002619802951812744
20896,js,increase,raise,decrease,12,0.9879215359687805,0.9940365552902222,-0.00611501932144165
21122,js,add,insert,remove,13,0.9981651902198792,0.9982227087020874,-5.751848220825195e-05
21122,js,enabling,permitting,disabling,13,0.989409863948822,0.9933633804321289,-0.003953516483306885
21582,js,allow,permit,forbid,10,0.9692909121513367,0.976758599281311,-0.007467687129974365
21773,js,add,insert,remove,11,0.9852845668792725,0.9857896566390991,-0.0005050897598266602
22048,js,add,insert,remove,17,0.9913426637649536,0.9897090792655945,0.0016335844993591309
22048,js,added,inserted,removed,17,0.9913107752799988,0.9910609722137451,0.0002498030662536621
22565,js,add,insert,remove,12,0.9860692024230957,0.9892196655273438,-0.003150463104248047
22710,js,add,insert,remove,10,0.978508472442627,0.9775211811065674,0.0009872913360595703
22922,js,remove,delete,insert,9,0.9970411062240601,0.9967166781425476,0.00032442808151245117
22944,js,disable,block,enable,12,0.9921867251396179,0.9924911260604858,-0.0003044009208679199
22960,js,add,insert,remove,18,0.9842559695243835,0.9846340417861938,-0.00037807226181030273
23336,js,remove,delete,insert,11,0.990916907787323,0.9907394647598267,0.0001774430274963379
23419,js,added,inserted,removed,17,0.990168035030365,0.9899186491966248,0.0002493858337402344
23597,js,added,inserted,removed,14,0.9881041646003723,0.9891723394393921,-0.0010681748390197754
23737,js,added,inserted,removed,20,0.9867075085639954,0.9902274012565613,-0.003519892692565918
24610,js,add,insert,remove,12,0.9887844324111938,0.9882403612136841,0.0005440711975097656
24643,js,allow,permit,forbid,17,0.9764488935470581,0.985521137714386,-0.00907224416732788
25410,js,allow,permit,forbid,27,0.9798880219459534,0.991020917892456,-0.011132895946502686
25643,js,show,display,hide,19,0.9962838888168335,0.993057370185852,0.0032265186309814453
25684,js,added,inserted,removed,9,0.9721494913101196,0.9836409091949463,-0.01149141788482666
26531,js,removed,deleted,inserted,19,0.9842284321784973,0.9901770353317261,-0.00594860315322876
28681,js,remove,delete,insert,14,0.9986691474914551,0.998664379119873,4.76837158203125e-06
30838,js,adds,inserts,removes,11,0.9935688972473145,0.9969816207885742,-0.0034127235412597656
31446,js,add,insert,remove,21,0.9993641376495361,0.9991698265075684,0.00019431114196777344
31702,js,add,insert,remove,31,0.9975289106369019,0.9961072206497192,0.0014216899871826172
31702,js,allowing,permitting,forbidding,31,0.9940489530563354,0.9878005385398865,0.006248414516448975
32022,js,allow,permit,forbid,14,0.9806469678878784,0.9849111437797546,-0.004264175891876221
32022,js,opened,unlocked,closed,14,0.9804700613021851,0.9883691668510437,-0.007899105548858643
32435,js,allow,permit,forbid,13,0.9570224285125732,0.9566858410835266,0.00033658742904663086
32596,js,disable,block,enable,12,0.9993294477462769,0.9982485175132751,0.001080930233001709
32983,js,started,began,stopped,20,0.989952027797699,0.9891827702522278,0.0007692575454711914
33731,js,add,insert,remove,19,0.9931949377059937,0.9917008876800537,0.0014940500259399414
34102,js,added,inserted,removed,12,0.9715204834938049,0.9804008603096008,-0.008880376815795898
34366,js,removing,deleting,inserting,13,0.993512749671936,0.9809776544570923,0.01253509521484375
34445,js,created,built,destroyed,27,0.9958287477493286,0.9925134181976318,0.0033153295516967773
35697,js,allow,permit,forbid,6,0.9559214115142822,0.9612489938735962,-0.005327582359313965
35755,js,allow,permit,forbid,13,0.9759349226951599,0.976742148399353,-0.0008072257041931152
642,js,added,inserted,removed,27,0.9941495656967163,0.9964840412139893,-0.0023344755172729492
1778,js,added,inserted,removed,9,0.9875687956809998,0.9973526000976562,-0.009783804416656494
4644,js,added,inserted,removed,9,0.9842298626899719,0.9871622920036316,-0.002932429313659668
5913,js,add,insert,remove,12,0.981609582901001,0.9873031973838806,-0.005693614482879639
6316,js,added,inserted,removed,7,0.9725993871688843,0.9792928099632263,-0.006693422794342041
6593,js,show,display,hide,7,0.9986339807510376,0.9981733560562134,0.00046062469482421875
8534,js,added,inserted,removed,24,0.993471086025238,0.9906560182571411,0.002815067768096924
10513,js,show,display,hide,9,0.9923628568649292,0.980057954788208,0.012304902076721191
11034,js,adding,inserting,removing,7,0.9688226580619812,0.9707878828048706,-0.0019652247428894043
11387,js,added,inserted,removed,7,0.9722912311553955,0.9860130548477173,-0.013721823692321777
14255,js,added,inserted,removed,8,0.976297914981842,0.9866106510162354,-0.01031273603439331
14517,js,added,inserted,removed,10,0.9821224212646484,0.9852479696273804,-0.0031255483627319336
15135,js,added,inserted,removed,6,0.9987701177597046,0.9995529055595398,-0.0007827877998352051
15960,js,adding,inserting,removing,8,0.971674382686615,0.9654820561408997,0.006192326545715332
17593,js,add,insert,remove,14,0.9977880120277405,0.9968422055244446,0.0009458065032958984
18777,js,added,inserted,removed,6,0.9967516660690308,0.9980297088623047,-0.0012780427932739258
24482,js,added,inserted,removed,7,0.9668986201286316,0.9756219387054443,-0.008723318576812744
24605,js,added,inserted,removed,7,0.9662282466888428,0.9742944240570068,-0.008066177368164062
24705,js,open,unlock,close,11,0.982175350189209,0.9903302788734436,-0.00815492868423462
24725,js,remove,delete,insert,13,0.9927219152450562,0.9838933944702148,0.008828520774841309
26682,js,add,insert,remove,13,0.982164740562439,0.9871111512184143,-0.004946410655975342
27501,js,removed,deleted,inserted,9,0.980240523815155,0.9747512936592102,0.005489230155944824
30026,js,removed,deleted,inserted,10,0.974174976348877,0.980635941028595,-0.006460964679718018
31095,js,add,insert,remove,13,0.9876155257225037,0.986014723777771,0.001600801944732666
36539,js,added,inserted,removed,15,0.9853509068489075,0.9923065900802612,-0.00695568323135376
36638,js,added,inserted,removed,12,0.9730457067489624,0.9880242347717285,-0.014978528022766113
37132,js,remove,delete,insert,11,0.9950217604637146,0.990715742111206,0.004306018352508545
37220,js,add,insert,remove,15,0.9883813858032227,0.9821483492851257,0.006233036518096924
37275,js,adds,inserts,removes,11,0.9734011292457581,0.9553568363189697,0.01804429292678833
37326,js,allow,permit,forbid,18,0.9973065853118896,0.9803643226623535,0.016942262649536133
37784,js,increase,raise,decrease,13,0.9991000890731812,0.9847823977470398,0.014317691326141357
38327,js,create,build,destroy,14,0.9908854365348816,0.9907286763191223,0.00015676021575927734
38867,js,remove,delete,insert,12,0.9946736693382263,0.9967248439788818,-0.0020511746406555176
39516,js,remove,delete,insert,8,0.9948239326477051,0.9853197932243347,0.009504139423370361
39533,js,add,insert,remove,18,0.9954289197921753,0.9955587387084961,-0.00012981891632080078
39790,js,allow,permit,forbid,12,0.970831036567688,0.983834445476532,-0.013003408908843994
39859,js,added,inserted,removed,12,0.9735022187232971,0.997499942779541,-0.023997724056243896
40547,js,add,insert,remove,9,0.9971301555633545,0.9921739101409912,0.004956245422363281
40717,js,start,begin,stop,29,0.9991925954818726,0.9956740736961365,0.003518521785736084
40717,js,opened,unlocked,closed,29,0.9934388995170593,0.9962283372879028,-0.002789437770843506
40928,js,allow,permit,forbid,34,0.9939030408859253,0.9868302941322327,0.007072746753692627
41865,js,adding,inserting,removing,8,0.9784599542617798,0.9697259068489075,0.008734047412872314
42466,js,disable,block,enable,15,0.9756752848625183,0.9890843033790588,-0.013409018516540527
42466,js,allows,permits,forbids,15,0.9877309203147888,0.9714177846908569,0.016313135623931885
42816,js,create,build,destroy,11,0.9862974882125854,0.9862849712371826,1.2516975402832031e-05
43045,js,remove,delete,insert,12,0.9944654107093811,0.9885313510894775,0.0059340596199035645
44101,js,add,insert,remove,13,0.9812770485877991,0.9817858338356018,-0.0005087852478027344
44196,js,add,insert,remove,7,0.9981112480163574,0.9984593987464905,-0.00034815073013305664
44823,js,added,inserted,removed,6,0.968403160572052,0.9958178400993347,-0.027414679527282715
1141,js,show,display,hide,6,0.9995051026344299,0.9996204376220703,-0.00011533498764038086
2565,js,increase,raise,decrease,7,0.9800927639007568,0.9715185761451721,0.008574187755584717
3319,js,added,inserted,removed,6,0.9759283065795898,0.995918333530426,-0.01999002695083618
4770,js,allow,permit,forbid,16,0.9814903140068054,0.9829906225204468,-0.0015003085136413574
4919,js,hidden,covered,shown,7,0.9732183814048767,0.976567804813385,-0.0033494234085083008
5873,js,disable,block,enable,10,0.9844813942909241,0.9933452010154724,-0.00886380672454834
7915,js,add,insert,remove,7,0.9905429482460022,0.990372896194458,0.00017005205154418945
8098,js,add,insert,remove,11,0.9983261823654175,0.9990266561508179,-0.0007004737854003906
8240,js,add,insert,remove,10,0.9989457130432129,0.9989463686943054,-6.556510925292969e-07
8471,js,adding,inserting,removing,8,0.9789832234382629,0.962181031703949,0.016802191734313965
8572,js,added,inserted,removed,21,0.9886794686317444,0.9879249334335327,0.0007545351982116699
11006,js,add,insert,remove,10,0.9989787340164185,0.9993946552276611,-0.0004159212112426758
11099,js,added,inserted,removed,12,0.982916533946991,0.9943046569824219,-0.011388123035430908
12269,js,add,insert,remove,17,0.9878917932510376,0.9851518273353577,0.0027399659156799316
12296,js,add,insert,remove,8,0.9886596202850342,0.992059051990509,-0.0033994317054748535
12519,js,allow,permit,forbid,6,0.9528665542602539,0.9325284361839294,0.020338118076324463
13588,js,add,insert,remove,9,0.9870426654815674,0.9843989014625549,0.002643764019012451
13941,js,added,inserted,removed,7,0.9472793936729431,0.9590969681739807,-0.011817574501037598
15423,js,added,inserted,removed,7,0.9718428254127502,0.9989402294158936,-0.02709740400314331
15534,js,add,insert,remove,7,0.9982585906982422,0.9984486103057861,-0.0001900196075439453
15740,js,add,insert,remove,6,0.9868636131286621,0.9866605401039124,0.00020307302474975586
16727,js,add,insert,remove,8,0.9815841913223267,0.9818511009216309,-0.0002669095993041992
16753,js,add,insert,remove,9,0.9933308362960815,0.9936357140541077,-0.00030487775802612305
16753,js,enable,permit,disable,9,0.9782209396362305,0.9909005165100098,-0.012679576873779297
17082,js,add,insert,remove,6,0.987846851348877,0.9883322715759277,-0.00048542022705078125
17182,js,added,inserted,removed,7,0.9666104912757874,0.9906795024871826,-0.024069011211395264
18651,js,add,insert,remove,7,0.998518705368042,0.9987147450447083,-0.00019603967666625977
19407,js,add,insert,remove,6,0.9972299933433533,0.9970947504043579,0.00013524293899536133
19714,js,add,insert,remove,16,0.9776961803436279,0.9808176755905151,-0.003121495246887207
20736,js,added,inserted,removed,9,0.9784018993377686,0.982511579990387,-0.004109680652618408
21299,js,adding,inserting,removing,8,0.9820356369018555,0.9735966920852661,0.008438944816589355
22866,js,increase,raise,decrease,5,0.999259352684021,0.9735358953475952,0.02572345733642578
23609,js,enabled,permitted,disabled,8,0.9855725765228271,0.9886253476142883,-0.0030527710914611816
24234,js,add,insert,remove,15,0.9947324395179749,0.9942930936813354,0.0004393458366394043
24881,js,removed,deleted,inserted,7,0.9974950551986694,0.9960708022117615,0.001424252986907959
25019,js,adding,inserting,removing,7,0.9882434010505676,0.9701021909713745,0.018141210079193115
25522,js,allow,permit,forbid,8,0.9622095227241516,0.9468038082122803,0.015405714511871338
25648,js,added,inserted,removed,7,0.9688698649406433,0.97896808385849,-0.01009821891784668
26278,js,add,insert,remove,9,0.999118447303772,0.9992743730545044,-0.00015592575073242188
27255,js,add,insert,remove,8,0.9882495403289795,0.9861952662467957,0.002054274082183838
27967,js,added,inserted,removed,7,0.9769100546836853,0.999474048614502,-0.02256399393081665
27967,js,remove,delete,insert,7,0.9924695491790771,0.984184980392456,0.008284568786621094
28509,js,include,contain,exclude,6,0.9812632203102112,0.9778165817260742,0.003446638584136963
30298,js,add,insert,remove,8,0.9871325492858887,0.9870843291282654,4.8220157623291016e-05
30376,js,removed,deleted,inserted,13,0.9691703915596008,0.983895480632782,-0.014725089073181152
30513,js,adds,inserts,removes,11,0.9980707168579102,0.9983825087547302,-0.00031179189682006836
32999,js,added,inserted,removed,7,0.9992688894271851,0.9992537498474121,1.5139579772949219e-05
32999,js,remove,delete,insert,7,0.9912422299385071,0.9691795110702515,0.022062718868255615
34051,js,added,inserted,removed,7,0.9513896107673645,0.9726942777633667,-0.021304666996002197
34681,js,add,insert,remove,12,0.9880765080451965,0.9875162839889526,0.0005602240562438965
34901,js,add,insert,remove,8,0.9907441139221191,0.9917000532150269,-0.0009559392929077148
35077,js,remove,delete,insert,22,0.9997497797012329,0.999439001083374,0.0003107786178588867
35954,js,add,insert,remove,8,0.9991503357887268,0.9993321895599365,-0.0001818537712097168
36825,js,added,inserted,removed,5,0.9964985847473145,0.9970408082008362,-0.0005422234535217285
37228,js,create,build,destroy,10,0.9833278656005859,0.9809297323226929,0.0023981332778930664
37403,js,added,inserted,removed,6,0.9616280198097229,0.980845034122467,-0.01921701431274414
37520,js,add,insert,remove,6,0.9757471084594727,0.9718883633613586,0.0038587450981140137
37792,js,added,inserted,removed,11,0.9894502758979797,0.9720172882080078,0.017432987689971924
37792,js,removed,deleted,inserted,11,0.9912468194961548,0.9801260232925415,0.011120796203613281
38207,js,added,inserted,removed,10,0.9756867289543152,0.9872591495513916,-0.011572420597076416
38462,js,starts,begins,stops,28,0.997567892074585,0.9947496056556702,0.002818286418914795
38462,js,create,build,destroy,28,0.9952697157859802,0.9950390458106995,0.00023066997528076172
38462,js,creates,builds,destroys,28,0.9972779750823975,0.9927983283996582,0.004479646682739258
38711,js,create,build,destroy,12,0.9911240339279175,0.9905744194984436,0.000549614429473877
39425,js,added,inserted,removed,8,0.9816192388534546,0.974656343460083,0.006962895393371582
6,php,added,inserted,removed,5,0.9966407418251038,0.9967212677001953,-8.052587509155273e-05
31,php,creates,builds,destroys,9,0.9818923473358154,0.9625145196914673,0.019377827644348145
142,php,remove,delete,insert,6,0.9989528656005859,0.9993610382080078,-0.000408172607421875
232,php,add,insert,remove,7,0.9992200136184692,0.9987990856170654,0.0004209280014038086
268,php,allow,permit,forbid,6,0.9901577234268188,0.9849556088447571,0.005202114582061768
273,php,add,insert,remove,13,0.9915090799331665,0.9940713047981262,-0.002562224864959717
275,php,include,contain,exclude,7,0.9984506368637085,0.9992688298225403,-0.0008181929588317871
292,php,added,inserted,removed,10,0.9808743596076965,0.9919981360435486,-0.01112377643585205
294,php,add,insert,remove,11,0.987006425857544,0.9880549907684326,-0.0010485649108886719
324,php,add,insert,remove,13,0.9974864721298218,0.99579918384552,0.0016872882843017578
383,php,remove,delete,insert,8,0.9995355606079102,0.9995322227478027,3.337860107421875e-06
409,php,add,insert,remove,9,0.9982468485832214,0.9979474544525146,0.0002993941307067871
441,php,removed,deleted,inserted,6,0.9856482744216919,0.9681042432785034,0.017544031143188477
506,php,allow,permit,forbid,14,0.9813677072525024,0.989294171333313,-0.007926464080810547
581,php,remove,delete,insert,5,0.9923731088638306,0.9834059476852417,0.008967161178588867
594,php,remove,delete,insert,4,0.9847179651260376,0.9809308052062988,0.0037871599197387695
619,php,remove,delete,insert,5,0.9949548244476318,0.9865557551383972,0.00839906930923462
635,php,remove,delete,insert,5,0.9946431517601013,0.9864391088485718,0.008204042911529541
685,php,remove,delete,insert,6,0.993694543838501,0.9814929962158203,0.012201547622680664
701,php,remove,delete,insert,6,0.9972039461135864,0.9920308589935303,0.005173087120056152
717,php,add,insert,remove,12,0.9865337610244751,0.9920963048934937,-0.005562543869018555
721,php,adding,inserting,removing,6,0.9971119165420532,0.9984148740768433,-0.001302957534790039
749,php,add,insert,remove,23,0.9938432574272156,0.9934113621711731,0.00043189525604248047
779,php,remove,delete,insert,6,0.997279167175293,0.9991686940193176,-0.0018895268440246582
782,php,starting,beginning,stopping,11,0.9910992980003357,0.9804227352142334,0.010676562786102295
815,php,remove,delete,insert,11,0.9977416396141052,0.9993060231208801,-0.0015643835067749023
869,php,remove,delete,insert,4,0.9953042268753052,0.9988527894020081,-0.003548562526702881
894,php,allow,permit,forbid,10,0.9707826375961304,0.9764412045478821,-0.005658566951751709
926,php,add,insert,remove,13,0.9939413070678711,0.993564248085022,0.0003770589828491211
974,php,allow,permit,forbid,8,0.9912776350975037,0.9740417003631592,0.017235934734344482
1230,php,add,insert,remove,11,0.9962259531021118,0.9958374500274658,0.0003885030746459961
1253,php,adds,inserts,removes,6,0.9737553000450134,0.9581593871116638,0.01559591293334961
1300,php,remove,delete,insert,10,0.9898296594619751,0.9792632460594177,0.010566413402557373
1300,php,remove,delete,insert,10,0.9898296594619751,0.9792632460594177,0.010566413402557373
1306,php,add,insert,remove,7,0.9995300769805908,0.9994521737098694,7.790327072143555e-05
1335,php,removing,deleting,inserting,12,0.9766998291015625,0.9762018918991089,0.0004979372024536133
1338,php,allow,permit,forbid,7,0.9784880876541138,0.9806957840919495,-0.0022076964378356934
1409,php,remove,delete,insert,6,0.9992779493331909,0.9960730075836182,0.003204941749572754
1436,php,added,inserted,removed,14,0.9810883402824402,0.984158456325531,-0.0030701160430908203
1454,php,adding,inserting,removing,13,0.9863136410713196,0.9802614450454712,0.006052196025848389
1490,php,allow,permit,forbid,9,0.9552745223045349,0.9576820135116577,-0.0024074912071228027
1493,php,includes,contains,excludes,9,0.9961889982223511,0.9797111749649048,0.01647782325744629
1501,php,added,inserted,removed,10,0.9798593521118164,0.9818283319473267,-0.001968979835510254
1502,php,adding,inserting,removing,19,0.9883536696434021,0.9806946516036987,0.007659018039703369
1502,php,allows,permits,forbids,19,0.9978260397911072,0.9872164130210876,0.010609626770019531
1543,php,add,insert,remove,11,0.9913671016693115,0.9894086122512817,0.001958489418029785
1569,php,add,insert,remove,11,0.9866829514503479,0.9874736070632935,-0.0007906556129455566
1570,php,add,insert,remove,6,0.9979041218757629,0.9983940124511719,-0.0004898905754089355
1577,php,allow,permit,forbid,9,0.9703760743141174,0.9729767441749573,-0.0026006698608398438
1583,php,add,insert,remove,6,0.9987269639968872,0.9990638494491577,-0.0003368854522705078
1609,php,remove,delete,insert,8,0.9996346831321716,0.9988836646080017,0.0007510185241699219
1623,php,add,insert,remove,6,0.9991898536682129,0.99849534034729,0.0006945133209228516
1645,php,creating,building,destroying,9,0.9929533004760742,0.9808752536773682,0.012078046798706055
1671,php,remove,delete,insert,4,0.9903536438941956,0.992300808429718,-0.001947164535522461
1714,php,add,insert,remove,5,0.9780351519584656,0.9776079058647156,0.00042724609375
1804,php,add,insert,remove,9,0.9904294013977051,0.9887405633926392,0.001688838005065918
1804,php,added,inserted,removed,9,0.9909389019012451,0.9891055822372437,0.0018333196640014648
1873,php,added,inserted,removed,9,0.9982773065567017,0.9983296394348145,-5.233287811279297e-05
1878,php,add,insert,remove,6,0.9945735335350037,0.9955164194107056,-0.0009428858757019043
1879,php,add,insert,remove,8,0.9879800081253052,0.9879775047302246,2.5033950805664062e-06
1885,php,add,insert,remove,5,0.9974052309989929,0.9986242055892944,-0.0012189745903015137
1890,php,add,insert,remove,5,0.9986977577209473,0.9991933107376099,-0.0004955530166625977
1905,php,add,insert,remove,7,0.9933039546012878,0.9940506219863892,-0.0007466673851013184
1928,php,add,insert,remove,5,0.9843490123748779,0.9858381152153015,-0.001489102840423584
2030,php,add,insert,remove,6,0.9994971752166748,0.9994235038757324,7.367134094238281e-05
2031,php,add,insert,remove,9,0.9981139898300171,0.9979268908500671,0.00018709897994995117
2031,php,remove,delete,insert,9,0.9919123649597168,0.9866476655006409,0.005264699459075928
2075,php,add,insert,remove,10,0.9879782795906067,0.9889307022094727,-0.0009524226188659668
2090,php,add,insert,remove,10,0.9892550706863403,0.9907213449478149,-0.0014662742614746094
2091,php,add,insert,remove,7,0.9866852760314941,0.9830526113510132,0.003632664680480957
2097,php,remove,delete,insert,6,0.9920605421066284,0.981775164604187,0.010285377502441406
2137,php,removed,deleted,inserted,20,0.9982641339302063,0.9911633133888245,0.007100820541381836
2147,php,add,insert,remove,13,0.9996878504753113,0.9997461438179016,-5.829334259033203e-05
2156,php,add,insert,remove,9,0.996134877204895,0.996940553188324,-0.0008056759834289551
2181,php,allow,permit,forbid,10,0.977207601070404,0.9792215824127197,-0.002013981342315674
2190,php,add,insert,remove,6,0.9986155033111572,0.998708188533783,-9.268522262573242e-05
2225,php,added,inserted,removed,13,0.9842912554740906,0.9983823299407959,-0.014091074466705322
2225,php,allowed,permitted,forbade,13,0.9956657886505127,0.981867253780365,0.013798534870147705
2261,php,add,insert,remove,8,0.9974296689033508,0.9959046840667725,0.0015249848365783691
2266,php,add,insert,remove,10,0.9981081485748291,0.9989754557609558,-0.000867307186126709
2275,php,added,inserted,removed,11,0.9888355731964111,0.9943562150001526,-0.005520641803741455
2275,php,removed,deleted,inserted,11,0.9939570426940918,0.9869250059127808,0.007032036781311035
2296,php,allow,permit,forbid,13,0.9828405976295471,0.9902388453483582,-0.007398247718811035
2321,php,added,inserted,removed,9,0.996607780456543,0.998647928237915,-0.0020401477813720703
2322,php,added,inserted,removed,6,0.9987974166870117,0.9986282587051392,0.0001691579818725586
2481,php,hidden,covered,shown,10,0.9865601062774658,0.9884151220321655,-0.001855015754699707
2505,php,allow,permit,forbid,8,0.9939732551574707,0.9814339280128479,0.012539327144622803
2515,php,add,insert,remove,6,0.9762738347053528,0.976453959941864,-0.00018012523651123047
2533,php,added,inserted,removed,6,0.9975975751876831,0.9988076686859131,-0.0012100934982299805
2533,php,disable,block,enable,6,0.975944995880127,0.988826334476471,-0.012881338596343994
2505,php,allow,permit,forbid,8,0.9939732551574707,0.9814339280128479,0.012539327144622803
2515,php,add,insert,remove,6,0.9762738347053528,0.976453959941864,-0.00018012523651123047
2547,php,add,insert,remove,5,0.9731590151786804,0.9725015759468079,0.0006574392318725586
2547,php,removed,deleted,inserted,5,0.9869856834411621,0.9793723821640015,0.0076133012771606445
2552,php,added,inserted,removed,6,0.9990555644035339,0.9991040229797363,-4.845857620239258e-05
2557,php,enable,permit,disable,5,0.9709451794624329,0.9876025915145874,-0.01665741205215454
2569,php,add,insert,remove,11,0.9844105243682861,0.984177827835083,0.000232696533203125
2576,php,add,insert,remove,6,0.9845452308654785,0.9846063852310181,-6.115436553955078e-05
2576,php,hidden,covered,shown,6,0.9740979671478271,0.9768341183662415,-0.0027361512184143066
2593,php,remove,delete,insert,5,0.989380955696106,0.9932969212532043,-0.003915965557098389
2621,php,create,build,destroy,9,0.9852274656295776,0.9882149696350098,-0.002987504005432129
2622,php,add,insert,remove,7,0.9868175983428955,0.9894574880599976,-0.0026398897171020508
2622,php,remove,delete,insert,7,0.9940885305404663,0.9820232391357422,0.012065291404724121
2632,php,remove,delete,insert,5,0.9994240999221802,0.99940425157547,1.9848346710205078e-05
2897,php,add,insert,remove,9,0.9889730215072632,0.987336277961731,0.0016367435455322266
3140,php,allow,permit,forbid,15,0.999794065952301,0.9994332194328308,0.00036084651947021484
3146,php,allow,permit,forbid,12,0.9937088489532471,0.9943552017211914,-0.0006463527679443359
3181,php,disabled,blocked,enabled,11,0.9865837097167969,0.9855239987373352,0.00105971097946167
3240,php,add,insert,remove,7,0.9846827983856201,0.9920507073402405,-0.007367908954620361
3277,php,remove,delete,insert,5,0.9975160360336304,0.9971543550491333,0.0003616809844970703
3281,php,add,insert,remove,8,0.9872671961784363,0.9918726086616516,-0.004605412483215332
3296,php,add,insert,remove,14,0.9926923513412476,0.9917547106742859,0.0009376406669616699
3299,php,remove,delete,insert,5,0.9927041530609131,0.9858329892158508,0.006871163845062256
3339,php,removed,deleted,inserted,9,0.9804071187973022,0.9825699329376221,-0.0021628141403198242
3373,php,remove,delete,insert,4,0.998473584651947,0.9983642101287842,0.0001093745231628418
3452,php,add,insert,remove,13,0.9996776580810547,0.9997344017028809,-5.6743621826171875e-05
3454,php,add,insert,remove,21,0.9933956861495972,0.9933348894119263,6.079673767089844e-05
3477,php,allow,permit,forbid,8,0.9659211039543152,0.9820910692214966,-0.016169965267181396
3482,php,allow,permit,forbid,35,0.9898881912231445,0.9915341734886169,-0.0016459822654724121
3496,php,allow,permit,forbid,35,0.9896740317344666,0.9940496683120728,-0.004375636577606201
3496,php,allows,permits,forbids,35,0.9979665279388428,0.9919124841690063,0.006054043769836426
3549,php,adds,inserts,removes,53,0.9938939213752747,0.9961127042770386,-0.002218782901763916
3549,php,increases,raises,decreases,53,0.996766209602356,0.9969515800476074,-0.00018537044525146484
3549,php,create,build,destroy,53,0.9983934164047241,0.9962347745895386,0.002158641815185547
3637,php,removed,deleted,inserted,8,0.9689668416976929,0.9843497276306152,-0.015382885932922363
3645,php,removing,deleting,inserting,11,0.9710120558738708,0.9712849855422974,-0.00027292966842651367
3668,php,added,inserted,removed,11,0.9805567860603333,0.9946283102035522,-0.014071524143218994
3668,php,allow,permit,forbid,11,0.994907021522522,0.968543291091919,0.026363730430603027
3708,php,remove,delete,insert,5,0.9997298717498779,0.9992440938949585,0.0004857778549194336
3736,php,add,insert,remove,9,0.9955775737762451,0.9956454038619995,-6.783008575439453e-05
3760,php,add,insert,remove,10,0.9932292103767395,0.9909404516220093,0.0022887587547302246
3767,php,include,contain,exclude,10,0.9771524667739868,0.9746624827384949,0.0024899840354919434
3787,php,add,insert,remove,9,0.9988053441047668,0.9989303350448608,-0.00012499094009399414
3821,php,add,insert,remove,7,0.999013364315033,0.998926043510437,8.732080459594727e-05
3829,php,add,insert,remove,8,0.9988060593605042,0.9994537830352783,-0.0006477236747741699
3830,php,add,insert,remove,9,0.9941022396087646,0.9937596321105957,0.0003426074981689453
3885,php,add,insert,remove,9,0.989264726638794,0.9899552464485168,-0.0006905198097229004
3928,php,hide,cover,show,7,0.9726903438568115,0.9611927270889282,0.0114976167678833
4013,php,allow,permit,forbid,7,0.9653111696243286,0.9705225825309753,-0.0052114129066467285
4067,php,added,inserted,removed,13,0.9826694130897522,0.9908913373947144,-0.008221924304962158
4072,php,add,insert,remove,5,0.9907864332199097,0.9968278408050537,-0.006041407585144043
4073,php,added,inserted,removed,10,0.9766390323638916,0.9832797050476074,-0.00664067268371582
4098,php,added,inserted,removed,7,0.9619738459587097,0.9987090826034546,-0.03673523664474487
4098,php,enable,permit,disable,7,0.9814815521240234,0.9834582209587097,-0.0019766688346862793
4100,php,added,inserted,removed,14,0.9879881143569946,0.9906314611434937,-0.0026433467864990234
4100,php,remove,delete,insert,14,0.9993988275527954,0.9996406435966492,-0.00024181604385375977
4109,php,increase,raise,decrease,14,0.9996300339698792,0.999902606010437,-0.00027257204055786133
4141,php,added,inserted,removed,9,0.9971783757209778,0.9990208148956299,-0.0018424391746520996
4249,php,remove,delete,insert,6,0.9953029155731201,0.9901559948921204,0.005146920680999756
4256,php,created,built,destroyed,8,0.990110456943512,0.9755027294158936,0.014607727527618408
4272,php,remove,delete,insert,5,0.9951079487800598,0.9830702543258667,0.012037694454193115
4283,php,add,insert,remove,7,0.9951626062393188,0.992775022983551,0.0023875832557678223
4318,php,show,display,hide,14,0.9994524121284485,0.9984025359153748,0.0010498762130737305
4318,php,showing,displaying,hiding,14,0.9863699674606323,0.9809070825576782,0.0054628849029541016
4457,php,added,inserted,removed,14,0.9951678514480591,0.9965221881866455,-0.0013543367385864258
4457,php,show,display,hide,14,0.990159273147583,0.9888595938682556,0.0012996792793273926
4547,php,add,insert,remove,7,0.9744921922683716,0.980738639831543,-0.006246447563171387
4569,php,adding,inserting,removing,6,0.995262622833252,0.9981939792633057,-0.002931356430053711
4570,php,adding,inserting,removing,9,0.9992307424545288,0.9994021654129028,-0.00017142295837402344
4575,php,add,insert,remove,13,0.9914069175720215,0.9905931949615479,0.0008137226104736328
4646,php,added,inserted,removed,11,0.9917300343513489,0.9994714260101318,-0.007741391658782959
4660,php,added,inserted,removed,14,0.9771913290023804,0.9837087988853455,-0.006517469882965088
4666,php,remove,delete,insert,13,0.9927360415458679,0.9781239628791809,0.014612078666687012
4729,php,add,insert,remove,6,0.9920920133590698,0.9922823905944824,-0.00019037723541259766
4843,php,allow,permit,forbid,9,0.9921248555183411,0.9868685007095337,0.005256354808807373
4855,php,add,insert,remove,9,0.9729278087615967,0.9869811534881592,-0.0140533447265625
4867,php,add,insert,remove,8,0.9912391304969788,0.9851652383804321,0.006073892116546631
4903,php,add,insert,remove,13,0.9907229542732239,0.989604115486145,0.0011188387870788574
4963,php,remove,delete,insert,6,0.9827386140823364,0.9868609309196472,-0.004122316837310791
4995,php,add,insert,remove,4,0.9752471446990967,0.9736343622207642,0.0016127824783325195
6263,php,disable,block,enable,5,0.9987447261810303,0.9967314004898071,0.0020133256912231445
6351,php,added,inserted,removed,5,0.9694344997406006,0.9989848732948303,-0.029550373554229736
6371,php,remove,delete,insert,4,0.9917269945144653,0.9773533344268799,0.01437366008758545
6385,php,removed,deleted,inserted,33,0.9980883598327637,0.9951137900352478,0.002974569797515869
6385,php,open,unlock,close,33,0.9933354258537292,0.9980025291442871,-0.004667103290557861
6449,php,added,inserted,removed,6,0.9689933657646179,0.9955657124519348,-0.026572346687316895
6451,php,allow,permit,forbid,6,0.966787576675415,0.9688210487365723,-0.0020334720611572266
6515,php,adding,inserting,removing,13,0.9953067898750305,0.9894509315490723,0.005855858325958252
6515,php,removing,deleting,inserting,13,0.9955882430076599,0.9903337359428406,0.005254507064819336
6535,php,enable,permit,disable,10,0.979650616645813,0.9818053841590881,-0.0021547675132751465
6538,php,added,inserted,removed,17,0.9852437973022461,0.9997058510780334,-0.014462053775787354
6571,php,accept,take,reject,20,0.9957003593444824,0.9894155859947205,0.006284773349761963
6621,php,add,insert,remove,10,0.9962518215179443,0.9966593980789185,-0.0004075765609741211
6627,php,added,inserted,removed,12,0.9889209270477295,0.9906180500984192,-0.0016971230506896973
6630,php,added,inserted,removed,9,0.9913144111633301,0.9924437999725342,-0.0011293888092041016
6631,php,added,inserted,removed,10,0.9735697507858276,0.9824211597442627,-0.008851408958435059
6631,php,create,build,destroy,10,0.9928916096687317,0.9800654053688049,0.012826204299926758
6635,php,creating,building,destroying,9,0.9569356441497803,0.9775922894477844,-0.02065664529800415
6695,php,add,insert,remove,7,0.9806983470916748,0.9819199442863464,-0.0012215971946716309
6695,php,start,begin,stop,7,0.9880257844924927,0.9764801859855652,0.01154559850692749
6715,php,add,insert,remove,37,0.9932155609130859,0.9926950931549072,0.0005204677581787109
6716,php,add,insert,remove,33,0.995174765586853,0.9951087832450867,6.598234176635742e-05
6716,php,remove,delete,insert,33,0.9959224462509155,0.9941408634185791,0.0017815828323364258
6717,php,add,insert,remove,9,0.9986985325813293,0.9993124008178711,-0.000613868236541748
6774,php,add,insert,remove,8,0.9993935823440552,0.9992240071296692,0.00016957521438598633
6801,php,remove,delete,insert,7,0.9953364133834839,0.9882071018218994,0.007129311561584473
7029,php,add,insert,remove,12,0.9971830248832703,0.99889075756073,-0.0017077326774597168
7033,php,remove,delete,insert,5,0.9989495873451233,0.9988580942153931,9.149312973022461e-05
7038,php,add,insert,remove,6,0.9749307036399841,0.9803546071052551,-0.005423903465270996
7038,php,remove,delete,insert,6,0.999488890171051,0.9989026784896851,0.0005862116813659668
7173,php,remove,delete,insert,6,0.9992655515670776,0.9991267919540405,0.00013875961303710938
7243,php,add,insert,remove,8,0.9928610324859619,0.9889787435531616,0.003882288932800293
7243,php,remove,delete,insert,8,0.9924689531326294,0.9842129945755005,0.008255958557128906
7264,php,created,built,destroyed,13,0.9944133758544922,0.9864330291748047,0.0079803466796875
7265,php,show,display,hide,16,0.999873161315918,0.9998147487640381,5.841255187988281e-05
7328,php,removed,deleted,inserted,26,0.993583083152771,0.9822777509689331,0.01130533218383789
7521,php,show,display,hide,7,0.99091637134552,0.9812934994697571,0.00962287187576294
7540,php,enabled,permitted,disabled,6,0.9895176291465759,0.9935173988342285,-0.003999769687652588
7598,php,remove,delete,insert,5,0.9951913356781006,0.9854199290275574,0.009771406650543213
7682,php,removed,deleted,inserted,7,0.9940494894981384,0.9843747615814209,0.00967472791671753
7706,php,added,inserted,removed,11,0.9815020561218262,0.9995256066322327,-0.018023550510406494
7832,php,add,insert,remove,10,0.9901844263076782,0.9896571636199951,0.0005272626876831055
7873,php,remove,delete,insert,12,0.9995294213294983,0.9997254610061646,-0.00019603967666625977
7901,php,add,insert,remove,5,0.994705855846405,0.994762122631073,-5.626678466796875e-05
7946,php,remove,delete,insert,4,0.9984318017959595,0.9983916282653809,4.017353057861328e-05
8100,php,add,insert,remove,9,0.9993603229522705,0.9990909695625305,0.00026935338973999023
8100,php,removed,deleted,inserted,9,0.9936678409576416,0.9782441854476929,0.01542365550994873
8117,php,remove,delete,insert,6,0.9856590032577515,0.9870840311050415,-0.001425027847290039
8163,php,add,insert,remove,7,0.9826732277870178,0.982506275177002,0.00016695261001586914
8163,php,remove,delete,insert,7,0.9688500165939331,0.9884606003761292,-0.019610583782196045
8192,php,add,insert,remove,8,0.9712374806404114,0.981049656867981,-0.00981217622756958
8344,php,remove,delete,insert,7,0.9994478225708008,0.999372661113739,7.516145706176758e-05
8391,php,remove,delete,insert,12,0.999496340751648,0.9993278980255127,0.0001684427261352539
8405,php,adds,inserts,removes,17,0.9961942434310913,0.9942068457603455,0.0019873976707458496
125,py,add,insert,remove,10,0.9917146563529968,0.9904201030731201,0.001294553279876709
219,py,create,build,destroy,13,0.996324360370636,0.990526020526886,0.00579833984375
286,py,create,build,destroy,10,0.9802538156509399,0.9826939702033997,-0.002440154552459717
633,py,added,inserted,removed,12,0.9802663922309875,0.9868820905685425,-0.006615698337554932
647,py,added,inserted,removed,9,0.9836879372596741,0.9987019896507263,-0.015014052391052246
652,py,add,insert,remove,18,0.9925413727760315,0.9925047159194946,3.6656856536865234e-05
751,py,start,begin,stop,11,0.9940600991249084,0.9748809933662415,0.019179105758666992
877,py,allow,permit,forbid,8,0.9675661325454712,0.9701164960861206,-0.002550363540649414
1133,py,add,insert,remove,8,0.9841523170471191,0.9833766222000122,0.0007756948471069336
1170,py,add,insert,remove,17,0.9830781817436218,0.9819350242614746,0.0011431574821472168
1216,py,open,unlock,close,12,0.9731346964836121,0.9894030094146729,-0.01626831293106079
1229,py,add,insert,remove,9,0.9985673427581787,0.9980518221855164,0.0005155205726623535
1284,py,allow,permit,forbid,6,0.9624587893486023,0.9709550738334656,-0.008496284484863281
1446,py,add,insert,remove,11,0.9806782007217407,0.9825677275657654,-0.0018895268440246582
1898,py,add,insert,remove,9,0.9979225397109985,0.9981945157051086,-0.0002719759941101074
2199,py,add,insert,remove,8,0.9817761182785034,0.9839859008789062,-0.002209782600402832
2204,py,removes,deletes,inserts,8,0.9795558452606201,0.9662050008773804,0.013350844383239746
2400,py,allowed,permitted,forbade,7,0.9994300603866577,0.9686522483825684,0.030777812004089355
2431,py,add,insert,remove,6,0.9977954626083374,0.9980623722076416,-0.0002669095993041992
2701,py,remove,delete,insert,13,0.9846557974815369,0.9801833629608154,0.0044724345207214355
2760,py,add,insert,remove,10,0.9815335273742676,0.982375979423523,-0.0008424520492553711
2820,py,allow,permit,forbid,10,0.9512518048286438,0.9582276344299316,-0.006975829601287842
2832,py,adds,inserts,removes,18,0.9912895560264587,0.9822860360145569,0.009003520011901855
2832,py,allow,permit,forbid,18,0.9967677593231201,0.9876900911331177,0.009077668190002441
2997,py,add,insert,remove,8,0.980826735496521,0.9813628792762756,-0.0005361437797546387
3086,py,add,insert,remove,10,0.9931845664978027,0.9941278696060181,-0.000943303108215332
3132,py,add,insert,remove,16,0.9921834468841553,0.9927001595497131,-0.0005167126655578613
3206,py,added,inserted,removed,11,0.9853025674819946,0.9808793067932129,0.004423260688781738
3206,py,removed,deleted,inserted,11,0.9998145699501038,0.9996813535690308,0.00013321638107299805
3257,py,added,inserted,removed,12,0.9854597449302673,0.9981558322906494,-0.01269608736038208
3422,py,added,inserted,removed,12,0.9704478979110718,0.977372944355011,-0.006925046443939209
3699,py,adding,inserting,removing,13,0.9876130223274231,0.9880162477493286,-0.0004032254219055176
4111,py,add,insert,remove,8,0.9958943724632263,0.9957647919654846,0.00012958049774169922
4193,py,adding,inserting,removing,6,0.977285623550415,0.9596204161643982,0.017665207386016846
4378,py,add,insert,remove,12,0.9878430366516113,0.9875184893608093,0.00032454729080200195
4378,py,enable,permit,disable,12,0.9854270219802856,0.992606520652771,-0.0071794986724853516
4605,py,creating,building,destroying,9,0.9890716075897217,0.9824407696723938,0.006630837917327881
4793,py,add,insert,remove,10,0.9747177362442017,0.9853494167327881,-0.010631680488586426
4923,py,added,inserted,removed,12,0.9672666788101196,0.9692068696022034,-0.0019401907920837402
4960,py,add,insert,remove,8,0.9919105768203735,0.9935309290885925,-0.0016203522682189941
5336,py,add,insert,remove,13,0.9949536919593811,0.9942607283592224,0.0006929636001586914
5338,py,added,inserted,removed,10,0.9851434826850891,0.9915273785591125,-0.0063838958740234375
5509,py,open,unlock,close,13,0.9871284365653992,0.9839670658111572,0.0031613707542419434
5510,py,show,display,hide,11,0.9857662320137024,0.986886739730835,-0.0011205077171325684
5668,py,disabled,blocked,enabled,10,0.9903045892715454,0.9914899468421936,-0.0011853575706481934
5913,py,add,insert,remove,17,0.9930616617202759,0.9929617643356323,9.989738464355469e-05
6191,py,add,insert,remove,9,0.9866739511489868,0.9879250526428223,-0.0012511014938354492
6194,py,added,inserted,removed,24,0.9881328344345093,0.9895244836807251,-0.0013916492462158203
6194,py,removed,deleted,inserted,24,0.9967249035835266,0.9920369386672974,0.004687964916229248
6240,py,add,insert,remove,15,0.992820143699646,0.9925658702850342,0.0002542734146118164
6240,py,remove,delete,insert,15,0.9952636957168579,0.9913318157196045,0.003931879997253418
6302,py,increase,raise,decrease,10,0.9989389181137085,0.9779766798019409,0.020962238311767578
6533,py,add,insert,remove,12,0.9938598275184631,0.9945532083511353,-0.0006933808326721191
6533,py,created,built,destroyed,12,0.9883230328559875,0.9085303544998169,0.07979267835617065
6646,py,add,insert,remove,11,0.9989193081855774,0.9982796311378479,0.0006396770477294922
6692,py,added,inserted,removed,9,0.9718245267868042,0.9979510307312012,-0.026126503944396973
6711,py,added,inserted,removed,21,0.9853044748306274,0.987647533416748,-0.0023430585861206055
7349,py,allowing,permitting,forbidding,13,0.9972754120826721,0.9748084545135498,0.022466957569122314
7573,py,start,begin,stop,12,0.9999228715896606,0.9997714757919312,0.0001513957977294922
7684,py,add,insert,remove,16,0.9908411502838135,0.9893323183059692,0.0015088319778442383
8029,py,add,insert,remove,17,0.9996788501739502,0.9996988773345947,-2.002716064453125e-05
8029,py,create,build,destroy,17,0.9922980666160583,0.99321448802948,-0.0009164214134216309
8465,py,added,inserted,removed,8,0.9892085194587708,0.9894115924835205,-0.00020307302474975586
8745,py,add,insert,remove,6,0.9929000735282898,0.9945704340934753,-0.0016703605651855469
8874,py,added,inserted,removed,12,0.9863249063491821,0.9869601130485535,-0.0006352066993713379
9073,py,add,insert,remove,11,0.9950971603393555,0.995722770690918,-0.0006256103515625
9181,py,enabling,permitting,disabling,14,0.9840081334114075,0.9853358268737793,-0.0013276934623718262
9194,py,allow,permit,forbid,13,0.9679591059684753,0.9694452285766602,-0.0014861226081848145
9297,py,add,insert,remove,9,0.9895439147949219,0.9800065755844116,0.009537339210510254
9297,py,remove,delete,insert,9,0.9931711554527283,0.987281084060669,0.005890071392059326
9401,py,adds,inserts,removes,9,0.9814361333847046,0.9836585521697998,-0.002222418785095215
9655,py,add,insert,remove,15,0.9845046997070312,0.9902718663215637,-0.005767166614532471
10135,py,add,insert,remove,9,0.9863817691802979,0.9857388734817505,0.0006428956985473633
10392,py,add,insert,remove,5,0.9987238645553589,0.9987760186195374,-5.21540641784668e-05
10450,py,add,insert,remove,11,0.9830750226974487,0.9827868938446045,0.0002881288528442383
10490,py,add,insert,remove,9,0.9960694313049316,0.9962996244430542,-0.0002301931381225586
10737,py,disable,block,enable,14,0.9932921528816223,0.9952204823493958,-0.0019283294677734375
10825,py,added,inserted,removed,8,0.978407084941864,0.9783007502555847,0.00010633468627929688
11069,py,added,inserted,removed,9,0.9969308376312256,0.9980019927024841,-0.001071155071258545
11615,py,add,insert,remove,16,0.9919012784957886,0.9924139976501465,-0.0005127191543579102
11781,py,added,inserted,removed,25,0.9868252277374268,0.9862402081489563,0.000585019588470459
12098,py,add,insert,remove,10,0.9995332956314087,0.9996187090873718,-8.541345596313477e-05
12145,py,added,inserted,removed,8,0.9994397163391113,0.9993786811828613,6.103515625e-05
12878,py,disable,block,enable,7,0.9977850914001465,0.9988676309585571,-0.0010825395584106445
13127,py,allow,permit,forbid,11,0.9995706677436829,0.9995388984680176,3.17692756652832e-05
13368,py,allow,permit,forbid,11,0.9919909834861755,0.9875920414924622,0.004398941993713379
13578,py,allow,permit,forbid,14,0.9759929776191711,0.9797902703285217,-0.003797292709350586
14280,py,add,insert,remove,13,0.9885435700416565,0.9883683919906616,0.00017517805099487305
14316,py,added,inserted,removed,21,0.9865485429763794,0.984133780002594,0.0024147629737854004
14322,py,remove,delete,insert,12,0.9952771663665771,0.9878964424133301,0.00738072395324707
14336,py,adding,inserting,removing,8,0.9935142993927002,0.9888293743133545,0.004684925079345703
14444,py,adding,inserting,removing,13,0.9803798794746399,0.9660722613334656,0.014307618141174316
14444,py,increasing,raising,decreasing,13,0.9667443633079529,0.9755711555480957,-0.008826792240142822
14610,py,add,insert,remove,9,0.9978838562965393,0.9973480105400085,0.0005358457565307617
14660,py,allow,permit,forbid,13,0.9785619378089905,0.9840440154075623,-0.005482077598571777
15176,py,added,inserted,removed,9,0.981674313545227,0.9923124313354492,-0.010638117790222168
15206,py,enable,permit,disable,20,0.9831976890563965,0.999737024307251,-0.016539335250854492
16386,py,add,insert,remove,10,0.9843643307685852,0.9846551418304443,-0.00029081106185913086
17624,py,add,insert,remove,10,0.9832051992416382,0.9832532405853271,-4.8041343688964844e-05
18020,py,removed,deleted,inserted,15,0.9998124837875366,0.9992959499359131,0.0005165338516235352
18025,py,add,insert,remove,7,0.9934225082397461,0.9932326078414917,0.00018990039825439453
18068,py,added,inserted,removed,13,0.9893929958343506,0.9936281442642212,-0.0042351484298706055
18087,py,enable,permit,disable,13,0.9760854840278625,0.9995048642158508,-0.02341938018798828
18706,py,added,inserted,removed,11,0.9785355925559998,0.981315553188324,-0.0027799606323242188
19003,py,add,insert,remove,8,0.9859892129898071,0.9862143397331238,-0.0002251267433166504
19394,py,added,inserted,removed,20,0.9949675798416138,0.9941413998603821,0.0008261799812316895
19650,py,add,insert,remove,13,0.9978266954421997,0.9987590312957764,-0.0009323358535766602
20170,py,adds,inserts,removes,9,0.974048912525177,0.9642263054847717,0.009822607040405273
20205,py,add,insert,remove,11,0.9852224588394165,0.9824562072753906,0.002766251564025879
21128,py,remove,delete,insert,12,0.9993306398391724,0.9980594515800476,0.0012711882591247559
21259,py,added,inserted,removed,8,0.9778969287872314,0.9883148670196533,-0.010417938232421875
21363,py,allow,permit,forbid,18,0.9973244667053223,0.9860018491744995,0.011322617530822754
21490,py,allow,permit,forbid,11,0.9711822271347046,0.9775914549827576,-0.0064092278480529785
22281,py,show,display,hide,6,0.9990612268447876,0.9993003606796265,-0.0002391338348388672
22425,py,add,insert,remove,13,0.9995683431625366,0.9994574189186096,0.00011092424392700195
22454,py,enabled,permitted,disabled,11,0.9931044578552246,0.9932019114494324,-9.745359420776367e-05
22680,py,add,insert,remove,10,0.9913381338119507,0.9908909797668457,0.00044715404510498047
22823,py,add,insert,remove,12,0.9921245574951172,0.9936103820800781,-0.0014858245849609375
23059,py,added,inserted,removed,10,0.9925152659416199,0.988382875919342,0.004132390022277832
23349,py,allow,permit,forbid,12,0.9883722066879272,0.9792013168334961,0.009170889854431152
23451,py,add,insert,remove,10,0.9698355197906494,0.9709891676902771,-0.0011536478996276855
23762,py,create,build,destroy,11,0.999597430229187,0.999374508857727,0.00022292137145996094
24501,py,add,insert,remove,8,0.9989147186279297,0.9992678761482239,-0.00035315752029418945
25384,py,add,insert,remove,16,0.9952561855316162,0.9957890510559082,-0.0005328655242919922
25439,py,add,insert,remove,11,0.9990376234054565,0.9987607002258301,0.00027692317962646484
25465,py,add,insert,remove,7,0.9809561371803284,0.9812871217727661,-0.00033098459243774414
25648,py,add,insert,remove,12,0.9931554198265076,0.9922471046447754,0.0009083151817321777
25885,py,adding,inserting,removing,10,0.9879778623580933,0.9704599380493164,0.017517924308776855
25950,py,allow,permit,forbid,9,0.9734296798706055,0.9644169807434082,0.009012699127197266
26147,py,accept,take,reject,14,0.9978102445602417,0.9915387630462646,0.006271481513977051
26701,py,include,contain,exclude,12,0.9862282276153564,0.9892514944076538,-0.0030232667922973633
28286,py,added,inserted,removed,15,0.9827673435211182,0.9968845844268799,-0.014117240905761719
28632,py,create,build,destroy,11,0.9995891451835632,0.9985390901565552,0.0010500550270080566
29013,py,add,insert,remove,7,0.9991810321807861,0.9991787672042847,2.2649765014648438e-06
29064,py,add,insert,remove,19,0.9883495569229126,0.9879659414291382,0.00038361549377441406
29064,py,remove,delete,insert,19,0.9954885244369507,0.9909368753433228,0.00455164909362793
29548,py,adding,inserting,removing,11,0.9679479598999023,0.9562843441963196,0.011663615703582764
30237,py,added,inserted,removed,7,0.9704769849777222,0.9847923517227173,-0.014315366744995117
30279,py,add,insert,remove,9,0.9760165214538574,0.9697545170783997,0.006262004375457764
30584,py,add,insert,remove,9,0.9975525736808777,0.9971669316291809,0.00038564205169677734
30601,py,added,inserted,removed,19,0.9797763824462891,0.9814199209213257,-0.001643538475036621
30770,py,include,contain,exclude,6,0.9848270416259766,0.9735323190689087,0.011294722557067871
30793,py,add,insert,remove,14,0.9924712181091309,0.9926005601882935,-0.00012934207916259766
30819,py,add,insert,remove,10,0.981200635433197,0.9853956699371338,-0.004195034503936768
31106,py,add,insert,remove,12,0.9928990602493286,0.9935141801834106,-0.0006151199340820312
31208,py,adding,inserting,removing,21,0.9889492988586426,0.9875417351722717,0.0014075636863708496
31285,py,add,insert,remove,8,0.9873213768005371,0.9875741600990295,-0.00025278329849243164
31471,py,add,insert,remove,16,0.9992468357086182,0.9994924664497375,-0.00024563074111938477
31471,py,create,build,destroy,16,0.99451744556427,0.9886585474014282,0.005858898162841797
31683,py,include,contain,exclude,14,0.9940198659896851,0.9908862709999084,0.0031335949897766113
31864,py,added,inserted,removed,17,0.9973479509353638,0.9970186352729797,0.0003293156623840332
32029,py,allows,permits,forbids,11,0.9992053508758545,0.9995008707046509,-0.0002955198287963867
32266,py,add,insert,remove,14,0.9724778532981873,0.9819479584693909,-0.009470105171203613
32286,py,added,inserted,removed,9,0.9712677001953125,0.990889310836792,-0.019621610641479492
32473,py,create,build,destroy,11,0.9945517778396606,0.9828033447265625,0.011748433113098145
32885,py,removed,deleted,inserted,15,0.9956693649291992,0.9859216809272766,0.009747684001922607
33063,py,adds,inserts,removes,14,0.9845389127731323,0.9837747812271118,0.0007641315460205078
33063,py,allows,permits,forbids,14,0.9539644122123718,0.9597142934799194,-0.005749881267547607
33198,py,add,insert,remove,8,0.9997695684432983,0.9994391202926636,0.0003304481506347656
33295,py,added,inserted,removed,6,0.9798504114151001,0.9987096786499023,-0.018859267234802246
33505,py,show,display,hide,10,0.9919570088386536,0.9792233109474182,0.012733697891235352
33767,py,add,insert,remove,11,0.9864472150802612,0.9869009256362915,-0.00045371055603027344
34078,py,added,inserted,removed,12,0.9964515566825867,0.9978817701339722,-0.001430213451385498
35220,py,allow,permit,forbid,12,0.9852746725082397,0.9897429347038269,-0.004468262195587158
35366,py,create,build,destroy,10,0.9938839673995972,0.9850281476974487,0.008855819702148438
35535,py,add,insert,remove,9,0.9978199601173401,0.9972522258758545,0.0005677342414855957
35833,py,removing,deleting,inserting,11,0.994735062122345,0.9894260168075562,0.005309045314788818
36148,py,remove,delete,insert,11,0.9948785901069641,0.9881033897399902,0.006775200366973877
36432,py,added,inserted,removed,8,0.9731069803237915,0.982642412185669,-0.009535431861877441
36700,py,add,insert,remove,12,0.9877442121505737,0.9836260080337524,0.004118204116821289
37691,py,allow,permit,forbid,7,0.9661203622817993,0.9671434760093689,-0.00102311372756958
37710,py,enable,permit,disable,11,0.972850501537323,0.9997601509094238,-0.02690964937210083
37761,py,allow,permit,forbid,9,0.9770559668540955,0.9486759901046753,0.028379976749420166
37830,py,enable,permit,disable,6,0.9194459319114685,0.9984679818153381,-0.07902204990386963
38128,py,add,insert,remove,7,0.9864926934242249,0.9857973456382751,0.000695347785949707
38403,py,add,insert,remove,27,0.9785051941871643,0.9784765243530273,2.866983413696289e-05
38636,py,remove,delete,insert,24,0.9950202107429504,0.9895057082176208,0.00551450252532959
38794,py,add,insert,remove,10,0.9937655329704285,0.9941637516021729,-0.00039821863174438477
39276,py,add,insert,remove,9,0.9990063309669495,0.9987826943397522,0.00022363662719726562
39358,py,added,inserted,removed,13,0.9742857813835144,0.9831517338752747,-0.008865952491760254
39358,py,removed,deleted,inserted,13,0.9634933471679688,0.9737746119499207,-0.010281264781951904
39667,py,add,insert,remove,9,0.9979302287101746,0.9983091950416565,-0.0003789663314819336
39765,py,add,insert,remove,10,0.9879257678985596,0.9893267154693604,-0.0014009475708007812
39949,py,add,insert,remove,9,0.9829474091529846,0.9798144102096558,0.0031329989433288574
40038,py,allow,permit,forbid,11,0.9805201888084412,0.9865177869796753,-0.005997598171234131
40202,py,add,insert,remove,13,0.9943187832832336,0.9941226243972778,0.00019615888595581055
40516,py,allow,permit,forbid,10,0.9687886834144592,0.9549656510353088,0.01382303237915039
40621,py,add,insert,remove,6,0.9987513422966003,0.9969338178634644,0.0018175244331359863
40631,py,allow,permit,forbid,14,0.9969558119773865,0.9879547953605652,0.009001016616821289
40928,py,added,inserted,removed,15,0.9836823344230652,0.9921346306800842,-0.008452296257019043
40941,py,add,insert,remove,11,0.9991300106048584,0.9988101720809937,0.0003198385238647461
40994,py,added,inserted,removed,10,0.9864651560783386,0.9914884567260742,-0.005023300647735596
41186,py,add,insert,remove,24,0.9939761161804199,0.9930030703544617,0.000973045825958252
41194,py,remove,delete,insert,8,0.9956994652748108,0.99057936668396,0.00512009859085083
41269,py,add,insert,remove,11,0.9965307712554932,0.9963871836662292,0.00014358758926391602
41921,py,added,inserted,removed,14,0.9869454503059387,0.9938615560531616,-0.0069161057472229
41952,py,added,inserted,removed,7,0.9715082049369812,0.977192759513855,-0.005684554576873779
42064,py,start,begin,stop,20,0.9821357131004333,0.9873393774032593,-0.005203664302825928
42453,py,added,inserted,removed,8,0.979912519454956,0.9984415769577026,-0.018529057502746582
42478,py,add,insert,remove,8,0.9956664443016052,0.9961515665054321,-0.0004851222038269043
42703,py,add,insert,remove,14,0.9943960905075073,0.9932196140289307,0.0011764764785766602
42759,py,add,insert,remove,12,0.9905580282211304,0.9915916919708252,-0.0010336637496948242
42815,py,added,inserted,removed,11,0.9888723492622375,0.9901321530342102,-0.0012598037719726562
43462,py,add,insert,remove,11,0.9937460422515869,0.9937984347343445,-5.239248275756836e-05
43705,py,starts,begins,stops,9,0.9950207471847534,0.9880989789962769,0.0069217681884765625
43853,py,add,insert,remove,7,0.9985454082489014,0.9990222454071045,-0.000476837158203125
44428,py,add,insert,remove,12,0.9939546585083008,0.9901703596115112,0.0037842988967895508
38,rust,add,insert,remove,9,0.9992793798446655,0.9995265007019043,-0.00024712085723876953
46,rust,remove,delete,insert,5,0.9991022348403931,0.9988874793052673,0.00021475553512573242
63,rust,adds,inserts,removes,23,0.9900468587875366,0.9893139004707336,0.0007329583168029785
105,rust,add,insert,remove,7,0.997161865234375,0.9976213574409485,-0.00045949220657348633
130,rust,add,insert,remove,11,0.9899658560752869,0.9889676570892334,0.0009981989860534668
147,rust,add,insert,remove,7,0.988753080368042,0.9885745048522949,0.0001785755157470703
148,rust,remove,delete,insert,8,0.9994586706161499,0.9989943504333496,0.00046432018280029297
164,rust,add,insert,remove,8,0.9872061610221863,0.9914670586585999,-0.004260897636413574
170,rust,add,insert,remove,11,0.9830694794654846,0.9828565120697021,0.0002129673957824707
279,rust,add,insert,remove,27,0.9953541159629822,0.9951772689819336,0.00017684698104858398
289,rust,allow,permit,forbid,15,0.9762144088745117,0.9862704277038574,-0.010056018829345703
309,rust,add,insert,remove,14,0.9934087991714478,0.9927639365196228,0.0006448626518249512
417,rust,add,insert,remove,6,0.9970617294311523,0.9980190992355347,-0.0009573698043823242
494,rust,include,contain,exclude,10,0.9903098344802856,0.9883121252059937,0.001997709274291992
564,rust,add,insert,remove,7,0.9870317578315735,0.9963653087615967,-0.009333550930023193
564,rust,created,built,destroyed,7,0.9715625643730164,0.9717247486114502,-0.0001621842384338379
601,rust,add,insert,remove,7,0.9977373480796814,0.9975683689117432,0.00016897916793823242
601,rust,create,build,destroy,7,0.9882634282112122,0.9806352853775024,0.007628142833709717
629,rust,add,insert,remove,6,0.9814056158065796,0.9811128377914429,0.00029277801513671875
681,rust,allow,permit,forbid,7,0.9925190806388855,0.9694923758506775,0.023026704788208008
752,rust,remove,delete,insert,9,0.9951263070106506,0.9877621531486511,0.007364153861999512
781,rust,add,insert,remove,10,0.9800362586975098,0.9801487922668457,-0.0001125335693359375
853,rust,add,insert,remove,11,0.9959697723388672,0.9971606731414795,-0.0011909008026123047
853,rust,allow,permit,forbid,11,0.9580231308937073,0.9597781896591187,-0.001755058765411377
921,rust,added,inserted,removed,8,0.9795763492584229,0.9850510358810425,-0.005474686622619629
928,rust,creating,building,destroying,8,0.9906159043312073,0.9871809482574463,0.0034349560737609863
944,rust,disable,block,enable,16,0.9996733665466309,0.9998956918716431,-0.00022232532501220703
1101,rust,added,inserted,removed,9,0.9823371767997742,0.9806853532791138,0.0016518235206604004
1129,rust,add,insert,remove,8,0.999657154083252,0.9998074173927307,-0.00015026330947875977
1173,rust,remove,delete,insert,9,0.9996676445007324,0.9996689558029175,-1.3113021850585938e-06
1207,rust,add,insert,remove,5,0.9994485974311829,0.9995238184928894,-7.522106170654297e-05
1210,rust,add,insert,remove,9,0.9990754127502441,0.9991440773010254,-6.866455078125e-05
1236,rust,add,insert,remove,9,0.9917393326759338,0.9873887300491333,0.004350602626800537
1262,rust,enable,permit,disable,8,0.9780427813529968,0.999577522277832,-0.021534740924835205
1275,rust,add,insert,remove,11,0.9849801063537598,0.9855126142501831,-0.0005325078964233398
1310,rust,remove,delete,insert,7,0.9992091059684753,0.9995975494384766,-0.0003884434700012207
1321,rust,add,insert,remove,8,0.9646912217140198,0.9640349745750427,0.0006562471389770508
1388,rust,add,insert,remove,13,0.9774422645568848,0.9794923067092896,-0.002050042152404785
1449,rust,include,contain,exclude,11,0.9803550839424133,0.9698169231414795,0.010538160800933838
1461,rust,added,inserted,removed,11,0.9781068563461304,0.9860039353370667,-0.00789707899093628
1754,rust,create,build,destroy,13,0.9957128167152405,0.9906532764434814,0.005059540271759033
1783,rust,add,insert,remove,11,0.9992765784263611,0.9994322657585144,-0.0001556873321533203
1809,rust,create,build,destroy,7,0.9988539218902588,0.9981207251548767,0.0007331967353820801
1821,rust,add,insert,remove,7,0.9963603019714355,0.9981493949890137,-0.001789093017578125
1834,rust,add,insert,remove,8,0.9988721609115601,0.9986135959625244,0.00025856494903564453
1919,rust,accept,take,reject,8,0.9898369312286377,0.9882941246032715,0.001542806625366211
2001,rust,starting,beginning,stopping,9,0.989667534828186,0.983913004398346,0.005754530429840088
2044,rust,started,began,stopped,7,0.975781261920929,0.9762915372848511,-0.0005102753639221191
2090,rust,add,insert,remove,8,0.999558687210083,0.9997224807739258,-0.00016379356384277344
2166,rust,create,build,destroy,11,0.9904433488845825,0.9861375093460083,0.004305839538574219
2178,rust,include,contain,exclude,5,0.9590097665786743,0.9504382610321045,0.008571505546569824
2212,rust,create,build,destroy,8,0.99953693151474,0.9995594024658203,-2.2470951080322266e-05
2241,rust,add,insert,remove,8,0.9963010549545288,0.9964089393615723,-0.00010788440704345703
2241,rust,added,inserted,removed,8,0.9859509468078613,0.9755511283874512,0.010399818420410156
2256,rust,create,build,destroy,7,0.9996232986450195,0.9995381236076355,8.51750373840332e-05
2264,rust,add,insert,remove,6,0.9942444562911987,0.9948074221611023,-0.0005629658699035645
2291,rust,allow,permit,forbid,6,0.931806743144989,0.9025421738624573,0.02926456928253174
2310,rust,create,build,destroy,8,0.9995524883270264,0.9993287324905396,0.0002237558364868164
2333,rust,increase,raise,decrease,11,0.9968225955963135,0.9785203337669373,0.01830226182937622
2376,rust,increase,raise,decrease,5,0.9993128776550293,0.9754920601844788,0.023820817470550537
2524,rust,allow,permit,forbid,9,0.9853867292404175,0.9917073249816895,-0.006320595741271973
2734,rust,add,insert,remove,7,0.987298846244812,0.9926023483276367,-0.005303502082824707
2791,rust,remove,delete,insert,7,0.9997174739837646,0.9987485408782959,0.00096893310546875
2795,rust,add,insert,remove,6,0.9979764819145203,0.9979256391525269,5.08427619934082e-05
2894,rust,creating,building,destroying,8,0.9909207224845886,0.9802099466323853,0.01071077585220337
2951,rust,remove,delete,insert,6,0.9997498989105225,0.9993813633918762,0.00036853551864624023
2988,rust,create,build,destroy,9,0.9949729442596436,0.9884734153747559,0.006499528884887695
2997,rust,disabled,blocked,enabled,9,0.9805839657783508,0.9820520877838135,-0.0014681220054626465
3048,rust,add,insert,remove,7,0.9887979030609131,0.989500105381012,-0.000702202320098877
3048,rust,remove,delete,insert,7,0.9817736148834229,0.976279079914093,0.005494534969329834
3060,rust,allow,permit,forbid,5,0.9635770320892334,0.9792709350585938,-0.01569390296936035
3100,rust,disable,block,enable,7,0.996146023273468,0.9973313808441162,-0.0011853575706481934
3182,rust,allow,permit,forbid,6,0.9656880497932434,0.9651605486869812,0.000527501106262207
3203,rust,enabled,permitted,disabled,11,0.9869977235794067,0.993537425994873,-0.006539702415466309
3273,rust,allow,permit,forbid,8,0.9754018187522888,0.9806800484657288,-0.005278229713439941
3322,rust,remove,delete,insert,17,0.9996504783630371,0.9996174573898315,3.3020973205566406e-05
3390,rust,remove,delete,insert,25,0.9986751079559326,0.9970453977584839,0.0016297101974487305
3467,rust,enable,permit,disable,13,0.9855129718780518,0.999840259552002,-0.014327287673950195
3512,rust,creating,building,destroying,10,0.9928909540176392,0.9820020794868469,0.010888874530792236
3605,rust,add,insert,remove,6,0.9984685182571411,0.9981867074966431,0.0002818107604980469
3673,rust,start,begin,stop,14,0.9978017807006836,0.9867366552352905,0.011065125465393066
3763,rust,add,insert,remove,27,0.9931066632270813,0.993636965751648,-0.0005303025245666504
3813,rust,add,insert,remove,8,0.9793980121612549,0.9824700951576233,-0.003072082996368408
3822,rust,create,build,destroy,15,0.9955054521560669,0.9915297627449036,0.00397568941116333
3850,rust,add,insert,remove,8,0.9890655279159546,0.9876843094825745,0.001381218433380127
3874,rust,add,insert,remove,8,0.9742004871368408,0.9789546728134155,-0.004754185676574707
3950,rust,add,insert,remove,6,0.9822125434875488,0.9786525964736938,0.0035599470138549805
3997,rust,adds,inserts,removes,47,0.9960540533065796,0.994694173336029,0.0013598799705505371
4000,rust,add,insert,remove,9,0.9795067310333252,0.9864327311515808,-0.006926000118255615
4000,rust,creating,building,destroying,9,0.990442156791687,0.9818506836891174,0.00859147310256958
4028,rust,add,insert,remove,10,0.9830063581466675,0.9867812991142273,-0.0037749409675598145
4209,rust,create,build,destroy,11,0.9935778379440308,0.9865452647209167,0.007032573223114014
4376,rust,add,insert,remove,18,0.9996321201324463,0.9997686147689819,-0.00013649463653564453
4376,rust,adding,inserting,removing,18,0.9875661730766296,0.9888610243797302,-0.001294851303100586
4376,rust,removing,deleting,inserting,18,0.9964783191680908,0.9927877187728882,0.0036906003952026367
4405,rust,add,insert,remove,16,0.9965755343437195,0.9967235922813416,-0.0001480579376220703
4606,rust,add,insert,remove,10,0.9807039499282837,0.9819930195808411,-0.001289069652557373
4696,rust,add,insert,remove,7,0.9991042017936707,0.9992159605026245,-0.00011175870895385742
4717,rust,show,display,hide,12,0.9971160888671875,0.9833090305328369,0.013807058334350586
4722,rust,add,insert,remove,7,0.9974120855331421,0.9971061944961548,0.0003058910369873047
4727,rust,add,insert,remove,9,0.9843000769615173,0.9814128279685974,0.002887248992919922
4749,rust,add,insert,remove,44,0.9936398267745972,0.993499219417572,0.00014060735702514648
4749,rust,create,build,destroy,44,0.9978069067001343,0.9926410913467407,0.005165815353393555
4758,rust,add,insert,remove,9,0.9981096982955933,0.9982311725616455,-0.0001214742660522461
4773,rust,add,insert,remove,23,0.9922511577606201,0.9934008121490479,-0.0011496543884277344
4774,rust,add,insert,remove,8,0.9977631568908691,0.9974073767662048,0.00035578012466430664
4775,rust,add,insert,remove,9,0.9982872009277344,0.9954804182052612,0.0028067827224731445
4776,rust,add,insert,remove,8,0.9865723848342896,0.9862774610519409,0.0002949237823486328
4783,rust,add,insert,remove,11,0.9890029430389404,0.9888245463371277,0.00017839670181274414
4784,rust,add,insert,remove,9,0.976513147354126,0.9762845039367676,0.00022864341735839844
4795,rust,allow,permit,forbid,9,0.9988409876823425,0.999582052230835,-0.0007410645484924316
4799,rust,add,insert,remove,12,0.9883290529251099,0.987483024597168,0.0008460283279418945
4808,rust,add,insert,remove,14,0.9854034185409546,0.9805372953414917,0.004866123199462891
4811,rust,add,insert,remove,8,0.9975643157958984,0.9963968992233276,0.0011674165725708008
4816,rust,add,insert,remove,6,0.9842740297317505,0.9846296906471252,-0.00035566091537475586
4825,rust,add,insert,remove,6,0.9892681241035461,0.9882152080535889,0.0010529160499572754
4838,rust,allow,permit,forbid,5,0.9996868968009949,0.9985836744308472,0.001103222370147705
4863,rust,allow,permit,forbid,7,0.9990949034690857,0.9991366267204285,-4.172325134277344e-05
4874,rust,add,insert,remove,7,0.9896388053894043,0.9895553588867188,8.344650268554688e-05
4874,rust,create,build,destroy,7,0.988933801651001,0.97136390209198,0.017569899559020996
4882,rust,add,insert,remove,11,0.9881939888000488,0.989410400390625,-0.0012164115905761719
4897,rust,add,insert,remove,5,0.9901850819587708,0.9930073022842407,-0.0028222203254699707
4901,rust,allow,permit,forbid,31,0.9974970817565918,0.9853765964508057,0.012120485305786133
4918,rust,add,insert,remove,6,0.9968302845954895,0.9970205426216125,-0.00019025802612304688
4924,rust,add,insert,remove,13,0.990006685256958,0.9895091652870178,0.0004975199699401855
4933,rust,add,insert,remove,5,0.9963185787200928,0.9973129034042358,-0.0009943246841430664
4937,rust,start,begin,stop,9,0.9730188250541687,0.9807612895965576,-0.007742464542388916
4939,rust,start,begin,stop,10,0.9910088181495667,0.9852185845375061,0.005790233612060547
4939,rust,include,contain,exclude,10,0.9976150989532471,0.9978736042976379,-0.00025850534439086914
4951,rust,add,insert,remove,8,0.9987714290618896,0.998591423034668,0.0001800060272216797
4954,rust,add,insert,remove,10,0.9697068333625793,0.9731863737106323,-0.0034795403480529785
4960,rust,add,insert,remove,8,0.9976339340209961,0.9978252649307251,-0.0001913309097290039
4960,rust,create,build,destroy,8,0.9904617071151733,0.9694798588752747,0.02098184823989868
4981,rust,allow,permit,forbid,9,0.9928399920463562,0.968308687210083,0.024531304836273193
4991,rust,add,insert,remove,23,0.9905309081077576,0.9858114123344421,0.00471949577331543
4991,rust,opens,unlocks,closes,23,0.9951251149177551,0.9920840859413147,0.0030410289764404297
5024,rust,allow,permit,forbid,7,0.9989398717880249,0.9988695383071899,7.033348083496094e-05
5035,rust,add,insert,remove,20,0.9979158639907837,0.9972727298736572,0.0006431341171264648
5051,rust,add,insert,remove,5,0.9990782737731934,0.9982627630233765,0.0008155107498168945
5059,rust,add,insert,remove,8,0.9857645034790039,0.9862426519393921,-0.0004781484603881836
5062,rust,add,insert,remove,5,0.9983828663825989,0.9979962110519409,0.000386655330657959
5076,rust,add,insert,remove,8,0.9883455038070679,0.9865243434906006,0.0018211603164672852
5083,rust,add,insert,remove,7,0.9853665828704834,0.9747045636177063,0.0106620192527771
5084,rust,add,insert,remove,9,0.9812336564064026,0.9822419285774231,-0.0010082721710205078
5093,rust,add,insert,remove,8,0.9980696439743042,0.9987004995346069,-0.0006308555603027344
5102,rust,add,insert,remove,9,0.9955708384513855,0.9918352365493774,0.0037356019020080566
5133,rust,add,insert,remove,9,0.9987368583679199,0.9989171028137207,-0.00018024444580078125
5135,rust,add,insert,remove,10,0.9993022680282593,0.9994217157363892,-0.00011944770812988281
5201,rust,add,insert,remove,11,0.9864531755447388,0.9853848218917847,0.0010683536529541016
5205,rust,add,insert,remove,9,0.9761380553245544,0.9765101075172424,-0.0003720521926879883
5236,rust,add,insert,remove,9,0.9990375638008118,0.9989823698997498,5.519390106201172e-05
5236,rust,enable,permit,disable,9,0.9811322093009949,0.9830188751220703,-0.0018866658210754395
5269,rust,add,insert,remove,18,0.9992494583129883,0.9994747638702393,-0.00022530555725097656
5299,rust,removed,deleted,inserted,10,0.976606011390686,0.9803895354270935,-0.0037835240364074707
5301,rust,add,insert,remove,13,0.9863618612289429,0.9857366681098938,0.0006251931190490723
5303,rust,allow,permit,forbid,11,0.9677798748016357,0.9727019667625427,-0.004922091960906982
5349,rust,add,insert,remove,8,0.9865648746490479,0.9923595190048218,-0.005794644355773926
5354,rust,enable,permit,disable,18,0.992278516292572,0.9939693212509155,-0.0016908049583435059
5367,rust,start,begin,stop,21,0.985726535320282,0.9935852885246277,-0.007858753204345703
5400,rust,add,insert,remove,10,0.9900957942008972,0.9892076849937439,0.0008881092071533203
5423,rust,add,insert,remove,8,0.9855867624282837,0.9868810772895813,-0.0012943148612976074
5424,rust,add,insert,remove,18,0.9997193813323975,0.9995908737182617,0.0001285076141357422
5456,rust,add,insert,remove,7,0.996670126914978,0.9969902038574219,-0.00032007694244384766
5462,rust,allow,permit,forbid,8,0.9899896383285522,0.9701931476593018,0.01979649066925049
5501,rust,add,insert,remove,11,0.9974388480186462,0.9976061582565308,-0.00016731023788452148
5502,rust,add,insert,remove,11,0.9970182180404663,0.9971948862075806,-0.0001766681671142578
5569,rust,remove,delete,insert,10,0.9925994277000427,0.9607715010643005,0.03182792663574219
5593,rust,add,insert,remove,6,0.9948883652687073,0.997639536857605,-0.002751171588897705
5593,rust,accepting,taking,rejecting,6,0.9776120185852051,0.9836373329162598,-0.0060253143310546875
5618,rust,add,insert,remove,9,0.9960343241691589,0.997463583946228,-0.0014292597770690918
5622,rust,add,insert,remove,8,0.9882283210754395,0.988227128982544,1.1920928955078125e-06
5670,rust,accept,take,reject,8,0.9838544130325317,0.9912195801734924,-0.007365167140960693
5704,rust,add,insert,remove,7,0.999176025390625,0.9990062713623047,0.0001697540283203125
5704,rust,starting,beginning,stopping,7,0.9777575731277466,0.9647284746170044,0.013029098510742188
5836,rust,add,insert,remove,6,0.9995235204696655,0.9996138215065002,-9.03010368347168e-05
5836,rust,disable,block,enable,6,0.9557417035102844,0.9815082550048828,-0.02576655149459839
5935,rust,added,inserted,removed,8,0.9732992649078369,0.989485502243042,-0.016186237335205078
5954,rust,increase,raise,decrease,14,0.9971336126327515,0.9941383600234985,0.0029952526092529297
5986,rust,add,insert,remove,16,0.9989962577819824,0.9993389248847961,-0.0003426671028137207
5991,rust,add,insert,remove,27,0.9996704459190369,0.9998239874839783,-0.00015354156494140625
6081,rust,add,insert,remove,18,0.9879177808761597,0.9859511256217957,0.0019666552543640137
6125,rust,hiding,covering,showing,11,0.9797689914703369,0.9761127829551697,0.0036562085151672363
6203,rust,creating,building,destroying,9,0.9912777543067932,0.9890186190605164,0.0022591352462768555
6221,rust,add,insert,remove,14,0.999402642250061,0.9994943141937256,-9.167194366455078e-05
6282,rust,added,inserted,removed,8,0.983281672000885,0.9994411468505859,-0.016159474849700928
6315,rust,add,insert,remove,9,0.9910882711410522,0.9893232583999634,0.0017650127410888672
6342,rust,add,insert,remove,5,0.9977321624755859,0.9989186525344849,-0.0011864900588989258
6359,rust,allow,permit,forbid,14,0.9971616268157959,0.9830254912376404,0.014136135578155518
6380,rust,added,inserted,removed,6,0.9807643294334412,0.9988588094711304,-0.01809448003768921
6402,rust,add,insert,remove,9,0.9986292123794556,0.9987735152244568,-0.0001443028450012207
6427,rust,added,inserted,removed,7,0.9697976112365723,0.9789382219314575,-0.009140610694885254
6569,rust,add,insert,remove,8,0.9886167049407959,0.9882235527038574,0.00039315223693847656
6591,rust,add,insert,remove,25,0.9996270537376404,0.9996585845947266,-3.153085708618164e-05
6591,rust,adding,inserting,removing,25,0.995913565158844,0.9940053224563599,0.0019082427024841309
6595,rust,allow,permit,forbid,20,0.9978302717208862,0.9911068677902222,0.0067234039306640625
6652,rust,added,inserted,removed,42,0.9961499571800232,0.9941958785057068,0.0019540786743164062
6652,rust,remove,delete,insert,42,0.9978775382041931,0.9955008625984192,0.0023766756057739258
6792,rust,add,insert,remove,20,0.9992184638977051,0.9990646839141846,0.0001537799835205078
7588,rust,add,insert,remove,8,0.998688280582428,0.9992160797119141,-0.000527799129486084
7600,rust,add,insert,remove,9,0.9892072677612305,0.986700177192688,0.0025070905685424805
7624,rust,add,insert,remove,6,0.9992358088493347,0.9988793730735779,0.00035643577575683594
7676,rust,add,insert,remove,11,0.9890667796134949,0.9899804592132568,-0.0009136795997619629
7676,rust,disabled,blocked,enabled,11,0.9852023720741272,0.9927159547805786,-0.007513582706451416
7127,rust,add,insert,remove,36,0.9938851594924927,0.9940879344940186,-0.0002027750015258789
7194,rust,add,insert,remove,23,0.9931026697158813,0.9931344985961914,-3.1828880310058594e-05
7215,rust,allowing,permitting,forbidding,15,0.995392382144928,0.98982173204422,0.005570650100708008
7299,rust,add,insert,remove,29,0.9896016120910645,0.9865596890449524,0.0030419230461120605
7331,rust,add,insert,remove,16,0.9993793964385986,0.9993603229522705,1.9073486328125e-05
7387,rust,add,insert,remove,19,0.9995051622390747,0.9994444847106934,6.0677528381347656e-05
7588,rust,add,insert,remove,8,0.998688280582428,0.9992160797119141,-0.000527799129486084
7624,rust,add,insert,remove,6,0.9992358088493347,0.9988793730735779,0.00035643577575683594
7676,rust,add,insert,remove,11,0.9890667796134949,0.9899804592132568,-0.0009136795997619629
7676,rust,disabled,blocked,enabled,11,0.9852023720741272,0.9927159547805786,-0.007513582706451416
7799,rust,allow,permit,forbid,6,0.9638675451278687,0.9683437347412109,-0.004476189613342285
7831,rust,allow,permit,forbid,10,0.9967648386955261,0.9907466173171997,0.006018221378326416
7910,rust,add,insert,remove,7,0.9743949770927429,0.9718593955039978,0.002535581588745117
8031,rust,enable,permit,disable,9,0.9990655183792114,0.9990794062614441,-1.3887882232666016e-05
8043,rust,allow,permit,forbid,7,0.9996487498283386,0.9981649518013,0.0014837980270385742
