diff_id,language,deb_nli_signed_diff→gold,deb_nli_signed_gold→gen_codellama-7b,deb_nli_signed_diff→gen_codellama-7b,deb_nli_signed_gold→gen_qwen2.5-coder-7b,deb_nli_signed_diff→gen_qwen2.5-coder-7b,deb_nli_signed_gold→gen_deepseek-6.7b,deb_nli_signed_diff→gen_deepseek-6.7b
84,cpp,0.9888458251953125,0.01214599609375,0.025850296020507812,0.047119140625,0.9965305328369141,-0.5291748046875,0.9654884338378906
148,cpp,-0.04815673828125,-0.5398635864257812,0.7565994262695312,-0.004360198974609375,0.51531982421875,0.004208564758300781,0.7902412414550781
170,cpp,0.2197265625,0.011566162109375,0.8424301147460938,0.004031181335449219,0.14404296875,-0.00205230712890625,0.5281982421875
227,cpp,-0.982421875,-0.04228973388671875,0.5140571594238281,0.0036840438842773438,0.9982192516326904,0.0017242431640625,-0.0011568069458007812
624,cpp,-0.78125,-0.033203125,0.12158203125,0.06671142578125,-0.00844573974609375,-0.0997314453125,-0.058563232421875
634,cpp,0.80810546875,0.032379150390625,0.7851638793945312,-0.01807403564453125,0.9640922546386719,0.024410247802734375,0.1087646484375
679,cpp,0.9913425445556641,0.378082275390625,0.9969806671142578,0.00846099853515625,0.9834976196289062,-0.106475830078125,0.75067138671875
932,cpp,0.876251220703125,-3.814697265625e-05,0.9600162506103516,-0.0032806396484375,0.011377334594726562,-0.7785415649414062,-0.90155029296875
997,cpp,-0.120849609375,0.00030422210693359375,0.47509765625,0.0006303787231445312,0.9543991088867188,0.0003814697265625,0.4801025390625
1118,cpp,-0.00115203857421875,-0.1667633056640625,0.0133209228515625,0.065338134765625,0.0038919448852539062,-0.58660888671875,0.893890380859375
1359,cpp,0.0029296875,-0.1282196044921875,0.732696533203125,-0.0324859619140625,0.98687744140625,0.004486083984375,0.08451080322265625
1361,cpp,0.0003037452697753906,0.0012989044189453125,0.27911376953125,-3.0517578125e-05,0.9812898635864258,0.002471923828125,0.08562469482421875
1392,cpp,-0.034210205078125,0.05300140380859375,0.0020008087158203125,0.054068565368652344,0.9782905578613281,0.0240478515625,0.003139495849609375
2189,cpp,-0.009521484375,0.025261878967285156,0.13122177124023438,-0.022918701171875,0.7589111328125,0.10565185546875,-0.03521728515625
2297,cpp,0.05780029296875,-0.003231048583984375,0.69189453125,-0.0027923583984375,0.59649658203125,-0.3027801513671875,0.857696533203125
2427,cpp,0.3414306640625,-0.195556640625,0.00016498565673828125,0.42388153076171875,0.9807429313659668,-0.274169921875,0.00038623809814453125
2472,cpp,0.698272705078125,-0.697601318359375,0.0017719268798828125,0.01983642578125,0.9668159484863281,-0.8935394287109375,0.973968505859375
2737,cpp,-0.318634033203125,-0.01812744140625,-0.0650634765625,0.1847996711730957,-0.00494384765625,0.00203704833984375,0.181640625
2909,cpp,0.079559326171875,-0.3188438415527344,0.7816143035888672,0.003409862518310547,0.0075588226318359375,-0.9406900405883789,0.9885177612304688
3002,cpp,0.898834228515625,0.9615516662597656,0.08230972290039062,0.7279510498046875,0.0014734268188476562,0.025506019592285156,0.9940509796142578
3149,cpp,0.9946713447570801,0.006558418273925781,0.9960088729858398,0.2726287841796875,0.997276782989502,-0.04010772705078125,0.9047718048095703
3169,cpp,-0.0782470703125,-0.0036220550537109375,0.03164386749267578,-0.0004024505615234375,0.9971981048583984,0.0036640167236328125,0.9784421920776367
3229,cpp,0.0264434814453125,-0.04132080078125,0.0014386177062988281,-0.12286758422851562,0.9893159866333008,0.009033203125,0.946075439453125
3431,cpp,0.0003509521484375,-0.050872802734375,0.0008172988891601562,-0.0454254150390625,0.004886627197265625,0.00185394287109375,0.440093994140625
3519,cpp,0.9931507110595703,0.01778411865234375,0.0026302337646484375,-0.9968996047973633,0.0033245086669921875,0.031463623046875,0.929962158203125
3745,cpp,-0.61383056640625,0.047210693359375,0.0623931884765625,0.0690460205078125,-0.0145263671875,-0.085845947265625,0.8721771240234375
3892,cpp,0.0389404296875,-0.22451019287109375,0.042236328125,-0.03563690185546875,0.0904541015625,0.02507781982421875,0.7933273315429688
3948,cpp,0.9957623481750488,0.0784912109375,0.9966683387756348,0.004107832908630371,0.9962143898010254,0.002841949462890625,0.0068206787109375
4117,cpp,0.9848289489746094,-0.19757080078125,0.9951820373535156,-0.0057544708251953125,0.9967837333679199,0.60284423828125,0.9851875305175781
4183,cpp,0.020587921142578125,-0.006114959716796875,0.9833087921142578,0.0036334991455078125,0.8948392868041992,-0.49920654296875,-0.00180816650390625
4287,cpp,0.231781005859375,-0.19548797607421875,0.192169189453125,-0.0234527587890625,0.9469547271728516,-0.402984619140625,0.8143234252929688
4475,cpp,0.57867431640625,-0.088623046875,0.784637451171875,2.09808349609375e-05,0.8649444580078125,-0.632476806640625,0.9844818115234375
4496,cpp,0.094482421875,-0.02386474609375,0.1544189453125,-0.00583648681640625,0.647003173828125,-0.019092559814453125,0.41412353515625
4538,cpp,0.23779296875,-0.556396484375,-0.0142059326171875,-0.9900150299072266,0.9833736419677734,-0.014190673828125,-0.06396484375
4759,cpp,0.259033203125,-0.733489990234375,-0.63232421875,0.0011911392211914062,0.02640533447265625,0.003772735595703125,-0.126953125
4859,cpp,-0.9846229553222656,-0.03354644775390625,-0.957305908203125,0.001171112060546875,-0.392578125,0.00165557861328125,-0.9758682250976562
4883,cpp,0.03521728515625,-0.341583251953125,0.00433349609375,-0.0014324188232421875,0.135986328125,-0.767608642578125,-0.22265625
4905,cpp,-0.01654052734375,-0.013671875,0.0015954971313476562,-0.0041656494140625,0.0172119140625,-0.7280731201171875,0.9337692260742188
5010,cpp,0.004055976867675781,0.0492401123046875,0.006152153015136719,0.04375457763671875,0.0020732879638671875,-0.696136474609375,0.7888221740722656
5032,cpp,0.10268783569335938,-0.8119659423828125,0.15045166015625,0.007115364074707031,0.6784286499023438,0.0037565231323242188,0.273162841796875
5150,cpp,-0.2484130859375,-0.1101531982421875,0.0851593017578125,-0.0089111328125,0.1107177734375,0.004276275634765625,0.668609619140625
5271,cpp,-6.318092346191406e-05,-0.0033740997314453125,0.45508289337158203,-0.0016641616821289062,0.01552581787109375,-0.004299163818359375,0.9876060485839844
5391,cpp,-0.1036834716796875,0.030766963958740234,-0.000152587890625,0.04396629333496094,0.0009603500366210938,-0.325592041015625,0.9891071319580078
5400,cpp,0.034984588623046875,-0.003993988037109375,0.8543167114257812,-0.2288055419921875,0.32492828369140625,-0.0953521728515625,0.9783210754394531
5424,cpp,-0.536163330078125,0.012316226959228516,0.090484619140625,0.0016264915466308594,0.6240158081054688,0.023514509201049805,0.6923675537109375
5436,cpp,0.018690109252929688,0.0009670257568359375,0.9840097427368164,0.0003943443298339844,-0.123626708984375,-0.8668251037597656,0.7974367141723633
5697,cpp,0.42087554931640625,4.863739013671875e-05,0.9909582138061523,0.00023651123046875,0.9947032928466797,0.0215606689453125,0.9902057647705078
5898,cpp,0.002567291259765625,-0.4906005859375,0.028186798095703125,-0.017120361328125,0.021862030029296875,0.0032958984375,0.152801513671875
5971,cpp,0.9423408508300781,-0.0032949447631835938,-0.0019769668579101562,0.3649787902832031,0.9914751052856445,0.9768199920654297,0.8797149658203125
6385,cpp,0.5326080322265625,0.044252872467041016,0.043102264404296875,0.016204833984375,0.9543037414550781,0.0074405670166015625,0.0007443428039550781
6547,cpp,-0.01458740234375,0.017608642578125,0.8980941772460938,0.08078765869140625,0.7232780456542969,-0.020751953125,0.917144775390625
6584,cpp,0.9324750900268555,-0.12088394165039062,-0.000301361083984375,0.0008203983306884766,0.9687461853027344,-0.009660720825195312,0.024262428283691406
6610,cpp,-0.0494384765625,-0.00750732421875,0.0041046142578125,0.00048828125,-0.0032825469970703125,-0.0177001953125,0.0916595458984375
6723,cpp,-0.75579833984375,-0.1400604248046875,0.000885009765625,-0.8625869750976562,0.287353515625,-0.2177581787109375,0.059234619140625
6840,cpp,-0.020355224609375,-0.0219879150390625,0.0010190010070800781,-0.0261993408203125,0.17779541015625,0.00067138671875,0.006474494934082031
7422,cpp,0.01216888427734375,-0.00130462646484375,0.0023174285888671875,-0.103240966796875,0.0053501129150390625,0.4409332275390625,0.2453765869140625
7572,cpp,0.9914951324462891,0.00843048095703125,0.06838607788085938,0.007155418395996094,0.9508152008056641,0.0978546142578125,0.9296493530273438
7590,cpp,-0.0004730224609375,-0.7811126708984375,0.9384946823120117,-0.0222930908203125,0.6717758178710938,-0.98828125,0.9885387420654297
7640,cpp,-0.00286102294921875,-0.23117828369140625,0.0037250518798828125,-0.22382736206054688,0.25067138671875,-0.0877532958984375,0.9429168701171875
8146,cpp,-0.0035572052001953125,0.0002903938293457031,0.0006718635559082031,-0.0801849365234375,0.9476747512817383,0.003471851348876953,0.9960460662841797
8290,cpp,-0.2144775390625,-0.663604736328125,0.0904998779296875,-0.9669189453125,0.18556976318359375,-0.171142578125,0.779876708984375
8313,cpp,0.100341796875,0.004787445068359375,0.9373970031738281,0.0025177001953125,0.9976017475128174,0.8252105712890625,0.9513702392578125
8360,cpp,0.9953422546386719,0.0391845703125,0.0020084381103515625,0.2952880859375,0.9771003723144531,0.200927734375,0.0832977294921875
8386,cpp,-0.00417327880859375,0.21187973022460938,0.013295173645019531,0.002841949462890625,0.23011016845703125,0.2351360321044922,0.9774551391601562
8509,cpp,0.003894805908203125,-0.3811492919921875,0.020313262939453125,0.00839996337890625,0.6986083984375,-0.0786895751953125,0.02906036376953125
8543,cpp,0.039886474609375,-0.001499176025390625,0.594818115234375,0.0043828487396240234,0.9951992034912109,0.0067138671875,0.830230712890625
8735,cpp,0.0012340545654296875,0.9963666200637817,0.9752964973449707,-0.0094451904296875,0.9306182861328125,-0.0037994384765625,0.8805656433105469
8875,cpp,-0.00238037109375,0.0072479248046875,0.9805870056152344,0.08447265625,0.9295654296875,0.016717910766601562,0.9743766784667969
8886,cpp,-0.9298324584960938,-0.06201934814453125,0.9900989532470703,0.0112762451171875,0.18527793884277344,-0.0219268798828125,0.888249397277832
8924,cpp,0.9781646728515625,-0.0044708251953125,-0.008819580078125,-0.2674560546875,0.9959449768066406,0.00384521484375,0.0753173828125
8982,cpp,0.513916015625,-0.0339508056640625,0.0520172119140625,0.08569145202636719,0.3560791015625,-0.183837890625,0.70367431640625
9058,cpp,-0.052734375,0.0016021728515625,0.9800529479980469,0.0029144287109375,0.9894752502441406,-0.715423583984375,0.4264678955078125
9122,cpp,0.0009164810180664062,-0.0260467529296875,0.4631309509277344,-0.01544189453125,0.9888668060302734,-0.998255729675293,0.7176856994628906
9196,cpp,0.006671905517578125,0.0056438446044921875,0.008485794067382812,-0.194671630859375,0.9543838500976562,-0.001556396484375,0.0007171630859375
9568,cpp,0.70037841796875,-0.9860835075378418,0.986140251159668,-0.7172737121582031,0.962677001953125,-0.9958534240722656,0.8515777587890625
9827,cpp,0.9889364242553711,-0.0281219482421875,0.9533843994140625,0.004323720932006836,0.9809303283691406,0.03369140625,0.0029296875
9868,cpp,0.8117637634277344,-0.8642597198486328,0.2852783203125,-0.009021759033203125,0.9928836822509766,-0.8177261352539062,0.9907255172729492
9873,cpp,-0.832794189453125,-0.06231689453125,0.657318115234375,-0.01128387451171875,0.9737586975097656,-0.9447402954101562,-0.0362548828125
9934,cpp,0.00067138671875,0.0012645721435546875,0.001697540283203125,0.005570411682128906,0.0034313201904296875,-0.00867462158203125,-0.314910888671875
9952,cpp,0.777923583984375,0.008062362670898438,0.9897384643554688,0.05648040771484375,0.011518478393554688,0.00276947021484375,0.007151603698730469
10103,cpp,-0.086181640625,0.0385589599609375,0.9932036399841309,0.02812957763671875,0.05463409423828125,0.05325126647949219,0.002750396728515625
10309,cpp,-0.2056121826171875,0.002872467041015625,0.9774723052978516,0.007495880126953125,0.012228012084960938,0.5632781982421875,0.36144256591796875
10454,cpp,0.9715232849121094,0.00131988525390625,0.01403951644897461,0.001659393310546875,0.9940357208251953,0.011338233947753906,0.02276611328125
10504,cpp,0.093536376953125,-0.024566650390625,0.055194854736328125,-0.6883544921875,0.9872989654541016,-0.097564697265625,0.67041015625
10728,cpp,0.9778995513916016,0.007205963134765625,0.9683399200439453,-0.3556976318359375,0.9637374877929688,-0.8280029296875,0.9427223205566406
10742,cpp,0.9901180267333984,0.087799072265625,0.667694091796875,0.012554168701171875,0.01898193359375,0.8587799072265625,-0.1719970703125
10964,cpp,0.1158447265625,-0.16822433471679688,-0.098876953125,0.0242767333984375,0.202392578125,0.4682159423828125,0.072509765625
11034,cpp,0.9861650466918945,0.7664337158203125,0.2563629150390625,0.17649364471435547,0.9816007614135742,-0.000827789306640625,0.9977726936340332
11091,cpp,0.0013723373413085938,0.07476043701171875,0.8717880249023438,-0.1087493896484375,0.9923763275146484,-0.1458740234375,0.9388351440429688
11139,cpp,0.03778076171875,-0.0271148681640625,0.0001361370086669922,0.013145923614501953,0.9848728179931641,0.005356788635253906,0.9913330078125
11174,cpp,0.52825927734375,-0.13665771484375,0.07251358032226562,-0.09056854248046875,0.9930973052978516,0.006256103515625,0.9894137382507324
11263,cpp,0.0413818359375,0.527252197265625,-0.00616455078125,0.029836654663085938,0.857879638671875,0.9468345642089844,0.04931640625
11358,cpp,0.0302276611328125,0.9721698760986328,0.9708061218261719,0.015920639038085938,0.00507354736328125,-0.104461669921875,0.81414794921875
11378,cpp,0.30063629150390625,-5.245208740234375e-05,-0.9396133422851562,-0.00032711029052734375,0.0048465728759765625,0.001209259033203125,0.9783868789672852
11466,cpp,0.2091217041015625,0.03588104248046875,0.2978668212890625,0.05877566337585449,0.12805557250976562,0.9098224639892578,0.4649810791015625
11564,cpp,0.04028892517089844,-0.0681610107421875,0.02237701416015625,-0.01689910888671875,0.9597797393798828,0.0003681182861328125,0.9844589233398438
11954,cpp,0.701934814453125,-0.000431060791015625,0.000537872314453125,0.008754730224609375,0.9391651153564453,-0.046417236328125,0.00119781494140625
12096,cpp,-0.011688232421875,-0.0572662353515625,0.8246631622314453,-0.00325775146484375,-0.02292633056640625,-0.9970130920410156,0.9780788421630859
12187,cpp,0.571044921875,0.024974822998046875,0.9915752410888672,0.019870758056640625,0.9166908264160156,-0.017181396484375,0.9876480102539062
12213,cpp,0.1623687744140625,-0.001384735107421875,-0.9539413452148438,-8.058547973632812e-05,0.02281951904296875,-0.0011348724365234375,-0.55145263671875
12345,cpp,0.018157958984375,-0.2502288818359375,-0.064239501953125,0.019134521484375,0.9743232727050781,-0.04931640625,0.9753341674804688
12371,cpp,0.00887298583984375,-0.007937431335449219,0.01316070556640625,0.0025157928466796875,0.4080467224121094,-0.000152587890625,0.0050811767578125
12398,cpp,0.9863882064819336,0.00020360946655273438,0.9958548545837402,-5.91278076171875e-05,0.30077362060546875,-0.004130363464355469,0.06645774841308594
12419,cpp,-0.970428466796875,-0.960972785949707,0.9798431396484375,0.00315093994140625,0.00726318359375,-0.9577293395996094,0.9673881530761719
12518,cpp,-0.3353385925292969,-0.05610179901123047,0.9958982467651367,0.0003873109817504883,-0.9816684722900391,-0.10709381103515625,0.7353096008300781
12541,cpp,0.2542724609375,-0.005481719970703125,0.8721771240234375,0.8797206878662109,0.9817390441894531,0.5933609008789062,-0.003173828125
12838,cpp,0.0008304119110107422,0.004786491394042969,0.0130615234375,0.0024614334106445312,0.07518768310546875,-0.5839080810546875,0.9849281311035156
12889,cpp,0.022979736328125,-0.06439208984375,0.00226593017578125,0.0025625228881835938,0.03456687927246094,0.009737014770507812,0.005480766296386719
13049,cpp,0.0009036064147949219,0.0008962154388427734,0.5706596374511719,0.011225461959838867,0.005340099334716797,-0.1377410888671875,0.20719146728515625
13295,cpp,0.6614723205566406,-0.000942230224609375,0.239410400390625,-0.000316619873046875,0.9503631591796875,-0.0022525787353515625,0.9767398834228516
13296,cpp,-0.857666015625,-0.0050201416015625,0.9692916870117188,0.008292198181152344,0.9801158905029297,-0.070098876953125,0.9397430419921875
13313,cpp,0.9920148849487305,-0.0022449493408203125,0.08446359634399414,0.0003871917724609375,0.8562049865722656,-0.7639694213867188,0.9771957397460938
13505,cpp,0.2060546875,0.0112152099609375,-3.337860107421875e-05,0.6254711151123047,-6.103515625e-05,0.9088172912597656,0.9541015625
13516,cpp,0.02274322509765625,0.0012989044189453125,0.5497703552246094,0.000701904296875,0.9968061447143555,0.033538818359375,0.008270263671875
13639,cpp,0.342437744140625,-0.6975555419921875,0.9916267395019531,0.00183868408203125,0.0008068084716796875,0.0067462921142578125,0.0363006591796875
13657,cpp,0.21484375,-0.014635086059570312,-0.00217437744140625,-0.08764266967773438,0.011058807373046875,-0.27750396728515625,0.7942047119140625
13887,cpp,0.01021575927734375,0.021505355834960938,-0.0511016845703125,0.0019683837890625,-0.0020465850830078125,0.00228118896484375,0.0738525390625
13940,cpp,0.0396728515625,-0.00022029876708984375,-0.0033111572265625,-0.0018367767333984375,0.012542724609375,-0.00152587890625,0.298004150390625
14102,cpp,0.001422882080078125,-0.15863037109375,-0.0023450851440429688,-0.1840667724609375,0.000270843505859375,0.0044708251953125,0.01068115234375
14126,cpp,0.054279327392578125,0.7990493774414062,0.01401519775390625,0.0016632080078125,0.025470733642578125,-0.01125335693359375,-0.00811767578125
14160,cpp,-0.000156402587890625,-0.01544189453125,-0.39208984375,0.008047103881835938,0.12970352172851562,-0.001251220703125,-0.2254638671875
14324,cpp,0.00029778480529785156,-0.01023101806640625,-0.00534820556640625,-0.0077953338623046875,0.965423583984375,-0.011165618896484375,0.9922523498535156
14381,cpp,0.008751869201660156,-0.024021148681640625,0.690460205078125,0.00666046142578125,0.6501922607421875,-0.1025390625,0.216064453125
14418,cpp,0.00036716461181640625,-0.2425537109375,0.026014328002929688,0.0005674362182617188,0.4458122253417969,-0.1792449951171875,0.00269317626953125
14436,cpp,0.024515151977539062,-0.212738037109375,0.9634227752685547,0.0085601806640625,0.9960832595825195,0.0002288818359375,0.996058464050293
14515,cpp,-0.2694091796875,-0.0085601806640625,0.152008056640625,-0.011356353759765625,-0.1815185546875,-0.8250465393066406,0.9906244277954102
14584,cpp,-0.3328857421875,-0.7393722534179688,0.9930448532104492,-0.9046211242675781,0.9913063049316406,-0.579498291015625,0.9936323165893555
14649,cpp,0.2218017578125,0.00623321533203125,0.9132709503173828,0.010087966918945312,0.9945955276489258,0.02286243438720703,0.9808387756347656
14741,cpp,-0.233184814453125,-0.27911376953125,-0.10498046875,-0.000629425048828125,-0.02978515625,0.005710601806640625,-0.0123291015625
14813,cpp,0.1235504150390625,-0.025054931640625,0.9830350875854492,0.01764678955078125,0.9878425598144531,-0.9210662841796875,0.013427734375
14908,cpp,0.065673828125,-0.0205841064453125,0.0667266845703125,0.38631248474121094,0.01306915283203125,-0.5976638793945312,-0.62725830078125
14946,cpp,0.781951904296875,0.00911712646484375,0.991431713104248,3.814697265625e-05,0.9849071502685547,-0.29638671875,0.9915008544921875
15433,cpp,0.653594970703125,-0.35662841796875,0.001003265380859375,-0.008802413940429688,0.008145809173583984,-0.9020767211914062,-0.000362396240234375
15505,cpp,0.0010929107666015625,-0.013980865478515625,0.29351806640625,-0.001888275146484375,0.00608062744140625,-0.10456085205078125,0.9709243774414062
15525,cpp,0.4512939453125,0.008880615234375,0.0985107421875,0.00026226043701171875,0.41949462890625,0.11257362365722656,0.711669921875
15599,cpp,-0.660736083984375,-0.9457197189331055,0.4780387878417969,-0.9978413581848145,0.860076904296875,0.0011081695556640625,0.9991450309753418
15619,cpp,0.5702285766601562,-0.10943603515625,0.9868326187133789,0.06781768798828125,0.0009984970092773438,0.00439453125,0.9925212860107422
15695,cpp,-0.005466461181640625,-0.023351669311523438,0.624603271484375,-0.00453948974609375,0.3049354553222656,-0.011444091796875,0.0052433013916015625
15777,cpp,0.10443115234375,-0.474884033203125,0.9700450897216797,-0.7281341552734375,0.9287338256835938,-0.4244384765625,0.730438232421875
15899,cpp,-0.00074005126953125,0.8528499603271484,0.0792999267578125,0.0011174678802490234,-9.5367431640625e-06,0.9710369110107422,0.0046443939208984375
15930,cpp,0.9562225341796875,-0.00032138824462890625,0.06844329833984375,-0.00655364990234375,0.7892684936523438,-0.0022153854370117188,0.2531890869140625
16490,cpp,0.3792228698730469,0.0002899169921875,0.9978542327880859,-0.0023651123046875,0.9865798950195312,-0.448883056640625,0.9872779846191406
16492,cpp,0.008819580078125,-0.175750732421875,0.8411865234375,0.003875732421875,0.9049453735351562,-0.874603271484375,0.9649200439453125
16532,cpp,0.00384521484375,-0.0500946044921875,0.9400663375854492,-0.0188751220703125,0.9601821899414062,0.0303955078125,0.9737472534179688
16603,cpp,-0.017822265625,0.18988800048828125,-0.000797271728515625,0.21380615234375,0.1990966796875,-0.8796539306640625,0.0005750656127929688
16727,cpp,0.061614990234375,0.01935577392578125,0.0030755996704101562,0.020877838134765625,0.9952096939086914,0.023956298828125,0.949554443359375
16815,cpp,0.27101898193359375,0.004643440246582031,0.015964508056640625,0.009613037109375,0.561981201171875,0.0037841796875,0.0165252685546875
16836,cpp,0.0789794921875,-0.064788818359375,0.00061798095703125,0.008190155029296875,0.0049419403076171875,0.013458251953125,0.03350830078125
17047,cpp,0.2638893127441406,-0.23885726928710938,0.0151824951171875,-0.00047969818115234375,0.9580249786376953,-0.677947998046875,0.04399871826171875
17049,cpp,0.0064716339111328125,0.0006389617919921875,0.0139007568359375,-0.002048492431640625,0.004694938659667969,-0.0446929931640625,0.3083610534667969
17076,cpp,0.006072998046875,0.069488525390625,0.352783203125,0.04913330078125,0.9939384460449219,-0.14105224609375,0.6837158203125
17086,cpp,0.9414024353027344,0.007370948791503906,-0.1423797607421875,0.0438079833984375,-0.198760986328125,0.0496826171875,-9.34600830078125e-05
17174,cpp,0.020233154296875,-0.00243377685546875,0.06280136108398438,0.0011477470397949219,0.7373046875,-0.7225341796875,0.477874755859375
17525,cpp,0.8239402770996094,-0.0150909423828125,9.72747802734375e-05,-0.09295654296875,-0.0011892318725585938,0.37429046630859375,-0.00041961669921875
17531,cpp,-0.05908203125,0.0196685791015625,0.868255615234375,-0.0453643798828125,0.8859367370605469,-0.05206298828125,0.033364295959472656
17822,cpp,0.002761363983154297,-0.052669525146484375,0.023761749267578125,-0.000873565673828125,0.9841461181640625,0.36489105224609375,0.9698200225830078
18064,cpp,0.5501708984375,0.0009336471557617188,0.008960723876953125,-0.0027618408203125,-0.00046539306640625,0.050235748291015625,0.9924545288085938
18193,cpp,0.33968353271484375,-0.317413330078125,0.1714324951171875,0.13498973846435547,0.995671272277832,-0.011842727661132812,0.62200927734375
18200,cpp,-0.009918212890625,0.0002415180206298828,0.9791936874389648,0.00357818603515625,0.9929304122924805,-0.12299728393554688,0.6777801513671875
18246,cpp,0.06065940856933594,0.0929718017578125,0.010947227478027344,0.0123138427734375,0.9957318305969238,0.9727859497070312,0.0044097900390625
18369,cpp,0.9936838150024414,0.7223129272460938,0.969456672668457,0.8975067138671875,0.9785542488098145,0.25672149658203125,0.009076118469238281
18385,cpp,-0.1068115234375,0.008056640625,0.0073757171630859375,0.09085464477539062,-0.0006465911865234375,0.04836273193359375,0.2698974609375
18742,cpp,0.0270233154296875,0.9667282104492188,0.00698089599609375,0.004669189453125,0.9106788635253906,-0.000194549560546875,0.048595428466796875
18767,cpp,-0.016357421875,-0.23108291625976562,-0.49365234375,-0.0016040802001953125,0.107666015625,-0.04425811767578125,-0.9499740600585938
18873,cpp,0.29364013671875,-0.0810394287109375,-0.13555908203125,-0.320770263671875,0.038848876953125,0.9135322570800781,0.850830078125
18904,cpp,0.9884977340698242,0.0074920654296875,0.9935665130615234,0.02632880210876465,0.9928207397460938,0.00069427490234375,0.9548301696777344
18966,cpp,0.969207763671875,0.015140533447265625,0.9539127349853516,-0.098663330078125,0.8877639770507812,-0.11883544921875,0.9484062194824219
19017,cpp,-0.025146484375,0.168731689453125,-0.423828125,-0.0028581619262695312,0.1784515380859375,0.05152130126953125,0.0245361328125
19063,cpp,0.593505859375,0.003968238830566406,0.0513916015625,0.0012798309326171875,0.9170455932617188,0.3908538818359375,0.0677490234375
19353,cpp,0.0030364990234375,-0.6445693969726562,0.0006594657897949219,-0.18085479736328125,0.9961910247802734,-0.9769496917724609,0.020833969116210938
19806,cpp,0.06334686279296875,-0.9624786376953125,0.0489349365234375,-0.4696235656738281,0.4461956024169922,-0.586700439453125,0.41971588134765625
19882,cpp,0.4056243896484375,-0.3346118927001953,0.8201179504394531,0.02130722999572754,0.02385711669921875,-0.7945213317871094,0.80780029296875
20035,cpp,-0.8292083740234375,0.0007190704345703125,0.9146080017089844,0.055510520935058594,0.9811058044433594,-0.0052642822265625,0.08477783203125
20290,cpp,0.0014033317565917969,-0.0062427520751953125,0.9925975799560547,0.01038360595703125,0.9933300018310547,-0.019317626953125,0.9860992431640625
20346,cpp,0.5196552276611328,0.0032949447631835938,0.9954051971435547,-0.00011444091796875,0.9833393096923828,-0.007537841796875,0.9610252380371094
20365,cpp,0.012067794799804688,0.0010037422180175781,0.000823974609375,-0.0533905029296875,0.009929656982421875,0.0017025470733642578,0.145263671875
20689,cpp,-0.681182861328125,-0.840545654296875,-0.082763671875,-0.00817108154296875,0.01618194580078125,0.0049591064453125,-0.328369140625
20726,cpp,-0.0005962848663330078,-0.23858642578125,0.9892482757568359,-0.0388336181640625,0.9372520446777344,-0.0099639892578125,0.8813095092773438
20865,cpp,0.017822265625,0.0073699951171875,0.9645280838012695,-0.01735687255859375,0.988739013671875,0.033977508544921875,0.9245033264160156
20958,cpp,0.195068359375,-0.8512954711914062,0.0008742809295654297,-0.005645751953125,0.9837608337402344,-0.9820652008056641,0.9939041137695312
20994,cpp,0.44140625,-0.31296539306640625,0.9422225952148438,0.048126220703125,0.047119140625,-0.390472412109375,-0.43408203125
21182,cpp,-4.38690185546875e-05,-0.0005130767822265625,0.3221435546875,0.001499176025390625,0.6519985198974609,0.02935791015625,0.7971038818359375
21282,cpp,0.0009098052978515625,0.0009050369262695312,0.9905014038085938,0.003940582275390625,0.00128173828125,0.004719734191894531,0.9866809844970703
21431,cpp,-0.787261962890625,-0.027923583984375,0.2760009765625,-0.1832275390625,-0.02655029296875,-0.9524879455566406,-0.0294189453125
21522,cpp,0.982696533203125,-0.027996063232421875,0.00197601318359375,0.0001583099365234375,-0.00029659271240234375,-0.2445526123046875,0.000888824462890625
21556,cpp,0.452880859375,-0.0316162109375,0.011991500854492188,0.02254486083984375,0.9806404113769531,0.0566864013671875,0.0135345458984375
21832,cpp,0.14188766479492188,-0.0071887969970703125,0.9435520172119141,-0.0025625228881835938,0.0031061172485351562,0.0047607421875,0.219146728515625
21996,cpp,-0.003910064697265625,0.6558837890625,0.8141555786132812,-0.0196533203125,0.9793434143066406,-0.000392913818359375,0.206390380859375
22139,cpp,0.8272247314453125,0.00635528564453125,-0.3782958984375,-0.002269744873046875,0.9759435653686523,0.2264251708984375,0.9832592010498047
22303,cpp,-0.0152740478515625,3.314018249511719e-05,0.7183990478515625,0.00024700164794921875,0.9664077758789062,0.6812973022460938,0.8695907592773438
22407,cpp,-0.0034027099609375,-0.31756591796875,-0.01937103271484375,-0.005191802978515625,-0.06534576416015625,-0.9923920631408691,0.98553466796875
22498,cpp,0.008523941040039062,-0.002788543701171875,0.0015263557434082031,-0.00024890899658203125,0.98272705078125,0.05173683166503906,0.0677490234375
22549,cpp,-0.012542724609375,-0.9874477386474609,-0.34619140625,-0.0492095947265625,0.5206298828125,0.00322723388671875,0.9862899780273438
22618,cpp,0.335662841796875,0.05457496643066406,0.000244140625,0.0029153823852539062,0.0036830902099609375,0.016038894653320312,-0.005229949951171875
22666,cpp,0.9962987899780273,0.005611419677734375,0.24086570739746094,0.011039257049560547,0.9975414276123047,-0.003204345703125,0.8687591552734375
22699,cpp,-0.128143310546875,0.5265007019042969,0.0908203125,0.0030059814453125,0.6698455810546875,-0.16070556640625,0.971527099609375
22745,cpp,-0.9358291625976562,-0.013261795043945312,-0.0005340576171875,-0.009670257568359375,-0.8228759765625,-0.007846832275390625,-0.6588287353515625
22746,cpp,0.9892091751098633,0.9841246604919434,0.24779891967773438,0.9175899028778076,0.9696807861328125,-0.00844573974609375,0.9663314819335938
22838,cpp,0.06107330322265625,-0.020999908447265625,0.7811737060546875,0.0004925727844238281,0.9914817810058594,-0.0005445480346679688,0.9867992401123047
22999,cpp,0.988792896270752,-0.015150070190429688,0.000946044921875,0.866485595703125,0.06473541259765625,-0.386138916015625,0.94732666015625
281,cs,-0.0006103515625,-0.680999755859375,0.0026597976684570312,-0.115478515625,0.0028791427612304688,-0.0643310546875,0.0141448974609375
354,cs,0.013227462768554688,0.31397151947021484,0.9725437164306641,0.004597663879394531,0.9926605224609375,0.0074710845947265625,0.9656276702880859
427,cs,0.025646209716796875,-0.042331695556640625,0.9406814575195312,-0.00016498565673828125,0.9893560409545898,-0.00046539306640625,0.9310455322265625
461,cs,0.004702091217041016,0.14899444580078125,0.9696044921875,0.009700775146484375,0.24198150634765625,0.0218505859375,0.9839515686035156
742,cs,0.004092216491699219,0.00044727325439453125,0.8076972961425781,0.001995086669921875,0.32340431213378906,-0.01682281494140625,0.00888824462890625
884,cs,0.9461326599121094,0.0005998611450195312,0.001477956771850586,-0.0028896331787109375,0.0023703575134277344,-0.0070343017578125,0.9380340576171875
1012,cs,-0.0006542205810546875,-0.8753471374511719,0.001155853271484375,0.001312255859375,0.9960088729858398,-0.02974700927734375,0.0091552734375
1072,cs,0.02347278594970703,-0.04205322265625,0.7975263595581055,-0.9556808471679688,0.9958662986755371,0.0098419189453125,0.9882354736328125
1332,cs,0.9764642715454102,0.5692901611328125,0.9964432716369629,0.12595748901367188,0.9969491958618164,0.023754119873046875,0.9842500686645508
1971,cs,0.0007638931274414062,0.0006237030029296875,0.626220703125,0.0024366378784179688,0.00601959228515625,-0.005146026611328125,0.284759521484375
1999,cs,0.05448150634765625,-0.0055828094482421875,0.9739913940429688,-0.24631118774414062,0.9968996047973633,-0.153594970703125,0.6229324340820312
2034,cs,0.2767162322998047,0.8521575927734375,0.9941091537475586,0.00139617919921875,0.0029282569885253906,0.9898724555969238,0.9921903610229492
2376,cs,-0.022552490234375,-0.013423919677734375,0.003040790557861328,-0.51788330078125,0.9906711578369141,-0.01268768310546875,0.24191665649414062
2521,cs,0.9873847961425781,-0.391937255859375,1.239776611328125e-05,0.09204673767089844,0.3644866943359375,-0.9221878051757812,0.0013580322265625
2656,cs,0.4770355224609375,0.0009150505065917969,0.9955072402954102,0.0012383460998535156,0.9938392639160156,0.00036716461181640625,0.9104156494140625
2747,cs,-0.039459228515625,0.0014529228210449219,-0.1318359375,-0.0097808837890625,-0.153656005859375,-0.997044563293457,0.8677520751953125
2901,cs,0.050262451171875,-0.029531478881835938,0.0020589828491210938,0.0028867721557617188,-0.00911712646484375,-0.0074615478515625,0.10101318359375
2971,cs,-0.26861572265625,-0.091400146484375,-0.321929931640625,0.006995439529418945,-0.071502685546875,-0.0009307861328125,0.039211273193359375
3033,cs,0.001879572868347168,0.00150299072265625,0.4100189208984375,-0.32831573486328125,0.8049583435058594,0.0015239715576171875,0.0077190399169921875
3130,cs,-0.01361083984375,-0.03653717041015625,-0.0062103271484375,-0.1110382080078125,0.3979530334472656,-0.2637176513671875,-0.14544677734375
3493,cs,0.9963665008544922,0.0010895729064941406,0.5831413269042969,0.005580902099609375,0.985626220703125,0.9057750701904297,0.9836673736572266
3750,cs,0.03525733947753906,-0.0024585723876953125,0.002381563186645508,0.9719438552856445,0.0355224609375,0.15887451171875,0.02355194091796875
4034,cs,0.9847526550292969,0.9925394058227539,0.9754867553710938,0.9925394058227539,0.9754867553710938,-0.096435546875,0.9948282241821289
4252,cs,0.018735885620117188,-0.00193023681640625,0.021066665649414062,-0.982691764831543,0.9936542510986328,-0.467010498046875,0.007836341857910156
4401,cs,0.9051570892333984,0.9691314697265625,0.0626974105834961,0.42434024810791016,0.012629985809326172,0.4295654296875,0.9721717834472656
4445,cs,0.001483917236328125,0.000942230224609375,0.303497314453125,0.011324882507324219,0.0024700164794921875,-0.0204925537109375,0.514862060546875
4647,cs,0.78143310546875,-0.00015544891357421875,0.54345703125,0.0009398460388183594,0.920013427734375,-0.0008664131164550781,0.082977294921875
5020,cs,0.004852294921875,0.0010986328125,0.01140594482421875,0.030284881591796875,0.03539466857910156,0.046916961669921875,0.040607452392578125
5185,cs,0.8374786376953125,0.1487598419189453,0.41234588623046875,0.1671886444091797,0.05905342102050781,0.01654052734375,0.001983642578125
5221,cs,0.09004020690917969,0.16286468505859375,0.24744606018066406,0.21661376953125,0.9705219268798828,0.9233741760253906,0.9870376586914062
5384,cs,-0.00018215179443359375,-0.436798095703125,0.8702621459960938,-0.3143272399902344,0.9283828735351562,-0.020751953125,0.783447265625
5431,cs,0.995934009552002,0.0021600723266601562,0.013709068298339844,0.0007781982421875,0.047412872314453125,-0.000701904296875,0.7750701904296875
5469,cs,0.14064979553222656,-0.000396728515625,0.08485984802246094,-0.008937835693359375,0.00508880615234375,-0.5445480346679688,0.03415679931640625
5763,cs,-0.067626953125,0.0037336349487304688,0.02014923095703125,0.004840850830078125,0.2276611328125,-0.3309326171875,0.3182373046875
5857,cs,0.00324249267578125,-0.01979827880859375,0.03745269775390625,-0.019492149353027344,0.862396240234375,-0.0449981689453125,0.004944801330566406
5869,cs,0.26644134521484375,0.8848876953125,0.9858627319335938,0.9558634757995605,0.9800682067871094,-0.7418212890625,0.43603515625
5983,cs,-0.40869140625,-0.41019439697265625,0.1610107421875,-0.0092010498046875,0.1549072265625,0.7866325378417969,0.4239501953125
6059,cs,0.03330230712890625,-0.6530914306640625,-0.0010128021240234375,0.0024690628051757812,0.40875244140625,0.003509521484375,0.0244140625
6112,cs,0.1233062744140625,-0.047821044921875,0.27835845947265625,0.01318359375,0.9852313995361328,-0.592010498046875,0.9755058288574219
6208,cs,0.974517822265625,0.8797340393066406,0.881622314453125,0.0002956390380859375,0.00200653076171875,0.0196533203125,0.9910593032836914
6414,cs,0.008542537689208984,0.03662109375,-0.228729248046875,0.09977149963378906,0.986602783203125,-0.0152435302734375,0.04323387145996094
6449,cs,0.9155082702636719,0.17138671875,0.19970703125,0.042700767517089844,0.007571697235107422,-0.0001678466796875,0.8284454345703125
7248,cs,0.0015888214111328125,0.0005178451538085938,0.9762763977050781,0.00281524658203125,0.006702423095703125,-0.01705169677734375,0.044219970703125
7328,cs,0.01976776123046875,0.0024480819702148438,0.022104263305664062,0.01094818115234375,0.9987344741821289,-0.28912353515625,0.981842041015625
7425,cs,0.044189453125,-0.39959716796875,-0.4959716796875,-0.177520751953125,0.1085205078125,-0.02455902099609375,-0.27978515625
7533,cs,-0.002750396728515625,-0.06237030029296875,0.4381256103515625,0.006633758544921875,0.05417633056640625,0.0060062408447265625,0.717193603515625
7766,cs,0.114990234375,0.04641151428222656,0.417144775390625,-0.09777069091796875,0.2062835693359375,0.0069732666015625,0.6982421875
8050,cs,0.05755615234375,0.003204345703125,0.1373443603515625,0.0058689117431640625,0.6080322265625,-0.0033321380615234375,-0.015766143798828125
8251,cs,0.0020351409912109375,-0.12830352783203125,0.9967589378356934,0.4063720703125,0.9853324890136719,-0.9074745178222656,0.369537353515625
8262,cs,0.9728946685791016,0.009471893310546875,0.0016345977783203125,0.009652137756347656,0.9906101226806641,-0.94354248046875,0.9773483276367188
8374,cs,0.986696720123291,-0.00782012939453125,0.0194091796875,0.002447843551635742,0.9857330322265625,-0.008819580078125,-0.750396728515625
8462,cs,0.3514404296875,0.9235038757324219,0.0098876953125,0.5859527587890625,0.0071353912353515625,0.328521728515625,0.1988525390625
8527,cs,0.9105491638183594,-0.0003147125244140625,0.9931602478027344,0.0002956390380859375,0.9960346221923828,-0.000583648681640625,0.977752685546875
8543,cs,0.9275436401367188,0.8238754272460938,0.9922494888305664,0.9770402908325195,0.9946866035461426,0.9537210464477539,0.78009033203125
8735,cs,0.572998046875,-0.002685546875,0.883636474609375,0.01879119873046875,0.8294029235839844,-0.2666778564453125,0.02911376953125
8858,cs,0.01373291015625,0.8544979095458984,0.165924072265625,0.002869844436645508,0.8590316772460938,0.00322723388671875,0.09954833984375
8878,cs,0.5322494506835938,-0.001270294189453125,-0.0005688667297363281,0.0007457733154296875,0.0579071044921875,0.01110076904296875,0.011751174926757812
8952,cs,0.9915380477905273,0.02584075927734375,0.009829521179199219,0.0014667510986328125,0.8271713256835938,-0.0784912109375,0.02916717529296875
9374,cs,0.0012135505676269531,-0.21259307861328125,0.9060125350952148,-0.04647064208984375,0.9974274635314941,-0.8695220947265625,0.9540328979492188
9802,cs,0.005166053771972656,0.0013093948364257812,0.9917774200439453,0.00473785400390625,0.9915542602539062,0.00090789794921875,0.9767055511474609
9927,cs,0.8979644775390625,0.10965728759765625,0.94677734375,-0.546478271484375,0.481048583984375,-0.11505126953125,0.24169921875
9979,cs,-0.92327880859375,-0.0914764404296875,0.9801101684570312,0.0333099365234375,0.994837760925293,-0.05511474609375,0.9681472778320312
10213,cs,0.001129150390625,-0.2336883544921875,0.04474449157714844,0.9875955581665039,0.8336715698242188,0.0014328956604003906,0.9922847747802734
10329,cs,0.0019559860229492188,-0.001216888427734375,0.0004253387451171875,0.0003619194030761719,0.9974465370178223,0.007397651672363281,0.00311279296875
10489,cs,0.03752899169921875,-0.01253509521484375,0.9963817596435547,0.01976776123046875,0.9895191192626953,0.02495574951171875,0.393585205078125
10547,cs,0.1763916015625,-0.018398284912109375,0.2177257537841797,0.0008115768432617188,0.007684230804443359,-0.9056167602539062,0.0026836395263671875
10601,cs,0.989933967590332,-0.0040283203125,0.0026760101318359375,0.006536006927490234,0.0010890960693359375,-0.0027217864990234375,0.05428314208984375
10786,cs,0.00215911865234375,-0.004474639892578125,0.0018377304077148438,0.00196075439453125,0.9929676055908203,0.0013942718505859375,0.9885921478271484
11254,cs,0.252197265625,0.991450309753418,0.53741455078125,0.45191192626953125,0.9954080581665039,0.9677276611328125,0.08001708984375
11334,cs,0.9119777679443359,0.9525718688964844,0.048877716064453125,0.9864060878753662,0.876368522644043,0.9916982650756836,0.9813680648803711
11402,cs,0.9965901374816895,0.9943571090698242,0.73236083984375,0.028528213500976562,0.8400421142578125,0.00299072265625,0.0528564453125
11411,cs,0.9610977172851562,-0.020294189453125,0.0095062255859375,-0.0077362060546875,0.9959464073181152,-0.00273895263671875,0.03621673583984375
11554,cs,0.0013380050659179688,0.04488182067871094,0.23018264770507812,0.0028820037841796875,0.9942502975463867,0.0260009765625,0.020660400390625
11883,cs,0.2948293685913086,-0.011630058288574219,0.9915733337402344,-0.00075531005859375,0.9651756286621094,-0.00084686279296875,0.8771390914916992
11990,cs,0.5998115539550781,-0.003314971923828125,0.00019669532775878906,0.9866113662719727,0.9940166473388672,0.79705810546875,0.9644126892089844
12026,cs,0.026193618774414062,-0.012846946716308594,0.9881496429443359,-0.011864662170410156,0.9922771453857422,-0.07719802856445312,0.9633712768554688
12307,cs,0.22257614135742188,-0.09484100341796875,0.9796934127807617,-0.0436859130859375,0.9755191802978516,0.03179931640625,0.05550384521484375
12597,cs,0.0130462646484375,-0.018405914306640625,0.9707403182983398,-0.9448432922363281,0.9781584739685059,0.01666259765625,0.7311553955078125
12622,cs,0.202392578125,0.010986328125,0.1326904296875,0.0064544677734375,0.65423583984375,0.11265945434570312,0.0419921875
12708,cs,0.5099334716796875,-0.0105743408203125,0.00021409988403320312,0.01373291015625,0.89019775390625,0.019969940185546875,0.2696533203125
12749,cs,0.9975218772888184,7.2479248046875e-05,0.9832553863525391,0.010051250457763672,0.9938874244689941,0.9588432312011719,0.9934978485107422
13043,cs,0.0025339126586914062,-0.015819549560546875,0.11322021484375,-0.004573822021484375,0.9836483001708984,-0.25368499755859375,0.987274169921875
13397,cs,-0.01983642578125,-0.044643402099609375,0.8138828277587891,-0.024456024169921875,0.0471343994140625,-0.9655876159667969,0.76263427734375
13649,cs,-0.6934814453125,-0.012451171875,0.9936208724975586,0.017237186431884766,0.2476043701171875,0.071319580078125,0.763092041015625
13757,cs,0.015260696411132812,-0.14665603637695312,0.002422332763671875,0.00588226318359375,0.007133007049560547,-0.060932159423828125,0.13534164428710938
13783,cs,0.17296981811523438,-0.12038421630859375,-0.05938720703125,0.04982948303222656,0.6769866943359375,0.0378875732421875,0.8829574584960938
14096,cs,0.62615966796875,0.05474853515625,0.0008897781372070312,-0.0250701904296875,0.9883713722229004,0.016021728515625,0.002899169921875
14447,cs,0.0004901885986328125,0.017808914184570312,0.8827533721923828,0.001682281494140625,0.9727287292480469,0.0693511962890625,0.8832283020019531
14540,cs,-0.0011157989501953125,-0.9562883377075195,0.9577999114990234,-0.4805450439453125,0.9513130187988281,-0.9457130432128906,0.23449325561523438
15062,cs,0.9429779052734375,0.41379547119140625,0.7586326599121094,0.324249267578125,0.4052734375,0.00201416015625,0.005545616149902344
15344,cs,0.12353515625,-0.001270294189453125,0.21405029296875,0.000286102294921875,0.796783447265625,-0.00185394287109375,0.4437255859375
15362,cs,0.11541366577148438,-0.0702056884765625,0.02256011962890625,-0.021270751953125,0.01680755615234375,0.0094146728515625,0.9863729476928711
15711,cs,0.0148468017578125,-0.11333656311035156,0.052501678466796875,-0.008754730224609375,0.9980700016021729,-0.9365348815917969,0.9945907592773438
16048,cs,0.022016525268554688,-0.036945343017578125,0.0006926059722900391,-0.001079559326171875,0.08599472045898438,0.01068878173828125,0.011134147644042969
16117,cs,0.00019931793212890625,-0.0003376007080078125,0.09529876708984375,-0.000415802001953125,0.68267822265625,0.002613067626953125,0.0274658203125
16341,cs,0.9913506507873535,-0.0010528564453125,0.9936883449554443,-0.0315704345703125,0.9935002326965332,-0.9690341949462891,0.9399824142456055
16366,cs,0.21891021728515625,0.9286537170410156,0.9880514144897461,0.021697998046875,0.8631057739257812,0.57183837890625,0.9413070678710938
16542,cs,0.593017578125,0.065887451171875,0.0006532669067382812,-0.0038166046142578125,-0.00397491455078125,-0.2765045166015625,-0.00128173828125
16961,cs,0.0229034423828125,-0.11249923706054688,0.0015625953674316406,-0.01221466064453125,0.879486083984375,-0.133087158203125,0.02750396728515625
17126,cs,0.9653244018554688,0.007221221923828125,0.9802474975585938,0.22223281860351562,0.9943304061889648,0.016937255859375,0.2049407958984375
17161,cs,-0.3240966796875,-0.396270751953125,-4.1961669921875e-05,-0.0438690185546875,0.0166473388671875,0.00311279296875,0.32515716552734375
17339,cs,0.0044384002685546875,-0.5883331298828125,0.28214263916015625,-0.83099365234375,0.3631401062011719,0.0028600692749023438,0.01813507080078125
17340,cs,-0.5041351318359375,-0.6977348327636719,-0.06292724609375,-0.011674880981445312,-0.0123748779296875,0.266937255859375,0.188812255859375
17461,cs,0.011256217956542969,-0.044338226318359375,0.0022211074829101562,0.34459781646728516,0.9931907653808594,0.9722805023193359,0.9880332946777344
18093,cs,0.9449853897094727,0.9650154113769531,0.032876014709472656,0.8702716827392578,0.9679336547851562,-0.02423095703125,0.11525726318359375
18370,cs,0.9962959289550781,-0.0069179534912109375,0.019336700439453125,0.0026810169219970703,0.9967174530029297,-0.0206298828125,0.34722900390625
18378,cs,0.8091897964477539,0.0006434917449951172,0.9943528175354004,0.0005261898040771484,0.002177000045776367,0.006117343902587891,0.010257720947265625
18514,cs,0.9806938171386719,-0.04986572265625,0.0412750244140625,-0.35175323486328125,0.9968276023864746,-0.09345245361328125,0.8682365417480469
18609,cs,-0.9206619262695312,-0.5998306274414062,0.00688934326171875,-0.003131866455078125,-0.02789306640625,-0.5251617431640625,0.1905517578125
19067,cs,0.02558135986328125,-0.049480438232421875,0.0007448196411132812,-0.4119110107421875,0.9858264923095703,-0.9714279174804688,0.26194000244140625
19102,cs,0.07313346862792969,-0.0712738037109375,0.0008840560913085938,0.7225770950317383,0.05199909210205078,0.001613616943359375,0.14508056640625
19369,cs,0.012419700622558594,-0.0059967041015625,0.004679679870605469,0.003692626953125,0.002187967300415039,-0.016437530517578125,0.0025777816772460938
19565,cs,0.9708976745605469,-0.8006973266601562,-0.7742156982421875,0.0020294189453125,0.5631256103515625,-0.9770965576171875,0.014556884765625
19833,cs,-0.0048980712890625,-0.9394569396972656,0.011226654052734375,-0.0110321044921875,0.014664649963378906,-0.9933757781982422,0.048183441162109375
20217,cs,0.044292449951171875,-0.15661239624023438,0.9951543807983398,0.0111083984375,0.9665546417236328,0.0018310546875,0.9073333740234375
20707,cs,0.028839111328125,-0.529754638671875,0.9890365600585938,-0.0559539794921875,0.062419891357421875,-0.09124755859375,0.03985595703125
20882,cs,0.826237678527832,0.8945751190185547,0.5328388214111328,0.025272369384765625,0.9925546646118164,-0.0574951171875,0.4425506591796875
21208,cs,0.0003046989440917969,-0.02660369873046875,0.14011383056640625,0.0005035400390625,0.9946708679199219,0.00403594970703125,0.9492340087890625
21342,cs,0.0001373291015625,-0.9971911907196045,-0.13623046875,0.003927707672119141,0.00323486328125,-0.7321624755859375,-0.2860107421875
21655,cs,-0.0135498046875,-0.9175338745117188,0.051593780517578125,-0.012439727783203125,-0.9384937286376953,-0.22900390625,0.019672393798828125
21874,cs,0.00036072731018066406,0.0560760498046875,0.835291862487793,0.02484130859375,0.7788314819335938,0.00984954833984375,0.07070541381835938
21981,cs,-0.22564697265625,-0.9433727264404297,0.9794731140136719,-0.9912281036376953,-0.025054931640625,-0.1581878662109375,-0.00494384765625
22167,cs,0.9716567993164062,0.0016703605651855469,0.0049571990966796875,0.00046443939208984375,0.9741668701171875,0.01092529296875,0.811920166015625
22312,cs,0.996037483215332,0.018444061279296875,0.80499267578125,0.010789871215820312,0.007076263427734375,0.004649639129638672,0.33935546875
22667,cs,0.33055877685546875,-0.0059947967529296875,0.014970779418945312,-0.055206298828125,0.9789237976074219,-0.00494384765625,0.9936408996582031
23109,cs,0.5488090515136719,-0.8435440063476562,0.9938745498657227,0.0323028564453125,0.9929838180541992,0.08295536041259766,0.8754730224609375
23216,cs,0.864201545715332,0.0027866363525390625,0.9967715740203857,0.956737756729126,0.9911808967590332,0.00698089599609375,0.9039535522460938
23362,cs,0.3666534423828125,0.006804466247558594,0.9350204467773438,-4.7206878662109375e-05,0.01507568359375,0.004082679748535156,0.7922554016113281
23371,cs,0.012298583984375,-0.00742340087890625,0.9937572479248047,0.008268356323242188,0.9546451568603516,0.003597259521484375,0.96881103515625
23725,cs,0.2822265625,0.7952728271484375,0.1630859375,0.106109619140625,0.35400390625,0.00015735626220703125,0.46533203125
23974,cs,0.011737823486328125,0.9732933044433594,0.8972740173339844,-0.0078029632568359375,0.0024871826171875,-0.267486572265625,0.619110107421875
24253,cs,-0.1097412109375,-0.0002512931823730469,0.9683551788330078,-0.010066032409667969,0.9829511642456055,-0.187744140625,0.9891452789306641
24347,cs,0.0121612548828125,-0.4697113037109375,0.9934177398681641,-0.005558013916015625,0.4302825927734375,-0.287261962890625,0.036029815673828125
24356,cs,0.008523941040039062,0.0003380775451660156,0.00341796875,-0.0008883476257324219,0.92877197265625,0.0007109642028808594,0.9912242889404297
24390,cs,0.9938793182373047,0.0032749176025390625,0.0010237693786621094,0.009977340698242188,0.9930248260498047,0.132415771484375,0.8014297485351562
24750,cs,-0.0006885528564453125,-0.01596832275390625,0.122528076171875,-0.3349609375,0.0012841224670410156,-0.0163421630859375,0.14502716064453125
24834,cs,-0.0003795623779296875,-0.18288421630859375,0.9130611419677734,-0.02143096923828125,0.06270408630371094,0.001251220703125,0.01583099365234375
25096,cs,0.08742523193359375,-0.2517242431640625,0.04156494140625,-0.010736465454101562,0.008808135986328125,-0.00260162353515625,0.8894805908203125
25140,cs,0.9982457160949707,0.06332015991210938,0.9894943237304688,0.11107921600341797,0.990715503692627,0.256378173828125,0.9257164001464844
25376,cs,-0.7924652099609375,-0.16547393798828125,0.9652156829833984,-0.51348876953125,0.083709716796875,-0.857696533203125,0.4135589599609375
25609,cs,0.6129150390625,0.000819087028503418,0.99041748046875,0.0007233619689941406,0.9946670532226562,0.9562644958496094,0.9463577270507812
25682,cs,0.398590087890625,-0.910430908203125,0.9773368835449219,0.00318145751953125,0.7363357543945312,-0.22029495239257812,0.00627899169921875
25979,cs,0.8018150329589844,-0.1834259033203125,0.9646072387695312,0.003143787384033203,0.9973678588867188,-0.0491790771484375,0.9841079711914062
25992,cs,0.9036102294921875,-0.016649246215820312,0.00969696044921875,-0.00018715858459472656,0.008248329162597656,0.0072689056396484375,0.1751708984375
26021,cs,-0.00569915771484375,0.00389862060546875,0.06077766418457031,0.00721430778503418,0.04754638671875,-0.9234237670898438,0.844268798828125
26269,cs,-0.012176513671875,-0.05303955078125,0.0010976791381835938,-0.4495697021484375,-0.65606689453125,-0.9453201293945312,0.87353515625
26329,cs,0.9964876174926758,-0.9235038757324219,-0.7880859375,-0.2547760009765625,0.006667137145996094,-0.60516357421875,-0.0158538818359375
26473,cs,0.5975189208984375,0.0738067626953125,0.0023908615112304688,0.08697128295898438,0.9721012115478516,-0.42071533203125,0.9900569915771484
26624,cs,-0.00742340087890625,-0.005657196044921875,0.9853382110595703,0.00473785400390625,0.9838900566101074,-0.335784912109375,0.13836669921875
26656,cs,-0.355712890625,0.008428573608398438,-0.225067138671875,0.6547813415527344,0.14575958251953125,-0.0267333984375,-0.000946044921875
26739,cs,0.9804115295410156,0.0916748046875,-0.79327392578125,0.002295255661010742,0.9466133117675781,0.0916748046875,-0.79327392578125
26768,cs,-0.004852294921875,-0.8502655029296875,0.09350013732910156,-0.088958740234375,0.8970546722412109,-0.765655517578125,0.011127471923828125
26790,cs,0.004834175109863281,-0.01320648193359375,0.007040977478027344,-0.04736328125,0.010112762451171875,-0.7608642578125,-0.04656982421875
26882,cs,0.008400917053222656,0.005062103271484375,0.0029540061950683594,0.013973236083984375,0.9388275146484375,-0.37005615234375,0.791961669921875
27077,cs,0.992584228515625,0.0006812810897827148,0.9969654083251953,0.001743912696838379,0.99737548828125,0.0019958019256591797,0.9069290161132812
27101,cs,0.3238525390625,-0.022356033325195312,0.007244110107421875,0.5680065155029297,-0.1680908203125,-0.3865509033203125,-0.7667236328125
27246,cs,-0.0953369140625,-0.04656982421875,0.00024509429931640625,-0.00185394287109375,0.9894275665283203,-0.9580459594726562,0.9709243774414062
27284,cs,-0.002262115478515625,-0.037517547607421875,0.9917421340942383,0.00150299072265625,0.9544429779052734,-0.5491943359375,0.007875442504882812
27306,cs,0.9486141204833984,0.02142333984375,0.025341033935546875,0.02436065673828125,0.9921588897705078,0.6254348754882812,0.80645751953125
27322,cs,0.92279052734375,0.004527091979980469,-0.003238677978515625,0.0030902624130249023,0.8124771118164062,-0.04986572265625,0.9749565124511719
27469,cs,0.027149200439453125,0.10628509521484375,0.9850978851318359,0.002361297607421875,0.9962520599365234,0.9901666641235352,0.9943790435791016
27481,cs,0.194366455078125,0.0022902488708496094,0.0017919540405273438,0.0009374618530273438,0.0111541748046875,0.13604736328125,0.972900390625
27649,cs,0.9290237426757812,-0.8504562377929688,0.7120513916015625,-0.023468017578125,0.9835147857666016,0.0021381378173828125,0.16436767578125
27652,cs,-0.73291015625,-0.4149169921875,0.7671089172363281,-0.000492095947265625,0.9957609176635742,-0.149322509765625,0.9346694946289062
27670,cs,0.0007793903350830078,3.814697265625e-06,0.9934496879577637,3.4332275390625e-05,0.9986517429351807,-0.00159454345703125,0.9940223693847656
27673,cs,0.009401321411132812,0.00406646728515625,0.2623786926269531,-0.002330780029296875,0.689427375793457,-0.1559295654296875,0.492034912109375
27709,cs,0.260498046875,0.0178375244140625,0.9940280914306641,-0.009246826171875,0.9662189483642578,-0.598358154296875,0.009527206420898438
27877,cs,0.26645469665527344,0.004012584686279297,0.005917549133300781,-0.008640289306640625,-0.0504150390625,0.08077239990234375,0.010374069213867188
27882,cs,-0.04248046875,-0.007167816162109375,-0.0013580322265625,-0.0961761474609375,0.07383346557617188,-0.013240814208984375,0.095855712890625
27893,cs,4.9591064453125e-05,-0.06585693359375,-0.01561737060546875,-0.9070053100585938,0.949066162109375,-0.2855377197265625,-0.5254135131835938
27924,cs,-0.0192718505859375,-0.014621734619140625,-0.45947265625,-0.03547477722167969,0.03333282470703125,0.0003662109375,-0.0101318359375
27998,cs,0.35455322265625,-0.9787101745605469,0.9451637268066406,0.009429931640625,0.723114013671875,0.4908447265625,0.548370361328125
28141,cs,0.0014972686767578125,-0.049564361572265625,0.9782881736755371,-0.011627197265625,0.989478588104248,0.015979766845703125,0.9697437286376953
28458,cs,0.9693527221679688,-0.330047607421875,0.4059600830078125,0.0012521743774414062,0.9957904815673828,0.9870944023132324,0.8620147705078125
28473,cs,-0.607147216796875,-0.0011768341064453125,-0.24664306640625,0.009436607360839844,0.07183837890625,-0.1879119873046875,0.26806640625
28505,cs,0.0850830078125,-0.004810333251953125,0.9904994964599609,0.0005464553833007812,0.00127410888671875,-0.0807037353515625,-0.0369873046875
28513,cs,0.532470703125,-0.004139900207519531,0.2664794921875,-2.002716064453125e-05,0.319091796875,-0.038593292236328125,0.097412109375
28520,cs,0.9862289428710938,-0.07275390625,0.9952545166015625,0.082427978515625,0.9765739440917969,-0.3637237548828125,0.17120361328125
28544,cs,0.9967756271362305,-9.918212890625e-05,0.994166374206543,0.20923709869384766,0.9977421760559082,-0.48184967041015625,0.787689208984375
28552,cs,0.0020618438720703125,-0.8645706176757812,0.007526397705078125,-0.08205986022949219,0.9972324371337891,-0.03670501708984375,0.9818344116210938
28601,cs,0.9961466789245605,-0.025402069091796875,0.9842529296875,-0.03132438659667969,0.000133514404296875,0.0302276611328125,0.0484466552734375
28738,cs,0.19921875,-0.1556243896484375,0.2576904296875,0.06093597412109375,0.19580078125,-0.20355224609375,0.4083251953125
28797,cs,0.063446044921875,-0.002849578857421875,0.002808094024658203,0.023372650146484375,0.9744529724121094,0.283111572265625,0.00311279296875
28817,cs,0.9946050643920898,0.9912762641906738,0.9919624328613281,0.0015053749084472656,0.9932622909545898,0.9951317310333252,0.9850387573242188
28883,cs,0.011510848999023438,0.8937950134277344,0.1303253173828125,0.000782012939453125,0.08160877227783203,-0.276702880859375,0.78436279296875
28924,cs,0.000659942626953125,-0.54730224609375,-0.0011091232299804688,-0.1651458740234375,0.003284454345703125,-0.127655029296875,0.006504058837890625
29189,cs,-0.1206207275390625,-0.443695068359375,0.9896554946899414,-0.9898433685302734,0.9962377548217773,-0.80340576171875,0.9760818481445312
29236,cs,0.0032358169555664062,-0.02867889404296875,0.9873547554016113,-0.0014047622680664062,0.015192031860351562,-0.246124267578125,0.9929733276367188
29537,cs,0.091400146484375,0.0197601318359375,0.08852386474609375,0.10375213623046875,0.0005605220794677734,-0.8903045654296875,0.9906406402587891
29730,cs,0.9886417388916016,-0.153900146484375,0.04199981689453125,0.07232284545898438,0.008697509765625,0.19266891479492188,0.0302581787109375
29756,cs,7.104873657226562e-05,-0.000942230224609375,0.8751106262207031,-0.003582000732421875,0.9141044616699219,-0.15775299072265625,0.8584938049316406
29766,cs,0.351470947265625,-0.0010023117065429688,0.03515625,-0.0023145675659179688,0.981658935546875,0.003753662109375,0.665771484375
29890,cs,-0.0007572174072265625,0.17529296875,0.9202919006347656,-0.021310806274414062,0.9981756210327148,0.0035600662231445312,0.024501800537109375
29951,cs,0.9898958206176758,0.5061416625976562,0.14731216430664062,0.33455657958984375,0.9871158599853516,0.161865234375,0.9780006408691406
30017,cs,-6.103515625e-05,-0.0029582977294921875,-0.0018415451049804688,-0.006011962890625,0.6121921539306641,-0.17569732666015625,0.9876976013183594
30271,cs,0.6297492980957031,-0.00318145751953125,0.6561279296875,0.0006909370422363281,0.0112762451171875,0.046695709228515625,0.9776058197021484
30275,cs,0.90740966796875,-0.016442298889160156,0.0936279296875,0.02941131591796875,0.263671875,-0.0008487701416015625,0.02838134765625
30289,cs,0.9799861907958984,-0.0049228668212890625,0.9819793701171875,-0.0005779266357421875,0.984375,-0.9071197509765625,0.013446807861328125
30471,cs,0.0012559890747070312,-0.20732498168945312,0.9913663864135742,0.001575469970703125,0.9955711364746094,-0.031246185302734375,0.9115447998046875
31190,cs,0.9207763671875,-0.0037994384765625,0.09502601623535156,-0.42873382568359375,0.007183074951171875,0.00081634521484375,0.7480678558349609
7,go,0.33896636962890625,-0.9543571472167969,0.00107574462890625,-0.030183792114257812,0.9104537963867188,-0.00336456298828125,0.098602294921875
10,go,0.9923076629638672,0.002742767333984375,0.9572525024414062,0.027477264404296875,0.0038843154907226562,0.0006427764892578125,0.0637359619140625
65,go,0.208770751953125,3.719329833984375e-05,0.00691986083984375,0.027062416076660156,0.656982421875,0.000919342041015625,0.5321044921875
112,go,0.9931182861328125,-0.00678253173828125,0.009311676025390625,-0.051975250244140625,0.011684417724609375,-0.03260040283203125,-0.00322723388671875
115,go,0.0037508010864257812,-0.000843048095703125,0.9876337051391602,-0.007282257080078125,0.9647750854492188,0.6124038696289062,0.25107574462890625
131,go,0.007126808166503906,-0.0015087127685546875,0.9922170639038086,0.000865936279296875,0.9913167953491211,-0.8820991516113281,0.9341812133789062
151,go,0.9464988708496094,0.00041961669921875,0.967066764831543,0.0010290145874023438,0.9976117610931396,0.002227783203125,0.9784107208251953
170,go,0.0015578269958496094,0.0010449886322021484,0.9717340469360352,0.0008970499038696289,0.965423583984375,0.00010347366333007812,0.11527061462402344
221,go,0.131591796875,-0.113983154296875,0.2506103515625,0.004154205322265625,0.167755126953125,-0.9766082763671875,0.61041259765625
234,go,0.1100006103515625,-0.012699127197265625,0.09698486328125,-0.0023345947265625,0.06914520263671875,-0.0066680908203125,0.059879302978515625
276,go,0.72265625,0.7197771072387695,0.8328399658203125,-0.0002589225769042969,0.04169464111328125,0.002277374267578125,0.220123291015625
296,go,0.00028634071350097656,0.0055599212646484375,0.9904332160949707,0.0004951953887939453,0.9973139762878418,0.0005474090576171875,0.9870204925537109
316,go,0.0051059722900390625,0.8006038665771484,0.00789642333984375,0.27640724182128906,0.051700592041015625,-0.00164031982421875,-0.25897216796875
338,go,0.9426460266113281,0.01187896728515625,0.3137054443359375,0.0008001327514648438,0.969635009765625,0.008545398712158203,0.09259033203125
342,go,0.312469482421875,-0.014425277709960938,0.9956960678100586,-0.0005512237548828125,0.9923772811889648,-0.6334228515625,0.9468441009521484
398,go,-0.9966638088226318,0.9585895538330078,-0.9219703674316406,0.0006041526794433594,-0.9899883270263672,-0.33048248291015625,0.66534423828125
401,go,-0.2384033203125,0.000240325927734375,0.007369518280029297,0.000614166259765625,0.0684967041015625,-9.1552734375e-05,0.01876068115234375
434,go,0.01718902587890625,0.022353172302246094,0.07408714294433594,-0.19084548950195312,0.995171070098877,-0.00908660888671875,-0.931854248046875
437,go,-0.0005736351013183594,-0.9393301010131836,0.920654296875,0.0010170936584472656,0.9860639572143555,-0.9893159866333008,0.80072021484375
470,go,-0.09185791015625,0.9488773345947266,0.6512279510498047,0.0004897117614746094,0.6750335693359375,-0.00012969970703125,0.011627197265625
482,go,0.6110820770263672,0.0002968311309814453,0.017353057861328125,-0.86474609375,0.8782749176025391,0.00162506103515625,0.7983551025390625
502,go,0.811126708984375,0.9784440994262695,0.9904179573059082,0.8333954811096191,0.9930710792541504,0.9563980102539062,0.9034271240234375
503,go,0.2896728515625,0.0005364418029785156,0.7627944946289062,0.031233787536621094,0.9902372360229492,0.06514739990234375,0.008625507354736328
513,go,0.655548095703125,0.00019788742065429688,0.5521736145019531,0.0005867481231689453,0.018798828125,0.001071929931640625,0.5927104949951172
515,go,0.028229713439941406,0.005306243896484375,0.04666900634765625,0.0005350112915039062,0.9913816452026367,0.000316619873046875,0.034038543701171875
518,go,0.009246826171875,-0.8047676086425781,0.02278614044189453,-0.008962631225585938,-0.1761932373046875,-0.8848724365234375,0.004794120788574219
524,go,0.2945556640625,0.9931738376617432,0.65362548828125,0.1713714599609375,0.9739189147949219,0.0013184547424316406,0.4429931640625
538,go,0.0872802734375,-0.009130477905273438,0.8343048095703125,-0.015316009521484375,0.1463623046875,-0.0018177032470703125,0.2667236328125
571,go,0.020425796508789062,0.0009235143661499023,0.9969272613525391,-0.000293731689453125,0.9603948593139648,0.0011644363403320312,0.8407211303710938
605,go,0.51885986328125,-0.9797439575195312,0.03857421875,0.9972622394561768,0.1146240234375,0.0010433197021484375,0.26513671875
727,go,0.005401611328125,-0.002353668212890625,0.03307342529296875,-0.005239963531494141,0.9890613555908203,0.0015888214111328125,0.0808563232421875
729,go,0.0012288093566894531,0.0028786659240722656,0.90478515625,0.0006256103515625,0.0023088455200195312,-0.3493080139160156,-0.0009517669677734375
746,go,0.1904296875,-0.049236297607421875,0.488525390625,-0.0004062652587890625,0.5408935546875,-0.016803741455078125,0.2171630859375
748,go,0.0771484375,-0.0008673667907714844,0.174560546875,0.0007357597351074219,0.0359039306640625,-0.027050018310546875,-0.466796875
749,go,0.1390380859375,0.0059070587158203125,0.092041015625,0.00023889541625976562,0.144805908203125,0.005859375,0.171142578125
756,go,0.15740966796875,-0.4754791259765625,-0.030517578125,-0.01012420654296875,0.1029052734375,-0.78887939453125,-0.3310546875
774,go,0.8894996643066406,0.0026082992553710938,0.03020191192626953,-0.18462371826171875,0.9829316139221191,-0.704742431640625,0.0022640228271484375
819,go,0.0014495849609375,0.0039899349212646484,0.9974126815795898,0.9901347160339355,0.9935455322265625,0.2851428985595703,0.9834156036376953
854,go,-0.04052734375,-0.002628326416015625,-0.0283203125,0.0005102157592773438,0.0155487060546875,0.0012359619140625,-0.68310546875
857,go,0.9197845458984375,0.0050661563873291016,0.9947900772094727,0.16067886352539062,0.9002532958984375,-0.8479766845703125,0.059356689453125
863,go,-0.000858306884765625,-0.10321235656738281,0.7110595703125,-0.1253509521484375,0.9671707153320312,-0.1430816650390625,0.826202392578125
871,go,-0.12884521484375,0.0009665489196777344,0.00787353515625,0.0009021759033203125,0.00434112548828125,-0.4469795227050781,0.8108406066894531
874,go,0.9676666259765625,-0.0011749267578125,0.9774971008300781,0.0018124580383300781,0.9763832092285156,-0.2442169189453125,0.797027587890625
906,go,0.8825607299804688,0.9865303039550781,0.9784336090087891,0.0005079507827758789,0.9565048217773438,0.66668701171875,0.7608642578125
913,go,-0.0467529296875,0.00017952919006347656,0.00096893310546875,-0.00174713134765625,-0.9662590026855469,-0.014232635498046875,0.002532958984375
975,go,0.0075225830078125,-0.004256248474121094,0.9949874877929688,-0.0038886070251464844,0.2982025146484375,-0.044002532958984375,0.0383148193359375
995,go,0.16082763671875,-0.0034942626953125,0.02639007568359375,0.0034885406494140625,0.3507537841796875,0.019880294799804688,0.1285400390625
1027,go,0.9671173095703125,-0.0248565673828125,0.9951400756835938,0.000690460205078125,0.9973039627075195,-0.013027191162109375,0.9443206787109375
1032,go,-0.01734161376953125,-0.023038864135742188,-0.01721954345703125,0.0005183219909667969,0.0196075439453125,0.0052623748779296875,0.02557373046875
1046,go,0.012319564819335938,0.01898956298828125,0.6429786682128906,0.000156402587890625,0.994746208190918,0.0015687942504882812,0.0020236968994140625
1094,go,0.18048095703125,-0.9878921508789062,0.9966897964477539,-0.00035762786865234375,0.996070384979248,-0.9956445693969727,0.8971958160400391
1120,go,0.03747844696044922,0.014180183410644531,0.4027061462402344,0.8638696670532227,0.2852621078491211,0.006960868835449219,0.1884288787841797
1157,go,0.1055908203125,0.000232696533203125,0.4090576171875,0.0004712343215942383,0.2379150390625,-0.0008745193481445312,0.22149658203125
1163,go,0.995734691619873,0.8690586090087891,0.9961304664611816,0.0001780986785888672,0.9947257041931152,0.8055868148803711,0.9920082092285156
1166,go,-0.0003490447998046875,0.3178977966308594,0.014491081237792969,0.0003743171691894531,0.06587982177734375,0.0006380081176757812,0.9251708984375
1173,go,0.337432861328125,-0.00017833709716796875,0.024091720581054688,-0.6399078369140625,0.03969764709472656,-0.0026397705078125,0.272216796875
1174,go,0.081787109375,-0.7558431625366211,0.05731391906738281,-0.0034265518188476562,0.48291015625,-0.09661483764648438,-0.0164794921875
1177,go,0.084716796875,-0.7661037445068359,-0.3057861328125,-0.995797872543335,0.13818359375,0.9640042781829834,0.192626953125
1179,go,0.0025882720947265625,0.0018978118896484375,0.9849433898925781,0.01770782470703125,0.2346954345703125,0.0012347698211669922,0.06718063354492188
1188,go,0.0966796875,0.9936590194702148,0.4132080078125,-0.0007295608520507812,0.327880859375,0.0023927688598632812,0.0401611328125
1200,go,0.9849624633789062,0.0011730194091796875,0.88299560546875,-0.0009584426879882812,0.995152473449707,0.5717620849609375,0.73443603515625
1207,go,0.221435546875,0.007328033447265625,-0.0162353515625,0.007266998291015625,0.57672119140625,0.09581375122070312,-0.0452880859375
1210,go,0.0017082691192626953,-0.0004734992980957031,0.9947628974914551,0.0266571044921875,0.9829528331756592,-0.022487640380859375,0.0058727264404296875
1225,go,0.400543212890625,0.0013861656188964844,0.9957261085510254,0.0016434192657470703,0.9971518516540527,0.012478351593017578,0.996434211730957
1227,go,0.16314697265625,0.0001277923583984375,0.9225921630859375,0.0007157325744628906,0.058929443359375,-0.0037174224853515625,0.47540283203125
1228,go,-0.9869194030761719,0.0011625289916992188,0.9931764602661133,0.00040721893310546875,0.9953298568725586,0.002243518829345703,0.9883460998535156
1237,go,-0.001373291015625,0.00225067138671875,0.004852294921875,0.0001201629638671875,-0.007720947265625,0.0026712417602539062,0.11673736572265625
1254,go,0.9975433349609375,0.997164249420166,0.9968461990356445,0.00020503997802734375,0.9967160224914551,0.9909195899963379,0.987335205078125
1258,go,-0.9781255722045898,-0.733856201171875,9.059906005859375e-05,0.0006299018859863281,-0.18096160888671875,-0.9894571304321289,0.9938144683837891
1268,go,0.058837890625,0.00760197639465332,0.216796875,0.8500785827636719,0.089599609375,0.0031833648681640625,-0.097412109375
1274,go,0.005448102951049805,0.9628572463989258,0.9852352142333984,0.9863290786743164,0.9960851669311523,0.010711669921875,0.0016803741455078125
1275,go,0.42919921875,0.00568389892578125,0.81634521484375,0.12514972686767578,0.9392852783203125,0.0012979507446289062,0.241455078125
1280,go,-0.0386962890625,-0.9682407379150391,0.9943227767944336,-0.9987423419952393,0.9905662536621094,-0.9886913299560547,0.8976821899414062
1287,go,0.036151885986328125,-0.9219856262207031,0.829620361328125,-0.0004730224609375,0.9972119331359863,-0.017669677734375,0.683319091796875
1288,go,0.9434585571289062,-0.986271858215332,0.02783203125,-0.77801513671875,0.2982177734375,-0.5983085632324219,0.129150390625
1294,go,-0.998842716217041,0.01141357421875,0.0113983154296875,0.8898239135742188,-0.922637939453125,0.0051403045654296875,-0.0003490447998046875
1297,go,0.00048828125,-0.0029697418212890625,0.994598388671875,0.00028514862060546875,0.783966064453125,-0.970611572265625,-0.02318572998046875
1423,go,0.9362268447875977,-0.02954578399658203,0.10695648193359375,-0.000904083251953125,0.23488616943359375,0.0014405250549316406,0.9280586242675781
1434,go,0.0372161865234375,-0.0016207695007324219,0.24462890625,0.00044465065002441406,0.04679107666015625,-0.007282257080078125,0.102783203125
1485,go,-0.0408935546875,-0.007396697998046875,0.4079875946044922,-0.6248321533203125,0.9885778427124023,0.0021262168884277344,0.889312744140625
1492,go,0.139892578125,0.0029420852661132812,0.157958984375,-0.05027198791503906,0.235107421875,0.0024776458740234375,0.105224609375
1515,go,0.119384765625,0.27529144287109375,0.128173828125,0.0033327341079711914,0.1396484375,-0.009765625,0.099853515625
1524,go,0.018646240234375,0.0003981590270996094,0.8621978759765625,7.367134094238281e-05,0.0007877349853515625,-0.0014896392822265625,0.8157958984375
1546,go,0.028429031372070312,-0.9968335628509521,0.0005898475646972656,-0.5584506988525391,0.72955322265625,-0.814910888671875,0.12047195434570312
1565,go,0.000507354736328125,0.0008363723754882812,0.11463069915771484,0.0022821426391601562,0.5845222473144531,0.02911376953125,0.0023398399353027344
1620,go,0.0011074542999267578,0.00010204315185546875,0.8970756530761719,0.004651546478271484,0.004079580307006836,0.008525848388671875,0.033050537109375
1630,go,0.46240234375,0.8755588531494141,0.431640625,0.2343578338623047,0.387451171875,0.7823333740234375,0.43896484375
1704,go,0.9689102172851562,0.9973459243774414,0.9620208740234375,0.9973883628845215,0.9666366577148438,0.01595783233642578,0.2108154296875
1800,go,0.9423503875732422,-0.0032958984375,0.9874706268310547,-0.0019903182983398438,0.9067554473876953,0.0055904388427734375,0.4988059997558594
1810,go,-0.12054443359375,-0.04628753662109375,0.09196281433105469,-0.954986572265625,0.970947265625,-0.062255859375,0.0017108917236328125
1815,go,0.9911670684814453,0.0047762393951416016,0.9889583587646484,0.0003993511199951172,0.996673583984375,0.007227420806884766,0.8196868896484375
1822,go,0.009528160095214844,-0.3393592834472656,0.9390068054199219,-0.008156776428222656,0.025390625,-0.005901336669921875,0.4172019958496094
1842,go,0.4560546875,-0.0008983612060546875,0.9051513671875,-0.024250030517578125,0.9750251770019531,-0.9967207908630371,0.7757568359375
1865,go,0.9980263710021973,0.0008180141448974609,0.9972515106201172,0.9721570014953613,0.9986112117767334,0.004061698913574219,0.9693107604980469
1874,go,-0.0015869140625,0.0008935928344726562,0.9524946212768555,0.0011839866638183594,0.9713401794433594,0.0012302398681640625,0.5411529541015625
1882,go,-0.247314453125,0.015787124633789062,0.907379150390625,-0.8983669281005859,0.9544906616210938,0.9823246002197266,0.426116943359375
1883,go,0.9226226806640625,0.9890527725219727,0.993438720703125,0.004340171813964844,0.9598388671875,0.0025434494018554688,0.917022705078125
1890,go,0.8947296142578125,-0.0011014938354492188,0.8300247192382812,0.0002231597900390625,0.8281669616699219,0.007720947265625,0.10700225830078125
1910,go,-0.5908203125,-0.12133407592773438,0.15948867797851562,0.995736837387085,0.002105712890625,0.8775100708007812,-0.0457763671875
1911,go,0.2332763671875,0.05712127685546875,-0.3404541015625,-0.19476318359375,0.103515625,0.002607583999633789,0.0033102035522460938
1922,go,0.62908935546875,0.9858098030090332,0.9916954040527344,0.9696407318115234,0.60308837890625,0.9079513549804688,0.451171875
1931,go,0.165283203125,0.8711261749267578,0.5526123046875,-0.0001043081283569336,0.05926513671875,0.9341907501220703,0.3890380859375
1938,go,0.00261688232421875,-0.0003170967102050781,-0.013641357421875,-0.00554656982421875,-0.0117950439453125,0.0017375946044921875,0.050537109375
1954,go,0.10693359375,0.3110790252685547,0.9893741607666016,0.8500900268554688,0.5076904296875,0.019433975219726562,0.176025390625
1971,go,0.006845951080322266,0.9820878505706787,0.9940056800842285,0.9409670829772949,0.9965600967407227,0.00041985511779785156,0.11834335327148438
1987,go,0.317108154296875,0.9859609603881836,0.9937171936035156,0.0026040077209472656,0.9934959411621094,0.9881024360656738,0.9944972991943359
1991,go,0.2366943359375,0.00331878662109375,0.9958734512329102,0.0006830692291259766,0.9920406341552734,0.0010771751403808594,-0.23358154296875
1995,go,0.0760498046875,0.0008945465087890625,-0.054443359375,0.0034570693969726562,0.275146484375,0.0028743743896484375,0.066162109375
2006,go,0.21307373046875,0.0003685951232910156,-0.001708984375,-0.08095741271972656,-0.00396728515625,-0.3192138671875,-0.0196533203125
2013,go,0.9849929809570312,0.9806613922119141,0.9892892837524414,0.07686042785644531,0.9953169822692871,0.02880859375,0.9745521545410156
2020,go,0.025966644287109375,0.9702835083007812,0.9821367263793945,0.0018813610076904297,0.9945688247680664,0.0011947154998779297,0.9333267211914062
2022,go,-0.9317150115966797,-0.02555084228515625,-0.059967041015625,-0.9690065383911133,0.305633544921875,0.08639907836914062,-0.049774169921875
2027,go,0.0028676986694335938,0.00013256072998046875,0.9646129608154297,-0.0001468658447265625,0.9914913177490234,-0.0058135986328125,0.8551979064941406
2044,go,0.9519195556640625,0.0003325939178466797,0.0693206787109375,0.00018143653869628906,0.213409423828125,0.0005817413330078125,0.9085693359375
2047,go,0.0054187774658203125,0.000988006591796875,0.9735145568847656,0.0010266304016113281,0.9858512878417969,0.0011444091796875,0.48443603515625
2048,go,0.021795272827148438,0.0075225830078125,0.8860301971435547,0.12135601043701172,0.9924817085266113,0.00102996826171875,0.8464908599853516
2051,go,0.136474609375,-0.013881683349609375,0.55352783203125,4.76837158203125e-05,0.77764892578125,-0.49861907958984375,0.06103515625
2058,go,0.009632110595703125,0.0010172724723815918,0.9951815605163574,0.001245737075805664,0.9815235137939453,0.0007371902465820312,0.16326904296875
2063,go,0.0063018798828125,-0.0009174346923828125,0.9738359451293945,-0.0024175643920898438,0.9563064575195312,0.006931304931640625,0.104827880859375
2095,go,0.005680084228515625,-0.4986114501953125,0.9947595596313477,-0.000621795654296875,0.9880294799804688,0.01712799072265625,0.0858917236328125
2129,go,0.9688835144042969,0.6400909423828125,0.9933223724365234,0.004938244819641113,0.6085433959960938,0.10524368286132812,0.623046875
2134,go,0.0941162109375,0.0552215576171875,0.9375076293945312,-0.5814361572265625,0.909820556640625,0.003265380859375,0.9809455871582031
2144,go,0.021728515625,-0.6360397338867188,0.1639404296875,0.030048370361328125,-0.9546470642089844,-0.3584747314453125,0.37213134765625
2148,go,0.014589309692382812,-0.01548004150390625,0.9796695709228516,-0.08965301513671875,0.978515625,-0.02509307861328125,0.79638671875
2174,go,0.9689140319824219,0.30340576171875,0.7817535400390625,-0.9010963439941406,0.9615287780761719,-0.04381561279296875,0.8364524841308594
2179,go,0.141387939453125,0.000244140625,0.8087158203125,-0.9034194946289062,0.9491796493530273,0.06430816650390625,0.961700439453125
2205,go,0.012341499328613281,-0.1472320556640625,0.9899048805236816,-0.0007781982421875,0.9857625961303711,-0.3455963134765625,0.008756637573242188
2229,go,0.002002716064453125,0.00980997085571289,0.9444351196289062,0.014386177062988281,0.9871730804443359,0.06427001953125,0.1843719482421875
2254,go,0.005915164947509766,0.0018301010131835938,0.9976413249969482,0.0015883445739746094,0.9974212646484375,-0.5288848876953125,0.9879646301269531
2259,go,0.958704948425293,0.9907627105712891,0.9912338256835938,0.00018262863159179688,0.9885568618774414,0.991363525390625,0.9934091567993164
2265,go,-0.064788818359375,-0.0004787445068359375,0.9932856559753418,9.1552734375e-05,0.9874825477600098,-0.8527450561523438,0.13463783264160156
2273,go,0.215576171875,0.0002689361572265625,0.12923431396484375,0.00992727279663086,0.03216552734375,-0.02062225341796875,0.5498199462890625
2277,go,0.20263671875,-0.81988525390625,-0.6470947265625,-0.0020608901977539062,0.3759765625,-0.8897781372070312,-0.396728515625
2279,go,0.9964084625244141,0.9873590469360352,0.9974026679992676,0.19434070587158203,0.9866104125976562,0.0021944046020507812,0.14942550659179688
2286,go,0.0072574615478515625,0.03779792785644531,0.027886390686035156,0.9717729091644287,-0.004029273986816406,0.015134811401367188,0.05078125
2300,go,-0.0056915283203125,-0.9708786010742188,0.5002212524414062,-0.193206787109375,0.0303497314453125,-0.9612827301025391,0.08293914794921875
2304,go,0.043304443359375,0.00011920928955078125,0.9962882995605469,-0.002773284912109375,0.9941349029541016,-0.000347137451171875,0.9692325592041016
2311,go,0.6376953125,0.0001785755157470703,-0.16748046875,0.0004284381866455078,0.9529037475585938,-0.00024890899658203125,0.932830810546875
2318,go,-0.29541015625,-0.07654953002929688,0.9784259796142578,-0.0001964569091796875,0.25128173828125,-0.8319625854492188,0.297607421875
2320,go,0.8223495483398438,0.9659423828125,0.9959721565246582,0.0053253173828125,0.9776973724365234,0.9765071868896484,0.9719009399414062
2327,go,0.03401374816894531,-0.00086212158203125,0.18792724609375,0.930424690246582,0.009825706481933594,0.004522800445556641,-0.27813720703125
2331,go,0.3216552734375,-0.6980323791503906,0.770965576171875,-0.014202117919921875,0.52093505859375,0.0131072998046875,0.263427734375
2342,go,0.3831787109375,-0.9773359298706055,0.46612548828125,-0.002704620361328125,-0.027099609375,-0.0039463043212890625,0.1195068359375
2343,go,0.0672454833984375,0.0005998611450195312,0.0056858062744140625,-0.0005216598510742188,0.44610595703125,-0.0252685546875,0.0264892578125
2355,go,0.0733642578125,0.9937536716461182,0.009160041809082031,0.9977281093597412,0.9901123046875,-0.9971020221710205,0.55853271484375
2362,go,0.2435302734375,0.0199737548828125,0.9959802627563477,-0.9930524826049805,0.9965977668762207,-0.95123291015625,0.9920024871826172
2363,go,0.0352783203125,0.00257110595703125,-0.5894775390625,3.24249267578125e-05,0.0241546630859375,0.8767757415771484,0.0311279296875
2372,go,0.9951033592224121,0.13135337829589844,0.999171257019043,0.8592987060546875,0.9985232353210449,0.039398193359375,0.9917116165161133
2378,go,0.0606231689453125,0.2559165954589844,0.07315826416015625,0.03409004211425781,0.9842205047607422,-0.7934055328369141,0.00102996826171875
2379,go,0.33233642578125,0.0015621185302734375,0.3170623779296875,-0.0013427734375,0.13896465301513672,-0.00194549560546875,0.057147979736328125
2380,go,0.1961669921875,0.008136749267578125,0.01336669921875,0.01467132568359375,0.0177001953125,-0.0540008544921875,0.00611114501953125
2382,go,0.055167198181152344,0.0008945465087890625,0.9962759017944336,0.9957594871520996,0.9845876693725586,-0.8691978454589844,0.9167327880859375
2384,go,0.544677734375,0.9964045286178589,0.77801513671875,0.0024628639221191406,0.845855712890625,0.0017518997192382812,0.529327392578125
2386,go,0.0283355712890625,0.0019073486328125,0.9952669143676758,-0.0254058837890625,0.9523773193359375,-0.4763336181640625,0.4508705139160156
2387,go,0.0017982721328735352,-0.19379806518554688,0.9960155487060547,0.00061798095703125,0.9970159530639648,-0.0029048919677734375,0.842010498046875
2397,go,0.0202178955078125,0.24981689453125,0.6988010406494141,0.0034637451171875,0.14057159423828125,-0.052001953125,0.35323333740234375
2399,go,-0.003177642822265625,-0.21657562255859375,0.134033203125,-4.76837158203125e-05,0.7110595703125,0.00039768218994140625,-0.44580078125
2403,go,-0.026397705078125,-0.001495361328125,0.993931770324707,-0.006107330322265625,-4.38690185546875e-05,-0.35301971435546875,0.2674560546875
2405,go,0.9427452087402344,0.9731330871582031,0.72943115234375,0.993891716003418,0.9929771423339844,0.182373046875,0.6319580078125
2406,go,0.011057376861572266,0.9785528182983398,0.9959721565246582,0.0039004087448120117,0.9982154369354248,0.028106689453125,0.038501739501953125
2408,go,0.016417503356933594,8.58306884765625e-06,0.9965825080871582,0.9899065494537354,0.9971117973327637,-0.035739898681640625,0.9915275573730469
2409,go,0.08465766906738281,0.1299896240234375,0.0535430908203125,0.0001163482666015625,0.4766349792480469,0.0092926025390625,0.08730316162109375
2418,go,0.1531982421875,0.051403045654296875,0.323822021484375,0.002048969268798828,0.9783573150634766,0.1924591064453125,0.1785888671875
2424,go,0.0036153793334960938,-0.008596420288085938,0.010418891906738281,0.8113975524902344,0.398834228515625,-0.7975921630859375,0.0028076171875
2430,go,0.0048828125,-0.00296783447265625,0.1741943359375,0.0026140213012695312,-0.034027099609375,0.00676727294921875,0.033203125
2442,go,0.00748443603515625,-0.0038585662841796875,0.0007143020629882812,0.0001671314239501953,0.72857666015625,3.7670135498046875e-05,0.4273681640625
2444,go,-0.9599151611328125,-0.4351806640625,-0.647430419921875,0.9256281852722168,-0.213623046875,-0.004309654235839844,-0.824462890625
2451,go,-0.8641510009765625,0.9876880645751953,0.9907684326171875,0.016693115234375,0.9962177276611328,-0.0026412010192871094,0.9453048706054688
2453,go,0.66241455078125,0.937713623046875,0.9963693618774414,0.87066650390625,0.9972052574157715,0.0654296875,0.9598960876464844
2458,go,0.35357666015625,-0.1962890625,-0.190185546875,0.9922969341278076,0.110382080078125,0.02342987060546875,0.941070556640625
2462,go,0.00067138671875,-0.09966278076171875,0.04583740234375,0.8868408203125,0.9715194702148438,-0.007354736328125,0.050537109375
2463,go,0.1015625,-0.7703170776367188,0.1185302734375,0.0004143714904785156,0.0534515380859375,-0.051483154296875,-0.0101318359375
2473,go,0.0150146484375,-0.009979248046875,0.4656810760498047,0.9940614700317383,0.9927635192871094,-0.9046211242675781,0.9589996337890625
2492,go,0.01074981689453125,0.9983175992965698,0.9969749450683594,0.0013551712036132812,0.9963746070861816,0.9971680641174316,0.994232177734375
2503,go,-0.432342529296875,0.00244903564453125,0.05718994140625,0.013092041015625,-0.303680419921875,8.58306884765625e-05,-0.057861328125
2507,go,-0.07012939453125,-0.430816650390625,0.009262561798095703,-2.1457672119140625e-06,0.007884979248046875,-0.0075225830078125,0.0040569305419921875
2518,go,0.09130859375,0.01155853271484375,0.037933349609375,0.021001815795898438,0.944976806640625,0.9712753295898438,0.020992279052734375
2568,go,-0.4197998046875,0.7314643859863281,-0.9223175048828125,0.9795746803283691,-0.00782012939453125,0.02215576171875,-0.47991943359375
2572,go,-0.251708984375,0.012874603271484375,-0.2529296875,-0.01209259033203125,0.005615234375,0.9820365905761719,-0.335205078125
2583,go,-0.0247344970703125,-0.7432403564453125,0.9816989898681641,0.00047206878662109375,0.9829435348510742,-0.32317352294921875,0.9241600036621094
2617,go,0.0023584365844726562,0.00247955322265625,0.9968748092651367,-0.007740020751953125,0.9967894554138184,0.357757568359375,0.403411865234375
2629,go,0.50775146484375,0.9616661071777344,0.9931621551513672,0.0628204345703125,0.9854907989501953,0.0012307167053222656,0.98846435546875
2655,go,0.3248558044433594,-0.001117706298828125,0.0013103485107421875,0.0025801658630371094,0.9969406127929688,-0.8271675109863281,0.9157562255859375
2685,go,0.0841064453125,-0.009776592254638672,0.89862060546875,0.9866251945495605,0.5103759765625,-0.9209499359130859,0.20159912109375
2712,go,0.0255279541015625,-0.01222991943359375,0.9570388793945312,-0.365478515625,0.815673828125,-0.0018854141235351562,0.0120849609375
2718,go,0.1566009521484375,-0.0014834403991699219,0.5743408203125,-0.0054340362548828125,-0.000759124755859375,-0.0247344970703125,0.007080078125
2747,go,0.0065765380859375,0.1342315673828125,-0.041015625,0.0039882659912109375,0.02649688720703125,0.9251384735107422,-0.006103515625
2754,go,-0.3649444580078125,-0.16484832763671875,0.20452499389648438,-2.47955322265625e-05,0.0014581680297851562,0.9423675537109375,0.0014247894287109375
2785,go,-0.09912109375,0.00040435791015625,0.1444091796875,-0.013519287109375,-0.000850677490234375,-0.0011434555053710938,0.3402099609375
2797,go,-0.177001953125,-0.0003643035888671875,-0.04314422607421875,-0.0002880096435546875,0.9471588134765625,-0.009555816650390625,-0.8734512329101562
2803,go,0.008008956909179688,-0.17302703857421875,0.9775638580322266,-0.0016307830810546875,0.9774265289306641,0.004475593566894531,0.8191947937011719
2804,go,-0.01361083984375,-0.0006093978881835938,0.419677734375,-0.00040531158447265625,0.107635498046875,3.528594970703125e-05,-0.103515625
2808,go,0.2589111328125,0.00019025802612304688,0.4658203125,0.04913616180419922,0.17724609375,0.0002627372741699219,0.07421875
2890,go,0.48748779296875,0.011058807373046875,0.0506134033203125,0.0020766258239746094,0.527496337890625,0.11435317993164062,0.57861328125
2913,go,0.01318359375,-0.005096435546875,0.116455078125,0.32865142822265625,0.3656005859375,6.604194641113281e-05,0.152099609375
2963,go,-4.76837158203125e-05,0.0003020763397216797,0.9976437091827393,-0.00022363662719726562,0.9976251125335693,-0.00750732421875,0.9825515747070312
2971,go,0.005950927734375,0.9565491676330566,0.018474578857421875,-0.00716400146484375,0.0010390281677246094,-0.0302886962890625,0.177001953125
2974,go,0.000476837158203125,-0.01015472412109375,-0.0215301513671875,-0.005260467529296875,0.9831447601318359,-0.1192626953125,0.34075927734375
2993,go,0.551513671875,0.09770584106445312,0.2161388397216797,1.811981201171875e-05,0.017475128173828125,0.9441967010498047,0.023040771484375
3008,go,-0.02191162109375,-0.9763250350952148,0.276824951171875,-0.9785451889038086,0.091552734375,-0.485260009765625,0.0064697265625
44,java,-0.025634765625,0.258209228515625,-0.872833251953125,0.599365234375,0.9814243316650391,-0.9815769195556641,0.972015380859375
159,java,-0.09228515625,-0.0031375885009765625,0.10400390625,-0.036376953125,0.5245361328125,-0.00559234619140625,0.14794921875
253,java,0.005107879638671875,-0.00667572021484375,0.9682483673095703,0.0027251243591308594,-0.0182037353515625,-0.992286205291748,0.946075439453125
269,java,0.7374267578125,-0.09438323974609375,0.4353809356689453,-0.01399993896484375,0.00152587890625,-0.0199127197265625,0.7254714965820312
407,java,0.10375213623046875,-0.3715057373046875,0.0021543502807617188,-0.04803466796875,0.005748748779296875,-0.386505126953125,0.008235931396484375
441,java,0.001865386962890625,-0.9255647659301758,-0.0063629150390625,0.03974580764770508,-0.1459808349609375,-0.349822998046875,0.065887451171875
451,java,0.002724170684814453,0.0053501129150390625,0.06219482421875,-0.0044097900390625,0.9888601303100586,0.029337406158447266,0.528594970703125
492,java,-0.235931396484375,-0.48333740234375,0.0032644271850585938,-0.021728515625,0.03471088409423828,-0.839508056640625,0.011409759521484375
550,java,0.15966796875,-0.0047760009765625,0.00034809112548828125,0.013580322265625,0.573699951171875,0.00652313232421875,0.022411346435546875
731,java,0.054443359375,-0.3858222961425781,-0.21319580078125,0.0026454925537109375,-0.0692138671875,-0.267822265625,0.47021484375
752,java,-0.00243377685546875,-0.16180419921875,0.9887351989746094,-0.00078582763671875,0.0594024658203125,-0.04071807861328125,0.0304412841796875
792,java,0.05364990234375,0.9781832695007324,0.9940366744995117,0.9874072074890137,0.9925293922424316,0.9441289901733398,0.9208011627197266
907,java,0.8536777496337891,-0.02399444580078125,0.010589599609375,-0.012798309326171875,0.9975013732910156,-0.01644134521484375,0.8110389709472656
945,java,0.9926948547363281,-0.00261688232421875,0.001049041748046875,0.9729275703430176,0.021366119384765625,0.6336479187011719,0.01910400390625
972,java,0.0696563720703125,-0.011243820190429688,0.9909477233886719,0.0065898895263671875,0.9941167831420898,-0.251953125,0.9874916076660156
1059,java,-0.0044097900390625,-0.0034465789794921875,0.011196136474609375,-0.5790557861328125,-0.00713348388671875,-0.5020599365234375,0.0009765625
1123,java,0.146392822265625,-0.0127410888671875,0.4069976806640625,0.019759178161621094,0.15534210205078125,0.00289154052734375,-0.56964111328125
1508,java,0.0015716552734375,-0.8500862121582031,0.00365447998046875,-0.06829833984375,-0.9462738037109375,0.89361572265625,0.0283203125
1516,java,0.05306243896484375,-0.003265380859375,0.9603042602539062,0.12143707275390625,0.3431568145751953,0.033763885498046875,0.8974609375
1571,java,0.015426158905029297,0.0038604736328125,0.001276254653930664,-0.6578693389892578,0.036922454833984375,0.0031023025512695312,-0.000865936279296875
1786,java,-0.542633056640625,-0.9363689422607422,0.00074005126953125,-0.09105682373046875,0.9628105163574219,0.00627899169921875,0.9922294616699219
2040,java,-0.0044708251953125,0.07122802734375,0.9744186401367188,0.613189697265625,0.9899048805236816,0.0167236328125,0.6160564422607422
2114,java,-0.061763763427734375,-0.000766754150390625,0.0006108283996582031,-0.6789169311523438,-0.8806304931640625,-0.8381900787353516,0.9894065856933594
2139,java,0.9957513809204102,0.004512786865234375,0.015546798706054688,0.005169868469238281,0.9974346160888672,0.000457763671875,0.9918575286865234
2143,java,0.20202255249023438,0.0035247802734375,0.5716094970703125,0.0014925003051757812,0.9950342178344727,0.002582550048828125,0.9719944000244141
2218,java,0.20767974853515625,0.9723587036132812,0.12173843383789062,0.1383352279663086,0.795257568359375,0.9911289215087891,0.20556640625
2256,java,-0.816741943359375,-0.10923004150390625,0.765594482421875,0.006254673004150391,0.00519561767578125,0.0074214935302734375,-0.4852294921875
2315,java,-0.03900146484375,-0.0912628173828125,0.1926727294921875,0.0024566650390625,0.971405029296875,-0.0896759033203125,0.1996612548828125
2371,java,0.0028676986694335938,0.000823974609375,0.9771661758422852,-0.001705169677734375,0.18650054931640625,-0.1367340087890625,0.011199951171875
2404,java,0.9593601226806641,-0.1201324462890625,0.16984176635742188,0.0024929046630859375,0.9523849487304688,-0.7583160400390625,0.9848403930664062
2535,java,0.9964780807495117,0.016387939453125,0.9952201843261719,0.0003116130828857422,0.9966421127319336,-0.05835723876953125,0.9916648864746094
2668,java,0.7105598449707031,-0.021015167236328125,0.21588516235351562,-0.0031890869140625,0.9730405807495117,-0.027099609375,0.32329559326171875
2698,java,6.103515625e-05,-0.038593292236328125,0.10097122192382812,0.00508880615234375,-0.11126708984375,-0.8587570190429688,0.96484375
2796,java,0.9971926212310791,-0.018512725830078125,0.00014734268188476562,1.811981201171875e-05,0.9974803924560547,0.0030088424682617188,0.9985165596008301
2801,java,0.9409427642822266,-0.0196075439453125,-0.0176239013671875,0.000514984130859375,0.9890098571777344,-0.05768585205078125,-0.84521484375
2803,java,0.00152587890625,0.00086212158203125,0.004309654235839844,0.0597686767578125,0.02202606201171875,-0.0072021484375,0.9920368194580078
2829,java,0.08637237548828125,-0.03009033203125,0.013589859008789062,-0.0015106201171875,0.9940586090087891,-0.050567626953125,0.9973773956298828
3127,java,-0.9970717430114746,-0.9278068542480469,-0.01715850830078125,0.0037670135498046875,0.17876434326171875,0.0096893310546875,0.014312744140625
3200,java,0.0008263587951660156,-0.0004291534423828125,0.8316993713378906,-0.0032434463500976562,0.9865493774414062,0.000865936279296875,0.9945335388183594
3248,java,0.00162506103515625,-0.128570556640625,-0.00560760498046875,-0.0041351318359375,0.0017895698547363281,-0.023651123046875,0.0594024658203125
3349,java,0.012798309326171875,-7.62939453125e-06,0.0007138252258300781,0.6749954223632812,0.0008740425109863281,0.15327835083007812,0.0060596466064453125
3601,java,0.005390644073486328,-0.1188507080078125,0.004548072814941406,-0.033351898193359375,0.19565963745117188,-0.06118011474609375,0.9332656860351562
3819,java,0.0010154247283935547,0.0014705657958984375,-0.01031494140625,0.001224517822265625,-0.877288818359375,-0.006378173828125,-0.237548828125
3866,java,0.987614631652832,0.3255615234375,0.015042304992675781,-0.040069580078125,0.857513427734375,0.9075546264648438,0.515106201171875
3959,java,0.083892822265625,0.0009391307830810547,0.8802146911621094,0.00034618377685546875,0.9673786163330078,0.0002695322036743164,0.9620351791381836
4166,java,0.0026264190673828125,0.0021715164184570312,0.9672508239746094,0.005761384963989258,0.9700736999511719,0.000202178955078125,0.9441146850585938
4229,java,-0.62457275390625,0.009052276611328125,-0.023590087890625,0.00997161865234375,-0.47605133056640625,0.03508758544921875,-0.0126953125
4431,java,0.02197265625,0.0494842529296875,0.8598175048828125,-0.12232208251953125,0.77825927734375,-0.33184814453125,0.9881782531738281
4471,java,-0.274169921875,-0.0334320068359375,0.003662109375,-0.0158538818359375,0.013580322265625,-0.162811279296875,0.00311279296875
4630,java,0.160400390625,0.9250946044921875,0.6743240356445312,0.8938674926757812,0.9902019500732422,0.8245620727539062,0.51861572265625
4762,java,0.013347625732421875,0.0011315345764160156,0.9940567016601562,0.000530242919921875,0.9943723678588867,0.007248878479003906,0.9898662567138672
4790,java,0.4911651611328125,-0.09768295288085938,0.24706268310546875,-0.00298309326171875,0.7821197509765625,0.0045166015625,0.9977221488952637
4825,java,0.0199432373046875,-0.0012149810791015625,-0.12457275390625,0.0002772808074951172,0.9607505798339844,0.6503829956054688,-0.1097412109375
4944,java,0.01702880859375,-0.6731109619140625,0.8149642944335938,-0.0030612945556640625,0.01229095458984375,-0.3980560302734375,0.0361480712890625
4972,java,-0.00257110595703125,0.00287628173828125,0.9863004684448242,-0.0012054443359375,0.19254684448242188,-0.7958221435546875,0.97186279296875
5087,java,-0.090301513671875,-0.2130126953125,-0.01141357421875,-0.129913330078125,-0.032440185546875,-0.01123046875,0.00754547119140625
5157,java,-0.0200347900390625,0.0884857177734375,-0.005878448486328125,0.0008392333984375,0.9927692413330078,0.01639556884765625,0.9858865737915039
5315,java,-0.064056396484375,0.010745048522949219,-0.41741943359375,-0.0012416839599609375,0.0006389617919921875,0.0009524822235107422,0.00469970703125
5346,java,0.9335784912109375,-0.11615753173828125,0.9940800666809082,0.8546485900878906,0.9973545074462891,0.00339508056640625,0.225341796875
5591,java,0.9550027847290039,-0.007335662841796875,0.0005817413330078125,0.001373291015625,0.9882516860961914,-0.11531829833984375,0.5525970458984375
5883,java,-0.030059814453125,-0.225250244140625,-0.000518798828125,-0.026859283447265625,-0.0013098716735839844,-0.1981658935546875,-0.01055908203125
6091,java,0.005725860595703125,-0.9623126983642578,0.769256591796875,-3.814697265625e-05,0.9959464073181152,0.0027647018432617188,0.31555938720703125
6182,java,0.9922926425933838,-0.00013446807861328125,0.9659366607666016,0.0009355545043945312,0.9606199264526367,-0.0040740966796875,0.9852848052978516
6241,java,0.5376091003417969,0.028095245361328125,0.7002410888671875,-0.012355804443359375,0.8430519104003906,0.22442626953125,0.778076171875
6334,java,0.005533695220947266,0.00426483154296875,-0.002166748046875,0.010496139526367188,0.9705400466918945,0.0074005126953125,0.09525299072265625
6376,java,-0.124053955078125,-0.9681968688964844,0.004852294921875,-0.06229400634765625,0.20947265625,-0.028896331787109375,0.004176139831542969
6558,java,0.01519775390625,0.0047454833984375,0.9681301116943359,0.06843948364257812,0.9774551391601562,-0.9571990966796875,0.9903316497802734
6563,java,0.0013103485107421875,0.0015206336975097656,0.9987246990203857,0.002132892608642578,0.9867744445800781,0.0016279220581054688,0.9942770004272461
6806,java,0.0011928081512451172,0.60418701171875,0.9368133544921875,-0.039886474609375,0.9939994812011719,-0.1514892578125,0.9731483459472656
6834,java,0.002750396728515625,-0.324432373046875,0.9732346534729004,-0.001308441162109375,0.9897031784057617,0.0057239532470703125,0.817596435546875
6916,java,0.03423786163330078,0.8962821960449219,0.06340217590332031,0.001384735107421875,0.9953851699829102,0.0037403106689453125,0.9792633056640625
6927,java,0.055694580078125,-0.018768310546875,0.0843505859375,-0.00991058349609375,0.029998779296875,0.137542724609375,0.008941650390625
7015,java,0.5118408203125,-0.01230621337890625,0.9024505615234375,0.0064716339111328125,0.513671875,0.004207611083984375,0.696533203125
7120,java,0.013916015625,-0.02667236328125,0.9809188842773438,-0.0430145263671875,0.9972071647644043,0.10240554809570312,0.9837245941162109
7379,java,0.05029296875,-0.17748260498046875,-0.01123046875,-0.00164794921875,0.9920368194580078,-0.00775146484375,-0.2427978515625
7434,java,0.9757890701293945,0.01328134536743164,0.9811172485351562,0.007699370384216309,0.92816162109375,0.975316047668457,0.8429489135742188
7460,java,-4.76837158203125e-05,-0.01627349853515625,0.9944543838500977,0.0026044845581054688,0.8667144775390625,0.002979278564453125,0.9134798049926758
7565,java,0.030239105224609375,-0.00321197509765625,0.0036573410034179688,0.001514434814453125,0.0012652873992919922,-0.009134292602539062,0.151824951171875
7744,java,0.17987060546875,-0.9607009887695312,0.008819580078125,0.0037393569946289062,0.00490570068359375,0.4140625,-0.696044921875
7768,java,0.0016307830810546875,-0.0163726806640625,0.02651214599609375,-0.11893463134765625,-0.8294601440429688,-0.021335601806640625,0.00954437255859375
7782,java,0.9857406616210938,0.9939351081848145,0.9889450073242188,9.083747863769531e-05,0.9949235916137695,9.679794311523438e-05,-0.018310546875
7929,java,0.9976358413696289,-0.05025482177734375,0.14113235473632812,0.0037832260131835938,0.9590377807617188,0.01672077178955078,0.9903545379638672
8020,java,0.9932265281677246,-0.0011692047119140625,-0.0032825469970703125,0.0024385452270507812,0.6796875,0.005740642547607422,0.48508453369140625
8121,java,-0.0011301040649414062,0.0004901885986328125,0.0174407958984375,0.9611153602600098,0.0010657310485839844,0.004993438720703125,0.050464630126953125
8139,java,0.004474639892578125,-0.0545196533203125,0.965240478515625,-0.06723785400390625,0.0010929107666015625,-0.149566650390625,-0.01312255859375
8180,java,-0.0011138916015625,-0.7436370849609375,0.9858016967773438,0.006683349609375,0.0554351806640625,-0.9945516586303711,0.9963350296020508
8221,java,0.4401397705078125,-0.0006961822509765625,0.109100341796875,-0.001102447509765625,0.636474609375,0.001674652099609375,-0.2452392578125
8487,java,-0.9276275634765625,0.005767822265625,0.019168853759765625,-0.0106048583984375,0.0061187744140625,-0.9807586669921875,-0.807342529296875
8522,java,0.1282958984375,-0.14971923828125,0.0006012916564941406,-0.9313011169433594,0.8317718505859375,-0.7358932495117188,0.9940567016601562
8525,java,0.9514942169189453,0.0140380859375,0.9928112030029297,0.07647705078125,0.9956803321838379,0.005810737609863281,0.9854393005371094
8614,java,0.01352691650390625,-0.178070068359375,0.34283447265625,0.0021724700927734375,0.3275604248046875,-0.01468658447265625,0.054931640625
8686,java,0.9294300079345703,-0.019847869873046875,0.8414230346679688,0.013153076171875,0.9742794036865234,-0.00051116943359375,0.8933429718017578
8755,java,0.003966093063354492,0.0028095245361328125,0.014017105102539062,0.0008440017700195312,0.9956088066101074,0.0003662109375,0.9194793701171875
8767,java,0.027069091796875,-0.01097869873046875,0.9790706634521484,-0.045444488525390625,-0.0001010894775390625,-0.53515625,0.704620361328125
8793,java,-0.0011043548583984375,-0.001491546630859375,0.033294677734375,0.0007605552673339844,0.003483295440673828,0.0009002685546875,0.9878730773925781
8796,java,0.12933349609375,-0.8350582122802734,0.024799346923828125,0.000396728515625,0.45806884765625,-0.014270782470703125,0.873748779296875
8833,java,0.0006644725799560547,-0.13970947265625,0.0010519027709960938,0.00333404541015625,0.032238006591796875,-0.33818817138671875,0.9738006591796875
8922,java,0.646697998046875,-0.0022678375244140625,0.000518798828125,-0.1633758544921875,0.022733688354492188,0.6371917724609375,0.0072383880615234375
8964,java,0.004937171936035156,-0.19255828857421875,0.9905376434326172,-0.31038665771484375,0.9967184066772461,-0.6103515625,0.9916210174560547
8985,java,0.01929473876953125,0.00421142578125,0.9084358215332031,-0.896240234375,0.408203125,-3.814697265625e-05,0.9968404769897461
9194,java,0.1781005859375,-0.0029625892639160156,0.00012254714965820312,0.06285476684570312,0.01021575927734375,0.9699668884277344,0.3875541687011719
9274,java,0.6853294372558594,0.12238311767578125,0.9491043090820312,0.002902984619140625,0.9602251052856445,0.02082061767578125,0.9549369812011719
9389,java,-0.154388427734375,-0.66162109375,0.9124221801757812,-0.01952362060546875,0.9924983978271484,0.04431915283203125,0.9917469024658203
9480,java,0.12060546875,0.0005578994750976562,0.017370223999023438,-0.00377655029296875,0.9937701225280762,0.0026674270629882812,0.9944624900817871
9513,java,0.584259033203125,0.007526397705078125,0.09844970703125,0.0011816024780273438,0.5426025390625,-0.5219802856445312,0.55426025390625
9522,java,0.086669921875,-0.10137367248535156,0.9928479194641113,0.003200054168701172,0.9804534912109375,-0.05926513671875,0.12457275390625
9528,java,-0.483428955078125,0.023830175399780273,0.69537353515625,0.06894111633300781,0.47119140625,-0.0244598388671875,-0.037261962890625
9587,java,0.00213623046875,-0.339324951171875,0.0006437301635742188,0.9341154098510742,-0.9465255737304688,-0.9915733337402344,0.9900970458984375
9960,java,-0.9225311279296875,-0.0017938613891601562,-0.00750732421875,0.002870321273803711,0.9791450500488281,0.004565238952636719,0.216552734375
10067,java,-7.62939453125e-05,-0.192138671875,-0.748504638671875,-0.0077838897705078125,0.4864959716796875,-0.003631591796875,0.9751625061035156
10072,java,0.0045528411865234375,-0.117584228515625,0.02475738525390625,0.001552581787109375,0.26173973083496094,0.004566192626953125,0.0050678253173828125
10147,java,0.021732330322265625,0.089508056640625,0.9925441741943359,0.0046844482421875,0.9864044189453125,0.027984619140625,0.0218505859375
10293,java,0.0033626556396484375,0.000865936279296875,0.025051116943359375,0.20160484313964844,0.0038204193115234375,0.8673019409179688,0.0233612060546875
10305,java,-0.1849365234375,-0.6462249755859375,0.8858394622802734,-0.52679443359375,0.9891319274902344,0.05268096923828125,-0.01940155029296875
10342,java,-0.68804931640625,0.9333915710449219,0.9682331085205078,0.013916015625,-0.945220947265625,0.03125,0.8796348571777344
10355,java,-0.001953125,0.0034093856811523438,0.0898895263671875,7.82012939453125e-05,0.5731430053710938,-0.0045833587646484375,0.036834716796875
10373,java,0.28228759765625,0.782623291015625,0.21038818359375,-0.1930694580078125,0.8626556396484375,-0.2704620361328125,0.71160888671875
10421,java,0.011962890625,0.001155853271484375,-0.00027179718017578125,0.005901336669921875,0.0095672607421875,0.0121307373046875,0.0016603469848632812
10515,java,-0.591552734375,-0.0063190460205078125,8.392333984375e-05,-0.000347137451171875,-0.0178680419921875,-0.43735504150390625,0.01816558837890625
10643,java,0.45623779296875,0.0073394775390625,0.8840179443359375,0.015813827514648438,0.9783382415771484,0.19718551635742188,0.9980082511901855
10900,java,0.795262336730957,0.00525665283203125,0.114166259765625,0.0032033920288085938,0.9932036399841309,0.003589630126953125,0.9939708709716797
10926,java,0.2422027587890625,0.0006923675537109375,0.6562519073486328,0.0024509429931640625,0.04388618469238281,-0.00066375732421875,0.0045223236083984375
11189,java,0.00186920166015625,-0.2122802734375,-0.0076961517333984375,-0.9723286628723145,-0.5235595703125,-0.9940223693847656,0.8824310302734375
11310,java,0.2048797607421875,-0.0062713623046875,0.0329437255859375,0.0063037872314453125,0.017974853515625,-0.00699615478515625,0.095947265625
11548,java,0.9575710296630859,0.0027332305908203125,0.6429595947265625,0.001064300537109375,0.9969983100891113,0.003444671630859375,0.9871006011962891
11621,java,-0.003662109375,-0.2990875244140625,0.001728057861328125,-0.011425018310546875,0.2589263916015625,0.00341796875,-0.0133056640625
11868,java,-0.9857978820800781,-0.4898681640625,0.612548828125,-0.9676551818847656,-0.6164150238037109,-0.001857757568359375,0.4544830322265625
11993,java,-0.506866455078125,-0.019744873046875,0.19838714599609375,-0.0231170654296875,0.13162994384765625,-0.0496063232421875,0.09100341796875
12149,java,0.004145979881286621,-0.01895904541015625,0.9961667060852051,0.023702621459960938,0.9961578845977783,0.0248260498046875,0.9940671920776367
12183,java,0.405120849609375,0.001251220703125,0.008342742919921875,0.001178741455078125,0.015825271606445312,0.003673553466796875,0.03778076171875
12259,java,-0.000152587890625,-0.00505828857421875,0.040233612060546875,0.00542449951171875,0.007878303527832031,0.018646240234375,0.0052547454833984375
12616,java,0.9969491958618164,-0.008087158203125,0.9398641586303711,-0.010833740234375,0.9966907501220703,0.9849100112915039,0.72601318359375
12630,java,0.7947845458984375,-0.0015211105346679688,0.0018930435180664062,-0.0013065338134765625,0.9874782562255859,-0.00070953369140625,-0.004840850830078125
12655,java,0.8883209228515625,0.0540771484375,0.599609375,0.22713088989257812,0.9854393005371094,-0.00666046142578125,0.6424560546875
12904,java,-0.0003726482391357422,-0.15960693359375,0.010342597961425781,-0.00247955322265625,0.027130126953125,-0.9777431488037109,0.9956555366516113
12961,java,8.392333984375e-05,-0.01010894775390625,0.34299468994140625,0.0093231201171875,0.589599609375,-0.006961822509765625,0.085693359375
12965,java,0.9859342575073242,0.009051322937011719,-0.041259765625,-0.0341796875,-0.9354400634765625,0.08282470703125,0.091766357421875
13031,java,0.00701904296875,-0.11041259765625,0.09102630615234375,0.045378684997558594,0.2548198699951172,-0.026092529296875,-0.00074005126953125
13082,java,0.982630729675293,-0.0015964508056640625,0.00033473968505859375,-0.00708770751953125,0.0464324951171875,-0.0101165771484375,-0.048614501953125
13219,java,0.9883198738098145,0.00885772705078125,0.9859619140625,0.0065460205078125,0.9956068992614746,0.00118255615234375,0.9910678863525391
13593,java,0.013372421264648438,-0.000156402587890625,0.8896026611328125,-0.004170417785644531,0.4336700439453125,0.004952430725097656,0.01226806640625
13668,java,0.6536941528320312,-0.5142822265625,0.2699737548828125,-0.02938079833984375,0.9981527328491211,-0.15065765380859375,0.9917306900024414
13784,java,0.02278423309326172,0.00583648681640625,0.0475006103515625,0.15844345092773438,0.9461755752563477,-0.09130859375,0.9253654479980469
13802,java,0.004293203353881836,0.00923919677734375,-0.8740234375,-0.8701362609863281,0.6056747436523438,0.04895782470703125,0.015996932983398438
13839,java,0.04557037353515625,-0.15716171264648438,0.6267051696777344,-0.054256439208984375,0.9960403442382812,-0.00260162353515625,0.8021087646484375
13862,java,0.26882171630859375,0.006378173828125,0.00257110595703125,0.0009388923645019531,0.9849843978881836,0.6743011474609375,0.16288375854492188
13910,java,0.0006008148193359375,-0.0527191162109375,0.059764862060546875,-0.0013885498046875,0.8812198638916016,-0.305419921875,0.9957132339477539
13998,java,0.0015277862548828125,-0.10150146484375,0.8531246185302734,-0.020172119140625,0.03115367889404297,-0.4202423095703125,0.000713348388671875
14244,java,-0.8633880615234375,0.3473663330078125,0.4163055419921875,0.00495147705078125,0.8448486328125,-0.059478759765625,0.9337310791015625
14439,java,0.07328128814697266,-0.11392593383789062,-0.00476837158203125,0.35841941833496094,0.9971604347229004,-0.034587860107421875,0.00025177001953125
14443,java,0.9936237335205078,-0.43372344970703125,0.00060272216796875,-0.0414886474609375,0.9877605438232422,-0.61712646484375,0.03177642822265625
14445,java,0.00689697265625,-0.0011653900146484375,-2.47955322265625e-05,0.004978179931640625,0.738983154296875,-0.013824462890625,0.9944744110107422
14552,java,0.9766693115234375,-0.05626678466796875,0.980194091796875,-0.00511932373046875,0.6572265625,-0.0006809234619140625,0.744354248046875
14563,java,0.0057220458984375,-0.00052642822265625,0.9862813949584961,-0.016391754150390625,0.9903483390808105,-0.131683349609375,0.9931888580322266
14791,java,-0.071044921875,-0.7977447509765625,-0.039794921875,-0.114593505859375,0.9769973754882812,-0.9861993789672852,0.9923124313354492
15062,java,0.0027457475662231445,-0.06149768829345703,0.9948644638061523,0.001720428466796875,0.009041190147399902,-0.8506412506103516,0.6714534759521484
15077,java,0.0008635520935058594,-0.16500473022460938,0.8777284622192383,-0.11362457275390625,0.84014892578125,0.04254150390625,-0.146728515625
15153,java,0.1298980712890625,0.017200469970703125,0.008254051208496094,-0.9759140014648438,0.5516319274902344,-0.05263519287109375,-0.0376739501953125
15471,java,0.009171485900878906,-0.023836135864257812,0.0002079010009765625,0.8388996124267578,0.00048732757568359375,0.0040683746337890625,0.721954345703125
15505,java,0.68743896484375,0.9902200698852539,0.9194488525390625,0.9349784851074219,0.9573249816894531,0.9693260192871094,0.88275146484375
15536,java,0.010524749755859375,-0.001735687255859375,-0.00305938720703125,0.00542449951171875,0.99127197265625,0.003108978271484375,0.092132568359375
15564,java,0.007068634033203125,-0.0421905517578125,0.17347335815429688,-0.02887725830078125,0.9508295059204102,0.004137992858886719,0.8805656433105469
15673,java,0.0153350830078125,0.14783096313476562,0.0034275054931640625,0.0898284912109375,0.9450531005859375,-0.01214599609375,0.355865478515625
15696,java,0.2355804443359375,-0.0965728759765625,0.9293365478515625,0.004609107971191406,0.466888427734375,-0.1990509033203125,0.010622978210449219
15798,java,0.9323844909667969,-0.047977447509765625,0.82354736328125,0.0007791519165039062,0.9916009902954102,-0.053558349609375,0.9746189117431641
16088,java,-0.28887939453125,-0.0869140625,0.2044830322265625,-0.7772140502929688,0.03118896484375,-0.9641590118408203,0.2882080078125
16189,java,0.004604339599609375,-0.000331878662109375,0.9167938232421875,0.028745651245117188,0.9927754402160645,0.0016341209411621094,0.9975829124450684
16278,java,0.089996337890625,0.008270263671875,0.010831832885742188,0.9558658599853516,0.050811767578125,0.0439605712890625,0.9851264953613281
16399,java,0.0003910064697265625,-0.7432842254638672,0.226226806640625,-0.09197998046875,0.981968879699707,-0.030544281005859375,0.2559833526611328
16447,java,0.0006246566772460938,-0.311431884765625,0.06406402587890625,-0.050506591796875,-0.9754428863525391,-0.118316650390625,0.9804573059082031
16581,java,0.0012722015380859375,-0.2592048645019531,0.012987136840820312,0.001155853271484375,0.012462615966796875,-0.01605987548828125,0.33197021484375
16589,java,0.9157829284667969,0.05504035949707031,0.4584465026855469,0.0018739700317382812,0.9530258178710938,-0.062469482421875,0.06150054931640625
16610,java,0.653961181640625,-0.491973876953125,0.02899169921875,-0.1441650390625,0.350067138671875,-0.576507568359375,0.761810302734375
16621,java,0.126068115234375,0.0262908935546875,0.00078582763671875,0.0010973215103149414,0.00041866302490234375,0.017055511474609375,0.015344619750976562
16729,java,0.2080078125,-0.011442184448242188,-0.5775146484375,-0.002182483673095703,0.9968557357788086,-0.4083404541015625,0.854400634765625
16906,java,-0.23553466796875,-0.009057998657226562,0.002445220947265625,0.0001277923583984375,0.016692161560058594,0.0038175582885742188,0.9976522922515869
17162,java,-0.06304931640625,0.009799957275390625,0.9928798675537109,0.06247711181640625,0.877166748046875,-0.01885986328125,0.140625
17314,java,0.04745292663574219,-0.7630691528320312,0.924652099609375,-0.007568359375,0.94183349609375,-0.63385009765625,0.9930648803710938
17410,java,0.0011839866638183594,0.003833770751953125,0.972808837890625,0.008645057678222656,0.9888467788696289,-0.08358001708984375,0.08766746520996094
17420,java,0.0023860931396484375,0.005101680755615234,0.86669921875,-0.009614944458007812,0.9828109741210938,0.0037212371826171875,0.9910945892333984
17470,java,0.0045318603515625,-0.0073699951171875,0.00034618377685546875,0.01239776611328125,0.09160614013671875,-0.875244140625,0.3452491760253906
17476,java,0.6454524993896484,-0.8388633728027344,0.00716400146484375,-0.4487190246582031,0.467681884765625,0.002716064453125,0.9828357696533203
17487,java,0.0072345733642578125,-0.040740966796875,0.008298873901367188,0.0404815673828125,0.0940399169921875,0.0234222412109375,0.487762451171875
17635,java,0.03180122375488281,0.24349212646484375,8.869171142578125e-05,-0.007633209228515625,0.993715763092041,0.1326751708984375,0.045436859130859375
17687,java,0.9422426223754883,0.00809478759765625,0.013104438781738281,0.003334522247314453,0.03623390197753906,-0.3978271484375,0.9860033988952637
17966,java,-3.814697265625e-06,-0.01639556884765625,0.9440994262695312,-0.09869384765625,0.9874105453491211,-0.011547088623046875,-0.20465087890625
18046,java,0.8346786499023438,-0.0265655517578125,0.8468017578125,0.001093149185180664,0.8922805786132812,0.004176139831542969,0.8024444580078125
18078,java,0.0007877349853515625,0.001366734504699707,0.981348991394043,-0.029558181762695312,0.9064254760742188,0.0017900466918945312,0.987274169921875
18146,java,0.103363037109375,-0.05498504638671875,0.9971575736999512,0.0092620849609375,0.91082763671875,-0.013824462890625,0.91351318359375
18180,java,0.9969792366027832,0.5620498657226562,0.15484619140625,0.9935908317565918,0.9931764602661133,0.9504508972167969,0.98895263671875
18205,java,0.6822280883789062,0.6309528350830078,0.9974870681762695,0.10194015502929688,0.9941883087158203,0.010955810546875,0.9898090362548828
18431,java,0.9179630279541016,-0.001659393310546875,0.0001666545867919922,-0.00666046142578125,-0.03255462646484375,0.0033087730407714844,0.02150726318359375
18838,java,-0.9921150207519531,-0.0020122528076171875,0.4500274658203125,-0.8893852233886719,0.9917416572570801,0.00142669677734375,0.938720703125
18994,java,-0.0004100799560546875,0.014240264892578125,0.798553466796875,1.9073486328125e-05,0.9927482604980469,-0.5637435913085938,0.9908580780029297
19035,java,0.1425018310546875,-0.9976260662078857,0.9335727691650391,0.0014895200729370117,0.9800615310668945,0.0009944438934326172,0.61737060546875
19083,java,0.0028228759765625,0.0673980712890625,0.6147346496582031,0.00984954833984375,0.9931936264038086,0.02886962890625,0.2294921875
19093,java,0.017031192779541016,0.9143896102905273,0.9952874183654785,0.31536865234375,0.9768562316894531,0.256072998046875,0.9710693359375
19192,java,0.9503841400146484,0.1448211669921875,0.9211845397949219,0.03234672546386719,0.00044023990631103516,-0.0217437744140625,0.9968705177307129
19280,java,0.009347915649414062,0.01477813720703125,0.0013723373413085938,-0.012937545776367188,-0.287353515625,-0.9693279266357422,0.0167999267578125
19437,java,-0.025390625,-0.7039642333984375,0.988037109375,-0.7760009765625,0.010930061340332031,-0.828582763671875,0.005115509033203125
77,js,-0.52899169921875,0.06730079650878906,0.46258544921875,-0.9492931365966797,-0.9406051635742188,-0.9012603759765625,0.19775390625
121,js,0.2701416015625,-0.02301788330078125,0.4441070556640625,0.14126205444335938,0.9901809692382812,0.0024938583374023438,0.002696990966796875
305,js,0.9354562759399414,0.0025396347045898438,0.996727466583252,0.00629425048828125,0.9979081153869629,0.9413356781005859,0.9941916465759277
432,js,0.9913215637207031,-0.0014371871948242188,0.9740767478942871,0.004247903823852539,0.9977490901947021,-0.024932861328125,0.9416713714599609
502,js,-0.1392059326171875,0.0009870529174804688,0.9623661041259766,0.1166839599609375,0.003406524658203125,0.0014295578002929688,0.9907913208007812
613,js,0.9833946228027344,-0.9948744773864746,0.05560302734375,0.0011749267578125,0.03310108184814453,0.28857421875,0.9824924468994141
815,js,0.9748153686523438,0.00148773193359375,0.013410568237304688,-0.0407257080078125,0.9929647445678711,0.00096893310546875,0.9841632843017578
871,js,0.1464710235595703,0.0004322528839111328,0.4102020263671875,0.02025604248046875,0.4852180480957031,0.005893707275390625,0.068603515625
951,js,0.20166015625,0.001739501953125,0.137115478515625,0.13446807861328125,0.4210491180419922,-0.476470947265625,0.9914360046386719
1923,js,0.04605865478515625,-0.9330730438232422,-0.045684814453125,-0.10713386535644531,0.017930984497070312,-0.00849151611328125,0.90325927734375
2485,js,0.9789447784423828,-0.1963043212890625,0.0005064010620117188,-0.9512538909912109,0.14875411987304688,-0.87744140625,0.0870819091796875
3024,js,-0.2337646484375,-0.04595947265625,0.6276397705078125,-0.029052734375,0.9938144683837891,-0.210235595703125,0.9569625854492188
3027,js,0.0019545555114746094,-0.31925201416015625,0.000946044921875,-0.006359100341796875,0.9553012847900391,-0.2317352294921875,0.7575149536132812
3155,js,0.18819808959960938,0.712031364440918,0.3016204833984375,0.000896453857421875,0.0184783935546875,0.014129638671875,0.9821052551269531
3433,js,0.9864797592163086,0.00545501708984375,0.9967305660247803,0.004407644271850586,0.9658474922180176,0.08525848388671875,0.0051727294921875
3604,js,0.009284019470214844,-0.9829864501953125,0.32924652099609375,0.802947998046875,0.9855937957763672,0.2147216796875,0.0189208984375
4016,js,0.002841472625732422,0.001705169677734375,0.8839607238769531,0.021129608154296875,0.9982006549835205,0.503814697265625,-0.29815673828125
4368,js,0.9945278167724609,-0.0229339599609375,0.9965438842773438,6.4849853515625e-05,0.1386871337890625,-0.14642333984375,-0.014892578125
4412,js,0.9834442138671875,-0.7816486358642578,-5.91278076171875e-05,-0.121002197265625,0.9957962036132812,0.02989959716796875,0.6262130737304688
4510,js,0.6730155944824219,-0.064239501953125,0.00634765625,0.003448963165283203,0.7001762390136719,0.02124786376953125,0.0841064453125
4885,js,-0.0041656494140625,-0.04645538330078125,0.9793434143066406,0.00251007080078125,0.708099365234375,-0.8815574645996094,0.027765274047851562
4918,js,0.9894027709960938,0.01148223876953125,0.9917998313903809,0.00922393798828125,0.9908132553100586,-0.193634033203125,0.9571990966796875
5132,js,0.0015790462493896484,-0.003406524658203125,0.4535713195800781,0.9489078521728516,0.994910717010498,-0.000782012939453125,0.8682479858398438
5144,js,0.02349853515625,-0.015615463256835938,0.45578765869140625,0.5724382400512695,0.333587646484375,0.04961395263671875,0.871978759765625
5639,js,0.6639404296875,-0.005530357360839844,0.7047882080078125,-0.001132965087890625,-0.01885986328125,-0.0002727508544921875,0.008213043212890625
5736,js,-0.00262451171875,0.08298492431640625,0.001861572265625,0.0011444091796875,0.9754600524902344,0.0612945556640625,0.823883056640625
5757,js,0.155029296875,-0.001270294189453125,0.15283203125,-0.174591064453125,0.142333984375,0.02911376953125,0.0908203125
6081,js,0.3168182373046875,-0.0151214599609375,0.05322265625,-0.812408447265625,0.02466583251953125,0.037830352783203125,0.938323974609375
6174,js,0.02197265625,-0.0095367431640625,0.9912290573120117,0.006369113922119141,0.997955322265625,0.00057220458984375,0.129913330078125
6517,js,0.6892814636230469,-0.000278472900390625,-0.548370361328125,0.003988742828369141,0.9941701889038086,0.0017337799072265625,0.051971435546875
6876,js,0.084259033203125,0.0012664794921875,0.0008153915405273438,0.016759872436523438,0.9564714431762695,0.03087615966796875,0.9716148376464844
6985,js,0.0058498382568359375,0.000652313232421875,0.9925403594970703,0.011877059936523438,0.07173347473144531,-0.10224151611328125,0.49072265625
7250,js,0.003692626953125,-0.011962890625,0.0010976791381835938,0.00264739990234375,0.14711761474609375,-0.133331298828125,0.9734649658203125
7261,js,0.9363059997558594,-0.4235992431640625,0.25238037109375,-0.5425491333007812,0.004390716552734375,0.000690460205078125,0.6229400634765625
7355,js,-0.027202606201171875,-0.008758544921875,0.9185791015625,0.022037506103515625,0.04256439208984375,0.00634002685546875,0.32375335693359375
7960,js,0.054443359375,0.016862869262695312,0.07000732421875,0.0001506805419921875,0.921600341796875,0.0011115074157714844,0.8560638427734375
8063,js,0.002841949462890625,0.000560760498046875,0.9954347610473633,0.0004405975341796875,0.9921622276306152,0.00519561767578125,0.9929637908935547
8116,js,0.0204315185546875,-0.08849334716796875,0.0031585693359375,0.00022554397583007812,0.9098033905029297,-0.0010242462158203125,0.00713348388671875
8174,js,-0.1148681640625,-0.06896209716796875,0.9686698913574219,-0.03166961669921875,0.9957847595214844,-0.0262298583984375,0.716552734375
8349,js,0.025287628173828125,-0.0019283294677734375,0.02445220947265625,-0.010833740234375,0.9876518249511719,-0.02458953857421875,0.9957475662231445
8630,js,0.005764007568359375,0.0027942657470703125,0.0051670074462890625,3.814697265625e-05,-0.000743865966796875,-0.0326385498046875,0.8231964111328125
8672,js,0.9882688522338867,-0.0046749114990234375,0.019796371459960938,0.04598426818847656,0.9870243072509766,-0.007946014404296875,0.005520820617675781
8779,js,0.9967210292816162,0.00030994415283203125,0.2117919921875,0.04877424240112305,0.9921407699584961,0.9833989143371582,0.0058231353759765625
9378,js,0.125732421875,0.052825927734375,-0.38250732421875,-0.04694366455078125,0.5856971740722656,-0.0078887939453125,0.96783447265625
9557,js,0.005166530609130859,0.910954475402832,0.9064102172851562,0.01607036590576172,0.9598121643066406,0.05181884765625,-0.1434326171875
9599,js,0.914947509765625,-0.0036487579345703125,0.2769508361816406,0.0005650520324707031,0.9933481216430664,-0.9941799640655518,-0.9874687194824219
10097,js,0.018218994140625,0.018459320068359375,-0.5982666015625,-0.0379791259765625,0.995612621307373,-0.0121307373046875,0.7899169921875
10487,js,0.9048271179199219,0.00366973876953125,0.9742240905761719,0.0904083251953125,0.5020484924316406,0.0397491455078125,0.627410888671875
10553,js,0.9848060607910156,-0.9379444122314453,0.8929977416992188,0.02718353271484375,0.9906711578369141,-0.8746070861816406,0.9888343811035156
10573,js,0.6949005126953125,-0.9134864807128906,0.009427070617675781,0.0016632080078125,0.991520881652832,0.0210723876953125,0.007755279541015625
10783,js,0.0018596649169921875,0.0008778572082519531,0.014856338500976562,0.020450592041015625,0.7360210418701172,0.021068572998046875,0.9362058639526367
11171,js,0.12518310546875,-0.00667572021484375,0.0022301673889160156,-0.1302337646484375,0.9946417808532715,-0.064239501953125,0.6607818603515625
11217,js,0.8146343231201172,-0.794219970703125,0.01203155517578125,0.05577421188354492,0.9594049453735352,-7.62939453125e-05,0.03185844421386719
11349,js,0.0047607421875,0.0029735565185546875,0.1096649169921875,-0.0103912353515625,0.9912014007568359,0.001251220703125,0.00556182861328125
11629,js,0.4643211364746094,-0.004387855529785156,0.0011701583862304688,0.01134347915649414,0.9930686950683594,0.024387359619140625,0.9127349853515625
11713,js,-0.162841796875,-0.019433975219726562,0.3763427734375,-0.0006875991821289062,0.9931154251098633,0.009204387664794922,0.9878273010253906
12545,js,0.022518157958984375,0.0030813217163085938,0.8748207092285156,-0.01062774658203125,0.005955696105957031,0.0035581588745117188,0.9965314865112305
12904,js,0.45758056640625,0.00506591796875,0.005767822265625,0.0030984878540039062,-0.05535125732421875,0.49922943115234375,0.251708984375
12942,js,-0.806396484375,-0.1215057373046875,0.236328125,0.52862548828125,0.3218994140625,-0.004810333251953125,-0.46527099609375
12947,js,0.9612274169921875,0.3481740951538086,0.1302490234375,0.003633737564086914,0.047458648681640625,0.3690519332885742,-0.00439453125
12989,js,0.0009021759033203125,-0.9406671524047852,0.8326873779296875,-0.1319122314453125,0.9776554107666016,-0.8510513305664062,0.5476913452148438
13040,js,0.3761157989501953,-0.013669967651367188,0.848907470703125,0.0047321319580078125,0.9957675933837891,-0.02413177490234375,0.062652587890625
13215,js,0.069610595703125,0.3227062225341797,0.9900522232055664,0.00344085693359375,0.9307289123535156,0.14735031127929688,0.984771728515625
13323,js,0.9719223976135254,-0.0011138916015625,0.7297019958496094,-0.0031681060791015625,0.9808902740478516,-0.37366485595703125,0.82183837890625
13364,js,0.356689453125,0.36275148391723633,0.9473342895507812,-0.8762130737304688,0.9892187118530273,-0.9702796936035156,0.3890838623046875
13465,js,0.9941244125366211,0.002124786376953125,0.9596090316772461,0.016435623168945312,0.3359813690185547,0.006317138671875,0.028995513916015625
13554,js,-0.803619384765625,0.008782386779785156,0.621917724609375,-0.0007038116455078125,0.9762935638427734,0.7921829223632812,0.9586868286132812
13602,js,0.04053783416748047,0.00159454345703125,0.02551412582397461,0.0012335777282714844,0.9374122619628906,-0.3203887939453125,0.0592498779296875
13737,js,-0.000640869140625,0.008617401123046875,0.9814186096191406,-0.002593994140625,0.030239105224609375,-0.17169189453125,0.9965543746948242
13743,js,0.1787109375,-0.023187637329101562,0.1143798828125,-0.0005016326904296875,-0.138427734375,-0.037364959716796875,0.21826171875
13793,js,0.02776336669921875,0.001171112060546875,0.9713878631591797,0.003158092498779297,0.009002685546875,-0.866729736328125,0.087921142578125
13862,js,0.3512420654296875,-0.06801223754882812,9.918212890625e-05,-0.0010042190551757812,0.986231803894043,-0.5158309936523438,0.19394683837890625
13899,js,-0.006810188293457031,0.0003528594970703125,0.088623046875,-0.0010080337524414062,0.29937744140625,0.000457763671875,0.012157440185546875
14039,js,0.115966796875,-0.0047149658203125,0.0018377304077148438,0.07970428466796875,-0.027587890625,0.006923675537109375,0.438232421875
14096,js,0.4181327819824219,0.0035886764526367188,0.7984676361083984,0.0010347366333007812,0.9589385986328125,-0.2040252685546875,0.07746124267578125
14230,js,0.001728057861328125,-0.0242767333984375,0.0050411224365234375,-0.01000213623046875,0.9853205680847168,-0.02321624755859375,0.15085601806640625
14396,js,0.8245925903320312,0.002960205078125,0.822418212890625,-4.9591064453125e-05,0.005825042724609375,0.0960845947265625,0.25006103515625
14513,js,0.8917083740234375,-0.18962764739990234,0.9814977645874023,-4.9114227294921875e-05,0.9892148971557617,0.0008997917175292969,0.9502639770507812
14606,js,0.8722686767578125,0.03283119201660156,0.8995761871337891,0.00305938720703125,0.9822659492492676,0.0024433135986328125,0.69927978515625
14622,js,-0.00860595703125,-0.00209808349609375,0.146728515625,0.001140594482421875,-0.01157379150390625,0.06072998046875,0.25634765625
14772,js,-0.00021314620971679688,0.00136566162109375,0.0074405670166015625,0.0019414424896240234,0.07075881958007812,0.0062713623046875,0.990142822265625
14885,js,0.69488525390625,-0.9586009979248047,0.994901180267334,-0.18886566162109375,0.78045654296875,0.00778961181640625,0.9942083358764648
14904,js,-0.001373291015625,-0.01263427734375,0.05840301513671875,-0.00290679931640625,-0.002582550048828125,-0.09857177734375,0.0259246826171875
14907,js,0.1971435546875,-0.0029811859130859375,0.9923648834228516,-0.003997802734375,0.995335578918457,0.0005035400390625,0.9610977172851562
14929,js,0.0010433197021484375,-0.009037017822265625,0.0013191699981689453,0.033725738525390625,0.2434215545654297,-0.0084228515625,0.029661178588867188
15090,js,0.076019287109375,0.265869140625,0.449951171875,0.27124786376953125,0.593994140625,0.8480606079101562,0.4671630859375
15095,js,0.03682136535644531,-0.0069713592529296875,0.0004115104675292969,0.004849910736083984,0.08364486694335938,-0.00308990478515625,0.03057861328125
15130,js,0.009340286254882812,-0.026302337646484375,0.9944686889648438,-0.0431060791015625,0.9963536262512207,-0.21856689453125,0.8918304443359375
15131,js,0.0024504661560058594,-0.002719879150390625,0.5413970947265625,-0.003200531005859375,0.9779987335205078,0.1423969268798828,0.017608642578125
15217,js,0.0417022705078125,0.010711669921875,0.84326171875,-0.036956787109375,0.9816083908081055,0.03170013427734375,0.6212158203125
15598,js,-0.005615234375,0.8256039619445801,0.9914951324462891,-0.0020389556884765625,0.9921989440917969,-0.7544174194335938,0.9111175537109375
15619,js,0.9836921691894531,0.0015635490417480469,0.8803825378417969,0.0009961128234863281,0.9769916534423828,-0.02039337158203125,-0.10498046875
15629,js,-0.00519561767578125,-0.0010533332824707031,0.000171661376953125,-0.07550048828125,-0.032073974609375,0.00018358230590820312,0.203033447265625
15797,js,-0.01507568359375,0.0048770904541015625,0.9971168041229248,-0.101409912109375,-0.9935398101806641,-0.9534759521484375,0.9881649017333984
15939,js,-0.014190673828125,-0.7243156433105469,0.8059539794921875,-0.3837432861328125,-0.09759521484375,-0.6283493041992188,0.14283370971679688
16133,js,0.9873199462890625,0.0015034675598144531,0.9681777954101562,0.8484611511230469,0.8009986877441406,0.0295867919921875,0.9727096557617188
16207,js,0.0107421875,-0.0079803466796875,-0.0765380859375,-0.1571044921875,0.9719247817993164,-0.0052490234375,0.376708984375
16214,js,0.004513740539550781,0.0015225410461425781,0.9800033569335938,0.0021457672119140625,0.11500930786132812,0.00452423095703125,0.9788036346435547
16433,js,0.6257400512695312,-0.00923919677734375,-0.04425048828125,-0.00756072998046875,0.0012421607971191406,-0.023193359375,0.9888801574707031
16453,js,0.0015330314636230469,-0.004642486572265625,0.9670238494873047,0.009979248046875,0.12163543701171875,-0.0310821533203125,0.8206787109375
16547,js,0.078948974609375,-0.038997650146484375,0.0017452239990234375,-0.015123367309570312,0.6491127014160156,-0.002986907958984375,0.025115966796875
16558,js,0.0316162109375,-0.0580902099609375,0.339874267578125,0.00511932373046875,0.9732189178466797,-0.8057861328125,0.9610252380371094
16590,js,0.0013418197631835938,-0.0205078125,0.294219970703125,0.9877815246582031,0.9970130920410156,0.7302932739257812,0.77984619140625
16655,js,0.1279296875,-0.0970611572265625,0.008481979370117188,0.005556583404541016,0.262298583984375,0.0038232803344726562,0.02392578125
16804,js,-0.06063079833984375,-0.9150848388671875,-0.0446014404296875,-0.0017242431640625,-0.00640869140625,-0.0053558349609375,0.835601806640625
16906,js,0.49608612060546875,-0.066497802734375,0.9900836944580078,0.011847496032714844,0.933568000793457,-0.0118255615234375,0.8194580078125
17418,js,0.090087890625,-0.0030241012573242188,0.019313812255859375,-0.9935250282287598,0.27978515625,-0.32814788818359375,0.47198486328125
17525,js,-0.9259567260742188,-0.0063877105712890625,7.62939453125e-05,0.022159099578857422,0.9659137725830078,0.36635589599609375,-0.0081787109375
17596,js,0.2412109375,0.0019578933715820312,-0.6815948486328125,0.00087738037109375,0.9670982360839844,-0.0251312255859375,0.9959697723388672
17678,js,0.003726482391357422,-0.0012712478637695312,0.9954371452331543,-0.616241455078125,-0.31903076171875,-0.01499176025390625,0.51043701171875
17694,js,0.9864521026611328,-0.00982666015625,0.0004138946533203125,0.00327301025390625,0.6611385345458984,0.004297733306884766,0.7105331420898438
17875,js,0.8560600280761719,0.0005769729614257812,0.9871444702148438,-0.04908561706542969,0.9961042404174805,-0.0019359588623046875,0.9235744476318359
17949,js,0.0004711151123046875,0.053905487060546875,0.006642341613769531,0.02519989013671875,0.9520034790039062,0.9531059265136719,0.32593536376953125
18088,js,-0.03015899658203125,-0.010892868041992188,0.03183555603027344,-0.04050445556640625,0.9830818176269531,-0.1442718505859375,0.030548095703125
18168,js,-0.00494384765625,0.8622317314147949,0.0036296844482421875,-0.0743408203125,0.986760139465332,-0.20944976806640625,0.9957704544067383
18231,js,-0.001216888427734375,-0.0031719207763671875,-0.032245635986328125,-0.0399627685546875,-0.0008106231689453125,-0.008716583251953125,0.05544853210449219
18263,js,0.4279327392578125,-0.028224945068359375,0.9613113403320312,-0.9741477966308594,0.9540271759033203,0.0029053688049316406,0.07767868041992188
18587,js,0.23193359375,-0.00821685791015625,0.5079498291015625,-0.00035762786865234375,0.1299285888671875,-0.83673095703125,0.9912834167480469
18588,js,-0.028045654296875,-0.000640869140625,0.0576171875,0.01000213623046875,0.1033172607421875,0.11243438720703125,0.5272216796875
18894,js,0.35671234130859375,0.8503718376159668,0.9923758506774902,-0.06753921508789062,0.9761791229248047,-0.9966928958892822,0.9908018112182617
19069,js,0.9832429885864258,0.2863912582397461,0.9577608108520508,0.00539398193359375,0.9902267456054688,0.057342529296875,0.4119281768798828
19668,js,0.9413681030273438,0.01444244384765625,0.9972052574157715,0.9584732055664062,0.9958300590515137,-0.3427581787109375,0.9937076568603516
19953,js,0.8135986328125,0.007615089416503906,0.9786224365234375,0.005229473114013672,0.977752685546875,0.0020236968994140625,0.9821624755859375
20064,js,0.9725399017333984,0.9197444915771484,0.8992538452148438,0.9902768135070801,0.993896484375,0.9692039489746094,0.03900146484375
20114,js,0.9949655532836914,0.31392669677734375,0.9671058654785156,-0.046970367431640625,0.997035026550293,0.00672149658203125,0.9861068725585938
20399,js,0.3421630859375,-0.1310272216796875,0.0020694732666015625,-0.0628204345703125,0.0007534027099609375,-0.021392822265625,0.002193450927734375
20764,js,0.05903053283691406,0.00460052490234375,0.014129638671875,-0.011236190795898438,0.0010843276977539062,-0.33050537109375,0.008708953857421875
20896,js,0.0028891563415527344,-0.3046875,-0.0002551078796386719,-0.0177154541015625,0.006222248077392578,-0.04305267333984375,0.9390220642089844
21122,js,0.9674625396728516,-0.34423828125,0.8892822265625,0.9940872192382812,0.9756746292114258,0.0029430389404296875,0.9963717460632324
21444,js,0.0004405975341796875,-0.036956787109375,0.0014247894287109375,0.0027475357055664062,0.9878215789794922,0.0022602081298828125,0.9910097122192383
21582,js,0.9068088531494141,-0.06963348388671875,-0.6285247802734375,0.003459930419921875,0.9974708557128906,0.005917787551879883,0.9669609069824219
21591,js,-0.6280517578125,0.0001468658447265625,0.994196891784668,0.4211444854736328,0.031665802001953125,0.058563232421875,-0.0276031494140625
21594,js,0.005160331726074219,0.9475445747375488,0.08482933044433594,0.0016794204711914062,0.02642059326171875,0.012487411499023438,0.0092926025390625
21676,js,-0.3536376953125,-0.07770538330078125,0.0001811981201171875,-0.050201416015625,0.0058765411376953125,-0.5381240844726562,0.05133056640625
21741,js,0.24249267578125,-0.02106475830078125,0.9939899444580078,0.07884025573730469,0.9895229339599609,-0.00604248046875,0.9426498413085938
21773,js,0.9716911315917969,0.014923095703125,-0.027984619140625,-0.01604461669921875,-0.000152587890625,0.039031982421875,0.021820068359375
22007,js,0.9928112030029297,-0.027469635009765625,0.9024286270141602,-0.023357391357421875,0.7784595489501953,-0.13762664794921875,0.048328399658203125
22048,js,0.9111404418945312,0.9045372009277344,0.9944438934326172,0.23492145538330078,0.9544048309326172,-0.00225830078125,0.38641357421875
22052,js,0.7411670684814453,0.0017366409301757812,0.0005121231079101562,0.002838134765625,0.9888725280761719,-0.0836181640625,0.9650497436523438
22085,js,0.29931640625,-0.001987457275390625,0.9941825866699219,0.0034093856811523438,0.0123443603515625,0.02454376220703125,0.9791908264160156
22316,js,-0.0092620849609375,0.07976150512695312,0.41412353515625,-0.14598846435546875,0.0086517333984375,-0.0032138824462890625,0.9874687194824219
22565,js,-0.8461456298828125,0.02091217041015625,-0.058624267578125,-0.9396476745605469,-0.0895843505859375,0.7336044311523438,-0.0131378173828125
22710,js,0.0017197132110595703,-0.03236579895019531,0.00489044189453125,0.000598907470703125,0.1185760498046875,-0.062347412109375,0.14645004272460938
22922,js,0.2685546875,-0.35791778564453125,0.9888043403625488,0.00545501708984375,0.0014438629150390625,-0.9916534423828125,0.9943180084228516
22944,js,0.023288726806640625,0.0005998611450195312,0.00014972686767578125,-0.90386962890625,0.04833221435546875,-0.070831298828125,0.40850830078125
22960,js,0.9854426383972168,0.8533725738525391,-0.275146484375,0.014373779296875,0.9956750869750977,0.003597259521484375,0.86181640625
23100,js,0.0041046142578125,-0.5629463195800781,0.2197113037109375,-0.19367218017578125,0.2852954864501953,-0.4451446533203125,0.01885223388671875
23299,js,0.382080078125,0.0030155181884765625,0.9986047744750977,5.7220458984375e-06,0.9958057403564453,0.00899505615234375,0.9970779418945312
23336,js,0.08880615234375,-0.1013336181640625,0.8871688842773438,-0.0103759765625,0.7371931076049805,0.028047561645507812,0.68634033203125
23371,js,0.0069580078125,-0.41110992431640625,0.060962677001953125,-0.488739013671875,0.9446945190429688,-0.333251953125,0.23905563354492188
23419,js,0.9733610153198242,0.001384735107421875,0.9789142608642578,-0.026653289794921875,0.028969764709472656,-0.014801025390625,0.9530029296875
23512,js,0.24051666259765625,-0.028478622436523438,0.8212890625,0.010035514831542969,0.9820766448974609,0.008463859558105469,0.7548370361328125
23597,js,0.09000015258789062,0.0008220672607421875,-0.00164794921875,0.0006256103515625,0.9758214950561523,0.0038604736328125,-0.16693115234375
23737,js,0.0027647018432617188,0.006805419921875,0.3953399658203125,-0.0316925048828125,0.9948530197143555,0.0135345458984375,0.4577827453613281
23793,js,0.9383926391601562,0.01091766357421875,0.319549560546875,0.0009052753448486328,0.9871234893798828,0.0031561851501464844,0.354766845703125
23968,js,0.0045986175537109375,-0.0022478103637695312,0.036102294921875,0.0007376670837402344,0.9902753829956055,0.0026988983154296875,0.1612548828125
24176,js,0.0013885498046875,-0.990086555480957,-0.10986328125,0.00040721893310546875,0.9501800537109375,-0.008783340454101562,-0.4046630859375
24610,js,-0.9052886962890625,0.0043792724609375,-0.2908935546875,-0.02097320556640625,0.05037689208984375,0.000415802001953125,0.52435302734375
24643,js,0.0118408203125,-0.01293182373046875,0.005738258361816406,0.024444580078125,0.9870858192443848,-0.001220703125,0.885345458984375
25309,js,0.051513671875,-0.5093994140625,0.9834909439086914,0.0018835067749023438,0.9515399932861328,-0.2486114501953125,0.22281646728515625
25410,js,-0.3058624267578125,-0.154541015625,0.8248262405395508,0.9665327072143555,0.9781723022460938,0.26950836181640625,-0.27001953125
25513,js,0.008188247680664062,0.0023183822631835938,0.0010671615600585938,0.00710296630859375,0.9761257171630859,0.017164230346679688,-0.0684661865234375
25643,js,0.3283348083496094,-0.9924860000610352,0.9453678131103516,-9.5367431640625e-06,0.8687324523925781,0.01409149169921875,0.1207427978515625
25684,js,0.631134033203125,0.0011954307556152344,0.8345947265625,0.0008809566497802734,0.83380126953125,0.004988193511962891,0.038177490234375
25919,js,0.9703216552734375,-0.8364582061767578,0.9882516860961914,-0.6678619384765625,0.994473934173584,-0.8621101379394531,0.9744930267333984
26531,js,-0.9910850524902344,-0.0004425048828125,0.06939697265625,0.008077621459960938,0.019744873046875,-0.01251983642578125,0.035491943359375
26875,js,0.023105621337890625,-0.0266571044921875,-0.0003948211669921875,-0.0059814453125,0.12166595458984375,0.00203704833984375,0.1981201171875
26950,js,0.0002627372741699219,-0.03073883056640625,0.2554931640625,0.007965087890625,0.9857616424560547,0.011932373046875,0.34521484375
27293,js,0.9576005935668945,0.3669929504394531,0.9952220916748047,0.056171417236328125,0.9938621520996094,0.9384860992431641,0.9952254295349121
27514,js,0.01263427734375,-0.000148773193359375,0.004390716552734375,-0.3970947265625,0.9889812469482422,0.8828392028808594,0.03659820556640625
28432,js,0.25051116943359375,-0.011859893798828125,0.9898524284362793,-0.268646240234375,0.9773788452148438,0.01568603515625,0.6823501586914062
28681,js,0.7355499267578125,-0.03326416015625,0.9712753295898438,0.004092693328857422,0.018535614013671875,0.9567203521728516,0.93865966796875
29006,js,0.9746170043945312,-0.018522262573242188,0.03865623474121094,-0.0001316070556640625,0.18140029907226562,-0.1047210693359375,-0.00038909912109375
29146,js,-0.000339508056640625,-5.245208740234375e-05,0.9944801330566406,-0.0046215057373046875,0.9966731071472168,-0.00225067138671875,0.5133895874023438
29225,js,-0.5533447265625,-0.3764495849609375,0.6082725524902344,0.0008206367492675781,0.10203361511230469,-0.3685188293457031,0.9890079498291016
29510,js,0.9855728149414062,0.00946187973022461,-0.8175506591796875,0.18193626403808594,-0.2513427734375,0.0064697265625,0.11163330078125
29768,js,0.18609619140625,-0.0006151199340820312,0.000659942626953125,-0.02965545654296875,0.9571533203125,0.146728515625,0.125732421875
30005,js,0.0194854736328125,-0.000141143798828125,0.9810447692871094,-0.000560760498046875,0.001674652099609375,0.9536819458007812,-0.06402587890625
30240,js,0.368377685546875,-0.42535400390625,0.9883861541748047,-0.0010547637939453125,0.0045013427734375,0.79571533203125,0.7020111083984375
30655,js,0.018207550048828125,0.0006284713745117188,0.8973731994628906,-0.10097503662109375,0.9931535720825195,0.0032510757446289062,0.28652191162109375
30838,js,0.9980957508087158,-0.41024017333984375,0.9854278564453125,0.010676383972167969,0.9952855110168457,0.001184225082397461,0.9947404861450195
31446,js,0.9981389045715332,-0.004319190979003906,0.5025177001953125,0.0009250640869140625,0.9976201057434082,0.00208282470703125,0.9882469177246094
31556,js,0.0259246826171875,-0.0004367828369140625,0.7096290588378906,0.481048583984375,0.37164306640625,-0.8687515258789062,0.113433837890625
31636,js,0.003108978271484375,-0.13149261474609375,-0.0007219314575195312,0.9843416213989258,0.9973230361938477,-0.0002040863037109375,0.07840728759765625
31702,js,0.26544189453125,-0.407562255859375,0.1270904541015625,-0.026702880859375,0.06618118286132812,0.8514900207519531,0.01238250732421875
32022,js,0.9777145385742188,-0.06766128540039062,0.9768543243408203,-0.02045440673828125,0.16552734375,0.0015411376953125,0.607666015625
32133,js,0.216552734375,0.0001354217529296875,0.05987548828125,0.0087432861328125,0.2083740234375,-0.012319564819335938,0.2882080078125
32146,js,0.113525390625,-0.0675048828125,0.013427734375,-0.00421142578125,0.002033233642578125,0.005558013916015625,0.7671127319335938
32435,js,-0.015869140625,-0.2269287109375,-0.46466064453125,-0.0019426345825195312,0.9952778816223145,-0.011732101440429688,-0.4979248046875
32596,js,-0.9438247680664062,0.0013561248779296875,0.004791259765625,-0.8581581115722656,0.0199432373046875,-0.7083740234375,0.9899616241455078
32983,js,0.005448102951049805,-0.095428466796875,0.9830050468444824,0.00080108642578125,0.9948196411132812,0.17052268981933594,0.9830837249755859
33166,js,0.9914264678955078,0.018962860107421875,0.9972133636474609,0.0010352134704589844,0.0863943099975586,0.011431694030761719,0.9918508529663086
33232,js,0.9768590927124023,-0.00390625,0.0002480745315551758,0.001013040542602539,0.05210685729980469,-0.002727508544921875,0.36810302734375
33731,js,0.9753036499023438,0.0038721561431884766,0.9196243286132812,0.0026285648345947266,0.9621696472167969,0.007692575454711914,0.9805374145507812
33735,js,-0.13672637939453125,0.593109130859375,0.303497314453125,0.03863525390625,-0.0017719268798828125,0.026092529296875,-0.29071044921875
33779,js,0.215576171875,0.0005747079849243164,0.009851455688476562,-0.00049591064453125,0.35329437255859375,-0.015411376953125,-0.037078857421875
33808,js,0.01755523681640625,-0.1180419921875,0.931187629699707,-0.038421630859375,0.0015773773193359375,-0.34716796875,0.9856605529785156
34102,js,0.11887359619140625,-0.006725311279296875,0.0052394866943359375,-0.05918121337890625,0.22417449951171875,-0.030242919921875,0.66265869140625
34366,js,0.0001220703125,0.001110076904296875,0.0049190521240234375,-0.01711273193359375,0.9763803482055664,-0.52197265625,0.7609500885009766
34445,js,0.051239013671875,0.03414154052734375,0.982330322265625,0.005100250244140625,0.0032062530517578125,-0.0027923583984375,0.6024169921875
31,php,0.35137176513671875,-0.0019073486328125,9.679794311523438e-05,0.0030231475830078125,0.9937191009521484,0.04290199279785156,0.9903411865234375
47,php,0.9651679992675781,0.003185272216796875,0.9650535583496094,0.000530242919921875,0.9959859848022461,-0.35772705078125,0.5359878540039062
138,php,0.2841339111328125,-0.009447097778320312,0.6795654296875,0.0005471706390380859,0.9835853576660156,-0.0044002532958984375,0.090087890625
204,php,0.8341064453125,0.001195669174194336,0.9912724494934082,9.846687316894531e-05,0.9968104362487793,0.0040073394775390625,0.9878482818603516
218,php,0.08591461181640625,-0.054470062255859375,0.19873046875,0.9716873168945312,0.08563232421875,-0.0009593963623046875,0.2481689453125
219,php,0.2099609375,0.9595851898193359,0.0052928924560546875,0.0001049041748046875,0.14434814453125,-0.0004711151123046875,0.185302734375
224,php,0.01513671875,0.000926971435546875,0.9966869354248047,2.47955322265625e-05,0.995265007019043,0.0009822845458984375,0.9953107833862305
228,php,-0.9371719360351562,0.12653541564941406,0.9062423706054688,-0.14910507202148438,-0.00234222412109375,-0.3696441650390625,-0.0002880096435546875
233,php,0.10943603515625,0.0006453990936279297,0.109466552734375,0.01811361312866211,0.01450347900390625,0.003143787384033203,0.4173583984375
244,php,0.08323478698730469,0.9699783325195312,0.9500732421875,0.0008301734924316406,0.008177518844604492,0.0003638267517089844,0.3864898681640625
273,php,0.9855175018310547,8.630752563476562e-05,0.9965901374816895,-9.059906005859375e-06,0.9955406188964844,0.00017404556274414062,0.9740257263183594
279,php,0.05776786804199219,-0.013246536254882812,0.9813785552978516,0.00018072128295898438,0.7408943176269531,-0.00010347366333007812,0.98663330078125
282,php,0.9971628189086914,-0.0004792213439941406,0.00464630126953125,0.0003914833068847656,0.9544515609741211,0.0008573532104492188,0.5973358154296875
292,php,0.9968690872192383,0.0006031990051269531,0.698822021484375,-2.6226043701171875e-06,0.9965734481811523,0.9732475280761719,0.5411376953125
294,php,0.044342041015625,0.0002593994140625,-0.8973655700683594,-0.1326427459716797,0.176727294921875,-0.2505035400390625,-0.0641326904296875
303,php,0.92498779296875,-0.026430130004882812,0.9950284957885742,0.21702957153320312,0.8089065551757812,-0.0064411163330078125,0.17659759521484375
313,php,0.9335174560546875,-0.0072231292724609375,0.9899177551269531,0.0013980865478515625,0.9904766082763672,0.002964019775390625,0.9790077209472656
320,php,0.00312042236328125,-0.0003266334533691406,0.012422561645507812,-0.0009684562683105469,0.8084869384765625,0.0018310546875,0.089263916015625
324,php,0.11907958984375,-0.108978271484375,0.9957516193389893,-0.0003032684326171875,0.9929561614990234,-0.10475540161132812,0.8775634765625
354,php,-0.162994384765625,-0.0074920654296875,0.8947105407714844,-0.0012989044189453125,0.9897422790527344,-0.7813949584960938,0.35101318359375
355,php,0.30908203125,4.9591064453125e-05,0.124755859375,-5.6743621826171875e-05,0.15234375,-0.3192138671875,0.040283203125
366,php,-0.7310791015625,-0.3235282897949219,0.26641845703125,-0.00423431396484375,0.1156768798828125,-0.0283355712890625,0.0360107421875
383,php,-0.0367889404296875,-0.014580726623535156,0.23357009887695312,-0.0035448074340820312,0.9713535308837891,-0.93341064453125,0.634765625
384,php,0.00570368766784668,-0.0004892349243164062,0.9863510131835938,-0.007943153381347656,0.17697906494140625,-0.024692535400390625,0.9804763793945312
400,php,0.008831024169921875,0.00391387939453125,0.7253341674804688,-0.001216888427734375,0.005691051483154297,-0.9930973052978516,0.00547027587890625
409,php,0.9940090179443359,-0.0007548332214355469,0.9381103515625,-0.927678108215332,0.9627499580383301,0.0003905296325683594,0.1328125
458,php,0.00023126602172851562,0.0009713172912597656,0.024277687072753906,-0.04700469970703125,-0.00756072998046875,-0.031688690185546875,0.0003726482391357422
506,php,0.03821849822998047,0.994939923286438,0.0771484375,0.0016448497772216797,0.92681884765625,-0.8709259033203125,0.012969970703125
512,php,-0.00099945068359375,-0.23657989501953125,-0.08642578125,-0.014928817749023438,0.9789505004882812,-0.239990234375,0.9760589599609375
541,php,0.0005283355712890625,-0.0035562515258789062,0.9885711669921875,0.0005550384521484375,0.0028934478759765625,-0.009914398193359375,0.61126708984375
545,php,0.9962615966796875,0.00023412704467773438,0.9908103942871094,-0.01322174072265625,0.9910650253295898,-0.93798828125,0.0306549072265625
584,php,0.014984130859375,-0.013309478759765625,0.9325332641601562,-0.026714324951171875,0.8228912353515625,-0.009014129638671875,0.9296989440917969
595,php,0.12770843505859375,0.008493423461914062,0.9947693347930908,2.86102294921875e-05,0.9894442558288574,0.0027456283569335938,0.9885129928588867
615,php,0.02789306640625,0.9593696594238281,0.0645294189453125,-0.86407470703125,0.000274658203125,0.9709758758544922,0.00643157958984375
717,php,0.23834991455078125,0.006270408630371094,0.9859790802001953,0.0068950653076171875,0.9644927978515625,0.0035858154296875,0.9749908447265625
749,php,0.004252433776855469,0.00032389163970947266,0.9917106628417969,0.0009888410568237305,0.9924335479736328,6.818771362304688e-05,0.1189727783203125
774,php,0.021854400634765625,-0.0007493495941162109,0.9785194396972656,-0.004775047302246094,0.9962601661682129,0.00089263916015625,0.15966796875
782,php,0.9645843505859375,-0.9910373687744141,0.010128021240234375,-0.046722412109375,0.16260528564453125,-0.03155517578125,0.012542724609375
805,php,-0.8604736328125,-0.00885772705078125,-0.0032501220703125,-0.020965576171875,0.461700439453125,-0.994938850402832,0.9727783203125
815,php,0.00247955322265625,-0.0001678466796875,0.9875154495239258,-0.00087738037109375,0.995908260345459,0.0171661376953125,0.9897003173828125
860,php,0.0042133331298828125,-0.010217666625976562,0.9942879676818848,0.015212059020996094,-0.07257080078125,-0.059051513671875,-0.9692916870117188
894,php,-0.40765380859375,-0.4616851806640625,0.0304412841796875,0.0034332275390625,0.415771484375,0.004879951477050781,0.068084716796875
926,php,0.49774169921875,-0.098907470703125,0.00884246826171875,0.0016289949417114258,0.989781379699707,0.9527149200439453,0.5991439819335938
939,php,-0.0008869171142578125,-0.0003833770751953125,0.9124584197998047,0.06319427490234375,0.14434814453125,-0.057373046875,0.004424095153808594
954,php,0.01953125,-0.000476837158203125,0.9814662933349609,-0.00072479248046875,0.28668212890625,-0.0291290283203125,0.9949436187744141
974,php,0.0001628398895263672,-4.0531158447265625e-06,0.9894809722900391,0.0004439353942871094,0.9828395843505859,-0.09140396118164062,0.9872665405273438
976,php,0.00021386146545410156,-0.0027790069580078125,0.9505577087402344,0.0035545825958251953,0.9826469421386719,0.0007116794586181641,0.9509124755859375
1010,php,0.20708084106445312,-0.9042510986328125,0.9968757629394531,-0.9513092041015625,0.9973745346069336,0.02825927734375,0.9941864013671875
1028,php,0.004725217819213867,0.20736360549926758,0.8769397735595703,0.8990850448608398,0.9596223831176758,0.3744392395019531,0.011257171630859375
1082,php,-0.041290283203125,0.025377273559570312,0.38031005859375,0.003143310546875,0.08770751953125,0.14636993408203125,0.192626953125
1165,php,0.0022182464599609375,0.0010118484497070312,0.9892826080322266,0.0045986175537109375,0.9683628082275391,-0.00095367431640625,0.21308135986328125
1191,php,-0.998776912689209,0.0006914138793945312,0.150909423828125,0.9881267547607422,0.9812831878662109,0.8923187255859375,0.1666717529296875
1215,php,0.00026416778564453125,-0.0024051666259765625,0.9821829795837402,-0.005644798278808594,0.9879441261291504,-0.8534698486328125,0.6510696411132812
1227,php,-0.261444091796875,-0.8835391998291016,0.9923343658447266,-0.19596099853515625,0.0073261260986328125,-0.03578948974609375,0.9695491790771484
1228,php,0.022216796875,0.08790826797485352,0.7526016235351562,0.00408935546875,0.891693115234375,0.012939453125,0.184326171875
1230,php,0.016289710998535156,-0.00695037841796875,0.00043773651123046875,-0.0015583038330078125,0.0009467601776123047,0.9564590454101562,0.0076694488525390625
1263,php,0.005741119384765625,-0.020859241485595703,0.00021028518676757812,-0.2788887023925781,0.055347442626953125,0.0044307708740234375,0.0003662109375
1293,php,0.31574153900146484,-0.00318145751953125,0.9970645904541016,0.15679168701171875,0.00567173957824707,-0.0001373291015625,0.03493213653564453
1300,php,-0.003101348876953125,-0.000885009765625,-0.31951904296875,0.0014810562133789062,-0.0357666015625,-0.423431396484375,-0.1796875
1300,php,-0.003101348876953125,-0.000885009765625,-0.31951904296875,0.0014810562133789062,-0.0357666015625,-0.423431396484375,-0.1796875
1304,php,-0.9188232421875,0.16802978515625,0.9903526306152344,0.9836263656616211,0.9867582321166992,0.005560874938964844,0.9785385131835938
1307,php,0.9510421752929688,0.0018658638000488281,0.9916238784790039,0.00043213367462158203,0.9959049224853516,0.0006833076477050781,0.9867649078369141
1308,php,0.9859371185302734,0.0023767948150634766,0.9952487945556641,0.0006256103515625,0.8595981597900391,0.006943702697753906,0.9844169616699219
1334,php,0.0005755424499511719,-0.0014171600341796875,0.9878730773925781,0.001628875732421875,0.93646240234375,-0.13109588623046875,0.00042724609375
1335,php,-0.9982278347015381,-0.413116455078125,0.9820985794067383,0.0035309791564941406,-0.9772377014160156,-0.890899658203125,0.971832275390625
1347,php,-0.0001373291015625,-0.010601997375488281,-0.10675811767578125,-0.09236907958984375,0.1942291259765625,0.0037813186645507812,0.9651756286621094
1436,php,0.01467132568359375,0.02032184600830078,0.002590179443359375,0.9958484172821045,0.0418243408203125,0.0043506622314453125,0.028839111328125
1454,php,0.9438018798828125,0.05568218231201172,0.7587814331054688,0.6902637481689453,0.9929342269897461,0.003566741943359375,0.43896484375
1473,php,0.7431907653808594,0.2840576171875,0.9625797271728516,0.6542234420776367,0.9927101135253906,0.7197189331054688,0.6980934143066406
1490,php,0.9970240592956543,0.007792472839355469,0.9678974151611328,0.0018323659896850586,0.012493133544921875,0.005358695983886719,0.07412338256835938
1493,php,0.0007257461547851562,0.003533601760864258,0.012847900390625,0.0009732246398925781,0.14422607421875,0.0029087066650390625,-0.0001220703125
1501,php,-0.101837158203125,0.002570629119873047,0.625885009765625,0.000240325927734375,0.0097503662109375,0.06931114196777344,-0.43707275390625
1502,php,0.0068836212158203125,0.0005252361297607422,0.9868068695068359,0.0013148784637451172,0.9893875122070312,0.0013103485107421875,0.4083099365234375
1515,php,0.0377197265625,0.003204345703125,0.9865970611572266,0.00019073486328125,0.02144622802734375,0.003040313720703125,0.2947998046875
1540,php,0.9908409118652344,-0.3849678039550781,0.9927616119384766,-0.026721954345703125,0.9578399658203125,-0.0055446624755859375,0.9379043579101562
1543,php,0.976959228515625,0.01709747314453125,0.6156158447265625,0.9109907150268555,0.9940710067749023,-0.938018798828125,0.00504302978515625
1563,php,0.0130157470703125,0.004199981689453125,0.9820013046264648,0.03135871887207031,0.021320343017578125,0.2729301452636719,0.018829345703125
1569,php,0.72015380859375,0.8262262344360352,-0.44677734375,0.0042552947998046875,0.8143310546875,0.008656501770019531,0.03655052185058594
1572,php,0.9051513671875,-0.00293731689453125,0.86492919921875,0.0028104782104492188,0.9956698417663574,-0.9947185516357422,-0.8384780883789062
1576,php,0.87152099609375,-0.9826650619506836,0.463592529296875,0.0016193389892578125,0.75439453125,-0.149993896484375,0.552276611328125
1577,php,0.9002532958984375,0.8118438720703125,0.9870634078979492,0.08669185638427734,0.8968696594238281,0.9312400817871094,0.9794521331787109
1584,php,0.13531494140625,0.000141143798828125,0.012939453125,0.3857421875,0.8975086212158203,-0.0002765655517578125,0.07574462890625
1609,php,-0.39532470703125,0.013193130493164062,-0.00304412841796875,-0.09033966064453125,0.33203125,-0.0474853515625,0.0048828125
1625,php,0.9315948486328125,0.002879619598388672,0.9949703216552734,0.0018284320831298828,0.9963159561157227,0.0014994144439697266,0.9953985214233398
1643,php,0.0012743473052978516,-0.000579833984375,0.9834938049316406,0.0010023117065429688,0.9944953918457031,-0.06378173828125,0.9857196807861328
1645,php,0.7589898109436035,0.000820159912109375,0.6104793548583984,-0.0010433197021484375,0.9946484565734863,-0.0163116455078125,0.019664764404296875
1735,php,0.00015926361083984375,0.002025604248046875,-0.000659942626953125,-0.9810638427734375,-0.47039794921875,-0.16082763671875,0.004241943359375
1800,php,0.087005615234375,-0.16134262084960938,0.437530517578125,0.010143280029296875,0.020412445068359375,-0.13425445556640625,0.01959228515625
1804,php,0.9797248840332031,0.0005021095275878906,0.998607873916626,-0.050140380859375,0.9907894134521484,0.02008056640625,0.30133056640625
1873,php,0.11181640625,-0.10482025146484375,0.048583984375,0.02125263214111328,0.1383056640625,-0.053379058837890625,0.079833984375
1879,php,0.5524806976318359,-0.020725250244140625,0.9237117767333984,-0.9232864379882812,0.9952807426452637,0.028076171875,0.9899349212646484
1919,php,0.5566329956054688,-0.1821460723876953,0.9635009765625,-0.3012542724609375,0.977386474609375,0.002655029296875,0.474212646484375
1943,php,0.131256103515625,-0.718231201171875,-0.7850341796875,-0.006038665771484375,0.54296875,-0.45904541015625,-0.60919189453125
2026,php,0.002777099609375,-0.06563568115234375,-0.0147857666015625,-0.0031108856201171875,0.445068359375,-0.023876190185546875,-0.02008056640625
2031,php,-0.4403076171875,-0.014214515686035156,0.75927734375,0.0007097721099853516,0.9741401672363281,-0.12977218627929688,-0.186920166015625
2075,php,0.41326904296875,-0.0031757354736328125,0.9938249588012695,-0.174713134765625,0.6225547790527344,-0.7635040283203125,0.018798828125
2090,php,0.02490997314453125,5.7220458984375e-06,0.9590930938720703,-0.0016632080078125,0.0351409912109375,-0.00013208389282226562,0.0028667449951171875
2125,php,0.1150054931640625,-0.011810302734375,0.0555419921875,0.0021820068359375,0.35980224609375,-0.0023651123046875,-0.08941650390625
2137,php,0.05865478515625,0.9939389228820801,0.9822235107421875,0.018276214599609375,0.0120849609375,0.825408935546875,0.9722976684570312
2144,php,0.008251190185546875,0.00838160514831543,0.9929299354553223,0.0036581754684448242,0.9883966445922852,0.003962516784667969,0.8355560302734375
2147,php,-0.77655029296875,0.00013756752014160156,0.94769287109375,0.0012679100036621094,0.9494705200195312,-0.9475593566894531,0.9551467895507812
2156,php,0.060733795166015625,0.0002980232238769531,0.9914398193359375,0.0015740394592285156,0.9888219833374023,0.0013093948364257812,0.824798583984375
2181,php,-0.1901397705078125,-0.198974609375,0.27429771423339844,-0.003170013427734375,0.6798095703125,-0.6076278686523438,0.8034133911132812
2225,php,0.0012788772583007812,-0.5734176635742188,0.9825973510742188,-0.02614593505859375,0.8882713317871094,-0.518524169921875,0.21605682373046875
2256,php,0.5038986206054688,0.9813661575317383,0.44054222106933594,0.001033782958984375,0.9820098876953125,0.1303253173828125,0.267547607421875
2261,php,0.008337974548339844,0.0034568309783935547,0.9864387512207031,-0.00547027587890625,0.001262664794921875,0.00035953521728515625,0.9569454193115234
2266,php,0.00439453125,-0.0056095123291015625,0.011938095092773438,-0.026905059814453125,0.008693695068359375,-0.1697845458984375,0.0022430419921875
2271,php,0.0057468414306640625,-0.015216827392578125,0.9305686950683594,0.0011386871337890625,0.9834308624267578,-0.125152587890625,0.0933990478515625
2275,php,0.391937255859375,-0.0318756103515625,0.6375885009765625,-0.0140380859375,0.9214286804199219,-0.0488433837890625,0.9872331619262695
2296,php,0.021867752075195312,-0.3025856018066406,0.2610015869140625,-0.9835071563720703,0.246002197265625,0.019256591796875,0.006923675537109375
2319,php,0.0075836181640625,-0.0007190704345703125,0.9889554977416992,-0.020877838134765625,0.5625152587890625,-0.000827789306640625,0.8809394836425781
2321,php,0.0050048828125,0.37445068359375,0.9954862594604492,0.025791168212890625,0.9992527961730957,-0.165771484375,0.9961328506469727
2367,php,0.838409423828125,-0.18199920654296875,0.799163818359375,-0.9555263519287109,0.437744140625,-0.3458976745605469,-0.271240234375
2370,php,-0.21002197265625,-0.38262176513671875,-0.031890869140625,-0.0151519775390625,0.489532470703125,-0.4393157958984375,0.7725372314453125
2435,php,0.015911102294921875,0.7989487648010254,0.0367279052734375,0.002958059310913086,0.9658203125,-0.980067253112793,-0.0494384765625
2447,php,0.0021119117736816406,0.20534515380859375,0.9358596801757812,-0.2646942138671875,0.43875885009765625,0.06817626953125,0.3443603515625
2481,php,0.9812908172607422,0.00048828125,0.054378509521484375,0.002628326416015625,0.9110450744628906,0.24652099609375,5.4836273193359375e-05
2505,php,0.9909796714782715,-0.0012502670288085938,0.9836759567260742,-0.0007381439208984375,0.9835071563720703,0.0012707710266113281,0.9628105163574219
2505,php,0.9909796714782715,-0.0012502670288085938,0.9836759567260742,-0.0007381439208984375,0.9835071563720703,0.0012707710266113281,0.9628105163574219
2569,php,0.005718231201171875,-0.00033283233642578125,0.1103057861328125,-0.3090934753417969,0.5643768310546875,-0.002086162567138672,0.4710693359375
2621,php,0.0011837482452392578,0.0014448165893554688,0.9946355819702148,0.01699352264404297,0.002027153968811035,0.0004925727844238281,0.2034912109375
2624,php,0.246826171875,-0.024188995361328125,0.14957427978515625,-0.0059909820556640625,0.0144805908203125,-0.45594024658203125,0.011095046997070312
2831,php,0.00010967254638671875,0.0013275146484375,0.588470458984375,0.03589630126953125,0.9898719787597656,-0.305633544921875,0.86065673828125
2871,php,0.004126548767089844,0.8919105529785156,0.9960050582885742,0.004444122314453125,0.033115386962890625,0.91162109375,0.9710655212402344
2897,php,0.9968404769897461,0.0024156570434570312,0.01900196075439453,-0.27385711669921875,0.9970803260803223,-0.025543212890625,3.814697265625e-06
3024,php,0.01621246337890625,0.001026153564453125,0.8399391174316406,7.033348083496094e-05,0.9917161464691162,-0.11944580078125,-0.01373291015625
3100,php,-0.05029296875,0.0022993087768554688,0.399810791015625,0.9451303482055664,0.03563117980957031,0.020208358764648438,0.00217437744140625
3126,php,-0.873046875,-0.6348991394042969,0.9946613311767578,-0.5825920104980469,-0.728851318359375,-0.00146484375,0.9938621520996094
3140,php,-0.958892822265625,-0.15740966796875,0.9105072021484375,0.008331298828125,0.8634033203125,0.0005578994750976562,0.000431060791015625
3146,php,-0.9561958312988281,-0.0009613037109375,0.14575958251953125,-0.011819839477539062,-0.0277099609375,-0.25757598876953125,-0.4288330078125
3163,php,-0.00453948974609375,-0.001026153564453125,0.9859762191772461,-0.005062103271484375,0.0248260498046875,-0.014314651489257812,0.6829376220703125
3181,php,0.498779296875,-0.2037353515625,0.9297637939453125,-0.017026901245117188,0.9792499542236328,-0.19379425048828125,0.9905462265014648
3281,php,-0.01446533203125,0.002655029296875,0.005259513854980469,-0.11159515380859375,0.9117794036865234,-0.003570556640625,0.1196136474609375
3296,php,0.05129241943359375,0.004069328308105469,0.9933309555053711,0.0032854080200195312,0.9434881210327148,0.00069427490234375,0.9893417358398438
3316,php,0.03104400634765625,-0.0017747879028320312,0.9966325759887695,-0.0418701171875,0.9670810699462891,-0.244873046875,0.0049896240234375
3339,php,0.15020751953125,-0.8555831909179688,0.7850799560546875,-0.02526092529296875,0.0621337890625,-0.9297943115234375,0.2452392578125
3452,php,0.00360107421875,-0.6778831481933594,0.0557861328125,-0.0066471099853515625,0.00743865966796875,-0.8576087951660156,0.9734344482421875
3454,php,0.011025428771972656,0.99005126953125,0.9926934242248535,0.9963150024414062,0.9929466247558594,0.9911699295043945,0.0047550201416015625
3473,php,0.001922607421875,0.0015854835510253906,0.9914259910583496,-0.00026988983154296875,-0.031890869140625,0.03959369659423828,0.9506092071533203
3477,php,0.0308074951171875,0.6539859771728516,0.9789047241210938,0.2567138671875,0.991023063659668,0.14558982849121094,0.0726165771484375
3482,php,0.11545181274414062,-0.0006957054138183594,0.16671371459960938,-0.0006589889526367188,0.08185577392578125,0.0045528411865234375,0.01650238037109375
3496,php,0.6433143615722656,-0.028881072998046875,-0.885345458984375,0.0015840530395507812,0.9740848541259766,0.0010561943054199219,0.6643638610839844
3521,php,0.0021681785583496094,-0.056636810302734375,0.9934220314025879,0.0008578300476074219,0.9813785552978516,-0.040859222412109375,-0.02752685546875
3549,php,0.3580322265625,0.001957416534423828,0.995081901550293,0.9939050674438477,0.8538169860839844,-0.07281494140625,0.131439208984375
3586,php,0.221893310546875,-0.036205291748046875,0.019550323486328125,-0.0022735595703125,0.017874717712402344,-0.16890716552734375,0.0037021636962890625
3587,php,0.952362060546875,-0.27272796630859375,0.7467880249023438,-0.012197494506835938,0.62396240234375,-0.4384307861328125,0.8490676879882812
3599,php,0.170166015625,-0.00861358642578125,0.9957981109619141,-0.00218963623046875,0.8937187194824219,-0.018390655517578125,0.9849014282226562
3609,php,0.242279052734375,0.01132965087890625,0.7806854248046875,0.0254974365234375,0.0039215087890625,0.01395416259765625,0.017061233520507812
3637,php,-0.0382080078125,0.00047028064727783203,-0.0015888214111328125,-0.0051174163818359375,0.779388427734375,-0.3812141418457031,-0.0138092041015625
3645,php,0.5040283203125,-0.0009708404541015625,0.07513427734375,-0.001331329345703125,0.66925048828125,0.00048160552978515625,0.359130859375
3647,php,0.7108154296875,0.000865936279296875,0.2790069580078125,0.0012145042419433594,0.9806051254272461,-3.814697265625e-05,0.010623931884765625
3668,php,0.9374408721923828,0.0009603500366210938,0.9807634353637695,0.0037195682525634766,0.9609861373901367,-0.0058441162109375,0.5615653991699219
3695,php,-0.00627899169921875,-0.04073333740234375,0.9852085113525391,-0.01230621337890625,0.003795623779296875,-0.0883331298828125,-0.0002593994140625
3711,php,-0.00156402587890625,-0.04876708984375,0.018335342407226562,-0.3034210205078125,0.011522293090820312,-0.9230613708496094,0.038478851318359375
3736,php,0.0007510185241699219,0.0007305145263671875,0.9958920478820801,-0.09122848510742188,0.991180419921875,0.00040149688720703125,0.996732234954834
3760,php,0.9607391357421875,0.0003466606140136719,0.9953093528747559,0.0014619827270507812,0.989372730255127,0.005856513977050781,0.9919862747192383
3767,php,0.8750162124633789,-0.027419090270996094,0.9870948791503906,-0.0040111541748046875,0.9929676055908203,0.8381900787353516,0.137481689453125
3787,php,0.0133514404296875,0.9927699565887451,0.9941129684448242,-0.99444580078125,0.9969782829284668,0.9810676574707031,0.014662742614746094
3823,php,0.097412109375,0.15271568298339844,0.12164306640625,0.0025272369384765625,0.070831298828125,-0.542236328125,0.18017578125
3829,php,0.6652908325195312,-0.0013403892517089844,0.9753379821777344,0.04132080078125,0.56201171875,0.0031490325927734375,0.9580307006835938
3830,php,0.023467063903808594,-0.026561737060546875,0.1320953369140625,-0.816314697265625,0.12520313262939453,0.08504104614257812,0.9964990615844727
3869,php,-0.9154815673828125,-0.004044532775878906,0.9981679916381836,-0.00099945068359375,0.9976630210876465,-0.210784912109375,0.9947390556335449
3871,php,0.087249755859375,-0.03372955322265625,0.9970364570617676,-0.03372955322265625,0.9970364570617676,-0.7818069458007812,0.9250354766845703
3885,php,0.1246337890625,0.02823638916015625,0.10020828247070312,0.05258750915527344,0.9907894134521484,0.0009021759033203125,0.9550094604492188
3899,php,0.9776973724365234,0.0009379386901855469,-0.4557952880859375,0.002051115036010742,0.1075439453125,0.005527496337890625,0.0033416748046875
4006,php,0.14933204650878906,-0.02072906494140625,0.9934978485107422,-0.0013751983642578125,0.997197151184082,-0.8675918579101562,0.9211082458496094
4067,php,0.56182861328125,-0.9596061706542969,-0.74908447265625,0.0003337860107421875,-0.1944580078125,-2.09808349609375e-05,-0.7120361328125
4073,php,0.8718061447143555,-0.04133796691894531,0.9782295227050781,0.0002491474151611328,0.9912319183349609,-0.0007762908935546875,0.36415863037109375
4076,php,0.9871129989624023,-0.03158760070800781,0.9120140075683594,0.00018072128295898438,0.9956517219543457,-0.050251007080078125,0.6602325439453125
4084,php,0.7996101379394531,0.0013909339904785156,0.9975500106811523,0.0005859136581420898,0.993443489074707,0.0029125213623046875,0.9231452941894531
4088,php,0.0123748779296875,-0.043182373046875,0.38800048828125,-0.11284637451171875,0.002040863037109375,-0.9447555541992188,0.0309295654296875
4100,php,0.00936126708984375,0.0001468658447265625,0.002155303955078125,0.0013427734375,0.23796844482421875,-0.06208038330078125,-0.9780902862548828
4107,php,0.041110992431640625,-0.00313568115234375,0.004099845886230469,-0.331390380859375,0.0007374286651611328,-0.0005822181701660156,0.5290756225585938
4109,php,0.0027098655700683594,-0.18059539794921875,0.4910888671875,-0.007735252380371094,0.9336605072021484,-0.8881263732910156,0.07113265991210938
4115,php,0.0016870498657226562,-0.009063720703125,0.7929019927978516,-0.0028228759765625,0.418670654296875,0.002056598663330078,0.0039463043212890625
4121,php,-0.69622802734375,-0.036357879638671875,0.033233642578125,-0.17232513427734375,-0.4527587890625,-0.9391345977783203,0.2256317138671875
4141,php,0.6455078125,0.004032135009765625,0.0038127899169921875,0.003098011016845703,0.9916019439697266,0.10512733459472656,0.556640625
4152,php,0.0034170150756835938,-0.437713623046875,0.9765520095825195,0.0006866455078125,0.9801502227783203,-0.0013332366943359375,0.4781379699707031
4237,php,0.0004253387451171875,0.03171730041503906,-0.1373138427734375,0.9826064109802246,-0.7213134765625,0.9401302337646484,-0.16961669921875
4256,php,-0.8836822509765625,-0.0117340087890625,-0.028594970703125,-0.012264251708984375,-0.76202392578125,-0.5182647705078125,-0.4884033203125
4309,php,0.140777587890625,-0.5355072021484375,0.9959077835083008,-0.9877586364746094,0.9782342910766602,0.00055694580078125,0.088531494140625
4318,php,0.0026998519897460938,-0.002887725830078125,0.194580078125,0.0024871826171875,0.01226806640625,0.004413604736328125,0.0400390625
4457,php,-0.13775634765625,-0.03977775573730469,0.002044677734375,-0.9383544921875,0.0041103363037109375,-0.0005578994750976562,0.20416259765625
4542,php,-0.252532958984375,-0.00658416748046875,0.001678466796875,-0.00794219970703125,0.9793434143066406,-0.2966766357421875,0.0006394386291503906
4546,php,0.4106903076171875,-0.673583984375,0.9814913272857666,0.0006351470947265625,0.995089054107666,-8.7738037109375e-05,0.006363391876220703
4570,php,0.9929709434509277,-0.940556526184082,0.0015411376953125,0.004482269287109375,0.004843711853027344,-0.8506317138671875,0.0392303466796875
4575,php,0.97283935546875,-6.4849853515625e-05,0.007515907287597656,0.03437995910644531,0.834259033203125,-0.326812744140625,0.02587890625
4592,php,0.0013647079467773438,-0.017467498779296875,0.9746999740600586,-0.019565582275390625,0.4813385009765625,-8.392333984375e-05,0.0009317398071289062
4609,php,-0.9864311218261719,-0.020389556884765625,0.03460693359375,0.0008997917175292969,-0.0492401123046875,-0.0766143798828125,0.013029098510742188
4644,php,0.00875091552734375,-0.0614166259765625,0.9653358459472656,-0.01779937744140625,0.017251968383789062,0.00301361083984375,0.90386962890625
4645,php,0.0008306503295898438,-0.0020170211791992188,0.6499710083007812,-0.00042819976806640625,0.6814346313476562,-0.041202545166015625,0.24163818359375
4646,php,0.35363006591796875,0.0018053054809570312,0.3756866455078125,0.0025281906127929688,0.5391159057617188,0.186065673828125,0.07196044921875
4660,php,0.006831645965576172,0.9691534042358398,0.9963674545288086,0.001094818115234375,0.9911327362060547,0.03827667236328125,0.9905319213867188
4666,php,0.093505859375,-0.0119781494140625,-0.0046844482421875,0.01662445068359375,0.04901123046875,0.0078125,-0.087005615234375
4699,php,-0.007659912109375,-0.9466323852539062,0.18621826171875,-0.9257011413574219,-0.428192138671875,-0.115936279296875,0.01645660400390625
4843,php,0.0111083984375,0.0026264190673828125,0.9568853378295898,0.0012693405151367188,0.013904571533203125,-0.00159454345703125,0.06317138671875
4855,php,0.031418800354003906,0.00095367431640625,0.9927978515625,-0.17850494384765625,0.9978384971618652,-0.425567626953125,0.9503059387207031
4867,php,0.005116462707519531,-0.009540557861328125,0.005734920501708984,-0.0007100105285644531,0.016760826110839844,0.009540557861328125,0.002685546875
4885,php,0.9350128173828125,-0.079345703125,0.02938079833984375,0.1875004768371582,0.9317588806152344,-0.9535923004150391,0.081939697265625
4903,php,0.06727981567382812,0.9983111619949341,0.9813470840454102,0.9982976913452148,0.9824838638305664,0.9971187114715576,0.661376953125
100,py,0.9900579452514648,-0.996098518371582,0.03369140625,0.00174713134765625,0.8797607421875,-0.04555511474609375,0.7658538818359375
103,py,0.02024078369140625,-0.01349639892578125,0.056903839111328125,-0.041778564453125,0.008157730102539062,-0.159332275390625,0.9651947021484375
105,py,9.298324584960938e-06,-0.0062503814697265625,7.05718994140625e-05,-2.86102294921875e-06,0.22890472412109375,-0.00273895263671875,0.18988037109375
125,py,-0.9907951354980469,0.006343841552734375,0.998100757598877,0.051789283752441406,0.9820098876953125,0.9242134094238281,0.9957895278930664
219,py,0.9981067180633545,-0.06280517578125,0.62884521484375,8.0108642578125e-05,0.9959430694580078,-0.0025787353515625,0.699737548828125
268,py,0.20147705078125,0.2586174011230469,0.162353515625,-0.01641845703125,-0.88800048828125,0.022705078125,0.080322265625
286,py,0.0610504150390625,-0.091705322265625,0.45819091796875,-0.0009326934814453125,0.5499267578125,-0.00664520263671875,0.36181640625
372,py,0.9703903198242188,0.11517333984375,0.169403076171875,0.9810371398925781,0.9931097030639648,-0.910675048828125,-0.352294921875
633,py,0.12917137145996094,-0.0017404556274414062,0.8978958129882812,-0.0049896240234375,-0.09576416015625,0.978489875793457,0.63763427734375
647,py,0.4351806640625,0.00104522705078125,0.9955577850341797,-0.002681732177734375,0.9959697723388672,0.0076446533203125,0.9878387451171875
652,py,0.996551513671875,-0.20229339599609375,0.002899169921875,0.002497076988220215,0.9979596138000488,-0.08050537109375,0.21630859375
721,py,0.11245536804199219,0.004360198974609375,0.00012350082397460938,0.10500335693359375,0.00022125244140625,-0.33575439453125,0.0034961700439453125
727,py,0.7955169677734375,-0.041393280029296875,0.424072265625,-0.00152587890625,0.20069122314453125,-0.8860435485839844,0.984283447265625
751,py,0.018428802490234375,0.9961943626403809,0.9798088073730469,-0.001049041748046875,0.6439666748046875,0.0011358261108398438,-0.049560546875
780,py,0.00136566162109375,-0.01215362548828125,-0.0010349750518798828,-0.43016815185546875,-0.002765655517578125,0.0206298828125,0.001190185546875
848,py,0.9189529418945312,-0.0160675048828125,0.9703350067138672,-0.000652313232421875,0.9912896156311035,-0.07300949096679688,0.23264694213867188
868,py,0.01033782958984375,-0.0566864013671875,0.9798240661621094,0.0038232803344726562,0.06845855712890625,-0.06201171875,0.5198974609375
877,py,0.670501708984375,0.009488344192504883,0.971588134765625,0.0014820098876953125,0.0038051605224609375,0.0012705326080322266,0.20428466796875
1000,py,0.9939079284667969,8.392333984375e-05,0.0025300979614257812,0.0043315887451171875,0.9740877151489258,0.8495101928710938,0.9914207458496094
1037,py,0.9922385215759277,0.0008883476257324219,0.9648303985595703,0.0052449703216552734,0.9727277755737305,-0.02550506591796875,0.964508056640625
1089,py,0.0013437271118164062,-0.022006988525390625,-0.0016040802001953125,0.024491310119628906,0.005270957946777344,-0.03188323974609375,0.0024166107177734375
1133,py,0.8543243408203125,-0.2842140197753906,0.9766912460327148,-0.2633056640625,0.6639404296875,0.00061798095703125,0.8585205078125
1167,py,0.9373970031738281,0.8598761558532715,0.16497802734375,0.01898813247680664,0.9641857147216797,0.007579803466796875,0.0273590087890625
1170,py,0.9425773620605469,-0.0225067138671875,0.9728450775146484,0.0010406970977783203,0.6742172241210938,-0.00118255615234375,0.845245361328125
1216,py,-0.0366363525390625,-0.0276031494140625,0.0022764205932617188,0.13204383850097656,0.9930171966552734,-0.12671661376953125,0.001689910888671875
1229,py,0.9935302734375,0.0013058185577392578,0.984034538269043,-0.0002741813659667969,0.9970903396606445,0.9914073944091797,0.9550552368164062
1446,py,-0.9893360137939453,0.992851734161377,0.9891557693481445,-0.951568603515625,0.9855098724365234,0.9180641174316406,0.006011962890625
1557,py,0.792510986328125,0.00023555755615234375,0.9953174591064453,-9.918212890625e-05,0.9861602783203125,-0.8761444091796875,0.7764892578125
1625,py,0.9154815673828125,0.0006289482116699219,0.8528289794921875,0.02216494083404541,0.09644508361816406,0.15127968788146973,0.1378326416015625
1779,py,0.6929855346679688,-0.012088775634765625,0.0006465911865234375,0.0021696090698242188,0.027683258056640625,-0.0131378173828125,0.36181640625
1820,py,0.3005523681640625,-0.00760650634765625,0.008715629577636719,0.0014543533325195312,0.03319263458251953,0.02072906494140625,0.9857635498046875
1898,py,0.9778003692626953,0.0032958984375,0.0051097869873046875,0.0002105236053466797,0.990260124206543,0.004364013671875,0.9935722351074219
2199,py,0.40465545654296875,-0.09161376953125,0.334381103515625,0.008623123168945312,0.8212928771972656,-0.4344635009765625,0.910797119140625
2204,py,0.07883548736572266,-0.0277862548828125,0.030361175537109375,-0.0006160736083984375,0.0007102489471435547,-0.25811767578125,0.6760482788085938
2250,py,0.3538818359375,0.0042247772216796875,-0.1280517578125,0.0043487548828125,0.9906940460205078,0.0233001708984375,0.823638916015625
2252,py,-0.9960041046142578,-0.9823188781738281,0.9705238342285156,-0.0076751708984375,0.03287696838378906,-0.120147705078125,0.4145660400390625
2599,py,-0.505126953125,-0.92437744140625,0.2783031463623047,-0.100494384765625,0.004025936126708984,-0.8225173950195312,0.006725311279296875
2701,py,0.01656341552734375,-0.00878143310546875,0.9507360458374023,0.0008187294006347656,0.007325172424316406,-0.973881721496582,0.98114013671875
2702,py,0.8977699279785156,-0.03067779541015625,-0.00791168212890625,-1.3828277587890625e-05,0.9766511917114258,-0.013294219970703125,0.9953269958496094
2760,py,0.0026426315307617188,0.003808736801147461,0.9974603652954102,0.0005142688751220703,0.0028066635131835938,0.576934814453125,0.008819580078125
2820,py,0.9836158752441406,0.0009975433349609375,0.94219970703125,0.000621795654296875,0.0864715576171875,0.0020503997802734375,0.045318603515625
2822,py,0.045684814453125,0.0023241043090820312,0.0021038055419921875,0.0017061233520507812,0.995086669921875,0.00882720947265625,0.9972405433654785
2832,py,0.9945039749145508,0.6287727355957031,0.995936393737793,0.08197021484375,0.9984340667724609,0.3630523681640625,0.9975676536560059
2971,py,0.9911613464355469,-0.602508544921875,0.0019512176513671875,0.002126336097717285,0.998246431350708,-0.005833625793457031,0.9882783889770508
2997,py,0.9048614501953125,-0.9703264236450195,0.9855804443359375,-0.00644683837890625,0.7197189331054688,-0.0053005218505859375,0.9920558929443359
3058,py,0.6237106323242188,0.0011386871337890625,0.11159515380859375,0.02478790283203125,0.00157928466796875,0.012731552124023438,0.9551620483398438
3086,py,0.16748046875,-0.9987492561340332,0.16015625,0.0013948678970336914,0.22900390625,-0.9227218627929688,0.177490234375
3132,py,0.0558013916015625,0.9474983215332031,0.9381103515625,0.07637310028076172,0.9880294799804688,0.017581939697265625,0.981689453125
3138,py,-0.19122314453125,-0.1629638671875,0.0060062408447265625,0.4019184112548828,0.2103729248046875,-0.573486328125,0.7583541870117188
3160,py,0.003269195556640625,0.00688934326171875,0.2962608337402344,-0.012025833129882812,0.0098724365234375,-0.01457977294921875,0.9773674011230469
3206,py,-0.011837005615234375,-0.081756591796875,-0.1708984375,-0.0007677078247070312,0.038051605224609375,-0.06980133056640625,0.276031494140625
3243,py,0.208740234375,0.015977859497070312,0.9430389404296875,0.90313720703125,0.9848670959472656,0.9587821960449219,0.9796180725097656
3257,py,0.9980645179748535,0.9643726348876953,0.993617057800293,0.001159071922302246,0.9950809478759766,0.9973330497741699,0.9873809814453125
3422,py,0.9121932983398438,-0.018566131591796875,0.0012636184692382812,-0.038303375244140625,0.852508544921875,-0.01873016357421875,0.17064666748046875
3659,py,0.9972891807556152,-0.0034132003784179688,0.4234161376953125,0.004085540771484375,0.997715950012207,0.0005724430084228516,0.9863395690917969
3671,py,0.82391357421875,0.000354766845703125,0.041778564453125,0.0008009672164916992,0.9968476295471191,-0.1063690185546875,0.0044155120849609375
3677,py,-0.022264480590820312,7.62939453125e-05,0.04949951171875,0.0321502685546875,0.9683990478515625,-0.21636962890625,0.43792724609375
3699,py,0.9653549194335938,-0.0013599395751953125,0.6354103088378906,-0.0001220703125,0.48726463317871094,-0.6319847106933594,0.2360992431640625
4101,py,0.006961822509765625,-0.03255271911621094,0.8314208984375,-0.0285491943359375,0.9766597747802734,-0.4104156494140625,0.9772663116455078
4111,py,0.005621433258056641,0.00113677978515625,0.0004298686981201172,0.004769325256347656,0.02609539031982422,-0.002593994140625,0.9807472229003906
4135,py,0.9950323104858398,0.011860370635986328,0.9425201416015625,0.031126022338867188,0.9973669052124023,-0.0101318359375,0.9672660827636719
4159,py,-0.8263816833496094,0.005931854248046875,0.79974365234375,-0.002834320068359375,0.651763916015625,0.001537322998046875,-0.806976318359375
4216,py,0.2041015625,0.0460662841796875,0.3575439453125,0.0289154052734375,0.3133544921875,0.593414306640625,0.2884521484375
4378,py,0.97796630859375,-0.02117919921875,0.9669456481933594,0.02263641357421875,0.0012421607971191406,-0.010284423828125,0.9817581176757812
4469,py,0.00909423828125,-0.8120613098144531,0.0323638916015625,-0.120269775390625,0.017757415771484375,0.04845428466796875,0.9152297973632812
4605,py,0.9847240447998047,0.004105687141418457,0.9950580596923828,0.12785887718200684,0.9970717430114746,-0.12060546875,0.75762939453125
4664,py,0.013532638549804688,0.0011997222900390625,0.1120147705078125,0.004711151123046875,0.951899528503418,-0.0325927734375,0.9789447784423828
4675,py,0.723114013671875,-0.0029125213623046875,0.4437255859375,0.008719444274902344,0.9940938949584961,-0.011013031005859375,0.047271728515625
4793,py,0.197265625,0.179046630859375,0.9334335327148438,-0.9943761825561523,0.9784088134765625,-0.0866546630859375,0.8006553649902344
4856,py,-0.4395751953125,0.02051544189453125,0.9474048614501953,-0.0927886962890625,0.020114898681640625,-0.27099609375,0.8108062744140625
4875,py,0.9868392944335938,0.9518928527832031,0.9785547256469727,0.15599441528320312,0.9948334693908691,0.004630088806152344,0.8987503051757812
4918,py,0.9417572021484375,-0.05421257019042969,0.001789093017578125,-0.82470703125,0.9970884323120117,-0.0005712509155273438,0.9250144958496094
4923,py,0.4732036590576172,-2.6702880859375e-05,0.9713096618652344,0.0004487037658691406,0.8935565948486328,0.0016298294067382812,0.20716285705566406
4930,py,0.0411376953125,-0.630126953125,0.96533203125,-0.0168914794921875,0.9738292694091797,-0.1551971435546875,0.9524765014648438
4960,py,0.9965662956237793,0.0027074813842773438,0.9958672523498535,0.0004950761795043945,0.9944748878479004,0.0029382705688476562,0.005049705505371094
5068,py,0.005200386047363281,-0.00201416015625,0.007785797119140625,0.004377841949462891,0.004093170166015625,-0.05030059814453125,0.65789794921875
5125,py,0.9280047416687012,0.01376485824584961,0.8194656372070312,0.0012247562408447266,0.25665283203125,0.0016851425170898438,0.9606914520263672
5206,py,2.384185791015625e-05,-0.7636756896972656,0.0015897750854492188,-0.007884979248046875,0.2315216064453125,0.039737701416015625,0.723541259765625
5224,py,0.003162384033203125,-0.01593017578125,-0.17431640625,-0.1205902099609375,0.987213134765625,-0.12180328369140625,0.9767532348632812
5336,py,0.9868049621582031,0.0076045989990234375,0.9903602600097656,-0.000835418701171875,0.9849128723144531,0.003980159759521484,0.9388885498046875
5338,py,-0.0006103515625,-0.05889892578125,0.9563102722167969,-0.012248992919921875,0.9926338195800781,-0.17903900146484375,0.9959926605224609
5509,py,0.009765625,-0.0052490234375,0.006377220153808594,0.022796630859375,0.8498687744140625,0.023773193359375,0.6069602966308594
5510,py,0.005828857421875,-0.00762176513671875,0.06798553466796875,0.004328250885009766,0.021366119384765625,0.002197265625,0.12274169921875
5538,py,-0.398193359375,0.9762325286865234,-0.42236328125,0.020264625549316406,0.000904083251953125,0.799407958984375,0.0233154296875
5668,py,0.0395965576171875,0.01009368896484375,0.9930667877197266,0.0533599853515625,0.9910726547241211,-0.112152099609375,0.9833126068115234
5762,py,0.0001621246337890625,0.0009604692459106445,-0.00418853759765625,0.0011625289916992188,0.00850677490234375,0.0013918876647949219,0.019266128540039062
5795,py,0.027099609375,0.12451171875,-0.00124359130859375,0.01091766357421875,0.01055145263671875,0.08589363098144531,-0.14013671875
5865,py,-0.22821044921875,-0.00457000732421875,0.9828395843505859,0.0060596466064453125,0.9910898208618164,0.1002197265625,0.975311279296875
5909,py,-0.005615234375,0.0006837844848632812,0.9904136657714844,0.0049544572830200195,0.9877567291259766,0.0018482208251953125,0.023677825927734375
5913,py,0.29483795166015625,-0.00469970703125,0.02435302734375,-0.01404571533203125,0.018082618713378906,0.0355072021484375,0.2057037353515625
5919,py,0.9957575798034668,0.01904296875,0.6215896606445312,0.010868072509765625,0.8784332275390625,0.9298362731933594,0.9885959625244141
6191,py,0.9390926361083984,0.007175445556640625,0.9732227325439453,0.0002803802490234375,0.9960317611694336,0.0012960433959960938,0.027194976806640625
6194,py,0.182861328125,0.08697509765625,0.016387939453125,-0.05686187744140625,0.33056640625,0.0007781982421875,0.2548828125
6240,py,0.2288818359375,-0.00279998779296875,0.0029726028442382812,0.009307861328125,0.2369384765625,-0.0780029296875,0.3929443359375
6284,py,0.10943603515625,-0.03000640869140625,0.0038166046142578125,0.0074462890625,0.003387451171875,-0.0043792724609375,0.54339599609375
6287,py,0.9825172424316406,-0.00018310546875,0.95068359375,0.004178047180175781,0.027374267578125,0.1273651123046875,0.1453857421875
6302,py,0.00023698806762695312,-0.0012755393981933594,0.02414703369140625,0.0007538795471191406,0.9953970909118652,-0.00019073486328125,0.0010745525360107422
6382,py,0.9903430938720703,-0.0012359619140625,0.8626823425292969,-0.0017070770263671875,0.001434326171875,-0.3757476806640625,-0.2388916015625
6432,py,0.0245513916015625,-0.041900634765625,0.2775421142578125,8.916854858398438e-05,0.5565376281738281,-0.000583648681640625,0.06630325317382812
6478,py,0.20780563354492188,-0.01068115234375,0.0031681060791015625,0.035562992095947266,0.9740505218505859,0.3698387145996094,0.9279212951660156
6533,py,0.05704307556152344,-0.00018787384033203125,0.9688339233398438,-0.0008592605590820312,0.052852630615234375,0.000675201416015625,0.9923934936523438
6646,py,0.001575469970703125,-7.152557373046875e-05,0.015308380126953125,-0.0026416778564453125,0.13292884826660156,-0.5098915100097656,0.0364837646484375
6692,py,0.031711578369140625,0.9839582443237305,0.9884071350097656,0.5298757553100586,0.9432659149169922,0.021363258361816406,0.9836082458496094
6711,py,0.1000518798828125,-0.00160980224609375,0.0011849403381347656,0.13453292846679688,0.9716758728027344,0.001743316650390625,0.9811668395996094
6716,py,0.004486083984375,0.038417816162109375,0.5272674560546875,0.005992889404296875,0.205718994140625,0.0182952880859375,0.8359107971191406
6897,py,0.099517822265625,-0.533660888671875,0.00322723388671875,-0.7049560546875,0.00044727325439453125,0.004620552062988281,0.954193115234375
7021,py,-0.5411376953125,0.0006737709045410156,0.9951095581054688,-0.032009124755859375,-0.42633056640625,-0.6045684814453125,0.13128662109375
7139,py,0.005645751953125,-0.029399871826171875,-2.09808349609375e-05,-0.44382476806640625,0.00347900390625,-0.007366180419921875,0.9899797439575195
7172,py,0.220947265625,-0.020965576171875,0.0021352767944335938,0.008182525634765625,0.32891845703125,-0.069488525390625,0.8763961791992188
7228,py,0.0020318031311035156,0.9678583145141602,0.9788990020751953,0.9381988048553467,0.9758453369140625,0.00579833984375,0.6694793701171875
7349,py,-0.3602294921875,-0.9800291061401367,1.33514404296875e-05,-0.016164779663085938,-4.291534423828125e-05,-0.950383186340332,-0.00441741943359375
7483,py,0.82550048828125,-0.03337860107421875,0.82757568359375,-0.065338134765625,0.9907560348510742,-0.790771484375,-0.683929443359375
7526,py,0.004021167755126953,-0.001007080078125,0.00186920166015625,0.0057220458984375,0.37506103515625,0.1499176025390625,0.452880859375
7573,py,0.790679931640625,0.6035709381103516,0.9851608276367188,-0.00167083740234375,0.599365234375,-0.0004973411560058594,0.9394989013671875
7684,py,0.9523429870605469,-0.8334312438964844,0.9946317672729492,0.01384735107421875,0.9972743988037109,0.01749420166015625,0.9918603897094727
8029,py,-0.30859375,0.05446815490722656,0.4111328125,0.10535430908203125,0.4097900390625,0.9873976707458496,-0.788970947265625
8054,py,-0.2440338134765625,0.00319671630859375,0.04039764404296875,0.0015716552734375,0.9677505493164062,0.6387557983398438,0.1731719970703125
8104,py,0.000164031982421875,0.08730697631835938,0.04283905029296875,0.000339508056640625,0.00731658935546875,-0.8614120483398438,0.9924898147583008
8194,py,-0.30230712890625,-0.048534393310546875,0.9898519515991211,-0.4672088623046875,0.5573692321777344,-0.9754562377929688,0.970973014831543
8347,py,0.1315774917602539,-0.9509696960449219,0.00034809112548828125,0.0018498897552490234,0.018589019775390625,0.05645751953125,0.004199981689453125
8396,py,0.33930015563964844,0.0001468658447265625,0.9931983947753906,0.0026979446411132812,0.9842500686645508,0.0006113052368164062,0.326263427734375
8465,py,0.9938578605651855,0.0009374618530273438,0.9902801513671875,0.0006663799285888672,0.9893960952758789,0.000576019287109375,0.9220352172851562
8754,py,0.9890766143798828,0.9909553527832031,0.9931797981262207,0.9938740730285645,0.9944171905517578,0.011081695556640625,0.9931392669677734
8822,py,0.061065673828125,-0.005718231201171875,0.1758270263671875,0.0032134056091308594,0.5130615234375,-0.029163360595703125,0.014892578125
8874,py,-0.1292724609375,-0.00787353515625,0.00036072731018066406,0.03218650817871094,0.9788017272949219,-0.0012664794921875,0.9052734375
9073,py,0.3640594482421875,0.6092910766601562,0.9807720184326172,0.8356971740722656,0.9947900772094727,-0.53387451171875,0.9195709228515625
9098,py,0.024784088134765625,0.02144622802734375,0.9586334228515625,0.003276824951171875,0.9556083679199219,-0.0028076171875,0.14910888671875
9181,py,0.017201900482177734,-0.013458251953125,0.8251571655273438,-0.00543975830078125,0.027980804443359375,-0.0316314697265625,0.04222869873046875
9194,py,0.9935264587402344,-0.003589630126953125,0.450927734375,0.002155303955078125,0.9963254928588867,0.00753021240234375,0.9902153015136719
9297,py,0.322509765625,0.25380992889404297,0.221435546875,0.9854986667633057,0.452880859375,0.9745702743530273,0.28515625
9335,py,0.0020427703857421875,-0.2671928405761719,0.863250732421875,-0.011478424072265625,0.9945182800292969,-0.06521224975585938,0.9731521606445312
9348,py,0.01450347900390625,-0.4706878662109375,0.29931640625,0.006196022033691406,0.04381561279296875,-0.9243698120117188,0.405517578125
9401,py,0.997138500213623,-0.0005102157592773438,0.9889612197875977,0.0018088817596435547,0.9927568435668945,0.019209861755371094,0.001125335693359375
9655,py,0.184234619140625,0.0139312744140625,0.9865379333496094,-0.0202484130859375,0.9811210632324219,-0.28729248046875,0.9774971008300781
9820,py,-0.0014085769653320312,-0.0007638931274414062,0.009998321533203125,-0.0028896331787109375,0.9668574333190918,-0.12340545654296875,0.9955816268920898
10020,py,0.992835521697998,-0.00026416778564453125,0.00022590160369873047,0.0014243125915527344,0.9921941757202148,-0.41900634765625,0.9742069244384766
10135,py,0.893524169921875,0.964026927947998,0.9962043762207031,0.000152587890625,0.9867334365844727,0.039447784423828125,0.630584716796875
10138,py,-0.0254974365234375,-0.053009033203125,0.802490234375,0.00676727294921875,0.779815673828125,0.7032012939453125,-0.1044921875
10190,py,-0.0303955078125,-0.016876220703125,0.09552001953125,-0.0007143020629882812,0.01300048828125,-0.0015649795532226562,0.07659912109375
10320,py,0.76727294921875,-0.6512374877929688,-0.560638427734375,0.00138092041015625,0.0850982666015625,0.012378692626953125,-0.01025390625
10352,py,0.26873779296875,-0.8652496337890625,0.9757909774780273,0.0055904388427734375,0.965606689453125,0.003231525421142578,0.9801063537597656
10450,py,0.5739593505859375,-0.0099639892578125,0.04786205291748047,-0.0030679702758789062,0.0023314952850341797,0.9109611511230469,0.029144287109375
10490,py,0.9881229400634766,0.0008978843688964844,-0.630126953125,0.028076171875,0.9924535751342773,0.0004487037658691406,0.04296875
10737,py,-0.9450836181640625,-0.5523319244384766,0.9828224182128906,-0.035736083984375,0.8532257080078125,-0.9336166381835938,0.7758255004882812
10825,py,0.9641876220703125,-0.60260009765625,0.0111541748046875,-0.6177520751953125,0.05677032470703125,-0.58197021484375,-0.815521240234375
10889,py,-0.03548431396484375,0.009993791580200195,0.5698127746582031,0.0006990432739257812,0.9799690246582031,0.0021104812622070312,0.914642333984375
10925,py,0.08296966552734375,-0.00727081298828125,0.00034058094024658203,-0.0048675537109375,0.1480884552001953,-0.34295654296875,0.0284271240234375
11069,py,0.9928321838378906,-0.02152252197265625,-0.002227783203125,-0.0451507568359375,0.0025429725646972656,-0.0004291534423828125,0.07891845703125
11547,py,0.0057220458984375,-0.005077362060546875,0.9932341575622559,-0.042789459228515625,0.9740028381347656,-0.7629318237304688,0.6329345703125
11615,py,0.0008778572082519531,0.0066375732421875,0.9840049743652344,-0.01904296875,0.9902658462524414,0.0099945068359375,0.9919157028198242
11781,py,0.81488037109375,-0.012420654296875,0.0094146728515625,0.006439208984375,0.9946413040161133,0.0944061279296875,0.9382476806640625
11861,py,0.0219268798828125,0.141845703125,-0.4793701171875,-0.894683837890625,-0.51190185546875,0.8303375244140625,-0.71588134765625
12098,py,0.003928184509277344,0.8777427673339844,0.0015521049499511719,0.010551214218139648,0.9311199188232422,0.190216064453125,0.9660987854003906
12145,py,0.012786865234375,0.708099365234375,0.682861328125,-0.00041961669921875,0.78277587890625,-0.00032806396484375,0.9823493957519531
12148,py,0.8244094848632812,-0.04227256774902344,0.7654972076416016,-0.0069561004638671875,0.032355308532714844,0.1085205078125,0.00621795654296875
12379,py,0.8668251037597656,0.0012645721435546875,0.9845075607299805,0.0025205612182617188,0.9817419052124023,0.010038375854492188,0.9903030395507812
12462,py,-0.0068759918212890625,-0.019805908203125,0.9915904998779297,0.011745452880859375,0.8316802978515625,-0.737152099609375,0.8833770751953125
12601,py,0.5038604736328125,-0.00699615478515625,0.098602294921875,0.3426065444946289,0.3327674865722656,-0.4859504699707031,0.9337558746337891
13042,py,-0.0008535385131835938,-0.002483367919921875,-5.91278076171875e-05,0.002330780029296875,0.12366485595703125,-0.9915533065795898,0.9980020523071289
13127,py,-0.9931154251098633,-0.225494384765625,0.5357513427734375,0.0030107498168945312,0.9980244636535645,-0.993739128112793,0.9943733215332031
13368,py,0.5228424072265625,0.0016965866088867188,0.9677696228027344,0.0063533782958984375,0.9371261596679688,0.077178955078125,0.836029052734375
13515,py,-0.0006017684936523438,-0.000751495361328125,0.37615966796875,0.0031414031982421875,0.01715850830078125,0.0010433197021484375,0.0901031494140625
13578,py,0.5535888671875,0.0010595321655273438,0.3160400390625,0.034454345703125,0.323486328125,-0.01593017578125,0.14306640625
13804,py,0.0003464221954345703,0.0007210969924926758,0.9769725799560547,0.0007331371307373047,0.3843994140625,0.001506805419921875,0.24468421936035156
13968,py,-0.000152587890625,-0.0045928955078125,0.9653434753417969,-0.03753662109375,0.04867076873779297,-0.0171051025390625,0.2366943359375
14244,py,0.9805135726928711,-0.26961517333984375,0.9427242279052734,-0.012969970703125,0.9923973083496094,-0.13006591796875,0.2005615234375
14280,py,0.9846372604370117,0.18277931213378906,0.8898448944091797,0.0065572261810302734,0.9619979858398438,0.11881637573242188,0.9784374237060547
14301,py,-0.9433746337890625,0.00405120849609375,0.03362464904785156,0.0034859180450439453,-0.383056640625,0.009487152099609375,0.9009780883789062
14316,py,0.9940757751464844,0.938385009765625,0.8995399475097656,0.003292083740234375,0.0011458396911621094,0.23628997802734375,0.020267486572265625
14322,py,0.03031158447265625,-0.0759429931640625,0.010636329650878906,-0.00200653076171875,-0.017486572265625,-0.394866943359375,0.9849662780761719
14324,py,0.9951581954956055,-0.0012655258178710938,0.9832534790039062,-0.0001697540283203125,0.9945645332336426,7.05718994140625e-05,0.9961247444152832
14336,py,0.504638671875,0.9361371994018555,0.9906482696533203,0.003662109375,0.9875392913818359,0.11786651611328125,0.9536819458007812
14368,py,0.9860715866088867,0.0008573532104492188,0.9496679306030273,-0.9546394348144531,0.994755744934082,0.001129150390625,0.9950485229492188
14444,py,0.376708984375,-0.07427978515625,0.0351715087890625,-0.8937406539916992,0.004058837890625,-0.07612991333007812,0.9452362060546875
14546,py,0.375732421875,-0.0272369384765625,-0.3070068359375,-0.00955963134765625,0.9785003662109375,-0.00390625,0.1279296875
14610,py,0.0413818359375,-0.7318477630615234,0.922515869140625,-0.0465087890625,0.08607864379882812,-0.9145278930664062,0.03728485107421875
14660,py,0.476043701171875,0.0037794113159179688,0.001743316650390625,0.0013628005981445312,0.9598255157470703,0.015611648559570312,0.17990875244140625
14666,py,0.00518035888671875,0.0198974609375,0.5587005615234375,-0.007144927978515625,0.006217002868652344,0.07255935668945312,0.9824256896972656
14688,py,-0.82958984375,-0.03417778015136719,0.088134765625,-0.01522064208984375,-0.302703857421875,-0.013339996337890625,-0.4287109375
14756,py,-0.84637451171875,-0.0969696044921875,0.1195831298828125,0.9194908142089844,0.975555419921875,0.783721923828125,-0.35052490234375
14847,py,0.510986328125,-0.007415771484375,0.005009174346923828,0.023105621337890625,0.417327880859375,-0.8798370361328125,0.0006008148193359375
14963,py,0.028215408325195312,-0.2666358947753906,0.0004889965057373047,-0.035335540771484375,0.9975481033325195,0.017578125,0.9933061599731445
15176,py,0.018402099609375,-0.02266693115234375,-0.325439453125,-0.01277923583984375,0.74896240234375,-0.1017913818359375,0.13232421875
15206,py,0.00366973876953125,-0.007601737976074219,-0.0002994537353515625,0.007822990417480469,0.0018298625946044922,0.005710601806640625,0.995844841003418
15330,py,-0.9948673248291016,0.0032858848571777344,0.18004608154296875,0.007114410400390625,-0.4547119140625,-0.2457275390625,0.006290435791015625
15412,py,0.9091644287109375,-0.5688323974609375,0.8244781494140625,0.00722503662109375,0.977874755859375,-0.4353790283203125,-0.42633056640625
15579,py,0.012237548828125,-0.0622711181640625,0.4409332275390625,-0.0030422210693359375,0.008933067321777344,-0.5281829833984375,0.8231964111328125
16076,py,-0.0019989013671875,-0.11652374267578125,0.006455421447753906,-0.09450531005859375,0.03317832946777344,-0.024690628051757812,0.9474372863769531
16201,py,0.1308135986328125,0.00010228157043457031,0.6217041015625,0.0007152557373046875,0.40325927734375,0.0027070045471191406,-0.153076171875
16314,py,0.009023666381835938,0.9695415496826172,0.000751495361328125,0.0001678466796875,0.9874439239501953,0.001316070556640625,0.8531265258789062
16386,py,0.851104736328125,-0.009168624877929688,0.0069026947021484375,0.012983322143554688,0.34796142578125,-0.38742828369140625,0.17669677734375
16550,py,0.9813594818115234,0.0071811676025390625,0.9362878799438477,-9.34600830078125e-05,0.0019063949584960938,-0.004666328430175781,0.8318061828613281
16728,py,0.290985107421875,-0.007869720458984375,0.7557373046875,-0.001430511474609375,0.82257080078125,0.7080535888671875,0.13909912109375
16729,py,0.10263824462890625,0.00299835205078125,0.9653759002685547,0.004403114318847656,0.7337188720703125,0.0029897689819335938,0.9937324523925781
16861,py,0.9361839294433594,0.03991889953613281,0.33800697326660156,0.01705169677734375,0.9945602416992188,0.8697347640991211,0.9933948516845703
17246,py,0.03641939163208008,0.010136127471923828,0.0056226253509521484,0.1767120361328125,0.0024895668029785156,0.005126953125,0.9735050201416016
17624,py,0.02166748046875,-0.9871530532836914,-0.420654296875,0.9669785499572754,0.11637115478515625,-0.03694915771484375,0.39508056640625
17969,py,0.0005788803100585938,0.44586944580078125,2.47955322265625e-05,0.09444046020507812,0.913543701171875,0.03653717041015625,0.05755615234375
18020,py,0.9823760986328125,0.21588516235351562,0.0012254714965820312,-0.9962959289550781,0.9717617034912109,-0.30419921875,-0.001739501953125
18068,py,-0.5662841796875,-0.032901763916015625,0.007007598876953125,-0.00795745849609375,0.0858001708984375,-0.4276123046875,0.1602783203125
9,rust,0.14501953125,0.024831771850585938,0.24169921875,0.0028867721557617188,0.142578125,0.9292068481445312,0.21435546875
23,rust,0.017236709594726562,0.012470245361328125,0.8356971740722656,0.03547096252441406,0.013151168823242188,0.029941558837890625,0.967559814453125
24,rust,-0.2647705078125,-0.02974700927734375,0.7397212982177734,-0.1871185302734375,0.04045295715332031,-0.008258819580078125,0.0294189453125
38,rust,0.231201171875,0.9759654998779297,0.5570068359375,0.9514226913452148,0.2940673828125,0.0004634857177734375,0.537841796875
63,rust,0.156402587890625,-0.000782012939453125,0.90960693359375,0.004383087158203125,0.5257720947265625,-0.00394439697265625,0.53076171875
70,rust,0.187255859375,0.0005784034729003906,0.2017822265625,0.0007205009460449219,0.926239013671875,0.006158351898193359,0.2508544921875
75,rust,0.0060138702392578125,-0.05224609375,0.333892822265625,-0.04735565185546875,0.9823904037475586,0.0026950836181640625,0.4577789306640625
102,rust,0.1346282958984375,-0.0488433837890625,0.322509765625,-0.0246124267578125,0.58795166015625,0.03277587890625,0.187255859375
118,rust,0.0005130767822265625,0.9917991161346436,0.0006234645843505859,0.4836726188659668,0.003231525421142578,-0.4919891357421875,0.00232696533203125
127,rust,0.00018310546875,-0.0003414154052734375,0.00222015380859375,0.021233558654785156,0.20952796936035156,-0.00766754150390625,0.5828018188476562
130,rust,-0.16468048095703125,-0.056972503662109375,0.02996826171875,-0.00980377197265625,0.9685478210449219,-0.5196380615234375,-0.35009765625
139,rust,0.068206787109375,-0.0029616355895996094,0.9787101745605469,0.009715080261230469,0.9576034545898438,0.009415626525878906,0.9802112579345703
144,rust,0.007922649383544922,0.0006160736083984375,0.9461584091186523,0.9640107154846191,0.9901399612426758,0.0098114013671875,0.4057579040527344
148,rust,0.59033203125,4.9114227294921875e-05,0.9869484901428223,-0.2981834411621094,0.9757232666015625,0.001819610595703125,0.8936767578125
164,rust,0.0289306640625,0.0003323554992675781,0.8071365356445312,-0.00055694580078125,0.6984272003173828,-0.9792804718017578,0.04419708251953125
170,rust,-0.1123046875,0.0016574859619140625,0.0596923828125,-0.03830718994140625,0.0130767822265625,-0.9880952835083008,0.0816650390625
174,rust,0.089691162109375,0.0016956329345703125,0.414794921875,0.0015630722045898438,0.9588470458984375,0.2024688720703125,0.0052947998046875
186,rust,-0.9911212921142578,-0.001537322998046875,-0.0537109375,0.0022535324096679688,0.757415771484375,-0.9482192993164062,0.096923828125
213,rust,0.80633544921875,-0.0005846023559570312,0.2136688232421875,-0.0001659393310546875,0.00022172927856445312,-0.0029163360595703125,0.7653350830078125
228,rust,0.255706787109375,-0.0001277923583984375,-0.000789642333984375,-0.005035400390625,0.5003700256347656,0.0274505615234375,0.392791748046875
272,rust,0.1839447021484375,-0.00445556640625,0.5254230499267578,0.0035552978515625,0.06752586364746094,-0.9835472106933594,0.015542984008789062
279,rust,0.181640625,-0.0036916732788085938,0.12890625,-0.00836944580078125,0.40625,-0.8393135070800781,0.1923828125
289,rust,-0.2672882080078125,0.0022220611572265625,0.9850921630859375,0.5690689086914062,0.11452102661132812,-0.8474044799804688,0.4829864501953125
297,rust,-0.0019073486328125,-0.01291656494140625,0.00203704833984375,0.00026428699493408203,0.012542724609375,-0.00766754150390625,-0.003204345703125
309,rust,0.08154296875,-0.7780036926269531,0.117431640625,0.000240325927734375,0.5021820068359375,-0.6190567016601562,0.097412109375
327,rust,0.008575439453125,0.9169197082519531,0.994410514831543,0.06915092468261719,0.9921875,-0.9993864297866821,-0.8667335510253906
336,rust,0.0327301025390625,-0.003368377685546875,0.0254974365234375,0.0009479522705078125,0.3303070068359375,-0.3367767333984375,0.159759521484375
355,rust,0.6156444549560547,0.010433197021484375,0.17535066604614258,0.008574962615966797,0.08910989761352539,-0.008609771728515625,0.8649864196777344
364,rust,0.9964408874511719,0.00445866584777832,0.9685077667236328,0.2559690475463867,0.9970278739929199,0.983513355255127,0.9654121398925781
390,rust,0.22258853912353516,-0.056316375732421875,0.9912810325622559,-0.00807952880859375,0.002379894256591797,-0.642425537109375,0.9897174835205078
494,rust,-0.67919921875,0.00089263916015625,0.832733154296875,-0.0009527206420898438,0.992060661315918,0.045589447021484375,0.9652786254882812
515,rust,0.10406494140625,9.059906005859375e-05,0.9780292510986328,0.0014200210571289062,0.781005859375,0.008791923522949219,0.0174560546875
517,rust,0.0701904296875,0.7190160751342773,0.5536994934082031,-0.2724761962890625,-0.1724853515625,-0.00018787384033203125,0.029144287109375
728,rust,0.0015001296997070312,0.0011720657348632812,0.9895305633544922,0.0011749267578125,0.9829473495483398,0.0024442672729492188,0.9889297485351562
752,rust,-0.3423309326171875,0.0003261566162109375,-0.0031719207763671875,0.0003018379211425781,-0.01564788818359375,-0.2158050537109375,0.00390625
753,rust,-0.0132293701171875,-0.70123291015625,0.0574951171875,-0.011226654052734375,0.8751678466796875,-0.02362060546875,0.078369140625
759,rust,0.8982582092285156,0.0014405250549316406,0.9510726928710938,0.13605165481567383,0.2757453918457031,-0.000240325927734375,0.9559135437011719
781,rust,0.9972023963928223,0.6269378662109375,0.9140167236328125,0.02349698543548584,0.9952359199523926,0.04857444763183594,0.9730186462402344
785,rust,-0.0030517578125,-0.368408203125,-0.00937652587890625,0.00048041343688964844,-0.018646240234375,-0.996117115020752,-0.693084716796875
789,rust,-0.47821044921875,0.0019905567169189453,0.9645633697509766,0.0012354850769042969,0.9344644546508789,-0.10340118408203125,0.17653274536132812
849,rust,0.9881153106689453,0.00012135505676269531,0.9518928527832031,-0.009211540222167969,0.8611526489257812,0.06829833984375,0.944671630859375
853,rust,0.9985213279724121,0.004099011421203613,0.9978957176208496,0.02977609634399414,0.4496116638183594,0.21881389617919922,0.9685287475585938
871,rust,-0.103515625,0.006938934326171875,0.9626302719116211,0.00274658203125,0.7674331665039062,-0.0097503662109375,0.9895706176757812
877,rust,0.6448822021484375,0.0003185272216796875,0.9685525894165039,0.0001239776611328125,0.5533523559570312,-0.0514984130859375,0.9471893310546875
909,rust,0.9842586517333984,-0.179962158203125,0.0092620849609375,0.7636480331420898,0.9973087310791016,-0.9864120483398438,0.9914073944091797
913,rust,-0.9862251281738281,6.628036499023438e-05,0.986968994140625,0.00043570995330810547,0.9841499328613281,-0.9799528121948242,0.20184326171875
921,rust,0.7959537506103516,0.016958236694335938,0.07106781005859375,0.9561567306518555,0.9722118377685547,0.9891948699951172,0.36767578125
928,rust,0.003787994384765625,-0.010723114013671875,0.9741783142089844,0.0005397796630859375,0.9238052368164062,-0.8238792419433594,0.3029937744140625
944,rust,0.1767578125,-0.9993733167648315,-0.9948301315307617,0.0040056705474853516,0.9924516677856445,0.003840923309326172,0.05712890625
1021,rust,0.9783477783203125,-0.003937721252441406,0.9607210159301758,-0.0017080307006835938,0.9936151504516602,-0.9689178466796875,0.96099853515625
1048,rust,-0.0813446044921875,-0.1781463623046875,-0.288970947265625,0.001379251480102539,0.63385009765625,-0.0014801025390625,0.829803466796875
1076,rust,0.198974609375,-0.9201545715332031,-0.958953857421875,0.0008411407470703125,0.0043792724609375,-0.02312469482421875,0.3062744140625
1086,rust,0.017608642578125,-0.0052490234375,0.0154876708984375,0.0011105537414550781,0.5301513671875,0.00021076202392578125,0.95074462890625
1090,rust,0.056427001953125,0.0013866424560546875,0.9910163879394531,0.0005559921264648438,0.9772682189941406,0.001201629638671875,0.2293701171875
1101,rust,0.69140625,0.8914585113525391,0.9775428771972656,0.9593992233276367,0.9445028305053711,0.009521484375,0.07752609252929688
1129,rust,0.9962983131408691,0.003928661346435547,0.8685188293457031,0.0005235671997070312,0.9946975708007812,0.006468772888183594,0.0628662109375
1131,rust,0.5728759765625,-0.05692291259765625,0.038818359375,6.198883056640625e-05,0.9004173278808594,-0.7539596557617188,0.03955841064453125
1156,rust,0.017120361328125,0.0004639625549316406,0.059627532958984375,-0.0003509521484375,0.00226593017578125,0.0010328292846679688,-0.020172119140625
1173,rust,-0.025390625,-0.0059757232666015625,0.67156982421875,-0.025899887084960938,0.12371826171875,-0.04302978515625,0.2156982421875
1210,rust,-0.0004930496215820312,-0.013358116149902344,0.2862129211425781,-0.0025196075439453125,0.072479248046875,-0.40380859375,-0.00115966796875
1236,rust,0.9962046146392822,-0.01264190673828125,0.9919300079345703,0.9979261159896851,0.9944777488708496,-0.01663970947265625,0.9547576904296875
1237,rust,0.9920425415039062,0.6610374450683594,0.9865646362304688,0.0011987686157226562,0.9869070053100586,0.5470466613769531,-0.0953216552734375
1262,rust,0.9101715087890625,-0.06411361694335938,0.0010704994201660156,-0.01352691650390625,-0.00037384033203125,0.0011701583862304688,0.030609130859375
1275,rust,0.9967269897460938,-0.000885009765625,0.03942108154296875,0.00035190582275390625,0.9938364028930664,-0.17510986328125,0.9953098297119141
1276,rust,0.00295257568359375,0.16908645629882812,0.9921073913574219,0.0007753372192382812,0.9877109527587891,0.00983428955078125,0.9697589874267578
1321,rust,0.9854621887207031,-0.9909768104553223,0.9867324829101562,-0.08826446533203125,0.9808769226074219,-0.9875297546386719,0.251708984375
1346,rust,-0.24228668212890625,-0.3156394958496094,0.030364990234375,-0.9896459579467773,-0.622161865234375,-0.8699226379394531,0.101531982421875
1362,rust,-0.135009765625,-0.0005931854248046875,0.9882125854492188,-0.0022182464599609375,-0.650054931640625,-0.029052734375,-0.9933958053588867
1370,rust,0.9652194976806641,0.9776806831359863,0.004018306732177734,0.0006368160247802734,0.96453857421875,0.000247955322265625,0.114776611328125
1388,rust,0.9781818389892578,-0.2810688018798828,0.9917025566101074,-0.13312530517578125,0.9929537773132324,0.002262115478515625,0.7462005615234375
1449,rust,0.3494224548339844,0.10033416748046875,0.9887313842773438,-0.22296142578125,0.9751853942871094,0.0059833526611328125,-0.147216796875
1461,rust,0.9822006225585938,0.00251007080078125,0.951873779296875,-0.0025177001953125,0.9968852996826172,-0.01959228515625,0.0264892578125
1475,rust,0.7482566833496094,-0.0004711151123046875,0.6359214782714844,0.00017273426055908203,0.612152099609375,0.0003325939178466797,0.9556694030761719
1548,rust,0.9949941635131836,-0.18594741821289062,0.0090789794921875,0.0017490386962890625,0.029590606689453125,0.003676891326904297,0.008575439453125
1619,rust,0.0220794677734375,-0.01653003692626953,0.997922420501709,-0.9904484748840332,0.9967336654663086,-0.07938766479492188,0.645782470703125
1628,rust,0.009922027587890625,-0.001964569091796875,0.0003643035888671875,-0.013605117797851562,0.1646728515625,-0.03330230712890625,0.0232696533203125
1671,rust,0.9966034889221191,-0.9247703552246094,0.9895076751708984,-0.03826904296875,0.622314453125,0.09713363647460938,0.272705078125
1682,rust,0.9749031066894531,-0.0023221969604492188,-0.9793186187744141,0.001972794532775879,0.9898662567138672,0.008480072021484375,0.0343170166015625
1754,rust,-0.169921875,-0.0026149749755859375,0.030841827392578125,-0.013998031616210938,0.8631439208984375,0.0001678466796875,0.72198486328125
1783,rust,0.9826736450195312,0.0005087852478027344,0.81243896484375,0.00038623809814453125,0.04445457458496094,0.006932258605957031,0.5682373046875
1799,rust,0.272216796875,-0.9971420764923096,0.9673690795898438,0.0003986358642578125,0.9141387939453125,0.0001926422119140625,0.6922607421875
1808,rust,0.001842498779296875,0.006680488586425781,0.009525299072265625,0.0024421215057373047,0.8286590576171875,0.0023937225341796875,0.0590972900390625
1810,rust,-0.016204833984375,0.0020351409912109375,0.00823974609375,-0.0003986358642578125,0.986175537109375,-0.12134552001953125,0.205078125
1832,rust,0.9872894287109375,-0.00107574462890625,0.9700117111206055,0.9522533416748047,0.9979019165039062,0.012288570404052734,0.9673538208007812
1834,rust,0.383056640625,0.9671382904052734,0.044921875,0.464752197265625,0.9912652969360352,-0.028211593627929688,0.351837158203125
1837,rust,-0.6661376953125,4.57763671875e-05,0.9943819046020508,0.0055065155029296875,-0.0634765625,-0.021961212158203125,-0.0167236328125
1863,rust,0.01348876953125,0.0021190643310546875,0.9834966659545898,0.09653234481811523,0.9892368316650391,0.15590286254882812,-0.11297607421875
1869,rust,0.9931621551513672,0.7128486633300781,0.667999267578125,-1.71661376953125e-05,0.0558013916015625,0.009860992431640625,0.2593994140625
1888,rust,0.3782958984375,0.01802825927734375,0.995030403137207,-0.000736236572265625,0.996363639831543,0.067138671875,0.9476852416992188
1919,rust,0.2164306640625,-0.0403594970703125,0.037841796875,-0.0217132568359375,0.09918212890625,0.008697509765625,0.095703125
1928,rust,0.1693115234375,0.00012302398681640625,0.0693359375,-8.296966552734375e-05,0.9905996322631836,0.00045490264892578125,0.112060546875
1933,rust,0.0005407333374023438,-0.9935026168823242,0.7257080078125,-0.8428573608398438,0.9104213714599609,-0.0026493072509765625,0.9374427795410156
1968,rust,-0.8458099365234375,0.013556480407714844,0.9824972152709961,0.006466865539550781,0.9875049591064453,0.020414352416992188,0.816802978515625
1992,rust,-0.352783203125,-0.0036468505859375,0.04422473907470703,0.023113250732421875,0.45416831970214844,-0.002471923828125,0.9413948059082031
1993,rust,0.9386138916015625,0.004059791564941406,0.9971354007720947,0.008311986923217773,0.9961230754852295,0.14685916900634766,0.9921350479125977
2001,rust,0.035717010498046875,-0.031291961669921875,0.003475189208984375,0.0051195621490478516,0.02089691162109375,-0.0565338134765625,-0.00516510009765625
2007,rust,0.9228515625,0.0038499832153320312,0.0029926300048828125,0.00115203857421875,0.224365234375,-0.29286956787109375,0.068878173828125
2021,rust,0.019229888916015625,-0.009552001953125,0.224609375,0.004001617431640625,0.9624290466308594,-0.1298675537109375,0.15777587890625
2028,rust,0.9813690185546875,0.023621559143066406,0.0010166168212890625,-0.0004425048828125,0.24560546875,-0.001312255859375,0.23516845703125
2064,rust,0.44464111328125,-0.273468017578125,0.055908203125,0.8584651947021484,0.9529037475585938,-0.564727783203125,0.834381103515625
2065,rust,0.06246376037597656,-0.020936965942382812,0.6077957153320312,0.0002803802490234375,0.9783039093017578,0.00713348388671875,0.021421432495117188
2085,rust,0.972625732421875,0.0043582916259765625,0.0253448486328125,0.00113677978515625,0.9962310791015625,-0.8292617797851562,-0.8062744140625
2090,rust,0.8783664703369141,-0.7105674743652344,0.156982421875,-0.1989574432373047,0.4666748046875,-0.8717498779296875,0.1895751953125
2094,rust,-0.9888458251953125,0.00103759765625,0.917449951171875,-0.0137939453125,0.6191558837890625,-0.149688720703125,0.57965087890625
2125,rust,0.48199462890625,-0.10164642333984375,0.05322265625,0.02027130126953125,0.487701416015625,0.0017094612121582031,0.1337890625
2141,rust,0.9847755432128906,-0.4546051025390625,0.1522216796875,6.4849853515625e-05,-0.002124786376953125,-0.0047149658203125,0.01953125
2160,rust,0.0012981891632080078,-0.0001621246337890625,0.9863929748535156,0.0002460479736328125,0.9953708648681641,-0.008697509765625,-0.013671875
2166,rust,-0.1490936279296875,-0.00804901123046875,0.9033584594726562,-0.014019012451171875,0.9924402236938477,-0.07266998291015625,0.25750732421875
2191,rust,0.001312255859375,-0.006671905517578125,0.314849853515625,-0.13866043090820312,0.9356307983398438,-0.00838470458984375,0.06781005859375
2208,rust,0.9949173927307129,0.6126947402954102,0.9905381202697754,0.9780964851379395,0.9872269630432129,0.002593994140625,0.14622116088867188
2210,rust,0.214599609375,-0.314849853515625,0.164306640625,-0.19167327880859375,0.189697265625,0.0005340576171875,-0.06591796875
2212,rust,0.57763671875,-0.9962892532348633,0.962132453918457,-0.9909877777099609,0.00283050537109375,-6.4849853515625e-05,0.502288818359375
2219,rust,0.9954681396484375,0.001190185546875,0.9928040504455566,0.00021207332611083984,0.9968557357788086,0.0022521018981933594,0.9879665374755859
2240,rust,0.296875,-0.9879579544067383,0.0458984375,0.002382040023803711,0.0113067626953125,-0.157257080078125,-0.0432891845703125
2241,rust,0.838134765625,-0.9829034805297852,0.8272476196289062,-0.018610000610351562,0.9904680252075195,-0.9505443572998047,0.07192230224609375
2262,rust,-0.9885501861572266,0.0009721517562866211,0.969268798828125,0.0003676414489746094,-0.02490234375,0.0037474632263183594,0.9920768737792969
2275,rust,0.9864978790283203,0.0018918514251708984,0.9960198402404785,0.010041236877441406,0.9969501495361328,0.030851364135742188,0.984466552734375
2287,rust,0.39392852783203125,0.0018436908721923828,0.6847848892211914,0.0012178421020507812,0.012897491455078125,-0.3820343017578125,0.046566009521484375
2310,rust,0.6365966796875,-0.009777069091796875,0.670074462890625,0.0005071163177490234,0.035228729248046875,-0.04595184326171875,0.1845703125
2333,rust,-0.58807373046875,0.0011768341064453125,0.16703033447265625,0.00424957275390625,0.3751678466796875,0.007289886474609375,0.09234619140625
2350,rust,0.81048583984375,0.007714509963989258,0.005889892578125,0.9949828386306763,0.7389373779296875,0.0011161565780639648,0.9521064758300781
2392,rust,0.005345344543457031,-0.04207611083984375,0.2608985900878906,0.0015360116958618164,0.9935297966003418,0.0026102066040039062,0.0855560302734375
2462,rust,0.283050537109375,-0.01055145263671875,0.9845571517944336,0.01815032958984375,0.2892169952392578,0.0054492950439453125,0.02071380615234375
2464,rust,-0.435546875,0.0018894672393798828,0.9025344848632812,0.004235982894897461,0.9892158508300781,0.7973842620849609,0.611083984375
2492,rust,0.03020477294921875,0.004966259002685547,0.9934806823730469,0.0015897750854492188,0.9936285018920898,-0.0008325576782226562,0.9577121734619141
2524,rust,0.01702117919921875,0.3038215637207031,0.8095932006835938,0.00022125244140625,0.020745277404785156,-0.0069122314453125,0.81182861328125
2557,rust,-0.6673583984375,-0.03939628601074219,0.213623046875,-0.015350341796875,0.9861326217651367,-0.012208938598632812,-0.224609375
2741,rust,0.002124786376953125,-0.9963138103485107,-0.0029296875,-0.9947097301483154,-0.9976718425750732,0.663360595703125,0.0027074813842773438
2750,rust,0.197998046875,-0.008098602294921875,0.9828605651855469,0.414154052734375,0.010221481323242188,0.0007534027099609375,0.006011962890625
2863,rust,0.00022363662719726562,-0.02014923095703125,0.9471874237060547,-0.7690353393554688,0.6008224487304688,-0.05381011962890625,-0.9962630271911621
2894,rust,0.3565673828125,0.342559814453125,0.14697265625,-0.8097801208496094,0.388916015625,-0.9726181030273438,0.1815185546875
2988,rust,0.961212158203125,0.0025310516357421875,0.9789237976074219,-0.0015382766723632812,0.9967432022094727,-0.00450897216796875,0.9779129028320312
2992,rust,-0.000820159912109375,-0.14675140380859375,0.6615142822265625,0.002837657928466797,0.9647598266601562,-0.29933929443359375,0.8474159240722656
2997,rust,0.93878173828125,-0.9844584465026855,0.9751815795898438,0.004549860954284668,0.9935188293457031,0.0011343955993652344,0.8436737060546875
3009,rust,0.19396209716796875,-9.34600830078125e-05,-0.00021076202392578125,0.029947757720947266,0.9619207382202148,0.0026102066040039062,0.03502655029296875
3051,rust,0.116943359375,-0.9933452606201172,0.47637939453125,-0.006687164306640625,0.35107421875,-0.33819580078125,0.247802734375
3119,rust,0.585205078125,-0.0013103485107421875,0.0010313987731933594,0.000705718994140625,0.905364990234375,0.00176239013671875,0.2064208984375
3164,rust,-0.00055694580078125,0.0015497207641601562,0.021728515625,-0.22771453857421875,0.6267471313476562,-0.0002765655517578125,-0.0286865234375
3183,rust,-0.0888671875,-0.0072154998779296875,0.0992279052734375,-0.049041748046875,0.022586822509765625,-0.6732177734375,-0.549072265625
3203,rust,0.07927894592285156,-0.011591911315917969,0.0035419464111328125,0.0003726482391357422,0.03335762023925781,-0.9243068695068359,0.8241481781005859
3235,rust,0.0029296875,-0.9471263885498047,0.9678058624267578,-0.17731857299804688,0.7567138671875,-0.6732578277587891,0.8673553466796875
3261,rust,0.1331787109375,-0.025081634521484375,0.0491943359375,0.0076084136962890625,0.0027608871459960938,-0.8059158325195312,0.1103515625
3273,rust,0.9675025939941406,0.0022966861724853516,0.04451751708984375,0.04047203063964844,0.9307403564453125,0.115478515625,0.5509796142578125
3297,rust,0.939849853515625,0.0013158321380615234,0.6945343017578125,-0.9897937774658203,0.952362060546875,0.0057525634765625,0.040863037109375
3306,rust,0.0085296630859375,-0.00885772705078125,-0.2115478515625,-0.8288936614990234,0.00576019287109375,-0.0046176910400390625,0.0439453125
3322,rust,-0.5246467590332031,-0.8051395416259766,0.9715251922607422,-0.3882942199707031,0.2331371307373047,-0.19718170166015625,0.94903564453125
3355,rust,0.0044384002685546875,-0.9993444681167603,-0.14801025390625,-0.9920558929443359,0.09803009033203125,0.0010309219360351562,0.0043659210205078125
3389,rust,0.71282958984375,0.0037431716918945312,0.6758041381835938,0.012603759765625,0.00724029541015625,0.00307464599609375,0.11993408203125
3390,rust,-0.12286376953125,-0.003299713134765625,-0.0087890625,0.7454442977905273,-0.21527862548828125,0.9398651123046875,0.9974770545959473
3401,rust,0.222900390625,0.7047767639160156,0.2379150390625,0.0010144710540771484,0.181884765625,-0.0068359375,0.194091796875
3406,rust,-0.9115447998046875,-0.020320892333984375,-0.014739990234375,-0.9256191253662109,0.000331878662109375,-0.598785400390625,0.0348052978515625
3414,rust,0.20304107666015625,0.617640495300293,0.9952778816223145,0.08678054809570312,0.9698963165283203,0.5280075073242188,0.94244384765625
3425,rust,-0.172027587890625,0.033176422119140625,0.005177497863769531,-2.86102294921875e-06,0.9488143920898438,-0.01873016357421875,0.006214141845703125
3432,rust,-0.0062255859375,-0.006464958190917969,-0.0135498046875,-0.01997852325439453,-0.2156982421875,-0.007266998291015625,0.1998291015625
3437,rust,-0.19195556640625,-0.1272430419921875,0.6014633178710938,-0.08646011352539062,0.9019966125488281,0.004086494445800781,0.005451202392578125
3467,rust,0.2647705078125,-0.03798103332519531,-0.103271484375,-0.06533050537109375,0.89727783203125,0.0012655258178710938,0.121826171875
3489,rust,0.015869140625,0.0005353689193725586,0.084716796875,0.0008187294006347656,0.1138916015625,-0.00348663330078125,0.1224365234375
3496,rust,6.341934204101562e-05,-0.0031409263610839844,0.9859905242919922,-0.6133804321289062,0.69989013671875,-0.001613616943359375,0.5707931518554688
3505,rust,0.0009913444519042969,0.006596207618713379,0.9965872764587402,0.0005736351013183594,0.9961259365081787,-0.0031414031982421875,0.4296875
3512,rust,0.9716510772705078,0.0,0.9969983100891113,0.00031948089599609375,0.9968771934509277,-0.0019378662109375,0.9592380523681641
3672,rust,0.0052490234375,-0.001667022705078125,0.9781684875488281,-0.0113067626953125,0.1561126708984375,-0.02956390380859375,0.33966064453125
3673,rust,0.9127197265625,-0.2154998779296875,0.7912483215332031,0.000736236572265625,0.9945402145385742,0.2136993408203125,0.9818916320800781
3763,rust,0.46361541748046875,0.666748046875,0.9878501892089844,0.006005287170410156,0.9860954284667969,0.0005369186401367188,0.633544921875
3813,rust,0.014515876770019531,-0.2295207977294922,0.000934600830078125,-0.0536956787109375,0.0055217742919921875,0.001316070556640625,0.8754043579101562
3822,rust,0.0034246444702148438,-0.058383941650390625,0.02508258819580078,0.0005022287368774414,0.9877796173095703,-0.0001983642578125,0.824920654296875
3832,rust,0.03972625732421875,-0.004520416259765625,0.9423675537109375,-1.9073486328125e-05,0.906524658203125,0.0287628173828125,0.388671875
3850,rust,-0.02142333984375,-0.991946816444397,0.034912109375,-0.883882999420166,0.007053375244140625,0.0002827644348144531,0.174560546875
3874,rust,0.96368408203125,-0.0008263587951660156,0.9923639297485352,0.9439096450805664,0.9775276184082031,0.9480533599853516,0.51605224609375
3933,rust,0.0084228515625,-0.9795329570770264,-0.9164657592773438,0.12099456787109375,0.030364990234375,-0.13405609130859375,0.6998291015625
3997,rust,-0.0134124755859375,-0.03382301330566406,0.9918842315673828,-0.0031900405883789062,0.00803375244140625,-0.9648590087890625,-0.153167724609375
4000,rust,0.0010862350463867188,0.003574371337890625,0.9877386093139648,0.001079559326171875,0.9780197143554688,-0.0015583038330078125,0.45465087890625
4028,rust,0.0047607421875,-0.9865827560424805,-0.154296875,-0.0218963623046875,0.115966796875,-0.049465179443359375,-0.052978515625
4138,rust,-0.178985595703125,-0.0911712646484375,0.9851160049438477,-0.001552581787109375,0.9181747436523438,-0.0073699951171875,0.9686012268066406
4196,rust,0.03936004638671875,0.000926971435546875,0.013302803039550781,-0.000576019287109375,0.171356201171875,0.0033092498779296875,0.0251312255859375
4209,rust,0.9741535186767578,0.00324249267578125,0.57861328125,-0.0034580230712890625,0.9803276062011719,-0.03398895263671875,0.61767578125
4227,rust,0.9939651489257812,-0.005889892578125,-0.009613037109375,-0.0008544921875,0.0023479461669921875,0.0010075569152832031,0.08258056640625
4359,rust,0.9955949783325195,0.0009431838989257812,0.9960551261901855,0.0026369094848632812,0.9936399459838867,0.0029125213623046875,0.9753761291503906
4376,rust,0.09912109375,-0.9988152980804443,-0.88702392578125,-0.998258113861084,0.2413330078125,0.690185546875,-0.4884033203125
4392,rust,0.0202178955078125,-0.0008182525634765625,0.993072509765625,-0.00110626220703125,0.3928985595703125,-0.01032257080078125,0.35992431640625
4405,rust,0.22119140625,0.9649486541748047,0.7076416015625,0.0003204345703125,0.298095703125,0.545989990234375,0.25537109375
4406,rust,0.328369140625,-0.0020165443420410156,0.001041412353515625,0.0020360946655273438,0.0205078125,-0.007717132568359375,0.164306640625
4428,rust,0.9539432525634766,0.0013222694396972656,0.9967269897460938,0.0010699033737182617,0.9967508316040039,0.003780364990234375,0.0390167236328125
4496,rust,0.00435638427734375,0.0011129379272460938,-0.0336761474609375,-0.02373504638671875,0.1606597900390625,-0.013956069946289062,0.00017333030700683594
4507,rust,-0.0960845947265625,-0.0008068084716796875,0.9763445854187012,-0.003253936767578125,0.9918937683105469,-0.8957366943359375,0.9811553955078125
4521,rust,-0.000396728515625,-0.9890708923339844,-0.0640869140625,-0.41091156005859375,0.33441925048828125,-0.9727630615234375,-0.0589447021484375
4554,rust,0.9328460693359375,-0.9244861602783203,0.0858917236328125,-0.15069580078125,0.03101348876953125,-0.007480621337890625,0.1412353515625
4558,rust,0.05419921875,-0.6541061401367188,0.197265625,-0.9910373687744141,0.616943359375,-0.9875125885009766,0.4232177734375
4566,rust,0.06976318359375,-0.010440826416015625,0.31982421875,-0.120574951171875,0.9920902252197266,-0.6692352294921875,0.598724365234375
4591,rust,0.010498046875,-0.65142822265625,0.05838775634765625,-0.001125335693359375,0.037567138671875,-0.20147705078125,0.9520111083984375
4606,rust,0.4097900390625,0.00506591796875,0.8821029663085938,0.5143032073974609,0.9093780517578125,0.022098541259765625,0.9851703643798828
4692,rust,-0.018157958984375,-0.0279998779296875,0.19329833984375,-0.873046875,0.0020618438720703125,-0.29051971435546875,-0.003387451171875
4717,rust,0.031219482421875,0.034912109375,0.4488525390625,-0.0076751708984375,0.3482818603515625,0.03819847106933594,0.0897216796875
4727,rust,0.2433319091796875,0.02783203125,0.977508544921875,0.000949859619140625,0.9133682250976562,0.0014400482177734375,0.67333984375
4745,rust,0.991546630859375,-0.0015392303466796875,0.77410888671875,-0.007761955261230469,0.54632568359375,-0.0064544677734375,0.81427001953125
4747,rust,0.8174896240234375,0.9773659706115723,0.9421348571777344,0.00879669189453125,0.9764747619628906,0.003520965576171875,-0.07373046875
4749,rust,-0.17169189453125,-0.0006570816040039062,-0.005218505859375,0.0005750656127929688,0.98046875,-0.003753662109375,0.37884521484375
4758,rust,0.9979462623596191,0.022228240966796875,0.9919853210449219,0.0025424957275390625,0.585052490234375,-0.3022613525390625,0.9663867950439453
4768,rust,0.0953369140625,-0.9383392333984375,0.9605007171630859,0.0008857250213623047,0.9829387664794922,0.0059967041015625,0.9701347351074219
4773,rust,0.117919921875,-0.01630401611328125,0.6836700439453125,-0.01446533203125,0.84246826171875,-0.8045692443847656,0.68463134765625
4774,rust,0.8508758544921875,-0.11014366149902344,0.44384765625,0.0012784004211425781,0.19775390625,-0.9930996894836426,0.012592315673828125
