diff_id,language,anchor,synonym,antonym,gold_word_count,bleu_syn,bleu_ant,bleu_delta,rougeL_syn,rougeL_ant,rougeL_delta,chrf_syn,chrf_ant,chrf_delta,meteor_syn,meteor_ant,meteor_delta
227,cpp,allow,permit,forbid,8,0.8408964152537145,0.8408964152537145,0.0,0.8333333333333334,0.8333333333333334,0.0,0.830092325789114,0.8351124111362712,-0.005020085347157255,0.9990234375,0.8737244897959183,0.12529894770408168
634,cpp,add,insert,remove,13,0.791066507175436,0.791066507175436,0.0,0.9090909090909091,0.9090909090909091,0.0,0.8754128700746279,0.8754128700746279,0.0,0.920940170940171,0.920940170940171,0.0
932,cpp,add,insert,remove,15,0.9253911813809742,0.9253911813809742,0.0,0.9230769230769231,0.9230769230769231,0.0,0.9419853429751883,0.9419853429751883,0.0,0.9331632653061225,0.9331632653061225,0.0
932,cpp,disable,block,enable,15,0.8003203203845001,0.8003203203845001,0.0,0.9230769230769231,0.9230769230769231,0.0,0.8580685923400118,0.9126955676285838,-0.05462697528857208,0.9319727891156462,0.9319727891156462,0.0
932,cpp,create,build,destroy,15,0.8003203203845001,0.8003203203845001,0.0,0.9230769230769231,0.9230769230769231,0.0,0.863717887474178,0.8659079799461918,-0.0021900924720138493,0.9319727891156462,0.9319727891156462,0.0
1558,cpp,adding,inserting,removing,6,0.7598356856515927,0.7598356856515927,0.0,0.8000000000000002,0.8000000000000002,0.0,0.8971944721340076,0.9023456466744161,-0.005151174540408476,0.8300000000000002,0.8300000000000002,0.0
2427,cpp,added,inserted,removed,13,0.9121679090703875,0.9121679090703875,0.0,0.8888888888888888,0.8888888888888888,0.0,0.9333905793134109,0.9368569873421011,-0.0034664080286902488,0.9228098290598291,0.9228098290598291,0.0
2909,cpp,remove,delete,insert,10,0.7825422900366438,0.7825422900366438,0.0,0.9,0.9,0.0,0.877781690880126,0.8612395760012234,0.01654211487890267,0.8950617283950617,0.8950617283950617,0.0
3149,cpp,added,inserted,removed,13,0.9121679090703875,0.9121679090703875,0.0,0.9166666666666666,0.9166666666666666,0.0,0.9419853429751883,0.9450309496522159,-0.003045606677027579,0.9228098290598291,0.9228098290598291,0.0
4054,cpp,add,insert,remove,7,0.8091067115702206,0.8091067115702206,0.0,0.8571428571428571,0.8571428571428571,0.0,0.887534817914365,0.887534817914365,0.0,0.8551587301587302,0.8551587301587302,0.0
4103,cpp,adds,inserts,removes,7,0.6434588841607617,0.6434588841607617,0.0,0.8000000000000002,0.8000000000000002,0.0,0.7849089467370348,0.7849089467370348,0.0,0.8412698412698414,0.8412698412698414,0.0
4442,cpp,add,insert,remove,7,0.8091067115702206,0.8091067115702206,0.0,0.8571428571428571,0.8571428571428571,0.0,0.9294716141278502,0.9294716141278502,0.0,0.8551587301587302,0.8551587301587302,0.0
4496,cpp,added,inserted,removed,13,0.9121679090703875,0.9121679090703875,0.0,0.9,0.9,0.0,0.9280606464756302,0.9317840292541529,-0.003723382778522688,0.9228098290598291,0.9228098290598291,0.0
4496,cpp,allow,permit,forbid,13,0.791066507175436,0.791066507175436,0.0,0.9,0.9,0.0,0.843703958053269,0.8468968065321107,-0.0031928484788417144,0.9997724169321802,0.920940170940171,0.07883224599200922
5010,cpp,remove,delete,insert,8,0.5000000000000001,0.5000000000000001,0.0,0.8000000000000002,0.8000000000000002,0.0,0.7552211792965409,0.7223309338819628,0.03289024541457808,0.864795918367347,0.864795918367347,0.0
5208,cpp,include,contain,exclude,7,0.8931539818068699,0.8931539818068699,0.0,0.875,0.875,0.0,0.8587587302882916,0.9587116446948807,-0.09995291440658904,0.8551587301587302,0.8551587301587302,0.0
5697,cpp,add,insert,remove,10,0.8801117367933934,0.8801117367933934,0.0,0.8888888888888888,0.8888888888888888,0.0,0.9182455882133006,0.9182455882133006,0.0,0.8993827160493828,0.8993827160493828,0.0
5709,cpp,remove,delete,insert,7,0.8091067115702206,0.8091067115702206,0.0,0.8333333333333334,0.8333333333333334,0.0,0.8739384874654451,0.8479131768284528,0.026025310636992316,0.8551587301587302,0.8551587301587302,0.0
5709,cpp,includes,contains,excludes,7,0.4889230224349009,0.4889230224349009,0.0,0.8333333333333334,0.8333333333333334,0.0,0.7671468780422566,0.8809116426093319,-0.1137647645670753,0.8412698412698414,0.8412698412698414,0.0
5971,cpp,added,inserted,removed,9,0.9121679090703875,0.9121679090703875,0.0,0.9090909090909091,0.9090909090909091,0.0,0.93460178891258,0.9380093749330477,-0.0034075860204677566,0.8880208333333333,0.8880208333333333,0.0
6312,cpp,disable,block,enable,6,0.7598356856515927,0.7598356856515927,0.0,0.8333333333333334,0.8333333333333334,0.0,0.7437999633566542,0.8842008357509669,-0.14040087239431265,0.8300000000000002,0.8300000000000002,0.0
6449,cpp,add,insert,remove,6,0.9193227152249183,0.9193227152249183,0.0,0.8888888888888888,0.8888888888888888,0.0,0.9122583624894098,0.9122583624894098,0.0,0.8300000000000002,0.8300000000000002,0.0
6547,cpp,add,insert,remove,10,0.8801117367933934,0.8801117367933934,0.0,0.875,0.875,0.0,0.9333905793134109,0.9333905793134109,0.0,0.8993827160493828,0.8993827160493828,0.0
7572,cpp,adding,inserting,removing,14,0.8091067115702206,0.8091067115702206,0.0,0.9230769230769231,0.9230769230769231,0.0,0.8862332063102731,0.8901830114791003,-0.003949805168827147,0.9268808114961962,0.9268808114961962,0.0
7590,cpp,adding,inserting,removing,11,0.8070557274927979,0.8070557274927979,0.0,0.8888888888888888,0.8888888888888888,0.0,0.8575126235604759,0.853745139192429,0.0037674843680468584,0.9054545454545455,0.9054545454545455,0.0
8146,cpp,allow,permit,forbid,10,0.8801117367933934,0.8801117367933934,0.0,0.8888888888888888,0.8888888888888888,0.0,0.8860552443351354,0.8895130597303291,-0.003457815395193742,0.9995,0.8993827160493828,0.10011728395061725
8313,cpp,start,begin,stop,23,0.8787419089273847,0.8787419089273847,0.0,0.9523809523809523,0.9523809523809523,0.0,0.9243061420926151,0.9463146487596723,-0.022008506667057226,0.999958905235473,0.9561624146604384,0.04379649057503465
8542,cpp,removed,deleted,inserted,7,0.4889230224349009,0.4889230224349009,0.0,0.8571428571428571,0.8571428571428571,0.0,0.8293974284831026,0.8292125640389088,0.00018486444419385517,0.8412698412698414,0.8412698412698414,0.0
8543,cpp,add,insert,remove,13,0.791066507175436,0.791066507175436,0.0,0.9,0.9,0.0,0.9025239128322934,0.9025239128322934,0.0,0.920940170940171,0.920940170940171,0.0
8543,cpp,remove,delete,insert,13,0.8423626743789753,0.8423626743789753,0.0,0.9,0.9,0.0,0.8817267531687811,0.868278893598665,0.013447859570116183,0.920940170940171,0.920940170940171,0.0
8735,cpp,add,insert,remove,9,0.8633400213704508,0.8633400213704508,0.0,0.875,0.875,0.0,0.9308282416881526,0.9308282416881526,0.0,0.8880208333333333,0.8880208333333333,0.0
8875,cpp,allow,permit,forbid,13,0.791066507175436,0.791066507175436,0.0,0.875,0.875,0.0,0.7986909320191148,0.8027362409709506,-0.004045308951835858,0.9997724169321802,0.920940170940171,0.07883224599200922
9568,cpp,add,insert,remove,9,0.8633400213704508,0.8633400213704508,0.0,0.8571428571428571,0.8571428571428571,0.0,0.9000550936954855,0.9000550936954855,0.0,0.8880208333333333,0.8880208333333333,0.0
10309,cpp,remove,delete,insert,9,0.9253911813809742,0.9253911813809742,0.0,0.9166666666666666,0.9166666666666666,0.0,0.927177842565041,0.9145457782278078,0.012632064337233184,0.8880208333333333,0.8880208333333333,0.0
10309,cpp,allow,permit,forbid,9,0.8003203203845001,0.8003203203845001,0.0,0.9166666666666666,0.9166666666666666,0.0,0.8838256330907083,0.8862341110433861,-0.0024084779526778455,0.9993141289437586,0.8819444444444444,0.11736968449931418
10504,cpp,allow,permit,forbid,14,0.7825422900366438,0.7825422900366438,0.0,0.9090909090909091,0.9090909090909091,0.0,0.8631655060122353,0.8659808215706417,-0.002815315558406417,0.9998177842565598,0.9268808114961962,0.0729369727603636
11034,cpp,add,insert,remove,9,0.6104735835807847,0.6104735835807847,0.0,0.75,0.75,0.0,0.791750475411671,0.791750475411671,0.0,0.7687074829931974,0.7687074829931974,0.0
11174,cpp,started,began,stopped,13,0.9121679090703875,0.9121679090703875,0.0,0.9,0.9,0.0,0.9019678092258574,0.9299265837354125,-0.027958774509555084,0.9997724169321802,0.9228098290598291,0.07696258787235111
11339,cpp,add,insert,remove,5,0.6687403049764218,0.6687403049764218,0.0,0.8000000000000002,0.8000000000000002,0.0,0.9143493737971391,0.9143493737971391,0.0,0.7937500000000002,0.7937500000000002,0.0
12096,cpp,remove,delete,insert,13,0.9121679090703875,0.9121679090703875,0.0,0.9166666666666666,0.9166666666666666,0.0,0.9493279065356987,0.9388533517884166,0.010474554747282094,0.9228098290598291,0.9228098290598291,0.0
12097,cpp,add,insert,remove,6,0.7598356856515927,0.7598356856515927,0.0,0.8333333333333334,0.8333333333333334,0.0,0.8666338761469643,0.8666338761469643,0.0,0.8300000000000002,0.8300000000000002,0.0
12116,cpp,remove,delete,insert,7,0.4889230224349009,0.4889230224349009,0.0,0.8000000000000002,0.8000000000000002,0.0,0.7278866620820643,0.6913818365542502,0.03650482552781409,0.8412698412698414,0.8412698412698414,0.0
12116,cpp,include,contain,exclude,7,0.4889230224349009,0.4889230224349009,0.0,0.8000000000000002,0.8000000000000002,0.0,0.6784019152409955,0.831845583109951,-0.15344366786895558,0.8412698412698414,0.8412698412698414,0.0
12213,cpp,add,insert,remove,8,0.5000000000000001,0.5000000000000001,0.0,0.8571428571428571,0.8571428571428571,0.0,0.8417784634561937,0.8417784634561937,0.0,0.864795918367347,0.864795918367347,0.0
12345,cpp,add,insert,remove,11,0.7016879391277372,0.7016879391277372,0.0,0.875,0.875,0.0,0.8690006160043611,0.8690006160043611,0.0,0.9054545454545455,0.9054545454545455,0.0
12518,cpp,disable,block,enable,9,0.8633400213704508,0.8633400213704508,0.0,0.8888888888888888,0.8888888888888888,0.0,0.8390249886770583,0.9303960951797788,-0.09137110650272051,0.8880208333333333,0.8880208333333333,0.0
13200,cpp,add,insert,remove,6,0.7598356856515927,0.7598356856515927,0.0,0.8333333333333334,0.8333333333333334,0.0,0.8614814081743934,0.8614814081743934,0.0,0.8300000000000002,0.8300000000000002,0.0
13296,cpp,add,insert,remove,9,0.8633400213704508,0.8633400213704508,0.0,0.8333333333333334,0.8333333333333334,0.0,0.8800157917018067,0.8800157917018067,0.0,0.8880208333333333,0.8880208333333333,0.0
13516,cpp,show,display,hide,8,0.8408964152537145,0.8408964152537145,0.0,0.8571428571428571,0.8571428571428571,0.0,0.8647653787237176,0.8802852894171679,-0.015519910693450267,0.9990234375,0.8737244897959183,0.12529894770408168
14126,cpp,adds,inserts,removes,22,0.8725129388059694,0.8725129388059694,0.0,0.9473684210526315,0.9473684210526315,0.0,0.9381306228277644,0.9381306228277644,0.0,0.9541331684188827,0.9541331684188827,0.0
14436,cpp,added,inserted,removed,9,0.8633400213704508,0.8633400213704508,0.0,0.75,0.75,0.0,0.8361350589131245,0.8438013070583643,-0.007666248145239862,0.8880208333333333,0.8880208333333333,0.0
14515,cpp,remove,delete,insert,11,0.8931539818068699,0.8931539818068699,0.0,0.9,0.9,0.0,0.9171892040633245,0.9000805967885577,0.01710860727476682,0.9086363636363638,0.9086363636363638,0.0
14946,cpp,add,insert,remove,8,0.5000000000000001,0.5000000000000001,0.0,0.8333333333333334,0.8333333333333334,0.0,0.833104730407462,0.833104730407462,0.0,0.864795918367347,0.864795918367347,0.0
15525,cpp,add,insert,remove,8,0.8408964152537145,0.8408964152537145,0.0,0.8571428571428571,0.8571428571428571,0.0,0.9200635408501847,0.9200635408501847,0.0,0.8737244897959183,0.8737244897959183,0.0
15899,cpp,create,build,destroy,18,0.8394327083733333,0.8394327083733333,0.0,0.9,0.9,0.0,0.863717887474178,0.8659079799461918,-0.0021900924720138493,0.943675509419454,0.943675509419454,0.0
16836,cpp,added,inserted,removed,21,0.865603055254171,0.865603055254171,0.0,0.9375,0.9375,0.0,0.9303585013531953,0.9324752049263464,-0.0021167035731510797,0.9519047619047619,0.9519047619047619,0.0
17076,cpp,adds,inserts,removes,10,0.6580370064762461,0.6580370064762461,0.0,0.875,0.875,0.0,0.8181468832796877,0.8181468832796877,0.0,0.8950617283950617,0.8950617283950617,0.0
17174,cpp,added,inserted,removed,11,0.8931539818068699,0.8931539818068699,0.0,0.8571428571428571,0.8571428571428571,0.0,0.9419853429751883,0.9450309496522159,-0.003045606677027579,0.9086363636363638,0.9086363636363638,0.0
17525,cpp,show,display,hide,12,0.7348889200874659,0.7348889200874659,0.0,0.9,0.9,0.0,0.8542354018466629,0.865018328330407,-0.010782926483744126,0.9997106481481481,0.9139118457300276,0.08579880241812055
17954,cpp,add,insert,remove,7,0.8091067115702206,0.8091067115702206,0.0,0.8571428571428571,0.8571428571428571,0.0,0.9077537242084869,0.9077537242084869,0.0,0.8551587301587302,0.8551587301587302,0.0
18064,cpp,removing,deleting,inserting,8,0.7071067811865478,0.7071067811865478,0.0,0.875,0.875,0.0,0.79614487416345,0.800427656200064,-0.004282782036613919,0.864795918367347,0.864795918367347,0.0
18200,cpp,add,insert,remove,8,0.8408964152537145,0.8408964152537145,0.0,0.875,0.875,0.0,0.8971944721340076,0.8971944721340076,0.0,0.8737244897959183,0.8737244897959183,0.0
18904,cpp,removing,deleting,inserting,12,0.7348889200874659,0.7348889200874659,0.0,0.9090909090909091,0.9090909090909091,0.0,0.8921679737011242,0.8919121740866864,0.00025579961443777943,0.9139118457300276,0.9139118457300276,0.0
19017,cpp,remove,delete,insert,14,0.8153551038173119,0.8153551038173119,0.0,0.9166666666666666,0.9166666666666666,0.0,0.8888987366292738,0.8762666722920401,0.012632064337233628,0.9268808114961962,0.9268808114961962,0.0
20346,cpp,added,inserted,removed,8,0.8408964152537145,0.8408964152537145,0.0,0.8571428571428571,0.8571428571428571,0.0,0.8534978487937415,0.8583926223452426,-0.0048947735515011415,0.8737244897959183,0.8737244897959183,0.0
20349,cpp,increase,raise,decrease,7,0.8091067115702206,0.8091067115702206,0.0,0.8571428571428571,0.8571428571428571,0.0,0.849359052488603,0.9435310607137234,-0.0941720082251204,0.8551587301587302,0.8551587301587302,0.0
20800,cpp,remove,delete,insert,6,0.3799178428257963,0.3799178428257963,0.0,0.75,0.75,0.0,0.6936499142296243,0.6526335728147322,0.04101634141489208,0.8066666666666668,0.8066666666666668,0.0
20812,cpp,created,built,destroyed,6,0.7598356856515927,0.7598356856515927,0.0,0.8333333333333334,0.8333333333333334,0.0,0.8210824834412498,0.8660351137279821,-0.044952630286732354,0.8300000000000002,0.8300000000000002,0.0
20958,cpp,create,build,destroy,8,0.5946035575013604,0.5946035575013604,0.0,0.8333333333333334,0.8333333333333334,0.0,0.7019745161304346,0.7082473667650874,-0.006272850634652771,0.864795918367347,0.864795918367347,0.0
21282,cpp,allow,permit,forbid,9,0.8633400213704508,0.8633400213704508,0.0,0.8571428571428571,0.8571428571428571,0.0,0.830092325789114,0.8351124111362712,-0.005020085347157255,0.9993141289437586,0.8880208333333333,0.11129329561042534
21431,cpp,remove,delete,insert,8,0.8408964152537145,0.8408964152537145,0.0,0.875,0.875,0.0,0.900047085593411,0.8794029079408516,0.020644177652559326,0.8737244897959183,0.8737244897959183,0.0
21556,cpp,show,display,hide,13,0.7611606003349888,0.7611606003349888,0.0,0.9090909090909091,0.9090909090909091,0.0,0.8874046077947904,0.8960593204185314,-0.008654712623741068,0.9997724169321802,0.920940170940171,0.07883224599200922
21571,cpp,remove,delete,insert,6,0.3799178428257963,0.3799178428257963,0.0,0.75,0.75,0.0,0.7059845428323689,0.6725439589932343,0.03344058383913462,0.8066666666666668,0.8066666666666668,0.0
21832,cpp,allow,permit,forbid,18,0.8394327083733333,0.8394327083733333,0.0,0.9375,0.9375,0.0,0.8990628481633487,0.9011672253237805,-0.0021043771604317696,0.9999142661179699,0.943675509419454,0.05623875669851586
22303,cpp,add,insert,remove,21,0.9573479717381593,0.9573479717381593,0.0,0.9545454545454546,0.9545454545454546,0.0,0.9629133891959595,0.9629133891959595,0.0,0.9523214285714285,0.9523214285714285,0.0
22666,cpp,disable,block,enable,11,0.7016879391277372,0.7016879391277372,0.0,0.9,0.9,0.0,0.8332860242931927,0.8974850837350352,-0.06419905944184257,0.9054545454545455,0.9054545454545455,0.0
22746,cpp,add,insert,remove,10,0.8801117367933934,0.8801117367933934,0.0,0.8888888888888888,0.8888888888888888,0.0,0.9143493737971391,0.9143493737971391,0.0,0.8993827160493828,0.8993827160493828,0.0
22746,cpp,open,unlock,close,10,0.6580370064762461,0.6580370064762461,0.0,0.8888888888888888,0.8888888888888888,0.0,0.8408896903836743,0.8449176600306875,-0.00402796964701313,0.8950617283950617,0.8950617283950617,0.0
23048,cpp,allow,permit,forbid,17,0.8482198619370465,0.8482198619370465,0.0,0.9411764705882353,0.9411764705882353,0.0,0.8977214681066306,0.8998527554639192,-0.002131287357288625,0.999898229187869,0.9402573529411764,0.059640876246692565
24219,cpp,show,display,hide,20,0.8578928092681432,0.8578928092681432,0.0,0.9333333333333333,0.9333333333333333,0.0,0.8980619424228508,0.9058138218540145,-0.007751879431163733,0.9999375,0.9494459833795015,0.050491516620498555
24483,cpp,added,inserted,removed,8,0.5000000000000001,0.5000000000000001,0.0,0.8333333333333334,0.8333333333333334,0.0,0.9025239128322934,0.9053930437302091,-0.0028691308979157393,0.864795918367347,0.864795918367347,0.0
24989,cpp,includes,contains,excludes,16,0.8153551038173119,0.8153551038173119,0.0,0.9333333333333333,0.9333333333333333,0.0,0.8867060375688882,0.9421743042333945,-0.05546826666450633,0.9363888888888889,0.9363888888888889,0.0
25202,cpp,added,inserted,removed,12,0.7348889200874659,0.7348889200874659,0.0,0.8888888888888888,0.8888888888888888,0.0,0.8717578926589465,0.8753960905223959,-0.0036381978634493217,0.9139118457300276,0.9139118457300276,0.0
25263,cpp,increase,raise,decrease,9,0.6606328636027612,0.6606328636027612,0.0,0.8571428571428571,0.8571428571428571,0.0,0.8290319548339969,0.8972504357155736,-0.06821848088157667,0.8819444444444444,0.8819444444444444,0.0
25366,cpp,added,inserted,removed,8,0.8408964152537145,0.8408964152537145,0.0,0.8571428571428571,0.8571428571428571,0.0,0.8758649033983275,0.8819418979447206,-0.0060769945463931,0.8737244897959183,0.8737244897959183,0.0
25527,cpp,increased,raised,decreased,6,0.7598356856515927,0.7598356856515927,0.0,0.8333333333333334,0.8333333333333334,0.0,0.834242346643899,0.9342195091708442,-0.09997716252694522,0.8300000000000002,0.8300000000000002,0.0
26005,cpp,opening,unlocking,closing,8,0.5000000000000001,0.5000000000000001,0.0,0.8571428571428571,0.8571428571428571,0.0,0.8189170777546935,0.8236023430295876,-0.0046852652748941015,0.864795918367347,0.864795918367347,0.0
26407,cpp,add,insert,remove,28,0.9025139799587889,0.9025139799587889,0.0,0.9583333333333334,0.9583333333333334,0.0,0.9270247728071921,0.9270247728071921,0.0,0.9640897511267882,0.9640897511267882,0.0
26407,cpp,disable,block,enable,28,0.9025139799587889,0.9025139799587889,0.0,0.9583333333333334,0.9583333333333334,0.0,0.8958885970240871,0.9359271530286619,-0.04003855600457484,0.9640897511267882,0.9640897511267882,0.0
26479,cpp,show,display,hide,11,0.8931539818068699,0.8931539818068699,0.0,0.9090909090909091,0.9090909090909091,0.0,0.9233992969408004,0.9327176446336516,-0.009318347692851225,0.9996243425995492,0.9086363636363638,0.09098797896318545
26977,cpp,allow,permit,forbid,13,0.791066507175436,0.791066507175436,0.0,0.9166666666666666,0.9166666666666666,0.0,0.855452354374703,0.8584179537416687,-0.002965599366965721,0.9997724169321802,0.920940170940171,0.07883224599200922
27525,cpp,adding,inserting,removing,11,0.8931539818068699,0.8931539818068699,0.0,0.9090909090909091,0.9090909090909091,0.0,0.9463141303397119,0.9491448073675999,-0.0028306770278879734,0.9086363636363638,0.9086363636363638,0.0
27671,cpp,adding,inserting,removing,18,0.9391044157537529,0.9391044157537529,0.0,0.9,0.9,0.0,0.9471034616694162,0.9498947318450972,-0.0027912701756810376,0.9443483275663207,0.9443483275663207,0.0
27872,cpp,added,inserted,removed,10,0.8801117367933934,0.8801117367933934,0.0,0.8888888888888888,0.8888888888888888,0.0,0.9294716141278502,0.9331272663238075,-0.003655652195957315,0.8993827160493828,0.8993827160493828,0.0
28246,cpp,remove,delete,insert,8,0.5946035575013604,0.5946035575013604,0.0,0.8333333333333334,0.8333333333333334,0.0,0.7903037702573308,0.7620693006141921,0.028234469643138693,0.864795918367347,0.864795918367347,0.0
28525,cpp,add,insert,remove,6,0.7598356856515927,0.7598356856515927,0.0,0.8333333333333334,0.8333333333333334,0.0,0.8614814081743934,0.8614814081743934,0.0,0.8300000000000002,0.8300000000000002,0.0
28635,cpp,disabled,blocked,enabled,6,0.3799178428257963,0.3799178428257963,0.0,0.75,0.75,0.0,0.6401167613782008,0.7549996251048072,-0.11488286372660639,0.8066666666666668,0.8066666666666668,0.0
28981,cpp,disable,block,enable,8,0.8408964152537145,0.8408964152537145,0.0,0.8571428571428571,0.8571428571428571,0.0,0.8536920793991485,0.9367005193811447,-0.08300843998199625,0.8737244897959183,0.8737244897959183,0.0
29129,cpp,adding,inserting,removing,8,0.5000000000000001,0.5000000000000001,0.0,0.8571428571428571,0.8571428571428571,0.0,0.8532185674044939,0.8572883020695085,-0.0040697346650145905,0.864795918367347,0.864795918367347,0.0
29182,cpp,remove,delete,insert,7,0.4889230224349009,0.4889230224349009,0.0,0.75,0.75,0.0,0.8533136636367175,0.8366336454756067,0.016680018161110755,0.8412698412698414,0.8412698412698414,0.0
29517,cpp,added,inserted,removed,7,0.4889230224349009,0.4889230224349009,0.0,0.8333333333333334,0.8333333333333334,0.0,0.8284004556432074,0.8330101343630196,-0.004609678719812216,0.8412698412698414,0.8412698412698414,0.0
29670,cpp,add,insert,remove,6,0.7598356856515927,0.7598356856515927,0.0,0.8333333333333334,0.8333333333333334,0.0,0.8666338761469643,0.8666338761469643,0.0,0.8300000000000002,0.8300000000000002,0.0
29745,cpp,add,insert,remove,14,0.8578928092681432,0.8578928092681432,0.0,0.9285714285714286,0.9285714285714286,0.0,0.9069857782887594,0.9069857782887594,0.0,0.9268808114961962,0.9268808114961962,0.0
29776,cpp,show,display,hide,17,0.9351334836242394,0.9351334836242394,0.0,0.9285714285714286,0.9285714285714286,0.0,0.9248066699330022,0.9342978113380913,-0.00949114140508911,0.999898229187869,0.9410615808823529,0.05883664830551605
30426,cpp,allow,permit,forbid,12,0.7691605673134587,0.7691605673134587,0.0,0.9,0.9,0.0,0.8498077877162507,0.8528828188458335,-0.0030750311295828503,0.9997106481481481,0.9139118457300276,0.08579880241812055
30778,cpp,added,inserted,removed,10,0.6580370064762461,0.6580370064762461,0.0,0.875,0.875,0.0,0.9341203472313492,0.9361312477601177,-0.002010900528768511,0.8950617283950617,0.8950617283950617,0.0
31182,cpp,add,insert,remove,13,0.7611606003349888,0.7611606003349888,0.0,0.9090909090909091,0.9090909090909091,0.0,0.8839675386284443,0.8839675386284443,0.0,0.920940170940171,0.920940170940171,0.0
31840,cpp,added,inserted,removed,7,0.8633400213704508,0.8633400213704508,0.0,0.8571428571428571,0.8571428571428571,0.0,0.905323034276437,0.9101082413093166,-0.004785207032879546,0.8551587301587302,0.8551587301587302,0.0
32361,cpp,add,insert,remove,12,0.9391044157537529,0.9391044157537529,0.0,0.9,0.9,0.0,0.9308282416881526,0.9308282416881526,0.0,0.9163223140495868,0.9163223140495868,0.0
32780,cpp,enable,permit,disable,8,0.5000000000000001,0.5000000000000001,0.0,0.875,0.875,0.0,0.7749466282361019,0.8730155676821121,-0.09806893944601014,0.864795918367347,0.864795918367347,0.0
32882,cpp,show,display,hide,14,0.855526185871245,0.855526185871245,0.0,0.9230769230769231,0.9230769230769231,0.0,0.904478088627797,0.911961824079806,-0.007483735452008977,0.9998177842565598,0.9268808114961962,0.0729369727603636
33018,cpp,added,inserted,removed,6,0.537284965911771,0.537284965911771,0.0,0.8333333333333334,0.8333333333333334,0.0,0.7609681445118004,0.7668248045091882,-0.005856659997387825,0.8066666666666668,0.8066666666666668,0.0
33295,cpp,opened,unlocked,closed,12,0.7348889200874659,0.7348889200874659,0.0,0.9,0.9,0.0,0.8694016322081431,0.8731383358858783,-0.0037367036777351537,0.9139118457300276,0.9139118457300276,0.0
33995,cpp,add,insert,remove,17,0.9351334836242394,0.9351334836242394,0.0,0.9,0.9,0.0,0.905323034276437,0.905323034276437,0.0,0.9410615808823529,0.9410615808823529,0.0
34036,cpp,allow,permit,forbid,10,0.8801117367933934,0.8801117367933934,0.0,0.8888888888888888,0.8888888888888888,0.0,0.8653706958187185,0.8694160049077779,-0.0040453090890594234,0.9995,0.8993827160493828,0.10011728395061725
34036,cpp,open,unlock,close,10,0.6580370064762461,0.6580370064762461,0.0,0.8888888888888888,0.8888888888888888,0.0,0.8283973339560677,0.8326718405023281,-0.0042745065462603815,0.8950617283950617,0.8950617283950617,0.0
34070,cpp,add,insert,remove,13,0.7611606003349888,0.7611606003349888,0.0,0.9166666666666666,0.9166666666666666,0.0,0.8921785452905246,0.8921785452905246,0.0,0.920940170940171,0.920940170940171,0.0
34438,cpp,added,inserted,removed,24,0.9554427922043663,0.9554427922043663,0.0,0.9444444444444444,0.9444444444444444,0.0,0.973927956783415,0.9753406749150366,-0.001412718131621582,0.9582939508506617,0.9582939508506617,0.0
34510,cpp,add,insert,remove,9,0.8633400213704508,0.8633400213704508,0.0,0.8888888888888888,0.8888888888888888,0.0,0.8971944721340076,0.8971944721340076,0.0,0.8880208333333333,0.8880208333333333,0.0
34804,cpp,remove,delete,insert,7,0.4111336169005198,0.4111336169005198,0.0,0.75,0.75,0.0,0.8016688029845924,0.7792201325096063,0.02244867047498611,0.8412698412698414,0.8412698412698414,0.0
35088,cpp,adds,inserts,removes,21,0.9485438370694514,0.9485438370694514,0.0,0.9444444444444444,0.9444444444444444,0.0,0.9669946889193471,0.9669946889193471,0.0,0.9523214285714285,0.9523214285714285,0.0
35191,cpp,add,insert,remove,5,0.6687403049764218,0.6687403049764218,0.0,0.8000000000000002,0.8000000000000002,0.0,0.8909507813316483,0.8909507813316483,0.0,0.7937500000000002,0.7937500000000002,0.0
35254,cpp,add,insert,remove,9,0.8633400213704508,0.8633400213704508,0.0,0.875,0.875,0.0,0.9163428914177503,0.9163428914177503,0.0,0.8880208333333333,0.8880208333333333,0.0
35623,cpp,creating,building,destroying,12,0.7348889200874659,0.7348889200874659,0.0,0.9090909090909091,0.9090909090909091,0.0,0.8973636367004616,0.8990516309151715,-0.001687994214709887,0.9139118457300276,0.9139118457300276,0.0
35838,cpp,increase,raise,decrease,7,0.8091067115702206,0.8091067115702206,0.0,0.8571428571428571,0.8571428571428571,0.0,0.8284213660417721,0.9319748402595084,-0.10355347421773631,0.8551587301587302,0.8551587301587302,0.0
36179,cpp,enable,permit,disable,16,0.8153551038173119,0.8153551038173119,0.0,0.9090909090909091,0.9090909090909091,0.0,0.8539375664956274,0.9175953697056776,-0.06365780321005021,0.9363888888888889,0.9363888888888889,0.0
36293,cpp,allow,permit,forbid,7,0.9121679090703875,0.9121679090703875,0.0,0.9,0.9,0.0,0.9065548637800037,0.9094185524901351,-0.002863688710131429,0.9985422740524781,0.8551587301587302,0.14338354389374786
36401,cpp,added,inserted,removed,6,0.7598356856515927,0.7598356856515927,0.0,0.8000000000000002,0.8000000000000002,0.0,0.887534817914365,0.893111485154688,-0.005576667240323019,0.8300000000000002,0.8300000000000002,0.0
37000,cpp,add,insert,remove,9,0.8801117367933934,0.8801117367933934,0.0,0.875,0.875,0.0,0.9308282416881526,0.9308282416881526,0.0,0.8880208333333333,0.8880208333333333,0.0
37143,cpp,add,insert,remove,12,0.9193227152249183,0.9193227152249183,0.0,0.9090909090909091,0.9090909090909091,0.0,0.9390356697283885,0.9390356697283885,0.0,0.9163223140495868,0.9163223140495868,0.0
38037,cpp,enable,permit,disable,10,0.7071067811865478,0.7071067811865478,0.0,0.8888888888888888,0.8888888888888888,0.0,0.8184717292438815,0.9027926413571765,-0.08432091211329507,0.8950617283950617,0.8950617283950617,0.0
38968,cpp,adding,inserting,removing,23,0.9533589351059681,0.9533589351059681,0.0,0.9230769230769231,0.9230769230769231,0.0,0.9571762307958944,0.9594587986659059,-0.002282567870011465,0.9564768235716853,0.9564768235716853,0.0
39004,cpp,added,inserted,removed,15,0.9253911813809742,0.9253911813809742,0.0,0.9285714285714286,0.9285714285714286,0.0,0.9471034616694162,0.9498947318450972,-0.0027912701756810376,0.9331632653061225,0.9331632653061225,0.0
39097,cpp,allow,permit,forbid,11,0.8931539818068699,0.8931539818068699,0.0,0.8888888888888888,0.8888888888888888,0.0,0.8808247567518818,0.8844322612719873,-0.003607504520105498,0.9996243425995492,0.9086363636363638,0.09098797896318545
39271,cpp,added,inserted,removed,10,0.8801117367933934,0.8801117367933934,0.0,0.9,0.9,0.0,0.9077537242084869,0.9124280961329131,-0.004674371924426213,0.8993827160493828,0.8993827160493828,0.0
39316,cpp,enable,permit,disable,13,0.47587330964125213,0.47587330964125213,0.0,0.8000000000000002,0.8000000000000002,0.0,0.7621149666897176,0.8661803471490552,-0.10406538045933766,0.8375715193897013,0.8375715193897013,0.0
39418,cpp,remove,delete,insert,15,0.8806626677278208,0.8806626677278208,0.0,0.9333333333333333,0.9333333333333333,0.0,0.9211616085445222,0.9104628510933678,0.01069875745115445,0.9319727891156462,0.9319727891156462,0.0
39650,cpp,enabling,permitting,disabling,11,0.7016879391277372,0.7016879391277372,0.0,0.8888888888888888,0.8888888888888888,0.0,0.846612000559713,0.9060555921929084,-0.05944359163319546,0.9054545454545455,0.9054545454545455,0.0
39650,cpp,allow,permit,forbid,11,0.7419446627365011,0.7419446627365011,0.0,0.8888888888888888,0.8888888888888888,0.0,0.846816717733939,0.8499495502307387,-0.0031328324967997423,0.9996243425995492,0.9054545454545455,0.09416979714500373
40254,cpp,enabled,permitted,disabled,17,0.8843946454355333,0.8843946454355333,0.0,0.9375,0.9375,0.0,0.9243072741099769,0.9505539068558139,-0.02624663274583694,0.9402573529411764,0.9402573529411764,0.0
40593,cpp,added,inserted,removed,7,0.8070557274927979,0.8070557274927979,0.0,0.8333333333333334,0.8333333333333334,0.0,0.7783984198000806,0.7839637766777539,-0.005565356877673233,0.8412698412698414,0.8412698412698414,0.0
41009,cpp,add,insert,remove,9,0.6606328636027612,0.6606328636027612,0.0,0.875,0.875,0.0,0.8744013679917864,0.8744013679917864,0.0,0.8819444444444444,0.8819444444444444,0.0
41009,cpp,allow,permit,forbid,9,0.6606328636027612,0.6606328636027612,0.0,0.875,0.875,0.0,0.8404619195073786,0.843717128346052,-0.0032552088386733624,0.9993141289437586,0.8819444444444444,0.11736968449931418
41128,cpp,create,build,destroy,12,0.9036020036098446,0.9036020036098446,0.0,0.8888888888888888,0.8888888888888888,0.0,0.8910701214918657,0.8933236276050408,-0.0022535061131750966,0.9163223140495868,0.9163223140495868,0.0
41230,cpp,add,insert,remove,10,0.6580370064762461,0.6580370064762461,0.0,0.8571428571428571,0.8571428571428571,0.0,0.8793740059910359,0.8793740059910359,0.0,0.8950617283950617,0.8950617283950617,0.0
41304,cpp,open,unlock,close,11,0.3781790427652475,0.3781790427652475,0.0,0.8000000000000002,0.8000000000000002,0.0,0.6689264746143696,0.6755911114019743,-0.00666463678760465,0.8030303030303031,0.8030303030303031,0.0
41553,cpp,remove,delete,insert,6,0.3799178428257963,0.3799178428257963,0.0,0.75,0.75,0.0,0.7278866620820643,0.6969373921098058,0.030949269972258553,0.8066666666666668,0.8066666666666668,0.0
41830,cpp,remove,delete,insert,9,0.5969491792019644,0.5969491792019644,0.0,0.875,0.875,0.0,0.8471940253128695,0.8265498476603099,0.020644177652559548,0.8819444444444444,0.8819444444444444,0.0
41861,cpp,added,inserted,removed,7,0.8091067115702206,0.8091067115702206,0.0,0.8571428571428571,0.8571428571428571,0.0,0.8941648581963936,0.8994505848557789,-0.005285726659385315,0.8551587301587302,0.8551587301587302,0.0
41968,cpp,add,insert,remove,11,0.8931539818068699,0.8931539818068699,0.0,0.9,0.9,0.0,0.9200635408501847,0.9200635408501847,0.0,0.9086363636363638,0.9086363636363638,0.0
42105,cpp,added,inserted,removed,12,0.9036020036098446,0.9036020036098446,0.0,0.9166666666666666,0.9166666666666666,0.0,0.9500414507642827,0.9526854600716823,-0.0026440093073996085,0.9163223140495868,0.9163223140495868,0.0
42263,cpp,remove,delete,insert,6,0.3799178428257963,0.3799178428257963,0.0,0.8000000000000002,0.8000000000000002,0.0,0.7467428781342389,0.7179386315973262,0.028804246536912714,0.8066666666666668,0.8066666666666668,0.0
42979,cpp,disable,block,enable,7,0.8091067115702206,0.8091067115702206,0.0,0.8571428571428571,0.8571428571428571,0.0,0.8467091317055154,0.933698079476223,-0.08698894777070754,0.8551587301587302,0.8551587301587302,0.0
43447,cpp,remove,delete,insert,10,0.6580370064762461,0.6580370064762461,0.0,0.8571428571428571,0.8571428571428571,0.0,0.8016688029845924,0.7749466282361019,0.02672217474849048,0.8950617283950617,0.8950617283950617,0.0
43531,cpp,allow,permit,forbid,11,0.7016879391277372,0.7016879391277372,0.0,0.8888888888888888,0.8888888888888888,0.0,0.8038288848133693,0.8077783332279991,-0.0039494484146297415,0.9996243425995492,0.9054545454545455,0.09416979714500373
43561,cpp,add,insert,remove,16,0.8153551038173119,0.8153551038173119,0.0,0.9166666666666666,0.9166666666666666,0.0,0.9009398860736568,0.9009398860736568,0.0,0.9363888888888889,0.9363888888888889,0.0
43570,cpp,show,display,hide,31,0.9127592114472296,0.9127592114472296,0.0,0.96,0.96,0.0,0.9557265964209519,0.9593906148004553,-0.0036640183795033643,0.9999832164076399,0.9675985663082438,0.03238465009939606
43597,cpp,enabled,permitted,disabled,42,0.9164531641034831,0.9164531641034831,0.0,0.9130434782608695,0.9130434782608695,0.0,0.8923847531476737,0.9305046382318385,-0.03811988508416475,0.9523214285714285,0.9523214285714285,0.0
43650,cpp,add,insert,remove,7,0.8091067115702206,0.8091067115702206,0.0,0.8571428571428571,0.8571428571428571,0.0,0.8614814081743934,0.8614814081743934,0.0,0.8551587301587302,0.8551587301587302,0.0
44334,cpp,including,containing,excluding,6,0.7348889200874659,0.7348889200874659,0.0,0.8888888888888888,0.8888888888888888,0.0,0.8257347888566481,0.9017428993154181,-0.07600811045876998,0.8066666666666668,0.8066666666666668,0.0
44635,cpp,enabled,permitted,disabled,11,0.7016879391277372,0.7016879391277372,0.0,0.9,0.9,0.0,0.8368961082856208,0.900056256430102,-0.06316014814448123,0.9054545454545455,0.9054545454545455,0.0
44875,cpp,add,insert,remove,22,0.8725129388059694,0.8725129388059694,0.0,0.9285714285714286,0.9285714285714286,0.0,0.9203521512801732,0.9203521512801732,0.0,0.9541331684188827,0.9541331684188827,0.0
281,cs,add,insert,remove,10,0.7071067811865478,0.7071067811865478,0.0,0.875,0.875,0.0,0.8690006160043611,0.8690006160043611,0.0,0.8950617283950617,0.8950617283950617,0.0
281,cs,show,display,hide,10,0.6580370064762461,0.6580370064762461,0.0,0.875,0.875,0.0,0.85453077542353,0.8620753539504364,-0.007544578526906487,0.9995,0.8950617283950617,0.10443827160493835
354,cs,adding,inserting,removing,14,0.9193227152249183,0.9193227152249183,0.0,0.9166666666666666,0.9166666666666666,0.0,0.937984584301088,0.9412270529483113,-0.003242468647223329,0.9283601014370245,0.9283601014370245,0.0
427,cs,added,inserted,removed,10,0.8801117367933934,0.8801117367933934,0.0,0.8888888888888888,0.8888888888888888,0.0,0.9077537242084869,0.9124280961329131,-0.004674371924426213,0.8993827160493828,0.8993827160493828,0.0
461,cs,add,insert,remove,14,0.9193227152249183,0.9193227152249183,0.0,0.9,0.9,0.0,0.9400516918934219,0.9400516918934219,0.0,0.9283601014370245,0.9283601014370245,0.0
884,cs,add,insert,remove,10,0.8801117367933934,0.8801117367933934,0.0,0.9,0.9,0.0,0.9486144416584049,0.9486144416584049,0.0,0.8993827160493828,0.8993827160493828,0.0
1012,cs,add,insert,remove,11,0.7419446627365011,0.7419446627365011,0.0,0.9,0.9,0.0,0.847420348824522,0.847420348824522,0.0,0.9054545454545455,0.9054545454545455,0.0
1012,cs,removed,deleted,inserted,11,0.7016879391277372,0.7016879391277372,0.0,0.9,0.9,0.0,0.79614487416345,0.800427656200064,-0.004282782036613919,0.9054545454545455,0.9054545454545455,0.0
1332,cs,adding,inserting,removing,16,0.9306048591020994,0.9306048591020994,0.0,0.9230769230769231,0.9230769230769231,0.0,0.9493379986648393,0.9520173508573891,-0.0026793521925498887,0.9373611111111111,0.9373611111111111,0.0
1332,cs,enable,permit,disable,16,0.8153551038173119,0.8153551038173119,0.0,0.9230769230769231,0.9230769230769231,0.0,0.8810574833448587,0.9328990113157384,-0.05184152797087971,0.9363888888888889,0.9363888888888889,0.0
2034,cs,add,insert,remove,16,0.9306048591020994,0.9306048591020994,0.0,0.9,0.9,0.0,0.9478699048176353,0.9478699048176353,0.0,0.9373611111111111,0.9373611111111111,0.0
2656,cs,creating,building,destroying,11,0.7016879391277372,0.7016879391277372,0.0,0.9090909090909091,0.9090909090909091,0.0,0.8708319198653904,0.8730629366381849,-0.0022310167727944696,0.9054545454545455,0.9054545454545455,0.0
2747,cs,remove,delete,insert,9,0.6606328636027612,0.6606328636027612,0.0,0.8333333333333334,0.8333333333333334,0.0,0.79614487416345,0.7729609095708168,0.023183964592633277,0.8819444444444444,0.8819444444444444,0.0
4034,cs,added,inserted,removed,12,0.9193227152249183,0.9193227152249183,0.0,0.9166666666666666,0.9166666666666666,0.0,0.9390356697283885,0.942226584343431,-0.003190914615042506,0.9163223140495868,0.9163223140495868,0.0
4252,cs,add,insert,remove,15,0.9253911813809742,0.9253911813809742,0.0,0.9333333333333333,0.9333333333333333,0.0,0.9532845744235164,0.9532845744235164,0.0,0.9331632653061225,0.9331632653061225,0.0
5020,cs,add,insert,remove,13,0.9121679090703875,0.9121679090703875,0.0,0.9166666666666666,0.9166666666666666,0.0,0.9294716141278502,0.9294716141278502,0.0,0.9228098290598291,0.9228098290598291,0.0
5431,cs,include,contain,exclude,9,0.5969491792019644,0.5969491792019644,0.0,0.8888888888888888,0.8888888888888888,0.0,0.8299729683451473,0.9131347008317043,-0.083161732486557,0.8819444444444444,0.8819444444444444,0.0
5857,cs,add,insert,remove,18,0.9391044157537529,0.9391044157537529,0.0,0.9411764705882353,0.9411764705882353,0.0,0.9591220441543145,0.9591220441543145,0.0,0.9443483275663207,0.9443483275663207,0.0
6208,cs,add,insert,remove,21,0.9485438370694514,0.9485438370694514,0.0,0.9375,0.9375,0.0,0.9520392260088273,0.9520392260088273,0.0,0.9523214285714285,0.9523214285714285,0.0
7248,cs,add,insert,remove,11,0.7419446627365011,0.7419446627365011,0.0,0.9,0.9,0.0,0.8495938460306316,0.8495938460306316,0.0,0.9054545454545455,0.9054545454545455,0.0
7766,cs,add,insert,remove,9,0.8633400213704508,0.8633400213704508,0.0,0.875,0.875,0.0,0.9493379986648393,0.9493379986648393,0.0,0.8880208333333333,0.8880208333333333,0.0
8050,cs,remove,delete,insert,11,0.7016879391277372,0.7016879391277372,0.0,0.9,0.9,0.0,0.8332812555603684,0.8143222617024867,0.01895899385788169,0.9054545454545455,0.9054545454545455,0.0
8262,cs,added,inserted,removed,10,0.8801117367933934,0.8801117367933934,0.0,0.8888888888888888,0.8888888888888888,0.0,0.9200635408501847,0.9241667563333131,-0.0041032154831284195,0.8993827160493828,0.8993827160493828,0.0
8374,cs,added,inserted,removed,9,0.8633400213704508,0.8633400213704508,0.0,0.875,0.875,0.0,0.905323034276437,0.9101082413093166,-0.004785207032879546,0.8880208333333333,0.8880208333333333,0.0
8735,cs,add,insert,remove,11,0.8931539818068699,0.8931539818068699,0.0,0.9,0.9,0.0,0.9333905793134109,0.9333905793134109,0.0,0.9086363636363638,0.9086363636363638,0.0
8878,cs,allow,permit,forbid,10,0.8801117367933934,0.8801117367933934,0.0,0.8888888888888888,0.8888888888888888,0.0,0.9195730152536905,0.922053174117973,-0.0024801588642825445,0.9995,0.8993827160493828,0.10011728395061725
9927,cs,add,insert,remove,12,0.9036020036098446,0.9036020036098446,0.0,0.9166666666666666,0.9166666666666666,0.0,0.9200635408501847,0.9200635408501847,0.0,0.9163223140495868,0.9163223140495868,0.0
10601,cs,added,inserted,removed,11,0.8931539818068699,0.8931539818068699,0.0,0.9,0.9,0.0,0.9321336121285849,0.9356608979190497,-0.003527285790464796,0.9086363636363638,0.9086363636363638,0.0
10601,cs,open,unlock,close,11,0.7016879391277372,0.7016879391277372,0.0,0.9,0.9,0.0,0.8744019337255569,0.8777181191490842,-0.003316185423527296,0.9054545454545455,0.9054545454545455,0.0
11254,cs,added,inserted,removed,10,0.8801117367933934,0.8801117367933934,0.0,0.875,0.875,0.0,0.9400516918934219,0.9431926598931891,-0.0031409679997672635,0.8993827160493828,0.8993827160493828,0.0
11402,cs,added,inserted,removed,9,0.8633400213704508,0.8633400213704508,0.0,0.8571428571428571,0.8571428571428571,0.0,0.9321336121285849,0.9356608979190497,-0.003527285790464796,0.8880208333333333,0.8880208333333333,0.0
11402,cs,allowed,permitted,forbade,9,0.7506238537503396,0.7506238537503396,0.0,0.8571428571428571,0.8571428571428571,0.0,0.8494617496682951,0.829916851622364,0.01954489804593118,0.9993141289437586,0.8819444444444444,0.11736968449931418
11411,cs,add,insert,remove,9,0.8633400213704508,0.8633400213704508,0.0,0.8888888888888888,0.8888888888888888,0.0,0.9368965870588671,0.9368965870588671,0.0,0.8880208333333333,0.8880208333333333,0.0
11883,cs,added,inserted,removed,14,0.9193227152249183,0.9193227152249183,0.0,0.9166666666666666,0.9166666666666666,0.0,0.9368965870588671,0.9401922956117887,-0.0032957085529216057,0.9283601014370245,0.9283601014370245,0.0
11990,cs,added,inserted,removed,22,0.9510699415570296,0.9510699415570296,0.0,0.9523809523809523,0.9523809523809523,0.0,0.9678783848915803,0.9696086594779019,-0.0017302745863215785,0.9544939187796331,0.9544939187796331,0.0
12597,cs,creating,building,destroying,10,0.6580370064762461,0.6580370064762461,0.0,0.9,0.9,0.0,0.8406050874970196,0.8435098691695875,-0.002904781672567913,0.8950617283950617,0.8950617283950617,0.0
12622,cs,added,inserted,removed,17,0.8282477531331043,0.8282477531331043,0.0,0.9285714285714286,0.9285714285714286,0.0,0.9348244540793589,0.9368154427799513,-0.0019909887005924443,0.9402573529411764,0.9402573529411764,0.0
12708,cs,add,insert,remove,12,0.9036020036098446,0.9036020036098446,0.0,0.8888888888888888,0.8888888888888888,0.0,0.93460178891258,0.93460178891258,0.0,0.9163223140495868,0.9163223140495868,0.0
12749,cs,add,insert,remove,11,0.8931539818068699,0.8931539818068699,0.0,0.9090909090909091,0.9090909090909091,0.0,0.9321336121285849,0.9321336121285849,0.0,0.9086363636363638,0.9086363636363638,0.0
15362,cs,add,insert,remove,15,0.8003203203845001,0.8003203203845001,0.0,0.8571428571428571,0.8571428571428571,0.0,0.8744013679917864,0.8744013679917864,0.0,0.9319727891156462,0.9319727891156462,0.0
16048,cs,add,insert,remove,11,0.7016879391277372,0.7016879391277372,0.0,0.9,0.9,0.0,0.8801679276767641,0.8769379520461762,0.0032299756305879113,0.9054545454545455,0.9054545454545455,0.0
16048,cs,remove,delete,insert,11,0.8070557274927979,0.8070557274927979,0.0,0.9,0.9,0.0,0.8503164334473561,0.8332954442005935,0.01702098924676254,0.9054545454545455,0.9054545454545455,0.0
16117,cs,added,inserted,removed,12,0.7348889200874659,0.7348889200874659,0.0,0.9166666666666666,0.9166666666666666,0.0,0.9083836065422004,0.9110987990767702,-0.0027151925345697547,0.9139118457300276,0.9139118457300276,0.0
16341,cs,added,inserted,removed,11,0.8931539818068699,0.8931539818068699,0.0,0.9,0.9,0.0,0.9282628429029152,0.9306470610587659,-0.0023842181558507702,0.9086363636363638,0.9086363636363638,0.0
16341,cs,allows,permits,forbids,11,0.7016879391277372,0.7016879391277372,0.0,0.9,0.9,0.0,0.9003694835459549,0.9024476215869377,-0.00207813804098278,0.9996243425995492,0.9054545454545455,0.09416979714500373
16366,cs,create,build,destroy,13,0.9121679090703875,0.9121679090703875,0.0,0.9,0.9,0.0,0.9097341370924057,0.9115467589189259,-0.0018126218265201999,0.9228098290598291,0.9228098290598291,0.0
16542,cs,added,inserted,removed,19,0.942615147681512,0.942615147681512,0.0,0.9444444444444444,0.9444444444444444,0.0,0.9520392260088273,0.9545825756551727,-0.002543349646345394,0.9472871994801819,0.9472871994801819,0.0
16542,cs,open,unlock,close,19,0.8492326635760686,0.8492326635760686,0.0,0.9444444444444444,0.9444444444444444,0.0,0.9116155445639634,0.9140556122005279,-0.002440067636564458,0.9467186484730344,0.9467186484730344,0.0
17126,cs,add,insert,remove,9,0.8633400213704508,0.8633400213704508,0.0,0.875,0.875,0.0,0.9250620695800289,0.9250620695800289,0.0,0.8880208333333333,0.8880208333333333,0.0
17339,cs,removed,deleted,inserted,20,0.9457416090031756,0.9457416090031756,0.0,0.9500000000000001,0.9500000000000001,0.0,0.9433910587504869,0.9430784054479362,0.0003126533025507028,0.9499307479224378,0.9499307479224378,0.0
17461,cs,add,insert,remove,9,0.8633400213704508,0.8633400213704508,0.0,0.875,0.875,0.0,0.9595811687523056,0.9595811687523056,0.0,0.8880208333333333,0.8880208333333333,0.0
18093,cs,adding,inserting,removing,12,0.9036020036098446,0.9036020036098446,0.0,0.9,0.9,0.0,0.9532845744235164,0.9557649611824727,-0.0024803867589562323,0.9163223140495868,0.9163223140495868,0.0
18370,cs,added,inserted,removed,11,0.8931539818068699,0.8931539818068699,0.0,0.9,0.9,0.0,0.9182455882133006,0.9224341868647925,-0.004188598651491904,0.9086363636363638,0.9086363636363638,0.0
18514,cs,adding,inserting,removing,14,0.9193227152249183,0.9193227152249183,0.0,0.9285714285714286,0.9285714285714286,0.0,0.9437980663995178,0.946753912611102,-0.002955846211584179,0.9283601014370245,0.9283601014370245,0.0
18609,cs,disable,block,enable,13,0.9121679090703875,0.9121679090703875,0.0,0.9,0.9,0.0,0.8994653061494304,0.9564233908242548,-0.05695808467482433,0.9228098290598291,0.9228098290598291,0.0
19565,cs,added,inserted,removed,12,0.9036020036098446,0.9036020036098446,0.0,0.9166666666666666,0.9166666666666666,0.0,0.945500869346948,0.9483720783878763,-0.002871209040928302,0.9163223140495868,0.9163223140495868,0.0
20882,cs,added,inserted,removed,11,0.8931539818068699,0.8931539818068699,0.0,0.8888888888888888,0.8888888888888888,0.0,0.9182455882133006,0.9224341868647925,-0.004188598651491904,0.9086363636363638,0.9086363636363638,0.0
21208,cs,added,inserted,removed,17,0.9351334836242394,0.9351334836242394,0.0,0.9333333333333333,0.9333333333333333,0.0,0.9520392260088273,0.9545825756551727,-0.002543349646345394,0.9410615808823529,0.9410615808823529,0.0
21208,cs,allow,permit,forbid,17,0.8282477531331043,0.8282477531331043,0.0,0.9333333333333333,0.9333333333333333,0.0,0.8963439381738642,0.8985028328835708,-0.002158894709706649,0.999898229187869,0.9402573529411764,0.059640876246692565
21342,cs,remove,delete,insert,10,0.6580370064762461,0.6580370064762461,0.0,0.9,0.9,0.0,0.879786602091353,0.8661180504308413,0.013668551660511619,0.8950617283950617,0.8950617283950617,0.0
21655,cs,remove,delete,insert,9,0.5969491792019644,0.5969491792019644,0.0,0.8333333333333334,0.8333333333333334,0.0,0.8016688029845924,0.7749466282361019,0.02672217474849048,0.8819444444444444,0.8819444444444444,0.0
23109,cs,allow,permit,forbid,10,0.8801117367933934,0.8801117367933934,0.0,0.9,0.9,0.0,0.9170038090164853,0.9195600463917628,-0.002556237375277548,0.9995,0.8993827160493828,0.10011728395061725
23216,cs,add,insert,remove,10,0.8801117367933934,0.8801117367933934,0.0,0.8888888888888888,0.8888888888888888,0.0,0.9100625133509016,0.9100625133509016,0.0,0.8993827160493828,0.8993827160493828,0.0
23725,cs,add,insert,remove,12,0.9036020036098446,0.9036020036098446,0.0,0.9090909090909091,0.9090909090909091,0.0,0.937984584301088,0.937984584301088,0.0,0.9163223140495868,0.9163223140495868,0.0
23725,cs,showing,displaying,hiding,12,0.7348889200874659,0.7348889200874659,0.0,0.9090909090909091,0.9090909090909091,0.0,0.8795764093606835,0.8918519367974617,-0.012275527436778177,0.9997106481481481,0.9139118457300276,0.08579880241812055
25140,cs,add,insert,remove,16,0.9306048591020994,0.9306048591020994,0.0,0.9333333333333333,0.9333333333333333,0.0,0.9544668572583496,0.9544668572583496,0.0,0.9373611111111111,0.9373611111111111,0.0
25609,cs,added,inserted,removed,15,0.8003203203845001,0.8003203203845001,0.0,0.9285714285714286,0.9285714285714286,0.0,0.9069857782887594,0.9097379091583025,-0.002752130869543179,0.9319727891156462,0.9319727891156462,0.0
25682,cs,added,inserted,removed,13,0.9121679090703875,0.9121679090703875,0.0,0.9230769230769231,0.9230769230769231,0.0,0.9493379986648393,0.9520173508573891,-0.0026793521925498887,0.9228098290598291,0.9228098290598291,0.0
26021,cs,remove,delete,insert,9,0.8633400213704508,0.8633400213704508,0.0,0.8571428571428571,0.8571428571428571,0.0,0.8831013120930876,0.8589639987541292,0.02413731333895841,0.8880208333333333,0.8880208333333333,0.0
26269,cs,remove,delete,insert,9,0.5969491792019644,0.5969491792019644,0.0,0.8000000000000002,0.8000000000000002,0.0,0.6936499142296243,0.6588064123209051,0.03484350190871921,0.8819444444444444,0.8819444444444444,0.0
26329,cs,added,inserted,removed,12,0.9036020036098446,0.9036020036098446,0.0,0.9090909090909091,0.9090909090909091,0.0,0.93460178891258,0.9380093749330477,-0.0034075860204677566,0.9163223140495868,0.9163223140495868,0.0
26473,cs,creating,building,destroying,14,0.7825422900366438,0.7825422900366438,0.0,0.9090909090909091,0.9090909090909091,0.0,0.8829373783815285,0.8849150702442877,-0.001977691862759201,0.9268808114961962,0.9268808114961962,0.0
26624,cs,added,inserted,removed,16,0.8153551038173119,0.8153551038173119,0.0,0.9090909090909091,0.9090909090909091,0.0,0.9295539644543703,0.9316931689411999,-0.0021392044868295823,0.9363888888888889,0.9363888888888889,0.0
26624,cs,remove,delete,insert,16,0.8153551038173119,0.8153551038173119,0.0,0.9090909090909091,0.9090909090909091,0.0,0.9147435606126286,0.9031783574364219,0.011565203176206684,0.9363888888888889,0.9363888888888889,0.0
26739,cs,add,insert,remove,12,0.9036020036098446,0.9036020036098446,0.0,0.9,0.9,0.0,0.9308282416881526,0.9308282416881526,0.0,0.9163223140495868,0.9163223140495868,0.0
26739,cs,removing,deleting,inserting,12,0.7348889200874659,0.7348889200874659,0.0,0.9,0.9,0.0,0.8561931027316051,0.8559578499726898,0.0002352527589153386,0.9139118457300276,0.9139118457300276,0.0
27284,cs,add,insert,remove,9,0.5969491792019644,0.5969491792019644,0.0,0.875,0.875,0.0,0.8181468832796877,0.8181468832796877,0.0,0.8819444444444444,0.8819444444444444,0.0
27306,cs,allow,permit,forbid,16,0.9306048591020994,0.9306048591020994,0.0,0.9090909090909091,0.9090909090909091,0.0,0.9450718942178313,0.9467865718789902,-0.0017146776611588477,0.9998779296875,0.9373611111111111,0.06251681857638891
27469,cs,add,insert,remove,10,0.8801117367933934,0.8801117367933934,0.0,0.8571428571428571,0.8571428571428571,0.0,0.9471034616694162,0.9471034616694162,0.0,0.8993827160493828,0.8993827160493828,0.0
27649,cs,add,insert,remove,12,0.9036020036098446,0.9036020036098446,0.0,0.8888888888888888,0.8888888888888888,0.0,0.9234669222394319,0.9234669222394319,0.0,0.9163223140495868,0.9163223140495868,0.0
27882,cs,add,insert,remove,11,0.8931539818068699,0.8931539818068699,0.0,0.9090909090909091,0.9090909090909091,0.0,0.9321336121285849,0.9321336121285849,0.0,0.9086363636363638,0.9086363636363638,0.0
27924,cs,remove,delete,insert,11,0.8931539818068699,0.8931539818068699,0.0,0.8571428571428571,0.8571428571428571,0.0,0.9303288820420527,0.9159316954875001,0.014397186554552577,0.9086363636363638,0.9086363636363638,0.0
28473,cs,disable,block,enable,12,0.9036020036098446,0.9036020036098446,0.0,0.875,0.875,0.0,0.8536920793991485,0.9367005193811447,-0.08300843998199625,0.9163223140495868,0.9163223140495868,0.0
28513,cs,added,inserted,removed,9,0.8633400213704508,0.8633400213704508,0.0,0.8888888888888888,0.8888888888888888,0.0,0.8971944721340076,0.9023456466744161,-0.005151174540408476,0.8880208333333333,0.8880208333333333,0.0
28520,cs,removed,deleted,inserted,10,0.8801117367933934,0.8801117367933934,0.0,0.875,0.875,0.0,0.900047085593411,0.8963475097887933,0.0036995758046176608,0.8993827160493828,0.8993827160493828,0.0
28544,cs,add,insert,remove,13,0.9121679090703875,0.9121679090703875,0.0,0.8888888888888888,0.8888888888888888,0.0,0.9390356697283885,0.9390356697283885,0.0,0.9228098290598291,0.9228098290598291,0.0
28601,cs,add,insert,remove,10,0.8801117367933934,0.8801117367933934,0.0,0.875,0.875,0.0,0.9500414507642827,0.9500414507642827,0.0,0.8993827160493828,0.8993827160493828,0.0
28817,cs,add,insert,remove,11,0.8931539818068699,0.8931539818068699,0.0,0.8888888888888888,0.8888888888888888,0.0,0.905323034276437,0.905323034276437,0.0,0.9086363636363638,0.9086363636363638,0.0
29189,cs,remove,delete,insert,23,0.8921616972156076,0.8921616972156076,0.0,0.9375,0.9375,0.0,0.9157236876783815,0.9042907596344503,0.011432928043931256,0.9561624146604384,0.9561624146604384,0.0
29766,cs,creating,building,destroying,10,0.7825422900366438,0.7825422900366438,0.0,0.9,0.9,0.0,0.8531066829785187,0.8557256196006393,-0.002618936622120649,0.8950617283950617,0.8950617283950617,0.0
30017,cs,add,insert,remove,9,0.8633400213704508,0.8633400213704508,0.0,0.8888888888888888,0.8888888888888888,0.0,0.9163428914177503,0.9163428914177503,0.0,0.8880208333333333,0.8880208333333333,0.0
30271,cs,adding,inserting,removing,9,0.8633400213704508,0.8633400213704508,0.0,0.8571428571428571,0.8571428571428571,0.0,0.9250620695800289,0.9289286813773746,-0.0038666117973457093,0.8880208333333333,0.8880208333333333,0.0
30289,cs,added,inserted,removed,9,0.8633400213704508,0.8633400213704508,0.0,0.8888888888888888,0.8888888888888888,0.0,0.9280606464756302,0.9317840292541529,-0.003723382778522688,0.8880208333333333,0.8880208333333333,0.0
31754,cs,added,inserted,removed,15,0.9253911813809742,0.9253911813809742,0.0,0.9230769230769231,0.9230769230769231,0.0,0.9446625730059246,0.9475754879263986,-0.0029129149204739635,0.9331632653061225,0.9331632653061225,0.0
32313,cs,add,insert,remove,12,0.7348889200874659,0.7348889200874659,0.0,0.8571428571428571,0.8571428571428571,0.0,0.8495938460306316,0.8495938460306316,0.0,0.9139118457300276,0.9139118457300276,0.0
33223,cs,start,begin,stop,11,0.7419446627365011,0.7419446627365011,0.0,0.9,0.9,0.0,0.8172716463910453,0.8697357106344,-0.0524640642433547,0.9996243425995492,0.9054545454545455,0.09416979714500373
33226,cs,add,insert,remove,12,0.9036020036098446,0.9036020036098446,0.0,0.9,0.9,0.0,0.9571762307958944,0.9571762307958944,0.0,0.9163223140495868,0.9163223140495868,0.0
33272,cs,add,insert,remove,14,0.9193227152249183,0.9193227152249183,0.0,0.875,0.875,0.0,0.9486144416584049,0.9486144416584049,0.0,0.9283601014370245,0.9283601014370245,0.0
33366,cs,disable,block,enable,15,0.9253911813809742,0.9253911813809742,0.0,0.875,0.875,0.0,0.9300759355243216,0.9696537530076398,-0.039577817483318234,0.9331632653061225,0.9331632653061225,0.0
33371,cs,add,insert,remove,10,0.8801117367933934,0.8801117367933934,0.0,0.8571428571428571,0.8571428571428571,0.0,0.9400516918934219,0.9400516918934219,0.0,0.8993827160493828,0.8993827160493828,0.0
33559,cs,added,inserted,removed,9,0.8633400213704508,0.8633400213704508,0.0,0.875,0.875,0.0,0.9182455882133006,0.9224341868647925,-0.004188598651491904,0.8880208333333333,0.8880208333333333,0.0
33579,cs,add,insert,remove,19,0.942615147681512,0.942615147681512,0.0,0.9444444444444444,0.9444444444444444,0.0,0.9513913031600626,0.9513913031600626,0.0,0.9472871994801819,0.9472871994801819,0.0
34124,cs,adding,inserting,removing,11,0.8931539818068699,0.8931539818068699,0.0,0.875,0.875,0.0,0.9200635408501847,0.9241667563333131,-0.0041032154831284195,0.9086363636363638,0.9086363636363638,0.0
34620,cs,added,inserted,removed,14,0.9193227152249183,0.9193227152249183,0.0,0.9285714285714286,0.9285714285714286,0.0,0.9500414507642827,0.9526854600716823,-0.0026440093073996085,0.9283601014370245,0.9283601014370245,0.0
34620,cs,allow,permit,forbid,14,0.7825422900366438,0.7825422900366438,0.0,0.9285714285714286,0.9285714285714286,0.0,0.8919792119379564,0.8942253935072838,-0.0022461815693274323,0.9998177842565598,0.9268808114961962,0.0729369727603636
35217,cs,added,inserted,removed,17,0.9351334836242394,0.9351334836242394,0.0,0.9333333333333333,0.9333333333333333,0.0,0.9566604723294784,0.9589693495022256,-0.0023088771727471924,0.9410615808823529,0.9410615808823529,0.0
35393,cs,added,inserted,removed,11,0.7016879391277372,0.7016879391277372,0.0,0.8888888888888888,0.8888888888888888,0.0,0.8861354467628915,0.8894224487068161,-0.0032870019439246168,0.9054545454545455,0.9054545454545455,0.0
36074,cs,added,inserted,removed,10,0.7071067811865478,0.7071067811865478,0.0,0.8888888888888888,0.8888888888888888,0.0,0.8861354467628915,0.8894224487068161,-0.0032870019439246168,0.8950617283950617,0.8950617283950617,0.0
36324,cs,added,inserted,removed,23,0.9533589351059681,0.9533589351059681,0.0,0.9545454545454546,0.9545454545454546,0.0,0.9684416815084615,0.9701425506629393,-0.0017008691544777577,0.9564768235716853,0.9564768235716853,0.0
36324,cs,allow,permit,forbid,23,0.8787419089273847,0.8787419089273847,0.0,0.9545454545454546,0.9545454545454546,0.0,0.93203693985779,0.9334712485291508,-0.00143430867136074,0.999958905235473,0.9561624146604384,0.04379649057503465
36569,cs,enable,permit,disable,12,0.9036020036098446,0.9036020036098446,0.0,0.9090909090909091,0.9090909090909091,0.0,0.8794029079408516,0.9547698671462953,-0.07536695920544367,0.9163223140495868,0.9163223140495868,0.0
36795,cs,disable,block,enable,9,0.8633400213704508,0.8633400213704508,0.0,0.875,0.875,0.0,0.8259336715520873,0.9247752621544795,-0.09884159060239217,0.8880208333333333,0.8880208333333333,0.0
36959,cs,add,insert,remove,13,0.9121679090703875,0.9121679090703875,0.0,0.9090909090909091,0.9090909090909091,0.0,0.9333905793134109,0.9333905793134109,0.0,0.9228098290598291,0.9228098290598291,0.0
37055,cs,added,inserted,removed,14,0.9193227152249183,0.9193227152249183,0.0,0.9230769230769231,0.9230769230769231,0.0,0.9294716141278502,0.9331272663238075,-0.003655652195957315,0.9283601014370245,0.9283601014370245,0.0
37908,cs,remove,delete,insert,15,0.8003203203845001,0.8003203203845001,0.0,0.9,0.9,0.0,0.9009144296779481,0.8874845507451852,0.013429878932762929,0.9319727891156462,0.9319727891156462,0.0
38242,cs,enable,permit,disable,14,0.9193227152249183,0.9193227152249183,0.0,0.8571428571428571,0.8571428571428571,0.0,0.9265259657060111,0.9723838133162195,-0.04585784761020839,0.9283601014370245,0.9283601014370245,0.0
38892,cs,remove,delete,insert,11,0.8931539818068699,0.8931539818068699,0.0,0.8888888888888888,0.8888888888888888,0.0,0.9249137690211051,0.9093990103875156,0.015514758633589532,0.9086363636363638,0.9086363636363638,0.0
39450,cs,added,inserted,removed,13,0.8423626743789753,0.8423626743789753,0.0,0.875,0.875,0.0,0.907539579161789,0.9113321306816242,-0.0037925515198352633,0.920940170940171,0.920940170940171,0.0
39648,cs,accept,take,reject,19,0.709421400618421,0.709421400618421,0.0,0.8666666666666667,0.8666666666666667,0.0,0.8149574349106562,0.8292304070896648,-0.01427297217900858,0.9999271030762502,0.8922782735385176,0.10764882953773258
204,cs,allow,permit,forbid,13,0.9121679090703875,0.9121679090703875,0.0,0.9166666666666666,0.9166666666666666,0.0,0.8993098261817525,0.9023848573343024,-0.003075031152549923,0.9997724169321802,0.9228098290598291,0.07696258787235111
520,cs,added,inserted,removed,7,0.8091067115702206,0.8091067115702206,0.0,0.8571428571428571,0.8571428571428571,0.0,0.9143493737971391,0.9187197603715156,-0.004370386574376495,0.8551587301587302,0.8551587301587302,0.0
1400,cs,add,insert,remove,11,0.8931539818068699,0.8931539818068699,0.0,0.9090909090909091,0.9090909090909091,0.0,0.9368965870588671,0.9368965870588671,0.0,0.9086363636363638,0.9086363636363638,0.0
1638,cs,start,begin,stop,7,0.8091067115702206,0.8091067115702206,0.0,0.8571428571428571,0.8571428571428571,0.0,0.8793134333052087,0.895082491519986,-0.015769058214777254,0.9985422740524781,0.8551587301587302,0.14338354389374786
2387,cs,removed,deleted,inserted,13,0.7611606003349888,0.7611606003349888,0.0,0.9090909090909091,0.9090909090909091,0.0,0.9022360029966374,0.9019840428209254,0.00025196017571205154,0.920940170940171,0.920940170940171,0.0
2730,cs,added,inserted,removed,11,0.8931539818068699,0.8931539818068699,0.0,0.9090909090909091,0.9090909090909091,0.0,0.9265920031625897,0.9303856576255872,-0.003793654462997509,0.9086363636363638,0.9086363636363638,0.0
3351,cs,create,build,destroy,7,0.8091067115702206,0.8091067115702206,0.0,0.8571428571428571,0.8571428571428571,0.0,0.8593234519886869,0.8623811840862444,-0.003057732097557553,0.8551587301587302,0.8551587301587302,0.0
3572,cs,opening,unlocking,closing,12,0.7691605673134587,0.7691605673134587,0.0,0.9090909090909091,0.9090909090909091,0.0,0.8833347563160376,0.8867602126342014,-0.003425456318163711,0.9139118457300276,0.9139118457300276,0.0
4419,cs,allow,permit,forbid,11,0.8931539818068699,0.8931539818068699,0.0,0.9,0.9,0.0,0.9048432371021923,0.9077569903212712,-0.0029137532190789406,0.9996243425995492,0.9086363636363638,0.09098797896318545
5153,cs,added,inserted,removed,10,0.8801117367933934,0.8801117367933934,0.0,0.875,0.875,0.0,0.9234669222394319,0.9274093326231595,-0.003942410383727557,0.8993827160493828,0.8993827160493828,0.0
5425,cs,added,inserted,removed,7,0.8091067115702206,0.8091067115702206,0.0,0.8571428571428571,0.8571428571428571,0.0,0.9027605070881691,0.9076618638222582,-0.004901356734089091,0.8551587301587302,0.8551587301587302,0.0
6928,cs,added,inserted,removed,13,0.9121679090703875,0.9121679090703875,0.0,0.9,0.9,0.0,0.93460178891258,0.9380093749330477,-0.0034075860204677566,0.9228098290598291,0.9228098290598291,0.0
9077,cs,opening,unlocking,closing,10,0.7071067811865478,0.7071067811865478,0.0,0.9,0.9,0.0,0.8812229230171569,0.8846969184174838,-0.0034739954003268902,0.8950617283950617,0.8950617283950617,0.0
9077,cs,created,built,destroyed,10,0.6580370064762461,0.6580370064762461,0.0,0.9,0.9,0.0,0.8366182088562142,0.8661709897340117,-0.029552780877797558,0.8950617283950617,0.8950617283950617,0.0
10393,cs,allow,permit,forbid,15,0.8242367502646057,0.8242367502646057,0.0,0.9285714285714286,0.9285714285714286,0.0,0.8802085891269109,0.8826887479853767,-0.002480158858465753,0.9998518518518519,0.9319727891156462,0.0678790627362057
10877,cs,add,insert,remove,11,0.8931539818068699,0.8931539818068699,0.0,0.9090909090909091,0.9090909090909091,0.0,0.9280606464756302,0.9280606464756302,0.0,0.9086363636363638,0.9086363636363638,0.0
10877,cs,creating,building,destroying,11,0.7016879391277372,0.7016879391277372,0.0,0.9090909090909091,0.9090909090909091,0.0,0.847111305242228,0.8498660543656171,-0.002754749123389133,0.9054545454545455,0.9054545454545455,0.0
11130,cs,add,insert,remove,7,0.8091067115702206,0.8091067115702206,0.0,0.8571428571428571,0.8571428571428571,0.0,0.905323034276437,0.905323034276437,0.0,0.8551587301587302,0.8551587301587302,0.0
11832,cs,allow,permit,forbid,9,0.8633400213704508,0.8633400213704508,0.0,0.8888888888888888,0.8888888888888888,0.0,0.8653706958187185,0.8694160049077779,-0.0040453090890594234,0.9993141289437586,0.8880208333333333,0.11129329561042534
12962,cs,add,insert,remove,6,0.7598356856515927,0.7598356856515927,0.0,0.8333333333333334,0.8333333333333334,0.0,0.9077537242084869,0.9077537242084869,0.0,0.8300000000000002,0.8300000000000002,0.0
13006,cs,add,insert,remove,13,0.791066507175436,0.791066507175436,0.0,0.9,0.9,0.0,0.914786293186172,0.914786293186172,0.0,0.920940170940171,0.920940170940171,0.0
13245,cs,add,insert,remove,13,0.9121679090703875,0.9121679090703875,0.0,0.9230769230769231,0.9230769230769231,0.0,0.9463141303397119,0.9463141303397119,0.0,0.9228098290598291,0.9228098290598291,0.0
13546,cs,disable,block,enable,9,0.6606328636027612,0.6606328636027612,0.0,0.875,0.875,0.0,0.8265547879926141,0.8933554646761279,-0.06680067668351386,0.8819444444444444,0.8819444444444444,0.0
17934,cs,add,insert,remove,13,0.7611606003349888,0.7611606003349888,0.0,0.8888888888888888,0.8888888888888888,0.0,0.8839675386284443,0.8839675386284443,0.0,0.920940170940171,0.920940170940171,0.0
20966,cs,started,began,stopped,7,0.8091067115702206,0.8091067115702206,0.0,0.8333333333333334,0.8333333333333334,0.0,0.8879321917951718,0.9199467215164148,-0.03201452972124297,0.9985422740524781,0.8551587301587302,0.14338354389374786
28092,cs,remove,delete,insert,9,0.8633400213704508,0.8633400213704508,0.0,0.8888888888888888,0.8888888888888888,0.0,0.8739384874654451,0.8479131768284528,0.026025310636992316,0.8880208333333333,0.8880208333333333,0.0
29058,cs,added,inserted,removed,9,0.8633400213704508,0.8633400213704508,0.0,0.8571428571428571,0.8571428571428571,0.0,0.9182455882133006,0.9224341868647925,-0.004188598651491904,0.8880208333333333,0.8880208333333333,0.0
32030,cs,hide,cover,show,6,0.7598356856515927,0.7598356856515927,0.0,0.8333333333333334,0.8333333333333334,0.0,0.7545092873791773,0.7549293986600489,-0.00042011128087160454,0.9976851851851852,0.8300000000000002,0.16768518518518505
33765,cs,allow,permit,forbid,7,0.4111336169005198,0.4111336169005198,0.0,0.8333333333333334,0.8333333333333334,0.0,0.7452943611036758,0.7503144458678768,-0.005020084764201016,0.9985422740524781,0.8412698412698414,0.1572724327826367
38648,cs,added,inserted,removed,9,0.8633400213704508,0.8633400213704508,0.0,0.8571428571428571,0.8571428571428571,0.0,0.9218022950144131,0.9258235129543767,-0.004021217939963573,0.8880208333333333,0.8880208333333333,0.0
39734,cs,enable,permit,disable,11,0.7419446627365011,0.7419446627365011,0.0,0.875,0.875,0.0,0.8096358870536409,0.8980678411126319,-0.08843195405899107,0.9054545454545455,0.9054545454545455,0.0
41252,cs,added,inserted,removed,6,0.3799178428257963,0.3799178428257963,0.0,0.8333333333333334,0.8333333333333334,0.0,0.8417784634561937,0.846102469606839,-0.004324006150645321,0.8066666666666668,0.8066666666666668,0.0
41252,cs,disable,block,enable,6,0.7598356856515927,0.7598356856515927,0.0,0.8333333333333334,0.8333333333333334,0.0,0.830528236268534,0.9267472926514162,-0.0962190563828822,0.8300000000000002,0.8300000000000002,0.0
41479,cs,added,inserted,removed,11,0.8931539818068699,0.8931539818068699,0.0,0.9090909090909091,0.9090909090909091,0.0,0.9446625730059246,0.9475754879263986,-0.0029129149204739635,0.9086363636363638,0.9086363636363638,0.0
42344,cs,add,insert,remove,9,0.8633400213704508,0.8633400213704508,0.0,0.8888888888888888,0.8888888888888888,0.0,0.9419853429751883,0.9419853429751883,0.0,0.8880208333333333,0.8880208333333333,0.0
42959,cs,added,inserted,removed,11,0.8931539818068699,0.8931539818068699,0.0,0.9,0.9,0.0,0.9200635408501847,0.9241667563333131,-0.0041032154831284195,0.9086363636363638,0.9086363636363638,0.0
43406,cs,add,insert,remove,18,0.9391044157537529,0.9391044157537529,0.0,0.9285714285714286,0.9285714285714286,0.0,0.9586523651490754,0.9586523651490754,0.0,0.9443483275663207,0.9443483275663207,0.0
44858,cs,adding,inserting,removing,9,0.8633400213704508,0.8633400213704508,0.0,0.8888888888888888,0.8888888888888888,0.0,0.9163428914177503,0.9206204706011385,-0.004277579183388225,0.8880208333333333,0.8880208333333333,0.0
845,cs,added,inserted,removed,13,0.9121679090703875,0.9121679090703875,0.0,0.8888888888888888,0.8888888888888888,0.0,0.9437980663995178,0.946753912611102,-0.002955846211584179,0.9228098290598291,0.9228098290598291,0.0
973,cs,allow,permit,forbid,8,0.8408964152537145,0.8408964152537145,0.0,0.875,0.875,0.0,0.8580028644485913,0.8622545672562331,-0.004251702807641755,0.9990234375,0.8737244897959183,0.12529894770408168
1435,cs,added,inserted,removed,16,0.8153551038173119,0.8153551038173119,0.0,0.9166666666666666,0.9166666666666666,0.0,0.911056832917422,0.9137010066822613,-0.002644173764839275,0.9363888888888889,0.9363888888888889,0.0
1646,cs,add,insert,remove,8,0.8408964152537145,0.8408964152537145,0.0,0.875,0.875,0.0,0.9122583624894098,0.9122583624894098,0.0,0.8737244897959183,0.8737244897959183,0.0
3910,cs,add,insert,remove,9,0.8633400213704508,0.8633400213704508,0.0,0.875,0.875,0.0,0.9163428914177503,0.9163428914177503,0.0,0.8880208333333333,0.8880208333333333,0.0
4052,cs,add,insert,remove,7,0.8091067115702206,0.8091067115702206,0.0,0.8571428571428571,0.8571428571428571,0.0,0.9163428914177503,0.9163428914177503,0.0,0.8551587301587302,0.8551587301587302,0.0
4655,cs,allow,permit,forbid,10,0.8801117367933934,0.8801117367933934,0.0,0.8888888888888888,0.8888888888888888,0.0,0.8720103703262571,0.8758683963067034,-0.003858025980446378,0.9995,0.8993827160493828,0.10011728395061725
4655,cs,accepted,took,rejected,10,0.6580370064762461,0.6580370064762461,0.0,0.8888888888888888,0.8888888888888888,0.0,0.7573092506072743,0.8204527637432076,-0.06314351313593336,0.9995,0.8950617283950617,0.10443827160493835
4918,cs,add,insert,remove,7,0.8091067115702206,0.8091067115702206,0.0,0.8571428571428571,0.8571428571428571,0.0,0.9400516918934219,0.9400516918934219,0.0,0.8551587301587302,0.8551587301587302,0.0
6317,cs,add,insert,remove,6,0.7598356856515927,0.7598356856515927,0.0,0.8333333333333334,0.8333333333333334,0.0,0.9100625133509016,0.9100625133509016,0.0,0.8300000000000002,0.8300000000000002,0.0
7660,cs,disable,block,enable,7,0.8091067115702206,0.8091067115702206,0.0,0.8571428571428571,0.8571428571428571,0.0,0.8259336715520873,0.9247752621544795,-0.09884159060239217,0.8551587301587302,0.8551587301587302,0.0
8372,cs,add,insert,remove,8,0.8408964152537145,0.8408964152537145,0.0,0.875,0.875,0.0,0.9410343778487991,0.9410343778487991,0.0,0.8737244897959183,0.8737244897959183,0.0
9588,cs,included,contained,excluded,12,0.7348889200874659,0.7348889200874659,0.0,0.9,0.9,0.0,0.8851562104523834,0.9326497528123668,-0.04749354235998349,0.9139118457300276,0.9139118457300276,0.0
10237,cs,allow,permit,forbid,7,0.4111336169005198,0.4111336169005198,0.0,0.8571428571428571,0.8571428571428571,0.0,0.8087106740665007,0.8125686999465485,-0.0038580258800477996,0.9985422740524781,0.8412698412698414,0.1572724327826367
11590,cs,add,insert,remove,11,0.7016879391277372,0.7016879391277372,0.0,0.9,0.9,0.0,0.8717578926589465,0.8717578926589465,0.0,0.9054545454545455,0.9054545454545455,0.0
11590,cs,added,inserted,removed,11,0.8070557274927979,0.8070557274927979,0.0,0.9,0.9,0.0,0.8717578926589465,0.8753960905223959,-0.0036381978634493217,0.9054545454545455,0.9054545454545455,0.0
11605,cs,add,insert,remove,5,0.6687403049764218,0.6687403049764218,0.0,0.8000000000000002,0.8000000000000002,0.0,0.887534817914365,0.887534817914365,0.0,0.7937500000000002,0.7937500000000002,0.0
13107,cs,add,insert,remove,10,0.8801117367933934,0.8801117367933934,0.0,0.9,0.9,0.0,0.9234669222394319,0.9234669222394319,0.0,0.8993827160493828,0.8993827160493828,0.0
13377,cs,add,insert,remove,6,0.7598356856515927,0.7598356856515927,0.0,0.8333333333333334,0.8333333333333334,0.0,0.887534817914365,0.887534817914365,0.0,0.8300000000000002,0.8300000000000002,0.0
14121,cs,increase,raise,decrease,6,0.7598356856515927,0.7598356856515927,0.0,0.8333333333333334,0.8333333333333334,0.0,0.844883538956335,0.9418863238716181,-0.09700278491528314,0.8300000000000002,0.8300000000000002,0.0
15072,cs,allow,permit,forbid,8,0.8408964152537145,0.8408964152537145,0.0,0.875,0.875,0.0,0.9231416337789594,0.9255158029271584,-0.00237416914819899,0.9990234375,0.8737244897959183,0.12529894770408168
16256,cs,enable,permit,disable,21,0.7721947901921794,0.7721947901921794,0.0,0.8666666666666667,0.8666666666666667,0.0,0.8372973531700674,0.9163424721914432,-0.07904511902137579,0.9029811370531593,0.9029811370531593,0.0
17366,cs,add,insert,remove,7,0.4889230224349009,0.4889230224349009,0.0,0.8333333333333334,0.8333333333333334,0.0,0.856672451554725,0.856672451554725,0.0,0.8412698412698414,0.8412698412698414,0.0
18507,cs,added,inserted,removed,8,0.8408964152537145,0.8408964152537145,0.0,0.8333333333333334,0.8333333333333334,0.0,0.9182455882133006,0.9224341868647925,-0.004188598651491904,0.8737244897959183,0.8737244897959183,0.0
18952,cs,add,insert,remove,8,0.8408964152537145,0.8408964152537145,0.0,0.8571428571428571,0.8571428571428571,0.0,0.8909507813316483,0.8909507813316483,0.0,0.8737244897959183,0.8737244897959183,0.0
19073,cs,add,insert,remove,5,0.6687403049764218,0.6687403049764218,0.0,0.8000000000000002,0.8000000000000002,0.0,0.8758649033983275,0.8758649033983275,0.0,0.7937500000000002,0.7937500000000002,0.0
19372,cs,added,inserted,removed,7,0.8091067115702206,0.8091067115702206,0.0,0.8571428571428571,0.8571428571428571,0.0,0.9027605070881691,0.9076618638222582,-0.004901356734089091,0.8551587301587302,0.8551587301587302,0.0
19453,cs,add,insert,remove,7,0.8091067115702206,0.8091067115702206,0.0,0.8333333333333334,0.8333333333333334,0.0,0.8909507813316483,0.8909507813316483,0.0,0.8551587301587302,0.8551587301587302,0.0
19528,cs,adding,inserting,removing,8,0.8408964152537145,0.8408964152537145,0.0,0.8571428571428571,0.8571428571428571,0.0,0.93460178891258,0.9380093749330477,-0.0034075860204677566,0.8737244897959183,0.8737244897959183,0.0
20910,cs,show,display,hide,10,0.8801117367933934,0.8801117367933934,0.0,0.875,0.875,0.0,0.9022075042590612,0.9138621881816014,-0.01165468392254021,0.9995,0.8993827160493828,0.10011728395061725
20920,cs,remove,delete,insert,11,0.7016879391277372,0.7016879391277372,0.0,0.9,0.9,0.0,0.8561931027316051,0.8429853067927165,0.013207795938888545,0.9054545454545455,0.9054545454545455,0.0
20980,cs,adding,inserting,removing,6,0.3799178428257963,0.3799178428257963,0.0,0.8333333333333334,0.8333333333333334,0.0,0.8065867694468314,0.8116351725648474,-0.0050484031180160205,0.8066666666666668,0.8066666666666668,0.0
21388,cs,added,inserted,removed,6,0.7598356856515927,0.7598356856515927,0.0,0.8333333333333334,0.8333333333333334,0.0,0.905323034276437,0.9101082413093166,-0.004785207032879546,0.8300000000000002,0.8300000000000002,0.0
21472,cs,add,insert,remove,7,0.8091067115702206,0.8091067115702206,0.0,0.8333333333333334,0.8333333333333334,0.0,0.9544668572583496,0.9544668572583496,0.0,0.8551587301587302,0.8551587301587302,0.0
22393,cs,add,insert,remove,7,0.8091067115702206,0.8091067115702206,0.0,0.8333333333333334,0.8333333333333334,0.0,0.905323034276437,0.905323034276437,0.0,0.8551587301587302,0.8551587301587302,0.0
24079,cs,open,unlock,close,7,0.4889230224349009,0.4889230224349009,0.0,0.8571428571428571,0.8571428571428571,0.0,0.8083259097189458,0.8129750734907087,-0.004649163771762943,0.8412698412698414,0.8412698412698414,0.0
25399,cs,add,insert,remove,6,0.7598356856515927,0.7598356856515927,0.0,0.8333333333333334,0.8333333333333334,0.0,0.8714154461187664,0.8714154461187664,0.0,0.8300000000000002,0.8300000000000002,0.0
26638,cs,added,inserted,removed,7,0.8091067115702206,0.8091067115702206,0.0,0.8571428571428571,0.8571428571428571,0.0,0.8941648581963936,0.8994505848557789,-0.005285726659385315,0.8551587301587302,0.8551587301587302,0.0
26638,cs,disable,block,enable,7,0.4889230224349009,0.4889230224349009,0.0,0.8571428571428571,0.8571428571428571,0.0,0.7358472137032295,0.8377783187488987,-0.10193110504566927,0.8412698412698414,0.8412698412698414,0.0
27508,cs,add,insert,remove,9,0.8633400213704508,0.8633400213704508,0.0,0.875,0.875,0.0,0.9218022950144131,0.9218022950144131,0.0,0.8880208333333333,0.8880208333333333,0.0
28269,cs,add,insert,remove,9,0.8633400213704508,0.8633400213704508,0.0,0.875,0.875,0.0,0.9200635408501847,0.9200635408501847,0.0,0.8880208333333333,0.8880208333333333,0.0
29071,cs,allow,permit,forbid,6,0.7598356856515927,0.7598356856515927,0.0,0.8333333333333334,0.8333333333333334,0.0,0.8687746224678149,0.8727240709995789,-0.003949448531764044,0.9976851851851852,0.8300000000000002,0.16768518518518505
29412,cs,allow,permit,forbid,8,0.8408964152537145,0.8408964152537145,0.0,0.875,0.875,0.0,0.8780249136610688,0.8817122303165614,-0.0036873166554926007,0.9990234375,0.8737244897959183,0.12529894770408168
29859,cs,added,inserted,removed,8,0.8408964152537145,0.8408964152537145,0.0,0.875,0.875,0.0,0.9163428914177503,0.9206204706011385,-0.004277579183388225,0.8737244897959183,0.8737244897959183,0.0
46,go,remove,delete,insert,7,0.8408964152537145,0.8408964152537145,0.0,0.8571428571428571,0.8571428571428571,0.0,0.8957290957712196,0.8775960033608373,0.0181330924103823,0.8551587301587302,0.8551587301587302,0.0
77,go,add,insert,remove,7,0.8801117367933934,0.8801117367933934,0.0,0.875,0.875,0.0,0.9027605070881691,0.9027605070881691,0.0,0.8551587301587302,0.8551587301587302,0.0
94,go,remove,delete,insert,6,0.8091067115702206,0.8091067115702206,0.0,0.8333333333333334,0.8333333333333334,0.0,0.8162785543532671,0.7783848399365642,0.03789371441670297,0.8300000000000002,0.8300000000000002,0.0
151,go,show,display,hide,43,0.9298663600557576,0.9298663600557576,0.0,0.9512195121951219,0.9512195121951219,0.0,0.9427695999368368,0.9483288753414088,-0.005559275404571906,0.9999937112455507,0.9534330340467331,0.046560677198817624
162,go,add,insert,remove,6,0.4889230224349009,0.4889230224349009,0.0,0.8333333333333334,0.8333333333333334,0.0,0.7861910062101543,0.7861910062101543,0.0,0.8066666666666668,0.8066666666666668,0.0
316,go,removed,deleted,inserted,33,0.9318384811154838,0.9318384811154838,0.0,0.9714285714285714,0.9714285714285714,0.0,0.9566151749935226,0.9574291707568812,-0.0008139957633586103,0.9695785984848485,0.9695785984848485,0.0
316,go,start,begin,stop,33,0.9318384811154838,0.9318384811154838,0.0,0.9714285714285714,0.9714285714285714,0.0,0.9556461827454605,0.9685896623684649,-0.01294347962300435,0.9999860867629463,0.9695785984848485,0.030407488278097805
398,go,remove,delete,insert,9,0.8931539818068699,0.8931539818068699,0.0,0.9166666666666666,0.9166666666666666,0.0,0.9076912416997509,0.8886234294336403,0.01906781226611065,0.8880208333333333,0.8880208333333333,0.0
431,go,add,insert,remove,6,0.7598356856515927,0.7598356856515927,0.0,0.8333333333333334,0.8333333333333334,0.0,0.8800157917018067,0.8800157917018067,0.0,0.8300000000000002,0.8300000000000002,0.0
502,go,show,display,hide,24,0.9607071390340023,0.9607071390340023,0.0,0.9642857142857143,0.9642857142857143,0.0,0.9673985120763323,0.9716827434498589,-0.004284231373526626,0.9999638310185185,0.9582939508506617,0.041669880167856777
513,go,add,insert,remove,34,0.929923845210929,0.929923845210929,0.0,0.9714285714285714,0.9714285714285714,0.0,0.9650643087972067,0.9650643087972067,0.0,0.970480203100524,0.970480203100524,0.0
524,go,start,begin,stop,27,0.9061874434879649,0.9061874434879649,0.0,0.9642857142857143,0.9642857142857143,0.0,0.940986439369777,0.9581785319273913,-0.017192092557614336,0.9999745973682873,0.9627438088976551,0.037230788470632215
538,go,showing,displaying,hiding,32,0.9210500207490826,0.9210500207490826,0.0,0.96875,0.96875,0.0,0.9533428666273959,0.9584854768417543,-0.005142610214358467,0.9999847412109375,0.9686199271592091,0.03136481405172842
605,go,added,inserted,removed,31,0.9585298850647722,0.9585298850647722,0.0,0.9705882352941176,0.9705882352941176,0.0,0.9752314607530874,0.9763217942648472,-0.0010903335117598,0.9677240143369176,0.9677240143369176,0.0
605,go,included,contained,excluded,31,0.940028651976138,0.940028651976138,0.0,0.9705882352941176,0.9705882352941176,0.0,0.9549035368673677,0.9746960534772368,-0.019792516609869026,0.9675985663082438,0.9675985663082438,0.0
679,go,allow,permit,forbid,7,0.8091067115702206,0.8091067115702206,0.0,0.8571428571428571,0.8571428571428571,0.0,0.8405431165563649,0.8452779687525976,-0.004734852196232708,0.9985422740524781,0.8551587301587302,0.14338354389374786
715,go,add,insert,remove,7,0.8091067115702206,0.8091067115702206,0.0,0.8571428571428571,0.8571428571428571,0.0,0.8941648581963936,0.8941648581963936,0.0,0.8551587301587302,0.8551587301587302,0.0
729,go,add,insert,remove,13,0.9121679090703875,0.9121679090703875,0.0,0.9230769230769231,0.9230769230769231,0.0,0.9437980663995178,0.9437980663995178,0.0,0.9228098290598291,0.9228098290598291,0.0
749,go,add,insert,remove,11,0.9253911813809742,0.9253911813809742,0.0,0.9166666666666666,0.9166666666666666,0.0,0.9500414507642827,0.9500414507642827,0.0,0.9086363636363638,0.9086363636363638,0.0
814,go,enable,permit,disable,5,0.6687403049764218,0.6687403049764218,0.0,0.8000000000000002,0.8000000000000002,0.0,0.7865266023886712,0.920274435247598,-0.13374783285892677,0.7937500000000002,0.7937500000000002,0.0
857,go,allows,permits,forbids,18,0.8492326635760686,0.8492326635760686,0.0,0.9444444444444444,0.9444444444444444,0.0,0.9208574953747416,0.9225208353785819,-0.0016633400038402746,0.9999142661179699,0.943675509419454,0.05623875669851586
875,go,include,contain,exclude,6,0.7598356856515927,0.7598356856515927,0.0,0.8333333333333334,0.8333333333333334,0.0,0.7748187871484591,0.9342195091708442,-0.1594007220223851,0.8300000000000002,0.8300000000000002,0.0
906,go,add,insert,remove,8,0.8408964152537145,0.8408964152537145,0.0,0.875,0.875,0.0,0.8971944721340076,0.8971944721340076,0.0,0.8737244897959183,0.8737244897959183,0.0
913,go,create,build,destroy,32,0.9733092691592643,0.9733092691592643,0.0,0.967741935483871,0.967741935483871,0.0,0.9633564428381882,0.9640297897028121,-0.0006733468646238361,0.9687337408949012,0.9687337408949012,0.0
975,go,add,insert,remove,12,0.9253911813809742,0.9253911813809742,0.0,0.9166666666666666,0.9166666666666666,0.0,0.9429060998699516,0.9429060998699516,0.0,0.9163223140495868,0.9163223140495868,0.0
975,go,disable,block,enable,12,0.8003203203845001,0.8003203203845001,0.0,0.9166666666666666,0.9166666666666666,0.0,0.8603744894486823,0.9141113374905205,-0.0537368480418382,0.9139118457300276,0.9139118457300276,0.0
978,go,add,insert,remove,6,0.7598356856515927,0.7598356856515927,0.0,0.8333333333333334,0.8333333333333334,0.0,0.8941648581963936,0.8941648581963936,0.0,0.8300000000000002,0.8300000000000002,0.0
1046,go,allow,permit,forbid,45,0.958818508950773,0.958818508950773,0.0,0.9772727272727273,0.9772727272727273,0.0,0.9644026803049064,0.9651630209378452,-0.0007603406329388385,0.9999945130315501,0.9777318640955005,0.022262648936049567
1120,go,open,unlock,close,9,0.8801117367933934,0.8801117367933934,0.0,0.8888888888888888,0.8888888888888888,0.0,0.8889635521606213,0.893813460628412,-0.0048499084677907645,0.8880208333333333,0.8880208333333333,0.0
1163,go,add,insert,remove,9,0.8633400213704508,0.8633400213704508,0.0,0.8888888888888888,0.8888888888888888,0.0,0.9234669222394319,0.9234669222394319,0.0,0.8880208333333333,0.8880208333333333,0.0
1166,go,start,begin,stop,30,0.9127592114472296,0.9127592114472296,0.0,0.9666666666666667,0.9666666666666667,0.0,0.947586113291966,0.9628673315207332,-0.015281218228767268,0.9999814814814815,0.966508125247721,0.033473356233760465
1176,go,adding,inserting,removing,7,0.8091067115702206,0.8091067115702206,0.0,0.8571428571428571,0.8571428571428571,0.0,0.9077537242084869,0.9124280961329131,-0.004674371924426213,0.8551587301587302,0.8551587301587302,0.0
1177,go,adding,inserting,removing,16,0.8153551038173119,0.8153551038173119,0.0,0.9411764705882353,0.9411764705882353,0.0,0.9243071335075199,0.926591981411263,-0.002284847903743059,0.9363888888888889,0.9363888888888889,0.0
1183,go,adding,inserting,removing,6,0.7598356856515927,0.7598356856515927,0.0,0.8333333333333334,0.8333333333333334,0.0,0.9122583624894098,0.9167256324266131,-0.004467269937203255,0.8300000000000002,0.8300000000000002,0.0
1188,go,adding,inserting,removing,33,0.9752895627511564,0.9752895627511564,0.0,0.9722222222222222,0.9722222222222222,0.0,0.9816406295826267,0.9826428882388495,-0.001002258656222832,0.9696821732954546,0.9696821732954546,0.0
1188,go,shows,displays,hides,33,0.9370011451812971,0.9370011451812971,0.0,0.9722222222222222,0.9722222222222222,0.0,0.9653980457495286,0.9675148092731329,-0.002116763523604348,0.9999860867629463,0.9695785984848485,0.030407488278097805
1210,go,start,begin,stop,21,0.865603055254171,0.865603055254171,0.0,0.9545454545454546,0.9545454545454546,0.0,0.9235341923192251,0.9474351468410795,-0.02390095452185448,0.9999460101500918,0.9519047619047619,0.04804124824532985
1228,go,allow,permit,forbid,12,0.9036020036098446,0.9036020036098446,0.0,0.9166666666666666,0.9166666666666666,0.0,0.8834987641741082,0.8870298384379456,-0.0035310742638373638,0.9997106481481481,0.9163223140495868,0.08338833409856139
1254,go,adding,inserting,removing,9,0.8633400213704508,0.8633400213704508,0.0,0.8888888888888888,0.8888888888888888,0.0,0.8941648581963936,0.8994505848557789,-0.005285726659385315,0.8880208333333333,0.8880208333333333,0.0
1258,go,remove,delete,insert,15,0.9253911813809742,0.9253911813809742,0.0,0.9333333333333333,0.9333333333333333,0.0,0.9313194580811874,0.9171267286928584,0.01419272938832905,0.9331632653061225,0.9331632653061225,0.0
1268,go,add,insert,remove,21,0.9510699415570296,0.9510699415570296,0.0,0.9523809523809523,0.9523809523809523,0.0,0.9621329440554951,0.9621329440554951,0.0,0.9523214285714285,0.9523214285714285,0.0
1274,go,add,insert,remove,9,0.7348889200874659,0.7348889200874659,0.0,0.9090909090909091,0.9090909090909091,0.0,0.9009398860736568,0.9009398860736568,0.0,0.8819444444444444,0.8819444444444444,0.0
1280,go,adding,inserting,removing,31,0.9184678024441791,0.9184678024441791,0.0,0.9705882352941176,0.9705882352941176,0.0,0.9581054027210544,0.9594187551160512,-0.0013133523949968584,0.9675985663082438,0.9675985663082438,0.0
1288,go,add,insert,remove,10,0.7071067811865478,0.7071067811865478,0.0,0.9,0.9,0.0,0.8717578926589465,0.8717578926589465,0.0,0.8950617283950617,0.8950617283950617,0.0
1288,go,added,inserted,removed,10,0.8801117367933934,0.8801117367933934,0.0,0.9,0.9,0.0,0.9250620695800289,0.9289286813773746,-0.0038666117973457093,0.8993827160493828,0.8993827160493828,0.0
1316,go,add,insert,remove,7,0.8091067115702206,0.8091067115702206,0.0,0.8571428571428571,0.8571428571428571,0.0,0.8971944721340076,0.8971944721340076,0.0,0.8551587301587302,0.8551587301587302,0.0
1423,go,add,insert,remove,8,0.8408964152537145,0.8408964152537145,0.0,0.875,0.875,0.0,0.887534817914365,0.887534817914365,0.0,0.8737244897959183,0.8737244897959183,0.0
1515,go,add,insert,remove,11,0.9061874434879649,0.9061874434879649,0.0,0.9411764705882353,0.9411764705882353,0.0,0.9427750353286293,0.9427750353286293,0.0,0.9054545454545455,0.896818181818182,0.008636363636363553
1515,go,remove,delete,insert,11,0.9635749534339605,0.9635749534339605,0.0,0.9411764705882353,0.9411764705882353,0.0,0.9545686170029897,0.9467055819938021,0.007863035009187613,0.9086363636363638,0.9086363636363638,0.0
1587,go,adding,inserting,removing,7,0.8931539818068699,0.8931539818068699,0.0,0.8888888888888888,0.8888888888888888,0.0,0.905323034276437,0.9101082413093166,-0.004785207032879546,0.8551587301587302,0.8551587301587302,0.0
1620,go,added,inserted,removed,17,0.7912619863720215,0.7912619863720215,0.0,0.8888888888888888,0.8888888888888888,0.0,0.8762181262595754,0.8806935469282794,-0.004475420668703989,0.8813071895424837,0.8813071895424837,0.0
1630,go,allow,permit,forbid,18,0.8843865924896839,0.8843865924896839,0.0,0.9500000000000001,0.9500000000000001,0.0,0.9413557499042389,0.9425976773796182,-0.001241927475379323,0.9999142661179699,0.943675509419454,0.05623875669851586
1704,go,add,insert,remove,21,0.9510699415570296,0.9510699415570296,0.0,0.9523809523809523,0.9523809523809523,0.0,0.966378034089651,0.966378034089651,0.0,0.9523214285714285,0.9523214285714285,0.0
1704,go,adds,inserts,removes,21,0.8725129388059694,0.8725129388059694,0.0,0.9523809523809523,0.9523809523809523,0.0,0.9427750353286293,0.9427750353286293,0.0,0.9519047619047619,0.9519047619047619,0.0
1729,go,add,insert,remove,6,0.7598356856515927,0.7598356856515927,0.0,0.8333333333333334,0.8333333333333334,0.0,0.8282698920593305,0.8282698920593305,0.0,0.8300000000000002,0.8300000000000002,0.0
1780,go,allow,permit,forbid,6,0.7598356856515927,0.7598356856515927,0.0,0.8333333333333334,0.8333333333333334,0.0,0.830092325789114,0.8351124111362712,-0.005020085347157255,0.9976851851851852,0.8300000000000002,0.16768518518518505
1796,go,add,insert,remove,7,0.8091067115702206,0.8091067115702206,0.0,0.8571428571428571,0.8571428571428571,0.0,0.8909507813316483,0.8909507813316483,0.0,0.8551587301587302,0.8551587301587302,0.0
1822,go,allow,permit,forbid,9,0.7611606003349888,0.7611606003349888,0.0,0.9090909090909091,0.9090909090909091,0.0,0.8655566815300003,0.8683252310335828,-0.002768549503582518,0.9993141289437586,0.8819444444444444,0.11736968449931418
1882,go,allows,permits,forbids,14,0.8003203203845001,0.8003203203845001,0.0,0.9375,0.9375,0.0,0.9075498310937484,0.909483319142708,-0.0019334880489595418,0.9998177842565598,0.9268808114961962,0.0729369727603636
1892,go,adding,inserting,removing,6,0.7598356856515927,0.7598356856515927,0.0,0.8333333333333334,0.8333333333333334,0.0,0.8909507813316483,0.896378152003226,-0.005427370671577725,0.8300000000000002,0.8300000000000002,0.0
1911,go,disabled,blocked,enabled,33,0.9210500207490826,0.9210500207490826,0.0,0.9696969696969697,0.9696969696969697,0.0,0.9523727565419624,0.9676303831168711,-0.0152576265749087,0.9695785984848485,0.9695785984848485,0.0
1935,go,add,insert,remove,7,0.8091067115702206,0.8091067115702206,0.0,0.8571428571428571,0.8571428571428571,0.0,0.8666338761469643,0.8666338761469643,0.0,0.8551587301587302,0.8551587301587302,0.0
1976,go,add,insert,remove,6,0.7598356856515927,0.7598356856515927,0.0,0.8333333333333334,0.8333333333333334,0.0,0.8196060265484475,0.8196060265484475,0.0,0.8300000000000002,0.8300000000000002,0.0
1991,go,adds,inserts,removes,41,0.945286184826006,0.945286184826006,0.0,0.975609756097561,0.975609756097561,0.0,0.9729621898101422,0.9729621898101422,0.0,0.9755487804878049,0.9755487804878049,0.0
2013,go,enabled,permitted,disabled,15,0.9253911813809742,0.9253911813809742,0.0,0.9333333333333333,0.9333333333333333,0.0,0.9185274750598316,0.942717059739152,-0.02418958467932042,0.9331632653061225,0.9331632653061225,0.0
2020,go,allows,permits,forbids,41,0.9506885335787993,0.9506885335787993,0.0,0.9791666666666666,0.9791666666666666,0.0,0.9683531085849788,0.9690300649891739,-0.0006769564041950726,0.9999927453171021,0.9755487804878049,0.024443964829297227
2031,go,add,insert,remove,6,0.7598356856515927,0.7598356856515927,0.0,0.8333333333333334,0.8333333333333334,0.0,0.9077537242084869,0.9077537242084869,0.0,0.8300000000000002,0.8300000000000002,0.0
2106,go,enable,permit,disable,7,0.8091067115702206,0.8091067115702206,0.0,0.8571428571428571,0.8571428571428571,0.0,0.813863009305249,0.930397344389335,-0.11653433508408595,0.8551587301587302,0.8551587301587302,0.0
2129,go,add,insert,remove,10,0.8931539818068699,0.8931539818068699,0.0,0.9090909090909091,0.9090909090909091,0.0,0.9308282416881526,0.9308282416881526,0.0,0.8993827160493828,0.8993827160493828,0.0
2205,go,remove,delete,insert,9,0.7348889200874659,0.7348889200874659,0.0,0.8888888888888888,0.8888888888888888,0.0,0.8666618112432755,0.8515002672874581,0.01516154395581737,0.8819444444444444,0.8819444444444444,0.0
2229,go,add,insert,remove,14,0.9391044157537529,0.9391044157537529,0.0,0.9333333333333333,0.9333333333333333,0.0,0.9471034616694162,0.9471034616694162,0.0,0.9283601014370245,0.9283601014370245,0.0
2259,go,add,insert,remove,10,0.7691605673134587,0.7691605673134587,0.0,0.9090909090909091,0.9090909090909091,0.0,0.888223763053059,0.888223763053059,0.0,0.8950617283950617,0.8950617283950617,0.0
2277,go,remove,delete,insert,19,0.8787419089273847,0.8787419089273847,0.0,0.9473684210526315,0.9473684210526315,0.0,0.9259401290207198,0.9175209023235218,0.008419226697197968,0.9467186484730344,0.9467186484730344,0.0
2277,go,allows,permits,forbids,19,0.8787419089273847,0.8787419089273847,0.0,0.9473684210526315,0.9473684210526315,0.0,0.9224520623163106,0.9240828516338558,-0.0016307893175452337,0.9999271030762502,0.9467186484730344,0.05320845460321577
2279,go,add,insert,remove,8,0.8801117367933934,0.8801117367933934,0.0,0.875,0.875,0.0,0.8758649033983275,0.8758649033983275,0.0,0.8737244897959183,0.8737244897959183,0.0
2304,go,hidden,covered,shown,13,0.8282477531331043,0.8282477531331043,0.0,0.9230769230769231,0.9230769230769231,0.0,0.900658540748352,0.914878358224659,-0.014219817476306962,0.920940170940171,0.920940170940171,0.0
2318,go,create,build,destroy,37,0.9769961126936085,0.9769961126936085,0.0,0.9736842105263158,0.9736842105263158,0.0,0.9685268690098845,0.9691001221379234,-0.0005732531280389086,0.9729625458792126,0.9729625458792126,0.0
2320,go,add,insert,remove,27,0.9691937043892329,0.9691937043892329,0.0,0.9629629629629629,0.9629629629629629,0.0,0.9672946089402398,0.9672946089402398,0.0,0.9629355687047996,0.9629355687047996,0.0
2350,go,add,insert,remove,6,0.7016879391277372,0.7016879391277372,0.0,0.8888888888888888,0.8888888888888888,0.0,0.856672451554725,0.856672451554725,0.0,0.8066666666666668,0.8066666666666668,0.0
2363,go,create,build,destroy,17,0.709421400618421,0.709421400618421,0.0,0.8823529411764706,0.8823529411764706,0.0,0.8149750399722241,0.8185135023446363,-0.0035384623724121766,0.8788235294117647,0.8788235294117647,0.0
2372,go,allow,permit,forbid,31,0.9234732618882049,0.9234732618882049,0.0,0.96875,0.96875,0.0,0.9480791211030095,0.9491814138741342,-0.0011022927711247243,0.9999832164076399,0.9675985663082438,0.03238465009939606
2378,go,start,begin,stop,43,0.837036039038727,0.837036039038727,0.0,0.9347826086956522,0.9347826086956522,0.0,0.8846727355678797,0.9181830617311726,-0.03351032616329286,0.9999937112455507,0.9297674418604651,0.07022626938508558
2379,go,accept,take,reject,21,0.9533589351059681,0.9533589351059681,0.0,0.9523809523809523,0.9523809523809523,0.0,0.9570828681137102,0.9608826874226095,-0.003799819308899277,0.9999460101500918,0.9523214285714285,0.04762458157866323
2380,go,remove,delete,insert,19,0.8806626677278208,0.8806626677278208,0.0,0.9473684210526315,0.9473684210526315,0.0,0.9501227430158159,0.9433421728990722,0.006780570116743712,0.9467186484730344,0.9467186484730344,0.0
2380,go,removed,deleted,inserted,19,0.865603055254171,0.865603055254171,0.0,0.9473684210526315,0.9473684210526315,0.0,0.9501227430158159,0.9510629306249103,-0.0009401876090944228,0.9467186484730344,0.9467186484730344,0.0
2399,go,add,insert,remove,21,0.8787419089273847,0.8787419089273847,0.0,0.9523809523809523,0.9523809523809523,0.0,0.9399580360049682,0.9399580360049682,0.0,0.9519047619047619,0.9519047619047619,0.0
2405,go,add,insert,remove,14,0.8578928092681432,0.8578928092681432,0.0,0.9375,0.9375,0.0,0.9311448630872948,0.9311448630872948,0.0,0.9268808114961962,0.9268808114961962,0.0
2409,go,add,insert,remove,43,0.9487643004979492,0.9487643004979492,0.0,0.9767441860465116,0.9767441860465116,0.0,0.9679971151079747,0.9679971151079747,0.0,0.9766914517745082,0.9766914517745082,0.0
2409,go,created,built,destroyed,43,0.9427781070492712,0.9427781070492712,0.0,0.9767441860465116,0.9767441860465116,0.0,0.9529112259190085,0.9611190360860188,-0.008207810167010332,0.9766914517745082,0.9766914517745082,0.0
2418,go,add,insert,remove,46,0.9516433313522541,0.9516433313522541,0.0,0.9791666666666666,0.9791666666666666,0.0,0.9727203468262136,0.9727203468262136,0.0,0.9782179280730006,0.9782179280730006,0.0
2418,go,start,begin,stop,46,0.9516433313522541,0.9516433313522541,0.0,0.9791666666666666,0.9791666666666666,0.0,0.9663825984578865,0.9762052262374862,-0.009822627779599635,0.9999948631544341,0.9782179280730006,0.021776935081433524
2418,go,created,built,destroyed,46,0.9566653702548547,0.9566653702548547,0.0,0.9791666666666666,0.9791666666666666,0.0,0.9598888924861015,0.9668646329800938,-0.0069757404939922996,0.9782179280730006,0.9782179280730006,0.0
2424,go,add,insert,remove,23,0.8985396083419644,0.8985396083419644,0.0,0.9583333333333334,0.9583333333333334,0.0,0.9472312716447925,0.9472312716447925,0.0,0.9561624146604384,0.9561624146604384,0.0
2424,go,start,begin,stop,23,0.8058778374128263,0.8058778374128263,0.0,0.9166666666666666,0.9166666666666666,0.0,0.8696640262474046,0.9074454096643035,-0.03778138341689896,0.999958905235473,0.9117125110913931,0.08824639414407998
2444,go,add,insert,remove,8,0.7016879391277372,0.7016879391277372,0.0,0.8888888888888888,0.8888888888888888,0.0,0.8793740059910359,0.8793740059910359,0.0,0.864795918367347,0.864795918367347,0.0
2451,go,add,insert,remove,29,0.9671682101338351,0.9671682101338351,0.0,0.9696969696969697,0.9696969696969697,0.0,0.9714460069068745,0.9714460069068745,0.0,0.9654952498240675,0.9654952498240675,0.0
2451,go,adding,inserting,removing,29,0.9157103753711765,0.9157103753711765,0.0,0.9696969696969697,0.9696969696969697,0.0,0.951433351170413,0.9529447257787654,-0.0015113746083523782,0.9653413089373681,0.9653413089373681,0.0
2453,go,add,insert,remove,37,0.914406194664602,0.914406194664602,0.0,0.9473684210526315,0.9473684210526315,0.0,0.9553789868721438,0.9553789868721438,0.0,0.945857694429123,0.945857694429123,0.0
2458,go,included,contained,excluded,43,0.9464594399631754,0.9464594399631754,0.0,0.9772727272727273,0.9772727272727273,0.0,0.9665473127637718,0.9812376070311845,-0.01469029426741264,0.9766914517745082,0.9766914517745082,0.0
2463,go,add,insert,remove,8,0.8242367502646057,0.8242367502646057,0.0,0.9,0.9,0.0,0.9067636752216306,0.9067636752216306,0.0,0.864795918367347,0.864795918367347,0.0
2492,go,show,display,hide,51,0.9097447296143484,0.9097447296143484,0.0,0.9636363636363636,0.9636363636363636,0.0,0.937029075785575,0.942905465286532,-0.0058763895009569245,0.9999962307106618,0.9606740655445852,0.03932216516607656
2492,go,start,begin,stop,51,0.9551190479308638,0.9551190479308638,0.0,0.9818181818181818,0.9818181818181818,0.0,0.9657688235080917,0.975770074281558,-0.010001250773466364,0.9803607843137254,0.9803607843137254,0.0
2503,go,remove,delete,insert,45,0.9540058159737561,0.9540058159737561,0.0,0.9787234042553191,0.9787234042553191,0.0,0.9657373988243712,0.9610750985976559,0.00466230022671521,0.9777318640955005,0.9777318640955005,0.0
2507,go,show,display,hide,25,0.9095930632220219,0.9095930632220219,0.0,0.9615384615384616,0.9615384615384616,0.0,0.9410416875169791,0.945846714835756,-0.0048050273187768555,0.999968,0.9597222222222221,0.040245777777777825
2583,go,allow,permit,forbid,16,0.865603055254171,0.865603055254171,0.0,0.9500000000000001,0.9500000000000001,0.0,0.9239836267021108,0.925583114879979,-0.001599488177868258,0.9998779296875,0.9363888888888889,0.06348904079861106
2629,go,add,insert,remove,8,0.6580370064762461,0.6580370064762461,0.0,0.875,0.875,0.0,0.8181468832796877,0.8181468832796877,0.0,0.864795918367347,0.864795918367347,0.0
2639,go,add,insert,remove,6,0.5969491792019644,0.5969491792019644,0.0,0.8571428571428571,0.8571428571428571,0.0,0.8125453053216432,0.8125453053216432,0.0,0.8066666666666668,0.8066666666666668,0.0
2692,go,add,insert,remove,7,0.5946035575013604,0.5946035575013604,0.0,0.8571428571428571,0.8571428571428571,0.0,0.8065867694468314,0.8065867694468314,0.0,0.8412698412698414,0.8412698412698414,0.0
2718,go,add,insert,remove,49,0.9298663600557576,0.9298663600557576,0.0,0.9629629629629629,0.9629629629629629,0.0,0.9621667648329438,0.9621667648329438,0.0,0.9591467188957973,0.9591467188957973,0.0
2718,go,adds,inserts,removes,49,0.9496952283401922,0.9496952283401922,0.0,0.9814814814814815,0.9814814814814815,0.0,0.976135647390787,0.976135647390787,0.0,0.9795564058956916,0.9795564058956916,0.0
2747,go,add,insert,remove,20,0.8787419089273847,0.8787419089273847,0.0,0.9500000000000001,0.9500000000000001,0.0,0.9453394959616591,0.9453394959616591,0.0,0.9494459833795015,0.9494459833795015,0.0
2754,go,added,inserted,removed,15,0.9457416090031756,0.9457416090031756,0.0,0.9411764705882353,0.9411764705882353,0.0,0.9489289734321738,0.9508290221143124,-0.0019000486821386664,0.9331632653061225,0.9331632653061225,0.0
2785,go,remove,delete,insert,13,0.8153551038173119,0.8153551038173119,0.0,0.9285714285714286,0.9285714285714286,0.0,0.9059972536997113,0.8973933123009665,0.008603941398744763,0.920940170940171,0.920940170940171,0.0
2797,go,starts,begins,stops,8,0.8408964152537145,0.8408964152537145,0.0,0.875,0.875,0.0,0.8347214293016002,0.8902402051811765,-0.05551877587957632,0.9990234375,0.8737244897959183,0.12529894770408168
2808,go,removes,deletes,inserts,40,0.945286184826006,0.945286184826006,0.0,0.9761904761904762,0.9761904761904762,0.0,0.9678410427618913,0.9641859313733937,0.0036551113884976116,0.9749342537804078,0.9749342537804078,0.0
2887,go,add,insert,remove,7,0.8091067115702206,0.8091067115702206,0.0,0.8571428571428571,0.8571428571428571,0.0,0.887534817914365,0.887534817914365,0.0,0.8551587301587302,0.8551587301587302,0.0
2963,go,add,insert,remove,17,0.9391044157537529,0.9391044157537529,0.0,0.9411764705882353,0.9411764705882353,0.0,0.9591220441543145,0.9591220441543145,0.0,0.9410615808823529,0.9410615808823529,0.0
2963,go,removed,deleted,inserted,17,0.8394327083733333,0.8394327083733333,0.0,0.9411764705882353,0.9411764705882353,0.0,0.9157236876783815,0.9173518603831952,-0.0016281727048136352,0.9402573529411764,0.9402573529411764,0.0
2971,go,start,begin,stop,23,0.9025139799587889,0.9025139799587889,0.0,0.9565217391304348,0.9565217391304348,0.0,0.9375458907463816,0.9557329869482613,-0.018187096201879638,0.999958905235473,0.9561624146604384,0.04379649057503465
2993,go,enable,permit,disable,35,0.8584922885264845,0.8584922885264845,0.0,0.9393939393939394,0.9393939393939394,0.0,0.8851220537214869,0.9352893836611874,-0.05016732993970052,0.9425029515938607,0.9425029515938607,0.0
3010,go,add,insert,remove,13,0.6422727797927409,0.6422727797927409,0.0,0.8666666666666667,0.8666666666666667,0.0,0.8184048759047896,0.8184048759047896,0.0,0.8375715193897013,0.8375715193897013,0.0
3018,go,add,insert,remove,29,0.9247332419808174,0.9247332419808174,0.0,0.9655172413793104,0.9655172413793104,0.0,0.9476839266779025,0.9476839266779025,0.0,0.9653413089373681,0.9653413089373681,0.0
3024,go,remove,delete,insert,26,0.9221220693827685,0.9221220693827685,0.0,0.9615384615384616,0.9615384615384616,0.0,0.9511202205968502,0.9444748465207625,0.006645374076087673,0.9612923076923077,0.9612923076923077,0.0
3042,go,removed,deleted,inserted,26,0.9127592114472296,0.9127592114472296,0.0,0.9629629629629629,0.9629629629629629,0.0,0.9480004427724884,0.9478182577366177,0.0001821850358707522,0.9612923076923077,0.9612923076923077,0.0
3095,go,add,insert,remove,10,0.8801117367933934,0.8801117367933934,0.0,0.9,0.9,0.0,0.8909507813316483,0.8909507813316483,0.0,0.8993827160493828,0.8993827160493828,0.0
3095,go,adds,inserts,removes,10,0.6580370064762461,0.6580370064762461,0.0,0.9,0.9,0.0,0.8125453053216432,0.8125453053216432,0.0,0.8950617283950617,0.8950617283950617,0.0
3116,go,create,build,destroy,48,0.9428161760377308,0.9428161760377308,0.0,0.9661016949152542,0.9661016949152542,0.0,0.9509949154163941,0.9516772482829938,-0.0006823328665996886,0.9582004174543164,0.9582004174543164,0.0
3125,go,add,insert,remove,18,0.8725129388059694,0.8725129388059694,0.0,0.9473684210526315,0.9473684210526315,0.0,0.9319136588628383,0.9319136588628383,0.0,0.943675509419454,0.943675509419454,0.0
3141,go,remove,delete,insert,28,0.9353695731020621,0.9353695731020621,0.0,0.967741935483871,0.967741935483871,0.0,0.9456894792986372,0.9395159622625513,0.006173517036085929,0.9640897511267882,0.9640897511267882,0.0
3170,go,add,insert,remove,17,0.8725129388059694,0.8725129388059694,0.0,0.9444444444444444,0.9444444444444444,0.0,0.914786293186172,0.914786293186172,0.0,0.9402573529411764,0.9402573529411764,0.0
3204,go,add,insert,remove,33,0.9336510695862633,0.9336510695862633,0.0,0.9714285714285714,0.9714285714285714,0.0,0.963942124696164,0.9629417245318748,0.0010004001642892613,0.9695785984848485,0.9695785984848485,0.0
3204,go,adding,inserting,removing,33,0.9336510695862633,0.9336510695862633,0.0,0.9714285714285714,0.9714285714285714,0.0,0.9629417245318748,0.9641096219697299,-0.0011678974378551699,0.9695785984848485,0.9695785984848485,0.0
3251,go,add,insert,remove,35,0.9257518071011761,0.9257518071011761,0.0,0.9736842105263158,0.9736842105263158,0.0,0.9654599756322123,0.9654599756322123,0.0,0.9713297083539298,0.9706376668314384,0.0006920415224914711
3251,go,remove,delete,insert,35,0.9257518071011761,0.9257518071011761,0.0,0.9736842105263158,0.9736842105263158,0.0,0.9583405603777622,0.9526743074521172,0.005666252925644932,0.9713297083539298,0.9713297083539298,0.0
3355,go,add,insert,remove,11,0.791066507175436,0.791066507175436,0.0,0.9166666666666666,0.9166666666666666,0.0,0.9040580459897269,0.9040580459897269,0.0,0.9054545454545455,0.9054545454545455,0.0
3408,go,allow,permit,forbid,8,0.8408964152537145,0.8408964152537145,0.0,0.875,0.875,0.0,0.8405431165563649,0.8452779687525976,-0.004734852196232708,0.9990234375,0.8737244897959183,0.12529894770408168
3423,go,add,insert,remove,7,0.9121679090703875,0.9121679090703875,0.0,0.8888888888888888,0.8888888888888888,0.0,0.9122583624894098,0.9122583624894098,0.0,0.8551587301587302,0.8551587301587302,0.0
3491,go,add,insert,remove,7,0.8091067115702206,0.8091067115702206,0.0,0.8571428571428571,0.8571428571428571,0.0,0.9100625133509016,0.9100625133509016,0.0,0.8551587301587302,0.8551587301587302,0.0
3595,go,remove,delete,insert,12,0.9036020036098446,0.9036020036098446,0.0,0.9166666666666666,0.9166666666666666,0.0,0.927177842565041,0.9145457782278078,0.012632064337233184,0.9163223140495868,0.9163223140495868,0.0
3599,go,increase,raise,decrease,8,0.8408964152537145,0.8408964152537145,0.0,0.875,0.875,0.0,0.8803995202757754,0.9549898137026764,-0.07459029342690104,0.8737244897959183,0.8737244897959183,0.0
3624,go,add,insert,remove,6,0.8091067115702206,0.8091067115702206,0.0,0.8333333333333334,0.8333333333333334,0.0,0.8559129452216446,0.8559129452216446,0.0,0.8300000000000002,0.8300000000000002,0.0
3629,go,add,insert,remove,8,0.8633400213704508,0.8633400213704508,0.0,0.875,0.875,0.0,0.9077537242084869,0.9077537242084869,0.0,0.8737244897959183,0.8737244897959183,0.0
3680,go,including,containing,excluding,17,0.8725129388059694,0.8725129388059694,0.0,0.9473684210526315,0.9473684210526315,0.0,0.9319957149129772,0.9618096447963042,-0.029813929883326984,0.9402573529411764,0.9402573529411764,0.0
3687,go,add,insert,remove,9,0.8801117367933934,0.8801117367933934,0.0,0.8888888888888888,0.8888888888888888,0.0,0.8971944721340076,0.8971944721340076,0.0,0.8880208333333333,0.8880208333333333,0.0
3695,go,add,insert,remove,11,0.9121679090703875,0.9121679090703875,0.0,0.9166666666666666,0.9166666666666666,0.0,0.9308282416881526,0.9308282416881526,0.0,0.9086363636363638,0.9086363636363638,0.0
3731,go,start,begin,stop,23,0.8942255541978512,0.8942255541978512,0.0,0.9565217391304348,0.9565217391304348,0.0,0.9279432757332935,0.9489031787003944,-0.02095990296710093,0.999958905235473,0.9561624146604384,0.04379649057503465
3773,go,create,build,destroy,17,0.8282477531331043,0.8282477531331043,0.0,0.9411764705882353,0.9411764705882353,0.0,0.8721224941814405,0.8741452324020474,-0.0020227382206069455,0.9402573529411764,0.9402573529411764,0.0
3796,go,add,insert,remove,23,0.9554427922043663,0.9554427922043663,0.0,0.9583333333333334,0.9583333333333334,0.0,0.9684416815084615,0.9684416815084615,0.0,0.9564768235716853,0.9564768235716853,0.0
3829,go,adding,inserting,removing,29,0.9157103753711765,0.9157103753711765,0.0,0.9655172413793104,0.9655172413793104,0.0,0.9518170357115201,0.9533171059057847,-0.0015000701942645689,0.9653413089373681,0.9653413089373681,0.0
3829,go,increase,raise,decrease,29,0.9671682101338351,0.9671682101338351,0.0,0.9655172413793104,0.9655172413793104,0.0,0.9609950190898402,0.9841868407339774,-0.023191821644137245,0.9654952498240675,0.9654952498240675,0.0
3852,go,add,insert,remove,8,0.8633400213704508,0.8633400213704508,0.0,0.875,0.875,0.0,0.9182455882133006,0.9182455882133006,0.0,0.8737244897959183,0.8737244897959183,0.0
3864,go,add,insert,remove,45,0.945286184826006,0.945286184826006,0.0,0.9772727272727273,0.9772727272727273,0.0,0.9700405742726472,0.9700405742726472,0.0,0.9777318640955005,0.9777318640955005,0.0
3867,go,remove,delete,insert,21,0.9510699415570296,0.9510699415570296,0.0,0.9523809523809523,0.9523809523809523,0.0,0.9591745505006896,0.9521113889754832,0.007063161525206363,0.9523214285714285,0.9523214285714285,0.0
3871,go,increase,raise,decrease,6,0.7598356856515927,0.7598356856515927,0.0,0.8333333333333334,0.8333333333333334,0.0,0.834242346643899,0.9342195091708442,-0.09997716252694522,0.8300000000000002,0.8300000000000002,0.0
3913,go,add,insert,remove,11,0.8931539818068699,0.8931539818068699,0.0,0.9166666666666666,0.9166666666666666,0.0,0.9357696970634508,0.9357696970634508,0.0,0.9086363636363638,0.9086363636363638,0.0
3922,go,add,insert,remove,7,0.8633400213704508,0.8633400213704508,0.0,0.8571428571428571,0.8571428571428571,0.0,0.8971944721340076,0.8971944721340076,0.0,0.8551587301587302,0.8551587301587302,0.0
3951,go,add,insert,remove,8,0.8801117367933934,0.8801117367933934,0.0,0.8888888888888888,0.8888888888888888,0.0,0.905323034276437,0.905323034276437,0.0,0.8737244897959183,0.8737244897959183,0.0
3956,go,remove,delete,insert,46,0.9496952283401922,0.9496952283401922,0.0,0.9787234042553191,0.9787234042553191,0.0,0.9682586507443535,0.9646510119169895,0.0036076388273639237,0.9782179280730006,0.9782179280730006,0.0
3956,go,removing,deleting,inserting,46,0.9496952283401922,0.9496952283401922,0.0,0.9787234042553191,0.9787234042553191,0.0,0.9682586507443535,0.9681345165326928,0.00012413421166068694,0.9782179280730006,0.9782179280730006,0.0
3966,go,add,insert,remove,8,0.8408964152537145,0.8408964152537145,0.0,0.875,0.875,0.0,0.9218022950144131,0.9218022950144131,0.0,0.8737244897959183,0.8737244897959183,0.0
4000,go,remove,delete,insert,45,0.9269343237061866,0.9269343237061866,0.0,0.9565217391304348,0.9565217391304348,0.0,0.9431939468459412,0.9354054447028025,0.0077885021431386425,0.9555074815215433,0.9555074815215433,0.0
4000,go,start,begin,stop,45,0.9475833735368085,0.9475833735368085,0.0,0.9782608695652174,0.9782608695652174,0.0,0.9649693496692252,0.9759755477934519,-0.011006198124226652,0.9999945130315501,0.9777318640955005,0.022262648936049567
4023,go,include,contain,exclude,11,0.7016879391277372,0.7016879391277372,0.0,0.9090909090909091,0.9090909090909091,0.0,0.8266328567657779,0.9114232923185939,-0.08479043555281596,0.9054545454545455,0.9054545454545455,0.0
4029,go,remove,delete,insert,42,0.9769961126936085,0.9769961126936085,0.0,0.9761904761904762,0.9761904761904762,0.0,0.9722855794555278,0.9674959910151836,0.004789588440344272,0.9761833942381235,0.9761833942381235,0.0
4039,go,add,insert,remove,6,0.7598356856515927,0.7598356856515927,0.0,0.8333333333333334,0.8333333333333334,0.0,0.8666338761469643,0.8666338761469643,0.0,0.8300000000000002,0.8300000000000002,0.0
4076,go,add,insert,remove,6,0.7598356856515927,0.7598356856515927,0.0,0.8333333333333334,0.8333333333333334,0.0,0.8838972720860305,0.8838972720860305,0.0,0.8300000000000002,0.8300000000000002,0.0
4076,go,include,contain,exclude,6,0.3799178428257963,0.3799178428257963,0.0,0.8333333333333334,0.8333333333333334,0.0,0.7047500319017282,0.8488414104897699,-0.14409137858804166,0.8066666666666668,0.8066666666666668,0.0
4119,go,add,insert,remove,10,0.8801117367933934,0.8801117367933934,0.0,0.9090909090909091,0.9090909090909091,0.0,0.9333905793134109,0.9333905793134109,0.0,0.8993827160493828,0.8993827160493828,0.0
4126,go,removed,deleted,inserted,23,0.8787419089273847,0.8787419089273847,0.0,0.9629629629629629,0.9629629629629629,0.0,0.9333464342696164,0.934618055909568,-0.0012716216399516478,0.9561624146604384,0.9561624146604384,0.0
4153,go,added,inserted,removed,5,0.30213753973567675,0.30213753973567675,0.0,0.8333333333333334,0.8333333333333334,0.0,0.8002359390787713,0.8054057410110425,-0.005169801932271123,0.7500000000000001,0.7500000000000001,0.0
4199,go,add,insert,remove,7,0.8091067115702206,0.8091067115702206,0.0,0.8571428571428571,0.8571428571428571,0.0,0.8971944721340076,0.8971944721340076,0.0,0.8551587301587302,0.8551587301587302,0.0
4216,go,add,insert,remove,7,0.8091067115702206,0.8091067115702206,0.0,0.8571428571428571,0.8571428571428571,0.0,0.9077537242084869,0.9077537242084869,0.0,0.8551587301587302,0.8551587301587302,0.0
4226,go,add,insert,remove,12,0.8091067115702206,0.8091067115702206,0.0,0.9230769230769231,0.9230769230769231,0.0,0.9055446077406247,0.9055446077406247,0.0,0.9139118457300276,0.9139118457300276,0.0
4227,go,remove,delete,insert,10,0.8801117367933934,0.8801117367933934,0.0,0.9,0.9,0.0,0.9076912416997509,0.8886234294336403,0.01906781226611065,0.8993827160493828,0.8993827160493828,0.0
4236,go,add,insert,remove,8,0.6104735835807847,0.6104735835807847,0.0,0.75,0.75,0.0,0.770868796106712,0.770868796106712,0.0,0.7361111111111112,0.7361111111111112,0.0
4260,go,add,insert,remove,8,0.8408964152537145,0.8408964152537145,0.0,0.875,0.875,0.0,0.905323034276437,0.905323034276437,0.0,0.8737244897959183,0.8737244897959183,0.0
4262,go,add,insert,remove,6,0.7598356856515927,0.7598356856515927,0.0,0.8333333333333334,0.8333333333333334,0.0,0.887534817914365,0.887534817914365,0.0,0.8300000000000002,0.8300000000000002,0.0
4292,go,remove,delete,insert,30,0.9682132340352994,0.9682132340352994,0.0,0.9666666666666667,0.9666666666666667,0.0,0.965075459438767,0.9578541447071351,0.0072213147316319,0.9666468489892985,0.9666468489892985,0.0
4292,go,created,built,destroyed,30,0.9184678024441791,0.9184678024441791,0.0,0.9666666666666667,0.9666666666666667,0.0,0.9351280683394289,0.9465008068168604,-0.011372738477431588,0.966508125247721,0.966508125247721,0.0
4299,go,created,built,destroyed,23,0.8895260356363631,0.8895260356363631,0.0,0.9565217391304348,0.9565217391304348,0.0,0.9247428330745331,0.9379804075664974,-0.013237574491964277,0.9561624146604384,0.9561624146604384,0.0
4331,go,adds,inserts,removes,38,0.9336510695862633,0.9336510695862633,0.0,0.975,0.975,0.0,0.9679971151079747,0.9679971151079747,0.0,0.9736073199800084,0.9736073199800084,0.0
4331,go,create,build,destroy,38,0.954183141750223,0.954183141750223,0.0,0.975,0.975,0.0,0.9563005921105191,0.9568827245794558,-0.0005821324689366802,0.9736073199800084,0.9736073199800084,0.0
4331,go,created,built,destroyed,38,0.9336510695862633,0.9336510695862633,0.0,0.975,0.975,0.0,0.9537810937000502,0.9611190360860188,-0.007337942385968632,0.9736073199800084,0.9736073199800084,0.0
4331,go,creating,building,destroying,38,0.9336510695862633,0.9336510695862633,0.0,0.975,0.975,0.0,0.9605463749083957,0.9611190360860188,-0.0005726611776231127,0.9736073199800084,0.9736073199800084,0.0
4333,go,add,insert,remove,7,0.8091067115702206,0.8091067115702206,0.0,0.8888888888888888,0.8888888888888888,0.0,0.9077537242084869,0.9077537242084869,0.0,0.8551587301587302,0.8551587301587302,0.0
4345,go,showing,displaying,hiding,21,0.8921616972156076,0.8921616972156076,0.0,0.96,0.96,0.0,0.9439042883174512,0.9500282466598506,-0.006123958342399427,0.9999460101500918,0.9519047619047619,0.04804124824532985
4354,go,adds,inserts,removes,12,0.7348889200874659,0.7348889200874659,0.0,0.9166666666666666,0.9166666666666666,0.0,0.9097400198556308,0.9097400198556308,0.0,0.9139118457300276,0.9139118457300276,0.0
4359,go,remove,delete,insert,19,0.942615147681512,0.942615147681512,0.0,0.9473684210526315,0.9473684210526315,0.0,0.9406074740778663,0.9283321434966144,0.012275330581251853,0.9472871994801819,0.9472871994801819,0.0
4391,go,add,insert,remove,6,0.7598356856515927,0.7598356856515927,0.0,0.8333333333333334,0.8333333333333334,0.0,0.8758649033983275,0.8758649033983275,0.0,0.8300000000000002,0.8300000000000002,0.0
4410,go,added,inserted,removed,5,0.6687403049764218,0.6687403049764218,0.0,0.8000000000000002,0.8000000000000002,0.0,0.887534817914365,0.893111485154688,-0.005576667240323019,0.7937500000000002,0.7937500000000002,0.0
4422,go,add,insert,remove,6,0.7598356856515927,0.7598356856515927,0.0,0.8333333333333334,0.8333333333333334,0.0,0.8758649033983275,0.8758649033983275,0.0,0.8300000000000002,0.8300000000000002,0.0
4439,go,disable,block,enable,6,0.7598356856515927,0.7598356856515927,0.0,0.8333333333333334,0.8333333333333334,0.0,0.8469437699696374,0.9303960951797788,-0.08345232521014145,0.8300000000000002,0.8300000000000002,0.0
4505,go,add,insert,remove,7,0.8091067115702206,0.8091067115702206,0.0,0.8571428571428571,0.8571428571428571,0.0,0.9077537242084869,0.9077537242084869,0.0,0.8551587301587302,0.8551587301587302,0.0
4511,go,add,insert,remove,7,0.8091067115702206,0.8091067115702206,0.0,0.8571428571428571,0.8571428571428571,0.0,0.9122583624894098,0.9122583624894098,0.0,0.8551587301587302,0.8551587301587302,0.0
4552,go,add,insert,remove,7,0.8091067115702206,0.8091067115702206,0.0,0.8571428571428571,0.8571428571428571,0.0,0.8971944721340076,0.8971944721340076,0.0,0.8551587301587302,0.8551587301587302,0.0
4625,go,added,inserted,removed,13,0.9121679090703875,0.9121679090703875,0.0,0.9333333333333333,0.9333333333333333,0.0,0.9566604723294784,0.9589693495022256,-0.0023088771727471924,0.9228098290598291,0.9228098290598291,0.0
4625,go,enable,permit,disable,13,0.7611606003349888,0.7611606003349888,0.0,0.9333333333333333,0.9333333333333333,0.0,0.8984574512336326,0.942717059739152,-0.044259608505519354,0.920940170940171,0.920940170940171,0.0
4662,go,add,insert,remove,7,0.8091067115702206,0.8091067115702206,0.0,0.8571428571428571,0.8571428571428571,0.0,0.8971944721340076,0.8971944721340076,0.0,0.8551587301587302,0.8551587301587302,0.0
4691,go,include,contain,exclude,8,0.5946035575013604,0.5946035575013604,0.0,0.875,0.875,0.0,0.8034643888127958,0.899546929868499,-0.09608254105570324,0.864795918367347,0.864795918367347,0.0
4706,go,add,insert,remove,8,0.8408964152537145,0.8408964152537145,0.0,0.875,0.875,0.0,0.9077537242084869,0.9077537242084869,0.0,0.8737244897959183,0.8737244897959183,0.0
4746,go,add,insert,remove,7,0.8801117367933934,0.8801117367933934,0.0,0.9166666666666666,0.9166666666666666,0.0,0.9478699048176353,0.9478699048176353,0.0,0.8551587301587302,0.8551587301587302,0.0
4754,go,allow,permit,forbid,26,0.9184678024441791,0.9184678024441791,0.0,0.96,0.96,0.0,0.9395127292240707,0.9407928111539055,-0.0012800819298347532,0.9999715521165226,0.9612923076923077,0.03867924442421489
4796,go,add,insert,remove,6,0.7598356856515927,0.7598356856515927,0.0,0.8333333333333334,0.8333333333333334,0.0,0.8433076593152218,0.8433076593152218,0.0,0.8300000000000002,0.8300000000000002,0.0
4811,go,add,insert,remove,12,0.9036020036098446,0.9036020036098446,0.0,0.9166666666666666,0.9166666666666666,0.0,0.9100625133509016,0.9100625133509016,0.0,0.9163223140495868,0.9163223140495868,0.0
4845,go,add,insert,remove,8,0.8408964152537145,0.8408964152537145,0.0,0.875,0.875,0.0,0.9027605070881691,0.9027605070881691,0.0,0.8737244897959183,0.8737244897959183,0.0
4851,go,enable,permit,disable,8,0.8408964152537145,0.8408964152537145,0.0,0.875,0.875,0.0,0.8654789813560683,0.9495797780749374,-0.08410079671886916,0.8737244897959183,0.8737244897959183,0.0
4881,go,remove,delete,insert,43,0.9789355686151717,0.9789355686151717,0.0,0.9767441860465116,0.9767441860465116,0.0,0.9757605889763843,0.9707476902700111,0.0050128987063732255,0.9767375942625112,0.9767375942625112,0.0
4881,go,removes,deletes,inserts,43,0.9464594399631754,0.9464594399631754,0.0,0.9767441860465116,0.9767441860465116,0.0,0.9631550502889759,0.9589672340908535,0.004187816198122363,0.9766914517745082,0.9766914517745082,0.0
4890,go,add,insert,remove,6,0.7598356856515927,0.7598356856515927,0.0,0.8333333333333334,0.8333333333333334,0.0,0.8971944721340076,0.8971944721340076,0.0,0.8300000000000002,0.8300000000000002,0.0
4892,go,create,build,destroy,18,0.942615147681512,0.942615147681512,0.0,0.9444444444444444,0.9444444444444444,0.0,0.9378141057106171,0.9390068933485316,-0.0011927876379145275,0.9443483275663207,0.9443483275663207,0.0
4913,go,add,insert,remove,6,0.7598356856515927,0.7598356856515927,0.0,0.8333333333333334,0.8333333333333334,0.0,0.8714154461187664,0.8714154461187664,0.0,0.8300000000000002,0.8300000000000002,0.0
4933,go,adding,inserting,removing,14,0.8725129388059694,0.8725129388059694,0.0,0.9411764705882353,0.9411764705882353,0.0,0.9311448630872948,0.9332395308328588,-0.002094667745563994,0.9268808114961962,0.9268808114961962,0.0
4940,go,allow,permit,forbid,30,0.9127592114472296,0.9127592114472296,0.0,0.9666666666666667,0.9666666666666667,0.0,0.9466397081620893,0.9477719545413789,-0.0011322463792895476,0.9999814814814815,0.966508125247721,0.033473356233760465
4953,go,add,insert,remove,8,0.8408964152537145,0.8408964152537145,0.0,0.875,0.875,0.0,0.9143493737971391,0.9143493737971391,0.0,0.8737244897959183,0.8737244897959183,0.0
4966,go,disabled,blocked,enabled,44,0.9516433313522541,0.9516433313522541,0.0,0.9777777777777777,0.9777777777777777,0.0,0.9657558483139916,0.9767276679714887,-0.01097181965749705,0.9772235606470329,0.9772235606470329,0.0
4985,go,add,insert,remove,22,0.9510699415570296,0.9510699415570296,0.0,0.9545454545454546,0.9545454545454546,0.0,0.9700189351485533,0.9700189351485533,0.0,0.9544939187796331,0.9544939187796331,0.0
4985,go,include,contain,exclude,22,0.8725129388059694,0.8725129388059694,0.0,0.9545454545454546,0.9545454545454546,0.0,0.9257573033486909,0.9621310852391828,-0.036373781890491896,0.9541331684188827,0.9541331684188827,0.0
44,java,add,insert,remove,13,0.9121679090703875,0.9121679090703875,0.0,0.9230769230769231,0.9230769230769231,0.0,0.9463141303397119,0.9463141303397119,0.0,0.9228098290598291,0.9228098290598291,0.0
253,java,remove,delete,insert,8,0.5000000000000001,0.5000000000000001,0.0,0.8333333333333334,0.8333333333333334,0.0,0.8503164334473561,0.8300903159954651,0.020226117451890957,0.864795918367347,0.864795918367347,0.0
441,java,remove,delete,insert,9,0.5969491792019644,0.5969491792019644,0.0,0.8333333333333334,0.8333333333333334,0.0,0.8905577782271678,0.8757334692384506,0.014824308988717116,0.8819444444444444,0.8819444444444444,0.0
523,java,remove,delete,insert,6,0.7598356856515927,0.7598356856515927,0.0,0.8333333333333334,0.8333333333333334,0.0,0.8885030158643565,0.8654789813560683,0.02302403450828827,0.8300000000000002,0.8300000000000002,0.0
550,java,includes,contains,excludes,17,0.8843946454355333,0.8843946454355333,0.0,0.9285714285714286,0.9285714285714286,0.0,0.9139571790926592,0.94933800476268,-0.03538082567002088,0.9402573529411764,0.9402573529411764,0.0
1123,java,add,insert,remove,20,0.9457416090031756,0.9457416090031756,0.0,0.9411764705882353,0.9411764705882353,0.0,0.9478699048176353,0.9478699048176353,0.0,0.9499307479224378,0.9499307479224378,0.0
1783,java,remove,delete,insert,7,0.4889230224349009,0.4889230224349009,0.0,0.8333333333333334,0.8333333333333334,0.0,0.8118633101142728,0.7864993751386562,0.02536393497561662,0.8412698412698414,0.8412698412698414,0.0
2203,java,enable,permit,disable,6,0.7598356856515927,0.7598356856515927,0.0,0.8333333333333334,0.8333333333333334,0.0,0.8714178538064421,0.9517926646577002,-0.08037481085125808,0.8300000000000002,0.8300000000000002,0.0
2218,java,added,inserted,removed,10,0.8801117367933934,0.8801117367933934,0.0,0.8888888888888888,0.8888888888888888,0.0,0.9100625133509016,0.9146310134436655,-0.004568500092763883,0.8993827160493828,0.8993827160493828,0.0
2243,java,enable,permit,disable,7,0.8091067115702206,0.8091067115702206,0.0,0.8333333333333334,0.8333333333333334,0.0,0.839483651557955,0.9382340285268451,-0.09875037696889011,0.8551587301587302,0.8551587301587302,0.0
2256,java,increase,raise,decrease,8,0.8408964152537145,0.8408964152537145,0.0,0.875,0.875,0.0,0.9241560089562436,0.9694448660345282,-0.04528885707828456,0.8737244897959183,0.8737244897959183,0.0
2535,java,add,insert,remove,9,0.8633400213704508,0.8633400213704508,0.0,0.8888888888888888,0.8888888888888888,0.0,0.9182455882133006,0.9182455882133006,0.0,0.8880208333333333,0.8880208333333333,0.0
2698,java,remove,delete,insert,11,0.7016879391277372,0.7016879391277372,0.0,0.8571428571428571,0.8571428571428571,0.0,0.8503164334473561,0.8300903159954651,0.020226117451890957,0.9054545454545455,0.9054545454545455,0.0
2829,java,add,insert,remove,10,0.8801117367933934,0.8801117367933934,0.0,0.875,0.875,0.0,0.9027605070881691,0.9027605070881691,0.0,0.8993827160493828,0.8993827160493828,0.0
3349,java,remove,delete,insert,37,0.9278982724420876,0.9278982724420876,0.0,0.9615384615384616,0.9615384615384616,0.0,0.9476290390221069,0.941676050578531,0.005952988443575946,0.9728895562228896,0.9728895562228896,0.0
3601,java,add,insert,remove,14,0.9193227152249183,0.9193227152249183,0.0,0.9090909090909091,0.9090909090909091,0.0,0.9410343778487991,0.9410343778487991,0.0,0.9283601014370245,0.9283601014370245,0.0
3959,java,add,insert,remove,9,0.8633400213704508,0.8633400213704508,0.0,0.8888888888888888,0.8888888888888888,0.0,0.9500414507642827,0.9500414507642827,0.0,0.8880208333333333,0.8880208333333333,0.0
4431,java,included,contained,excluded,28,0.9025139799587889,0.9025139799587889,0.0,0.96,0.96,0.0,0.9358005870975439,0.9639515425216652,-0.02815095542412127,0.9640897511267882,0.9640897511267882,0.0
4471,java,add,insert,remove,9,0.5969491792019644,0.5969491792019644,0.0,0.8571428571428571,0.8571428571428571,0.0,0.8631139025144162,0.8631139025144162,0.0,0.8819444444444444,0.8819444444444444,0.0
4471,java,remove,delete,insert,9,0.5969491792019644,0.5969491792019644,0.0,0.8571428571428571,0.8571428571428571,0.0,0.8332812555603684,0.8143222617024867,0.01895899385788169,0.8819444444444444,0.8819444444444444,0.0
4762,java,added,inserted,removed,16,0.9306048591020994,0.9306048591020994,0.0,0.9230769230769231,0.9230769230769231,0.0,0.9400516918934219,0.9431926598931891,-0.0031409679997672635,0.9373611111111111,0.9373611111111111,0.0
4972,java,remove,delete,insert,12,0.7348889200874659,0.7348889200874659,0.0,0.875,0.875,0.0,0.8921679737011242,0.877560349436134,0.014607624264990182,0.9139118457300276,0.9139118457300276,0.0
5257,java,added,inserted,removed,7,0.8091067115702206,0.8091067115702206,0.0,0.8571428571428571,0.8571428571428571,0.0,0.945500869346948,0.9483720783878763,-0.002871209040928302,0.8551587301587302,0.8551587301587302,0.0
5346,java,add,insert,remove,16,0.9306048591020994,0.9306048591020994,0.0,0.9090909090909091,0.9090909090909091,0.0,0.937984584301088,0.937984584301088,0.0,0.9373611111111111,0.9373611111111111,0.0
5883,java,added,inserted,removed,18,0.8394327083733333,0.8394327083733333,0.0,0.9230769230769231,0.9230769230769231,0.0,0.9123357558678484,0.9149457776681207,-0.0026100218002722553,0.943675509419454,0.943675509419454,0.0
6091,java,add,insert,remove,8,0.8408964152537145,0.8408964152537145,0.0,0.8571428571428571,0.8571428571428571,0.0,0.9446625730059246,0.9446625730059246,0.0,0.8737244897959183,0.8737244897959183,0.0
6182,java,add,insert,remove,9,0.8633400213704508,0.8633400213704508,0.0,0.8888888888888888,0.8888888888888888,0.0,0.9294716141278502,0.9294716141278502,0.0,0.8880208333333333,0.8880208333333333,0.0
6334,java,removing,deleting,inserting,23,0.8921616972156076,0.8921616972156076,0.0,0.9500000000000001,0.9500000000000001,0.0,0.9288164172454132,0.9285945830255171,0.00022183421989607766,0.9561624146604384,0.9561624146604384,0.0
6834,java,add,insert,remove,12,0.7348889200874659,0.7348889200874659,0.0,0.9,0.9,0.0,0.8690006160043611,0.8690006160043611,0.0,0.9139118457300276,0.9139118457300276,0.0
6916,java,allow,permit,forbid,17,0.8282477531331043,0.8282477531331043,0.0,0.9375,0.9375,0.0,0.9224520623163106,0.9240828516338558,-0.0016307893175452337,0.999898229187869,0.9402573529411764,0.059640876246692565
7015,java,add,insert,remove,12,0.7348889200874659,0.7348889200874659,0.0,0.8888888888888888,0.8888888888888888,0.0,0.8495938460306316,0.8495938460306316,0.0,0.9139118457300276,0.9139118457300276,0.0
7434,java,add,insert,remove,9,0.7506238537503396,0.7506238537503396,0.0,0.8571428571428571,0.8571428571428571,0.0,0.8793740059910359,0.8793740059910359,0.0,0.8819444444444444,0.8819444444444444,0.0
7460,java,adding,inserting,removing,10,0.7071067811865478,0.7071067811865478,0.0,0.8888888888888888,0.8888888888888888,0.0,0.8744013679917864,0.8779760765006217,-0.0035747085088353447,0.8950617283950617,0.8950617283950617,0.0
7460,java,allow,permit,forbid,10,0.6580370064762461,0.6580370064762461,0.0,0.8888888888888888,0.8888888888888888,0.0,0.8404619195073786,0.843717128346052,-0.0032552088386733624,0.9995,0.8950617283950617,0.10443827160493835
7782,java,added,inserted,removed,8,0.8408964152537145,0.8408964152537145,0.0,0.875,0.875,0.0,0.9234669222394319,0.9274093326231595,-0.003942410383727557,0.8737244897959183,0.8737244897959183,0.0
7929,java,added,inserted,removed,9,0.8633400213704508,0.8633400213704508,0.0,0.875,0.875,0.0,0.9308282416881526,0.9344185699562104,-0.0035903282680578297,0.8880208333333333,0.8880208333333333,0.0
8020,java,include,contain,exclude,11,0.8931539818068699,0.8931539818068699,0.0,0.9090909090909091,0.9090909090909091,0.0,0.8766278129989336,0.9639297856515837,-0.08730197265265016,0.9086363636363638,0.9086363636363638,0.0
8020,java,created,built,destroyed,11,0.8931539818068699,0.8931539818068699,0.0,0.9090909090909091,0.9090909090909091,0.0,0.8829962230771907,0.8846701653733098,-0.0016739422961190575,0.9086363636363638,0.9086363636363638,0.0
8180,java,remove,delete,insert,9,0.5969491792019644,0.5969491792019644,0.0,0.8000000000000002,0.8000000000000002,0.0,0.8690449007909814,0.8513295889477616,0.01771531184321984,0.8819444444444444,0.8819444444444444,0.0
8432,java,adding,inserting,removing,7,0.4889230224349009,0.4889230224349009,0.0,0.8000000000000002,0.8000000000000002,0.0,0.8065867694468314,0.8116351725648474,-0.0050484031180160205,0.8412698412698414,0.8412698412698414,0.0
8487,java,remove,delete,insert,11,0.8931539818068699,0.8931539818068699,0.0,0.9,0.9,0.0,0.9076912416997509,0.8886234294336403,0.01906781226611065,0.9086363636363638,0.9086363636363638,0.0
8522,java,allow,permit,forbid,16,0.8153551038173119,0.8153551038173119,0.0,0.9285714285714286,0.9285714285714286,0.0,0.8855534137838517,0.8879275829276394,-0.002374169143787741,0.9998779296875,0.9363888888888889,0.06348904079861106
8525,java,added,inserted,removed,9,0.8633400213704508,0.8633400213704508,0.0,0.875,0.875,0.0,0.9419853429751883,0.9450309496522159,-0.003045606677027579,0.8880208333333333,0.8880208333333333,0.0
8573,java,disable,block,enable,6,0.7598356856515927,0.7598356856515927,0.0,0.8333333333333334,0.8333333333333334,0.0,0.7776864187150287,0.9041108600349398,-0.12642444131991104,0.8300000000000002,0.8300000000000002,0.0
8686,java,added,inserted,removed,22,0.8725129388059694,0.8725129388059694,0.0,0.9473684210526315,0.9473684210526315,0.0,0.9393610152750385,0.9412228912323577,-0.0018618759573192367,0.9541331684188827,0.9541331684188827,0.0
8793,java,remove,delete,insert,14,0.9193227152249183,0.9193227152249183,0.0,0.9230769230769231,0.9230769230769231,0.0,0.8910206335474712,0.8685155403988095,0.02250509314866167,0.9283601014370245,0.9283601014370245,0.0
8796,java,adding,inserting,removing,11,0.8931539818068699,0.8931539818068699,0.0,0.9,0.9,0.0,0.9410343778487991,0.9441269329611796,-0.0030925551123804906,0.9086363636363638,0.9086363636363638,0.0
9274,java,adding,inserting,removing,25,0.9016312132446729,0.9016312132446729,0.0,0.9523809523809523,0.9523809523809523,0.0,0.9476839266779025,0.9493052358008786,-0.001621309122976089,0.9597222222222221,0.9597222222222221,0.0
9513,java,remove,delete,insert,10,0.8801117367933934,0.8801117367933934,0.0,0.8888888888888888,0.8888888888888888,0.0,0.8910206335474712,0.8685155403988095,0.02250509314866167,0.8993827160493828,0.8993827160493828,0.0
10147,java,adding,inserting,removing,18,0.8394327083733333,0.8394327083733333,0.0,0.9375,0.9375,0.0,0.9270247728071921,0.9292344211365255,-0.002209648329333458,0.943675509419454,0.943675509419454,0.0
10305,java,removed,deleted,inserted,10,0.6580370064762461,0.6580370064762461,0.0,0.8571428571428571,0.8571428571428571,0.0,0.8666618112432755,0.8664150333559368,0.0002467778873386228,0.8950617283950617,0.8950617283950617,0.0
10373,java,added,inserted,removed,12,0.7348889200874659,0.7348889200874659,0.0,0.9,0.9,0.0,0.9433070031770957,0.9450554192950239,-0.0017484161179281976,0.9139118457300276,0.9139118457300276,0.0
10643,java,add,insert,remove,10,0.6580370064762461,0.6580370064762461,0.0,0.8571428571428571,0.8571428571428571,0.0,0.9009398860736568,0.9009398860736568,0.0,0.8950617283950617,0.8950617283950617,0.0
10643,java,show,display,hide,10,0.7071067811865478,0.7071067811865478,0.0,0.8571428571428571,0.8571428571428571,0.0,0.8874046077947904,0.8960593204185314,-0.008654712623741068,0.9995,0.8950617283950617,0.10443827160493835
11310,java,allow,permit,forbid,14,0.7825422900366438,0.7825422900366438,0.0,0.9230769230769231,0.9230769230769231,0.0,0.8872305259553799,0.8895713500212848,-0.0023408240659049673,0.9998177842565598,0.9268808114961962,0.0729369727603636
11621,java,adding,inserting,removing,12,0.82651681837938,0.82651681837938,0.0,0.8888888888888888,0.8888888888888888,0.0,0.8960749554104511,0.8934209739750006,0.002653981435450481,0.9139118457300276,0.8946280991735537,0.019283746556473913
11621,java,removing,deleting,inserting,12,0.7348889200874659,0.7348889200874659,0.0,0.8888888888888888,0.8888888888888888,0.0,0.8666618112432755,0.8664150333559368,0.0002467778873386228,0.9139118457300276,0.9139118457300276,0.0
11868,java,enable,permit,disable,14,0.8091067115702206,0.8091067115702206,0.0,0.9166666666666666,0.9166666666666666,0.0,0.8653319105883504,0.9278612589144715,-0.06252934832612111,0.9268808114961962,0.9268808114961962,0.0
12149,java,remove,delete,insert,12,0.7348889200874659,0.7348889200874659,0.0,0.9090909090909091,0.9090909090909091,0.0,0.8690449007909814,0.8541544477048234,0.014890453086157995,0.9139118457300276,0.9139118457300276,0.0
12630,java,added,inserted,removed,10,0.8801117367933934,0.8801117367933934,0.0,0.8888888888888888,0.8888888888888888,0.0,0.9200635408501847,0.9241667563333131,-0.0041032154831284195,0.8993827160493828,0.8993827160493828,0.0
12655,java,add,insert,remove,23,0.8921616972156076,0.8921616972156076,0.0,0.9523809523809523,0.9523809523809523,0.0,0.922380010686966,0.922380010686966,0.0,0.9561624146604384,0.9561624146604384,0.0
12655,java,allows,permits,forbids,23,0.8787419089273847,0.8787419089273847,0.0,0.9523809523809523,0.9523809523809523,0.0,0.9016427075266887,0.9036952527321175,-0.0020525452054287463,0.999958905235473,0.9561624146604384,0.04379649057503465
12961,java,allow,permit,forbid,10,0.8801117367933934,0.8801117367933934,0.0,0.875,0.875,0.0,0.8653706958187185,0.8694160049077779,-0.0040453090890594234,0.9995,0.8993827160493828,0.10011728395061725
12965,java,removed,deleted,inserted,15,0.8003203203845001,0.8003203203845001,0.0,0.9230769230769231,0.9230769230769231,0.0,0.8921679737011242,0.8919121740866864,0.00025579961443777943,0.9319727891156462,0.9319727891156462,0.0
13839,java,create,build,destroy,16,0.8153551038173119,0.8153551038173119,0.0,0.9285714285714286,0.9285714285714286,0.0,0.8566512172914045,0.8589853736918536,-0.0023341564004490944,0.9363888888888889,0.9363888888888889,0.0
14443,java,added,inserted,removed,12,0.9036020036098446,0.9036020036098446,0.0,0.9090909090909091,0.9090909090909091,0.0,0.9234669222394319,0.9274093326231595,-0.003942410383727557,0.9163223140495868,0.9163223140495868,0.0
14458,java,remove,delete,insert,7,0.4889230224349009,0.4889230224349009,0.0,0.8333333333333334,0.8333333333333334,0.0,0.8253280652458191,0.805464256180365,0.019863809065454152,0.8412698412698414,0.8412698412698414,0.0
14563,java,removing,deleting,inserting,36,0.9488172320645668,0.9488172320645668,0.0,0.9565217391304348,0.9565217391304348,0.0,0.9448728188158769,0.9434594594861193,0.001413359329757613,0.9721315192743764,0.9721315192743764,0.0
14791,java,remove,delete,insert,15,0.8003203203845001,0.8003203203845001,0.0,0.9166666666666666,0.9166666666666666,0.0,0.861625356529167,0.8458908775963898,0.01573447893277724,0.9319727891156462,0.9319727891156462,0.0
14791,java,create,build,destroy,15,0.8666415730847506,0.8666415730847506,0.0,0.9166666666666666,0.9166666666666666,0.0,0.8625231531851838,0.8649924642513576,-0.0024693110661737627,0.9319727891156462,0.9319727891156462,0.0
15062,java,adding,inserting,removing,19,0.942615147681512,0.942615147681512,0.0,0.9375,0.9375,0.0,0.9526700947975982,0.9551815693154776,-0.002511474517879364,0.9472871994801819,0.9472871994801819,0.0
15471,java,added,inserted,removed,16,0.7447819789879645,0.7447819789879645,0.0,0.8571428571428571,0.8571428571428571,0.0,0.8515835638645154,0.8567983880732813,-0.005214824208765956,0.8737244897959183,0.8737244897959183,0.0
15505,java,adding,inserting,removing,17,0.8282477531331043,0.8282477531331043,0.0,0.9230769230769231,0.9230769230769231,0.0,0.9361884480345855,0.9381407661881974,-0.001952318153611965,0.9402573529411764,0.9402573529411764,0.0
15564,java,add,insert,remove,8,0.5946035575013604,0.5946035575013604,0.0,0.8571428571428571,0.8571428571428571,0.0,0.8717578926589465,0.8717578926589465,0.0,0.864795918367347,0.864795918367347,0.0
16040,java,remove,delete,insert,7,0.4111336169005198,0.4111336169005198,0.0,0.8000000000000002,0.8000000000000002,0.0,0.7173608362688824,0.685214248288961,0.032146587979921315,0.8412698412698414,0.8412698412698414,0.0
16278,java,add,insert,remove,15,0.8003203203845001,0.8003203203845001,0.0,0.9230769230769231,0.9230769230769231,0.0,0.888223763053059,0.888223763053059,0.0,0.9319727891156462,0.9319727891156462,0.0
16581,java,add,insert,remove,11,0.8931539818068699,0.8931539818068699,0.0,0.9090909090909091,0.9090909090909091,0.0,0.9077537242084869,0.9077537242084869,0.0,0.9086363636363638,0.9086363636363638,0.0
16610,java,remove,delete,insert,11,0.7419446627365011,0.7419446627365011,0.0,0.875,0.875,0.0,0.8533136636367175,0.8334889913875564,0.01982467224916107,0.9054545454545455,0.9054545454545455,0.0
16729,java,enabled,permitted,disabled,21,0.9485438370694514,0.9485438370694514,0.0,0.9333333333333333,0.9333333333333333,0.0,0.9109848064588697,0.9373717760265062,-0.02638696956763653,0.9523214285714285,0.9523214285714285,0.0
17410,java,add,insert,remove,14,0.9193227152249183,0.9193227152249183,0.0,0.9166666666666666,0.9166666666666666,0.0,0.93460178891258,0.93460178891258,0.0,0.9283601014370245,0.9283601014370245,0.0
17420,java,added,inserted,removed,9,0.8633400213704508,0.8633400213704508,0.0,0.8888888888888888,0.8888888888888888,0.0,0.9617302687660573,0.9637793057464034,-0.002049036980346086,0.8880208333333333,0.8880208333333333,0.0
17966,java,add,insert,remove,23,0.9533589351059681,0.9533589351059681,0.0,0.9444444444444444,0.9444444444444444,0.0,0.9608986588662628,0.9608986588662628,0.0,0.9564768235716853,0.9564768235716853,0.0
18046,java,adding,inserting,removing,8,0.8408964152537145,0.8408964152537145,0.0,0.875,0.875,0.0,0.9100625133509016,0.9146310134436655,-0.004568500092763883,0.8737244897959183,0.8737244897959183,0.0
18180,java,add,insert,remove,21,0.9485438370694514,0.9485438370694514,0.0,0.9473684210526315,0.9473684210526315,0.0,0.9566604723294784,0.9566604723294784,0.0,0.9523214285714285,0.9523214285714285,0.0
18431,java,disabled,blocked,enabled,26,0.8942255541978512,0.8942255541978512,0.0,0.96,0.96,0.0,0.9295803239529247,0.9521341940502918,-0.02255387009736709,0.9612923076923077,0.9612923076923077,0.0
18459,java,add,insert,remove,7,0.8091067115702206,0.8091067115702206,0.0,0.8000000000000002,0.8000000000000002,0.0,0.9182455882133006,0.9182455882133006,0.0,0.8551587301587302,0.8551587301587302,0.0
18994,java,removed,deleted,inserted,8,0.8408964152537145,0.8408964152537145,0.0,0.8571428571428571,0.8571428571428571,0.0,0.8801989716754471,0.8758683963067034,0.004330575368743705,0.8737244897959183,0.8737244897959183,0.0
19093,java,adding,inserting,removing,16,0.8153551038173119,0.8153551038173119,0.0,0.9230769230769231,0.9230769230769231,0.0,0.8839675386284443,0.8873084180707838,-0.003340879442339406,0.9363888888888889,0.9363888888888889,0.0
19093,java,enables,permits,disables,16,0.8153551038173119,0.8153551038173119,0.0,0.9230769230769231,0.9230769230769231,0.0,0.8398937547975653,0.9096700653659252,-0.06977631056835987,0.9363888888888889,0.9363888888888889,0.0
19192,java,add,insert,remove,10,0.8801117367933934,0.8801117367933934,0.0,0.8571428571428571,0.8571428571428571,0.0,0.9280606464756302,0.9280606464756302,0.0,0.8993827160493828,0.8993827160493828,0.0
19280,java,remove,delete,insert,9,0.6606328636027612,0.6606328636027612,0.0,0.875,0.875,0.0,0.8533136636367175,0.8366336454756067,0.016680018161110755,0.8819444444444444,0.8819444444444444,0.0
19469,java,add,insert,remove,11,0.8931539818068699,0.8931539818068699,0.0,0.9090909090909091,0.9090909090909091,0.0,0.9471034616694162,0.9471034616694162,0.0,0.9086363636363638,0.9086363636363638,0.0
19469,java,create,build,destroy,11,0.7016879391277372,0.7016879391277372,0.0,0.9090909090909091,0.9090909090909091,0.0,0.8759474573047608,0.8778954619237047,-0.0019480046189439548,0.9054545454545455,0.9054545454545455,0.0
19684,java,added,inserted,removed,10,0.8801117367933934,0.8801117367933934,0.0,0.9,0.9,0.0,0.9333905793134109,0.9368569873421011,-0.0034664080286902488,0.8993827160493828,0.8993827160493828,0.0
19697,java,adding,inserting,removing,10,0.6580370064762461,0.6580370064762461,0.0,0.875,0.875,0.0,0.8661220185342053,0.8698939455265201,-0.003771926992314767,0.8950617283950617,0.8950617283950617,0.0
20180,java,add,insert,remove,11,0.7016879391277372,0.7016879391277372,0.0,0.9,0.9,0.0,0.9135784017249756,0.9135784017249756,0.0,0.9054545454545455,0.9054545454545455,0.0
20282,java,allows,permits,forbids,10,0.7825422900366438,0.7825422900366438,0.0,0.8888888888888888,0.8888888888888888,0.0,0.9117879084254235,0.9136356542047211,-0.0018477457792976937,0.9995,0.8950617283950617,0.10443827160493835
20390,java,allow,permit,forbid,9,0.8633400213704508,0.8633400213704508,0.0,0.8888888888888888,0.8888888888888888,0.0,0.9048432371021923,0.9077569903212712,-0.0029137532190789406,0.9993141289437586,0.8880208333333333,0.11129329561042534
20551,java,add,insert,remove,10,0.8801117367933934,0.8801117367933934,0.0,0.8571428571428571,0.8571428571428571,0.0,0.8971944721340076,0.8971944721340076,0.0,0.8993827160493828,0.8993827160493828,0.0
20600,java,add,insert,remove,10,0.8801117367933934,0.8801117367933934,0.0,0.8888888888888888,0.8888888888888888,0.0,0.9234669222394319,0.9234669222394319,0.0,0.8993827160493828,0.8993827160493828,0.0
20600,java,create,build,destroy,10,0.6580370064762461,0.6580370064762461,0.0,0.8888888888888888,0.8888888888888888,0.0,0.8191261474360484,0.8222769739730431,-0.003150826536994722,0.8950617283950617,0.8950617283950617,0.0
20660,java,add,insert,remove,8,0.8408964152537145,0.8408964152537145,0.0,0.875,0.875,0.0,0.9143493737971391,0.9143493737971391,0.0,0.8737244897959183,0.8737244897959183,0.0
20793,java,add,insert,remove,9,0.8633400213704508,0.8633400213704508,0.0,0.8888888888888888,0.8888888888888888,0.0,0.9419853429751883,0.9419853429751883,0.0,0.8880208333333333,0.8880208333333333,0.0
20837,java,add,insert,remove,13,0.9121679090703875,0.9121679090703875,0.0,0.8571428571428571,0.8571428571428571,0.0,0.9182455882133006,0.9182455882133006,0.0,0.9228098290598291,0.9228098290598291,0.0
21023,java,remove,delete,insert,9,0.6606328636027612,0.6606328636027612,0.0,0.75,0.75,0.0,0.8817267531687811,0.868278893598665,0.013447859570116183,0.8819444444444444,0.8819444444444444,0.0
21087,java,remove,delete,insert,11,0.7016879391277372,0.7016879391277372,0.0,0.8571428571428571,0.8571428571428571,0.0,0.9035227712909258,0.8904443554177064,0.013078415873219451,0.9054545454545455,0.9054545454545455,0.0
21446,java,creating,building,destroying,15,0.8003203203845001,0.8003203203845001,0.0,0.9285714285714286,0.9285714285714286,0.0,0.8771824354246863,0.8792793891789547,-0.002096953754268327,0.9319727891156462,0.9319727891156462,0.0
21494,java,remove,delete,insert,9,0.6606328636027612,0.6606328636027612,0.0,0.8000000000000002,0.8000000000000002,0.0,0.8165767947509596,0.7958096492558533,0.020767145495106276,0.8819444444444444,0.8819444444444444,0.0
21893,java,removed,deleted,inserted,10,0.6580370064762461,0.6580370064762461,0.0,0.9,0.9,0.0,0.877781690880126,0.8775276652395476,0.0002540256405784147,0.8950617283950617,0.8950617283950617,0.0
21902,java,remove,delete,insert,23,0.9533589351059681,0.9533589351059681,0.0,0.9565217391304348,0.9565217391304348,0.0,0.9676473097009499,0.9609574733955255,0.0066898363054244125,0.9564768235716853,0.9564768235716853,0.0
21904,java,add,insert,remove,12,0.9036020036098446,0.9036020036098446,0.0,0.9,0.9,0.0,0.9478699048176353,0.9478699048176353,0.0,0.9163223140495868,0.9163223140495868,0.0
22476,java,remove,delete,insert,22,0.9510699415570296,0.9510699415570296,0.0,0.9411764705882353,0.9411764705882353,0.0,0.9554071298827871,0.9461882555590442,0.00921887432374291,0.9544939187796331,0.9544939187796331,0.0
23256,java,added,inserted,removed,10,0.8801117367933934,0.8801117367933934,0.0,0.9,0.9,0.0,0.9200635408501847,0.9241667563333131,-0.0041032154831284195,0.8993827160493828,0.8993827160493828,0.0
23555,java,add,insert,remove,8,0.7071067811865478,0.7071067811865478,0.0,0.875,0.875,0.0,0.8495938460306316,0.8495938460306316,0.0,0.864795918367347,0.864795918367347,0.0
23624,java,disable,block,enable,12,0.9036020036098446,0.9036020036098446,0.0,0.875,0.875,0.0,0.8429611596470604,0.932087268531706,-0.08912610888464556,0.9163223140495868,0.9163223140495868,0.0
23666,java,add,insert,remove,16,0.8153551038173119,0.8153551038173119,0.0,0.9090909090909091,0.9090909090909091,0.0,0.9192979431943697,0.9192979431943697,0.0,0.9363888888888889,0.9363888888888889,0.0
23725,java,allow,permit,forbid,11,0.8931539818068699,0.8931539818068699,0.0,0.9,0.9,0.0,0.9065548637800037,0.9094185524901351,-0.002863688710131429,0.9996243425995492,0.9086363636363638,0.09098797896318545
24113,java,enabled,permitted,disabled,10,0.8801117367933934,0.8801117367933934,0.0,0.8888888888888888,0.8888888888888888,0.0,0.8851603877542243,0.9190163072681458,-0.03385591951392142,0.8993827160493828,0.8993827160493828,0.0
24154,java,added,inserted,removed,8,0.8408964152537145,0.8408964152537145,0.0,0.875,0.875,0.0,0.9027605070881691,0.9076618638222582,-0.004901356734089091,0.8737244897959183,0.8737244897959183,0.0
24306,java,added,inserted,removed,40,0.9336510695862633,0.9336510695862633,0.0,0.967741935483871,0.967741935483871,0.0,0.9594964563337368,0.9607681369780239,-0.0012716806442870654,0.9749342537804078,0.9749342537804078,0.0
24306,java,allow,permit,forbid,40,0.9336510695862633,0.9336510695862633,0.0,0.967741935483871,0.967741935483871,0.0,0.9487700901264199,0.9498579926523807,-0.0010879025259608044,0.9999921875,0.9749342537804078,0.025057933719592196
24306,java,allows,permits,forbids,40,0.9740037464252967,0.9740037464252967,0.0,0.967741935483871,0.967741935483871,0.0,0.9654899280436262,0.9665778305696218,-0.0010879025259955544,0.9999921875,0.9749917817225511,0.025000405777448886
24507,java,remove,delete,insert,11,0.7016879391277372,0.7016879391277372,0.0,0.8888888888888888,0.8888888888888888,0.0,0.8713442363635387,0.8539375664956274,0.017406669867911395,0.9054545454545455,0.9054545454545455,0.0
24927,java,allow,permit,forbid,32,0.9671682101338351,0.9671682101338351,0.0,0.9655172413793104,0.9655172413793104,0.0,0.9595888443861391,0.9608591695938987,-0.001270325207759604,0.9999847412109375,0.9687337408949012,0.03125100031603634
24927,java,including,containing,excluding,32,0.9157103753711765,0.9157103753711765,0.0,0.9655172413793104,0.9655172413793104,0.0,0.9373039428333754,0.9647976665614714,-0.027493723728095998,0.9686199271592091,0.9686199271592091,0.0
24985,java,added,inserted,removed,12,0.7691605673134587,0.7691605673134587,0.0,0.9,0.9,0.0,0.9203521512801732,0.9227455243545157,-0.0023933730743425086,0.9139118457300276,0.9139118457300276,0.0
24992,java,add,insert,remove,8,0.8408964152537145,0.8408964152537145,0.0,0.875,0.875,0.0,0.9077537242084869,0.9077537242084869,0.0,0.8737244897959183,0.8737244897959183,0.0
25268,java,show,display,hide,9,0.6606328636027612,0.6606328636027612,0.0,0.875,0.875,0.0,0.8290434138005354,0.8413121942143197,-0.01226878041378432,0.9993141289437586,0.8819444444444444,0.11736968449931418
25996,java,add,insert,remove,15,0.9253911813809742,0.9253911813809742,0.0,0.9285714285714286,0.9285714285714286,0.0,0.9446625730059246,0.9446625730059246,0.0,0.9331632653061225,0.9331632653061225,0.0
26087,java,remove,delete,insert,11,0.7016879391277372,0.7016879391277372,0.0,0.8571428571428571,0.8571428571428571,0.0,0.8817267531687811,0.8657147910345623,0.01601196213421885,0.9054545454545455,0.9054545454545455,0.0
26649,java,enabled,permitted,disabled,12,0.9036020036098446,0.9036020036098446,0.0,0.9166666666666666,0.9166666666666666,0.0,0.9204532087767029,0.9440806262277779,-0.023627417451074995,0.9163223140495868,0.9139118457300276,0.002410468319559156
26649,java,disabled,blocked,enabled,12,0.9036020036098446,0.9036020036098446,0.0,0.9166666666666666,0.9166666666666666,0.0,0.9369526005419633,0.9667716578672827,-0.02981905732531942,0.9163223140495868,0.9163223140495868,0.0
26722,java,disabling,blocking,enabling,8,0.7071067811865478,0.7071067811865478,0.0,0.8571428571428571,0.8571428571428571,0.0,0.80805687944842,0.8708572798878721,-0.06280040043945212,0.864795918367347,0.864795918367347,0.0
26843,java,added,inserted,removed,6,0.7598356856515927,0.7598356856515927,0.0,0.8333333333333334,0.8333333333333334,0.0,0.8614814081743934,0.8681542586466248,-0.0066728504722313176,0.8300000000000002,0.8300000000000002,0.0
27110,java,allow,permit,forbid,10,0.8801117367933934,0.8801117367933934,0.0,0.9,0.9,0.0,0.8834987641741082,0.8870298384379456,-0.0035310742638373638,0.9995,0.8993827160493828,0.10011728395061725
27384,java,add,insert,remove,9,0.8633400213704508,0.8633400213704508,0.0,0.875,0.875,0.0,0.8838972720860305,0.8838972720860305,0.0,0.8880208333333333,0.8880208333333333,0.0
27561,java,add,insert,remove,10,0.8801117367933934,0.8801117367933934,0.0,0.8571428571428571,0.8571428571428571,0.0,0.905323034276437,0.905323034276437,0.0,0.8993827160493828,0.8993827160493828,0.0
27561,java,hide,cover,show,10,0.6580370064762461,0.6580370064762461,0.0,0.8571428571428571,0.8571428571428571,0.0,0.824001841624828,0.8283909777330831,-0.004389136108255087,0.9995,0.8950617283950617,0.10443827160493835
27753,java,remove,delete,insert,7,0.8091067115702206,0.8091067115702206,0.0,0.8333333333333334,0.8333333333333334,0.0,0.900047085593411,0.8794029079408516,0.020644177652559326,0.8551587301587302,0.8551587301587302,0.0
28072,java,allow,permit,forbid,8,0.8408964152537145,0.8408964152537145,0.0,0.875,0.875,0.0,0.8497798379037639,0.8542601274304554,-0.00448028952669155,0.9990234375,0.8737244897959183,0.12529894770408168
28144,java,add,insert,remove,11,0.8931539818068699,0.8931539818068699,0.0,0.875,0.875,0.0,0.9419853429751883,0.9419853429751883,0.0,0.9086363636363638,0.9086363636363638,0.0
28357,java,adding,inserting,removing,9,0.8633400213704508,0.8633400213704508,0.0,0.875,0.875,0.0,0.9218022950144131,0.9258235129543767,-0.004021217939963573,0.8880208333333333,0.8880208333333333,0.0
28732,java,add,insert,remove,21,0.9485438370694514,0.9485438370694514,0.0,0.9230769230769231,0.9230769230769231,0.0,0.9571762307958944,0.9571762307958944,0.0,0.9523214285714285,0.9523214285714285,0.0
28832,java,added,inserted,removed,12,0.7348889200874659,0.7348889200874659,0.0,0.875,0.875,0.0,0.9055446077406247,0.9083346803638641,-0.0027900726232393813,0.9139118457300276,0.9139118457300276,0.0
28947,java,add,insert,remove,16,0.9306048591020994,0.9306048591020994,0.0,0.9333333333333333,0.9333333333333333,0.0,0.9294716141278502,0.9294716141278502,0.0,0.9373611111111111,0.9373611111111111,0.0
29239,java,remove,delete,insert,9,0.8633400213704508,0.8633400213704508,0.0,0.8888888888888888,0.8888888888888888,0.0,0.9040212928422455,0.8873412746811353,0.0166800181611102,0.8880208333333333,0.8880208333333333,0.0
29619,java,added,inserted,removed,10,0.6580370064762461,0.6580370064762461,0.0,0.8888888888888888,0.8888888888888888,0.0,0.8769379520461762,0.8804512798396082,-0.003513327793432053,0.8950617283950617,0.8950617283950617,0.0
29740,java,adding,inserting,removing,6,0.3799178428257963,0.3799178428257963,0.0,0.8000000000000002,0.8000000000000002,0.0,0.8417784634561937,0.846102469606839,-0.004324006150645321,0.8066666666666668,0.8066666666666668,0.0
29991,java,create,build,destroy,10,0.8801117367933934,0.8801117367933934,0.0,0.9,0.9,0.0,0.9004291188243897,0.902458627661463,-0.0020295088370733128,0.8993827160493828,0.8993827160493828,0.0
30080,java,create,build,destroy,11,0.8931539818068699,0.8931539818068699,0.0,0.9,0.9,0.0,0.9342902555354594,0.9355579997709161,-0.0012677442354567248,0.9086363636363638,0.9086363636363638,0.0
30507,java,add,insert,remove,9,0.8633400213704508,0.8633400213704508,0.0,0.8888888888888888,0.8888888888888888,0.0,0.9077537242084869,0.9077537242084869,0.0,0.8880208333333333,0.8880208333333333,0.0
30779,java,open,unlock,close,11,0.7419446627365011,0.7419446627365011,0.0,0.8888888888888888,0.8888888888888888,0.0,0.84465868646075,0.8486102673632218,-0.0039515809024717186,0.9054545454545455,0.9054545454545455,0.0
30799,java,allow,permit,forbid,12,0.7348889200874659,0.7348889200874659,0.0,0.9090909090909091,0.9090909090909091,0.0,0.8802085891269109,0.8826887479853767,-0.002480158858465753,0.9997106481481481,0.9139118457300276,0.08579880241812055
30860,java,allow,permit,forbid,33,0.9184678024441791,0.9184678024441791,0.0,0.9666666666666667,0.9666666666666667,0.0,0.9519662537184941,0.9529874955500347,-0.0010212418315406202,0.9999860867629463,0.9695785984848485,0.030407488278097805
30873,java,add,insert,remove,13,0.8003203203845001,0.8003203203845001,0.0,0.8888888888888888,0.8888888888888888,0.0,0.8661220185342053,0.8661220185342053,0.0,0.920940170940171,0.920940170940171,0.0
30962,java,allow,permit,forbid,9,0.8633400213704508,0.8633400213704508,0.0,0.875,0.875,0.0,0.8687746224678149,0.8727240709995789,-0.003949448531764044,0.9993141289437586,0.8880208333333333,0.11129329561042534
31339,java,removed,deleted,inserted,14,0.7825422900366438,0.7825422900366438,0.0,0.9230769230769231,0.9230769230769231,0.0,0.9094797052526887,0.9092330862188878,0.0002466190338009655,0.9268808114961962,0.9268808114961962,0.0
31339,java,starts,begins,stops,14,0.7825422900366438,0.7825422900366438,0.0,0.9230769230769231,0.9230769230769231,0.0,0.9095036103970756,0.934338960621827,-0.024835350224751362,0.9998177842565598,0.9268808114961962,0.0729369727603636
31379,java,removed,deleted,inserted,11,0.8931539818068699,0.8931539818068699,0.0,0.9,0.9,0.0,0.9157444284382208,0.915336748027496,0.00040768041072480887,0.9086363636363638,0.9086363636363638,0.0
31431,java,add,insert,remove,8,0.8408964152537145,0.8408964152537145,0.0,0.875,0.875,0.0,0.9200635408501847,0.9200635408501847,0.0,0.8737244897959183,0.8737244897959183,0.0
31572,java,add,insert,remove,16,0.9306048591020994,0.9306048591020994,0.0,0.9166666666666666,0.9166666666666666,0.0,0.9471034616694162,0.9471034616694162,0.0,0.9373611111111111,0.9373611111111111,0.0
31762,java,add,insert,remove,9,0.9253911813809742,0.9253911813809742,0.0,0.9090909090909091,0.9090909090909091,0.0,0.9471034616694162,0.9471034616694162,0.0,0.8880208333333333,0.8880208333333333,0.0
31892,java,adding,inserting,removing,10,0.8801117367933934,0.8801117367933934,0.0,0.9,0.9,0.0,0.9027605070881691,0.9076618638222582,-0.004901356734089091,0.8993827160493828,0.8993827160493828,0.0
32003,java,remove,delete,insert,6,0.3799178428257963,0.3799178428257963,0.0,0.75,0.75,0.0,0.8165767947509596,0.7957173642798474,0.02085943047111216,0.8066666666666668,0.8066666666666668,0.0
32028,java,enabled,permitted,disabled,10,0.7825422900366438,0.7825422900366438,0.0,0.8888888888888888,0.8888888888888888,0.0,0.8843546941955536,0.924241349504049,-0.039886655308495444,0.8950617283950617,0.8950617283950617,0.0
32446,java,allow,permit,forbid,17,0.9351334836242394,0.9351334836242394,0.0,0.9375,0.9375,0.0,0.9363246864017073,0.9383041005377177,-0.001979414136010438,0.999898229187869,0.9410615808823529,0.05883664830551605
32608,java,remove,delete,insert,8,0.9036020036098446,0.9036020036098446,0.0,0.8888888888888888,0.8888888888888888,0.0,0.9303288820420527,0.9159316954875001,0.014397186554552577,0.8737244897959183,0.8737244897959183,0.0
32738,java,remove,delete,insert,8,0.8408964152537145,0.8408964152537145,0.0,0.875,0.875,0.0,0.9040212928422455,0.8873412746811353,0.0166800181611102,0.8737244897959183,0.8737244897959183,0.0
32945,java,added,inserted,removed,20,0.8578928092681432,0.8578928092681432,0.0,0.9375,0.9375,0.0,0.9448451617815181,0.9465490599288163,-0.0017038981472982107,0.9494459833795015,0.9494459833795015,0.0
32945,java,enable,permit,disable,20,0.8578928092681432,0.8578928092681432,0.0,0.9375,0.9375,0.0,0.92429449789687,0.9572946962992145,-0.03300019840234447,0.9494459833795015,0.9494459833795015,0.0
33265,java,add,insert,remove,11,0.8070557274927979,0.8070557274927979,0.0,0.9,0.9,0.0,0.9248066699330022,0.9248066699330022,0.0,0.9054545454545455,0.9054545454545455,0.0
33265,java,adding,inserting,removing,11,0.7016879391277372,0.7016879391277372,0.0,0.9,0.9,0.0,0.8958628369820113,0.8989040636842799,-0.0030412267022685846,0.9054545454545455,0.9054545454545455,0.0
33500,java,create,build,destroy,13,0.9121679090703875,0.9121679090703875,0.0,0.9090909090909091,0.9090909090909091,0.0,0.9137631841999769,0.9154836819331024,-0.0017204977331254367,0.9228098290598291,0.9228098290598291,0.0
34929,java,starting,beginning,stopping,19,0.8492326635760686,0.8492326635760686,0.0,0.9375,0.9375,0.0,0.9183387378278524,0.9414531321928239,-0.023114394364971536,0.9999271030762502,0.9467186484730344,0.05320845460321577
35443,java,enabled,permitted,disabled,24,0.8843865924896839,0.8843865924896839,0.0,0.9523809523809523,0.9523809523809523,0.0,0.9318322581656158,0.9584281194056748,-0.026595861240059082,0.9580182734719597,0.9580182734719597,0.0
35443,java,create,build,destroy,24,0.9554427922043663,0.9554427922043663,0.0,0.9523809523809523,0.9523809523809523,0.0,0.9487968399919424,0.9497611577293719,-0.0009643177374294432,0.9582939508506617,0.9582939508506617,0.0
35853,java,creating,building,destroying,17,0.9351334836242394,0.9351334836242394,0.0,0.9333333333333333,0.9333333333333333,0.0,0.9300299937578792,0.9315737683024355,-0.0015437745445563422,0.9410615808823529,0.9410615808823529,0.0
36056,java,added,inserted,removed,20,0.9457416090031756,0.9457416090031756,0.0,0.9473684210526315,0.9473684210526315,0.0,0.9672946089402398,0.9690553226080368,-0.0017607136677970647,0.9499307479224378,0.9499307479224378,0.0
36674,java,disabled,blocked,enabled,15,0.8003203203845001,0.8003203203845001,0.0,0.9230769230769231,0.9230769230769231,0.0,0.8912926272499665,0.9260948944602103,-0.03480226721024382,0.9319727891156462,0.9319727891156462,0.0
37599,java,create,build,destroy,9,0.7506238537503396,0.7506238537503396,0.0,0.8888888888888888,0.8888888888888888,0.0,0.8267087402697787,0.8297385489346731,-0.00302980866489444,0.8819444444444444,0.8819444444444444,0.0
38003,java,allow,permit,forbid,17,0.9351334836242394,0.9351334836242394,0.0,0.9333333333333333,0.9333333333333333,0.0,0.9303518149443301,0.9325107096564583,-0.0021588947121282676,0.999898229187869,0.9410615808823529,0.05883664830551605
38003,java,created,built,destroyed,17,0.8282477531331043,0.8282477531331043,0.0,0.9333333333333333,0.9333333333333333,0.0,0.8787718692873194,0.9004107777236997,-0.021638908436380278,0.9402573529411764,0.9402573529411764,0.0
38475,java,add,insert,remove,12,0.9036020036098446,0.9036020036098446,0.0,0.9090909090909091,0.9090909090909091,0.0,0.9100625133509016,0.9100625133509016,0.0,0.9163223140495868,0.9163223140495868,0.0
38661,java,add,insert,remove,17,0.8282477531331043,0.8282477531331043,0.0,0.9375,0.9375,0.0,0.9252352365523862,0.9252352365523862,0.0,0.9402573529411764,0.9402573529411764,0.0
38661,java,allow,permit,forbid,17,0.9351334836242394,0.9351334836242394,0.0,0.9375,0.9375,0.0,0.9363246864017073,0.9383041005377177,-0.001979414136010438,0.999898229187869,0.9410615808823529,0.05883664830551605
39926,java,disable,block,enable,15,0.8666415730847506,0.8666415730847506,0.0,0.9230769230769231,0.9230769230769231,0.0,0.9163164804909161,0.9359271530286619,-0.019610672537745844,0.9319727891156462,0.9319727891156462,0.0
40615,java,added,inserted,removed,19,0.8492326635760686,0.8492326635760686,0.0,0.9375,0.9375,0.0,0.9319136588628383,0.9339867417146447,-0.002073082851806407,0.9467186484730344,0.9467186484730344,0.0
40616,java,add,insert,remove,9,0.8633400213704508,0.8633400213704508,0.0,0.8888888888888888,0.8888888888888888,0.0,0.9027605070881691,0.9027605070881691,0.0,0.8880208333333333,0.8880208333333333,0.0
40897,java,remove,delete,insert,10,0.8801117367933934,0.8801117367933934,0.0,0.8888888888888888,0.8888888888888888,0.0,0.9171892040633245,0.9000805967885577,0.01710860727476682,0.8993827160493828,0.8993827160493828,0.0
41020,java,add,insert,remove,19,0.8492326635760686,0.8492326635760686,0.0,0.9411764705882353,0.9411764705882353,0.0,0.9252352365523862,0.9252352365523862,0.0,0.9467186484730344,0.9467186484730344,0.0
121,js,open,unlock,close,10,0.8801117367933934,0.8801117367933934,0.0,0.8888888888888888,0.8888888888888888,0.0,0.9032125251300748,0.9073506017148267,-0.00413807658475196,0.8993827160493828,0.8993827160493828,0.0
305,js,add,insert,remove,23,0.9533589351059681,0.9533589351059681,0.0,0.9500000000000001,0.9500000000000001,0.0,0.9625272310361135,0.9625272310361135,0.0,0.9564768235716853,0.9564768235716853,0.0
305,js,create,build,destroy,23,0.8787419089273847,0.8787419089273847,0.0,0.9500000000000001,0.9500000000000001,0.0,0.9125573071822811,0.9138349548451807,-0.001277647662899617,0.9561624146604384,0.9561624146604384,0.0
815,js,allow,permit,forbid,11,0.8931539818068699,0.8931539818068699,0.0,0.9,0.9,0.0,0.8952485043944144,0.8984413529025239,-0.003192848508109525,0.9996243425995492,0.9086363636363638,0.09098797896318545
871,js,added,inserted,removed,9,0.8633400213704508,0.8633400213704508,0.0,0.8571428571428571,0.8571428571428571,0.0,0.8909507813316483,0.896378152003226,-0.005427370671577725,0.8880208333333333,0.8880208333333333,0.0
951,js,add,insert,remove,14,0.7825422900366438,0.7825422900366438,0.0,0.9090909090909091,0.9090909090909091,0.0,0.9055446077406247,0.9055446077406247,0.0,0.9268808114961962,0.9268808114961962,0.0
3433,js,added,inserted,removed,12,0.9193227152249183,0.9193227152249183,0.0,0.9090909090909091,0.9090909090909091,0.0,0.93460178891258,0.9380093749330477,-0.0034075860204677566,0.9163223140495868,0.9163223140495868,0.0
3433,js,accepted,took,rejected,12,0.7825422900366438,0.7825422900366438,0.0,0.9090909090909091,0.9090909090909091,0.0,0.8211369965094615,0.8671142792377483,-0.04597728272828683,0.9997106481481481,0.9139118457300276,0.08579880241812055
4368,js,add,insert,remove,25,0.9573479717381593,0.9573479717381593,0.0,0.9523809523809523,0.9523809523809523,0.0,0.96366230455736,0.96366230455736,0.0,0.9599652777777777,0.9599652777777777,0.0
4368,js,added,inserted,removed,25,0.8895260356363631,0.8895260356363631,0.0,0.9523809523809523,0.9523809523809523,0.0,0.9381306228277644,0.9400276567691628,-0.001897033941398396,0.9597222222222221,0.9597222222222221,0.0
4412,js,add,insert,remove,13,0.791066507175436,0.791066507175436,0.0,0.875,0.875,0.0,0.8589683472110164,0.8589683472110164,0.0,0.920940170940171,0.920940170940171,0.0
4918,js,removed,deleted,inserted,12,0.7348889200874659,0.7348889200874659,0.0,0.9090909090909091,0.9090909090909091,0.0,0.8952502127331876,0.894995145046056,0.0002550676871315716,0.9139118457300276,0.9139118457300276,0.0
5132,js,allow,permit,forbid,11,0.7016879391277372,0.7016879391277372,0.0,0.8888888888888888,0.8888888888888888,0.0,0.8498077877162507,0.8528828188458335,-0.0030750311295828503,0.9996243425995492,0.9054545454545455,0.09416979714500373
5639,js,starts,begins,stops,19,0.8979542144404238,0.8979542144404238,0.0,0.9473684210526315,0.9473684210526315,0.0,0.9258041961593397,0.9473809154084308,-0.021576719249091103,0.9999271030762502,0.9467186484730344,0.05320845460321577
5757,js,add,insert,remove,11,0.8931539818068699,0.8931539818068699,0.0,0.8333333333333334,0.8333333333333334,0.0,0.8838972720860305,0.8838972720860305,0.0,0.9086363636363638,0.9086363636363638,0.0
6081,js,add,insert,remove,11,0.8931539818068699,0.8931539818068699,0.0,0.875,0.875,0.0,0.9250620695800289,0.9250620695800289,0.0,0.9086363636363638,0.9086363636363638,0.0
6174,js,open,unlock,close,15,0.9253911813809742,0.9253911813809742,0.0,0.9333333333333333,0.9333333333333333,0.0,0.9306632417282343,0.933835750311919,-0.0031725085836846745,0.9331632653061225,0.9331632653061225,0.0
6876,js,show,display,hide,10,0.8801117367933934,0.8801117367933934,0.0,0.8888888888888888,0.8888888888888888,0.0,0.8850794427679755,0.8985442600975336,-0.013464817329558176,0.9995,0.8993827160493828,0.10011728395061725
7355,js,allow,permit,forbid,25,0.8895260356363631,0.8895260356363631,0.0,0.9473684210526315,0.9473684210526315,0.0,0.9147198659318687,0.9165081349122101,-0.0017882689803413454,0.999968,0.9597222222222221,0.040245777777777825
7355,js,allows,permits,forbids,25,0.8895260356363631,0.8895260356363631,0.0,0.9473684210526315,0.9473684210526315,0.0,0.9147198659318687,0.9165081349122101,-0.0017882689803413454,0.999968,0.9597222222222221,0.040245777777777825
8116,js,add,insert,remove,10,0.6580370064762461,0.6580370064762461,0.0,0.9,0.9,0.0,0.8902367951931798,0.8902367951931798,0.0,0.8950617283950617,0.8950617283950617,0.0
8349,js,allow,permit,forbid,14,0.9193227152249183,0.9193227152249183,0.0,0.8571428571428571,0.8571428571428571,0.0,0.8780249136610688,0.8817122303165614,-0.0036873166554926007,0.9998177842565598,0.9283601014370245,0.07145768281953524
8672,js,added,inserted,removed,19,0.942615147681512,0.942615147681512,0.0,0.9444444444444444,0.9444444444444444,0.0,0.9581717634234166,0.9604034683955139,-0.002231704972097348,0.9472871994801819,0.9472871994801819,0.0
8779,js,added,inserted,removed,14,0.7825422900366438,0.7825422900366438,0.0,0.9230769230769231,0.9230769230769231,0.0,0.9192979431943697,0.9217200611277611,-0.00242211793339131,0.9268808114961962,0.9268808114961962,0.0
10097,js,add,insert,remove,33,0.9271746317040294,0.9271746317040294,0.0,0.9642857142857143,0.9642857142857143,0.0,0.9485663279094978,0.9485663279094978,0.0,0.9695785984848485,0.9695785984848485,0.0
10553,js,add,insert,remove,10,0.8801117367933934,0.8801117367933934,0.0,0.9,0.9,0.0,0.9200635408501847,0.9200635408501847,0.0,0.8993827160493828,0.8993827160493828,0.0
11217,js,remove,delete,insert,13,0.7611606003349888,0.7611606003349888,0.0,0.9,0.9,0.0,0.8641903026295611,0.8487476070768026,0.015442695552758456,0.920940170940171,0.920940170940171,0.0
11629,js,add,insert,remove,9,0.8633400213704508,0.8633400213704508,0.0,0.8888888888888888,0.8888888888888888,0.0,0.9218022950144131,0.9218022950144131,0.0,0.8880208333333333,0.8880208333333333,0.0
11713,js,allow,permit,forbid,13,0.9121679090703875,0.9121679090703875,0.0,0.9166666666666666,0.9166666666666666,0.0,0.9195730152536905,0.922053174117973,-0.0024801588642825445,0.9997724169321802,0.9228098290598291,0.07696258787235111
12942,js,added,inserted,removed,12,0.7348889200874659,0.7348889200874659,0.0,0.9,0.9,0.0,0.8690006160043611,0.8727045164029458,-0.003703900398584703,0.9139118457300276,0.9139118457300276,0.0
12947,js,add,insert,remove,10,0.8801117367933934,0.8801117367933934,0.0,0.8571428571428571,0.8571428571428571,0.0,0.905323034276437,0.905323034276437,0.0,0.8993827160493828,0.8993827160493828,0.0
12989,js,accept,take,reject,9,0.5969491792019644,0.5969491792019644,0.0,0.875,0.875,0.0,0.8075555898384056,0.8204527637432076,-0.01289717390480205,0.9993141289437586,0.8819444444444444,0.11736968449931418
13215,js,remove,delete,insert,14,0.7825422900366438,0.7825422900366438,0.0,0.9090909090909091,0.9090909090909091,0.0,0.9083479275473142,0.8979280039419512,0.010419923605363035,0.9268808114961962,0.9268808114961962,0.0
13554,js,allow,permit,forbid,10,0.8801117367933934,0.8801117367933934,0.0,0.8888888888888888,0.8888888888888888,0.0,0.9097996489983248,0.9125681985136217,-0.0027685495152969253,0.9995,0.8993827160493828,0.10011728395061725
13602,js,add,insert,remove,9,0.6606328636027612,0.6606328636027612,0.0,0.8571428571428571,0.8571428571428571,0.0,0.8065867694468314,0.8065867694468314,0.0,0.8819444444444444,0.8819444444444444,0.0
13737,js,start,begin,stop,13,0.7611606003349888,0.7611606003349888,0.0,0.9090909090909091,0.9090909090909091,0.0,0.8127008257587114,0.8664481068597601,-0.05374728110104876,0.9997724169321802,0.920940170940171,0.07883224599200922
13862,js,start,begin,stop,12,0.9036020036098446,0.9036020036098446,0.0,0.9166666666666666,0.9166666666666666,0.0,0.9158970557920647,0.9271234223353182,-0.011226366543253485,0.9997106481481481,0.9163223140495868,0.08338833409856139
13899,js,allow,permit,forbid,11,0.8931539818068699,0.8931539818068699,0.0,0.9090909090909091,0.9090909090909091,0.0,0.9128264746832921,0.9155060032852702,-0.002679528601978065,0.9996243425995492,0.9086363636363638,0.09098797896318545
14096,js,added,inserted,removed,9,0.8633400213704508,0.8633400213704508,0.0,0.875,0.875,0.0,0.9333905793134109,0.9368569873421011,-0.0034664080286902488,0.8880208333333333,0.8880208333333333,0.0
14396,js,add,insert,remove,9,0.5969491792019644,0.5969491792019644,0.0,0.8333333333333334,0.8333333333333334,0.0,0.8125453053216432,0.8125453053216432,0.0,0.8819444444444444,0.8819444444444444,0.0
14513,js,add,insert,remove,9,0.8633400213704508,0.8633400213704508,0.0,0.8888888888888888,0.8888888888888888,0.0,0.9200635408501847,0.9200635408501847,0.0,0.8880208333333333,0.8880208333333333,0.0
14622,js,add,insert,remove,12,0.9036020036098446,0.9036020036098446,0.0,0.9090909090909091,0.9090909090909091,0.0,0.9077537242084869,0.9077537242084869,0.0,0.9163223140495868,0.9163223140495868,0.0
14904,js,remove,delete,insert,13,0.9121679090703875,0.9121679090703875,0.0,0.9,0.9,0.0,0.900047085593411,0.8827362412741847,0.01731084431922625,0.9228098290598291,0.9228098290598291,0.0
15619,js,allow,permit,forbid,11,0.7419446627365011,0.7419446627365011,0.0,0.9090909090909091,0.9090909090909091,0.0,0.8802085891269109,0.8826887479853767,-0.002480158858465753,0.9996243425995492,0.9054545454545455,0.09416979714500373
16214,js,adding,inserting,removing,9,0.5969491792019644,0.5969491792019644,0.0,0.8888888888888888,0.8888888888888888,0.0,0.8661220185342053,0.8698939455265201,-0.003771926992314767,0.8819444444444444,0.8819444444444444,0.0
16547,js,added,inserted,removed,13,0.9121679090703875,0.9121679090703875,0.0,0.9166666666666666,0.9166666666666666,0.0,0.9400516918934219,0.9431926598931891,-0.0031409679997672635,0.9228098290598291,0.9228098290598291,0.0
16590,js,added,inserted,removed,14,0.7825422900366438,0.7825422900366438,0.0,0.9166666666666666,0.9166666666666666,0.0,0.9159608688656755,0.9184734707529136,-0.0025126018872381195,0.9268808114961962,0.9268808114961962,0.0
16655,js,allow,permit,forbid,9,0.8633400213704508,0.8633400213704508,0.0,0.875,0.875,0.0,0.8687746224678149,0.8727240709995789,-0.003949448531764044,0.9993141289437586,0.8880208333333333,0.11129329561042534
16804,js,added,inserted,removed,10,0.8801117367933934,0.8801117367933934,0.0,0.9,0.9,0.0,0.8976610991039496,0.9012606836135996,-0.0035995845096499224,0.8993827160493828,0.8993827160493828,0.0
17525,js,add,insert,remove,12,0.7691605673134587,0.7691605673134587,0.0,0.9090909090909091,0.9090909090909091,0.0,0.8495938460306316,0.8495938460306316,0.0,0.9139118457300276,0.9139118457300276,0.0
17596,js,creating,building,destroying,12,0.7348889200874659,0.7348889200874659,0.0,0.9,0.9,0.0,0.847111305242228,0.8498660543656171,-0.002754749123389133,0.9139118457300276,0.9139118457300276,0.0
17694,js,allowed,permitted,forbade,13,0.9121679090703875,0.9121679090703875,0.0,0.9166666666666666,0.9166666666666666,0.0,0.9112603443852855,0.8921417037841899,0.019118640601095582,0.9997724169321802,0.9228098290598291,0.07696258787235111
17875,js,added,inserted,removed,9,0.8633400213704508,0.8633400213704508,0.0,0.8571428571428571,0.8571428571428571,0.0,0.9000550936954855,0.9050782991444938,-0.00502320544900825,0.8880208333333333,0.8880208333333333,0.0
17949,js,adding,inserting,removing,12,0.7348889200874659,0.7348889200874659,0.0,0.9166666666666666,0.9166666666666666,0.0,0.9040580459897269,0.9068871043748339,-0.0028290583851069417,0.9139118457300276,0.9139118457300276,0.0
18231,js,added,inserted,removed,11,0.7016879391277372,0.7016879391277372,0.0,0.9,0.9,0.0,0.8532185674044939,0.8572883020695085,-0.0040697346650145905,0.9054545454545455,0.9054545454545455,0.0
18894,js,added,inserted,removed,9,0.8633400213704508,0.8633400213704508,0.0,0.8888888888888888,0.8888888888888888,0.0,0.8971944721340076,0.9023456466744161,-0.005151174540408476,0.8880208333333333,0.8880208333333333,0.0
19668,js,add,insert,remove,11,0.8931539818068699,0.8931539818068699,0.0,0.9090909090909091,0.9090909090909091,0.0,0.905323034276437,0.905323034276437,0.0,0.9086363636363638,0.9086363636363638,0.0
20114,js,add,insert,remove,13,0.9121679090703875,0.9121679090703875,0.0,0.8333333333333334,0.8333333333333334,0.0,0.8838972720860305,0.8838972720860305,0.0,0.9228098290598291,0.9228098290598291,0.0
20764,js,create,build,destroy,9,0.5969491792019644,0.5969491792019644,0.0,0.875,0.875,0.0,0.7865094573301254,0.7904415445565306,-0.003932087226405145,0.8819444444444444,0.8819444444444444,0.0
20896,js,increase,raise,decrease,12,0.7348889200874659,0.7348889200874659,0.0,0.8571428571428571,0.8571428571428571,0.0,0.8401258128389564,0.9038448099971822,-0.06371899715822582,0.9139118457300276,0.9139118457300276,0.0
21122,js,add,insert,remove,13,0.9121679090703875,0.9121679090703875,0.0,0.9,0.9,0.0,0.9321336121285849,0.9321336121285849,0.0,0.9228098290598291,0.9228098290598291,0.0
21122,js,enabling,permitting,disabling,13,0.7611606003349888,0.7611606003349888,0.0,0.9,0.9,0.0,0.852470174597346,0.9096700653659252,-0.05719989076857923,0.920940170940171,0.920940170940171,0.0
21582,js,allow,permit,forbid,10,0.8801117367933934,0.8801117367933934,0.0,0.8333333333333334,0.8333333333333334,0.0,0.8405431165563649,0.8452779687525976,-0.004734852196232708,0.9995,0.8993827160493828,0.10011728395061725
21773,js,add,insert,remove,11,0.8931539818068699,0.8931539818068699,0.0,0.8333333333333334,0.8333333333333334,0.0,0.9000550936954855,0.9000550936954855,0.0,0.9086363636363638,0.9086363636363638,0.0
22048,js,add,insert,remove,17,0.8482198619370465,0.8482198619370465,0.0,0.9230769230769231,0.9230769230769231,0.0,0.9069857782887594,0.9069857782887594,0.0,0.9402573529411764,0.9402573529411764,0.0
22048,js,added,inserted,removed,17,0.8282477531331043,0.8282477531331043,0.0,0.9230769230769231,0.9230769230769231,0.0,0.9069857782887594,0.9097379091583025,-0.002752130869543179,0.9402573529411764,0.9402573529411764,0.0
22565,js,add,insert,remove,12,0.7691605673134587,0.7691605673134587,0.0,0.875,0.875,0.0,0.85996731363643,0.85996731363643,0.0,0.9139118457300276,0.9139118457300276,0.0
22710,js,add,insert,remove,10,0.8801117367933934,0.8801117367933934,0.0,0.9,0.9,0.0,0.9321336121285849,0.9321336121285849,0.0,0.8993827160493828,0.8993827160493828,0.0
22922,js,remove,delete,insert,9,0.8633400213704508,0.8633400213704508,0.0,0.8571428571428571,0.8571428571428571,0.0,0.8831013120930876,0.8589639987541292,0.02413731333895841,0.8880208333333333,0.8880208333333333,0.0
22944,js,disable,block,enable,12,0.7691605673134587,0.7691605673134587,0.0,0.9166666666666666,0.9166666666666666,0.0,0.8891778811344792,0.9318032802569892,-0.042625399122510066,0.9139118457300276,0.9139118457300276,0.0
22960,js,add,insert,remove,18,0.9391044157537529,0.9391044157537529,0.0,0.9333333333333333,0.9333333333333333,0.0,0.950725624875786,0.950725624875786,0.0,0.9443483275663207,0.9443483275663207,0.0
23336,js,remove,delete,insert,11,0.7016879391277372,0.7016879391277372,0.0,0.8888888888888888,0.8888888888888888,0.0,0.8905577782271678,0.8757334692384506,0.014824308988717116,0.9054545454545455,0.9054545454545455,0.0
23419,js,added,inserted,removed,17,0.9351334836242394,0.9351334836242394,0.0,0.9333333333333333,0.9333333333333333,0.0,0.9581717634234166,0.9604034683955139,-0.002231704972097348,0.9410615808823529,0.9410615808823529,0.0
23597,js,added,inserted,removed,14,0.8091067115702206,0.8091067115702206,0.0,0.9230769230769231,0.9230769230769231,0.0,0.9069857782887594,0.9097379091583025,-0.002752130869543179,0.9268808114961962,0.9268808114961962,0.0
23737,js,added,inserted,removed,20,0.9457416090031756,0.9457416090031756,0.0,0.9333333333333333,0.9333333333333333,0.0,0.9640255298615245,0.9659560323648322,-0.0019305025033077294,0.9499307479224378,0.9499307479224378,0.0
24610,js,add,insert,remove,12,0.7348889200874659,0.7348889200874659,0.0,0.9,0.9,0.0,0.8817153956063408,0.8817153956063408,0.0,0.9139118457300276,0.9139118457300276,0.0
24643,js,allow,permit,forbid,17,0.9351334836242394,0.9351334836242394,0.0,0.9333333333333333,0.9333333333333333,0.0,0.9195730152536905,0.922053174117973,-0.0024801588642825445,0.999898229187869,0.9410615808823529,0.05883664830551605
25410,js,allow,permit,forbid,27,0.9607071390340023,0.9607071390340023,0.0,0.9500000000000001,0.9500000000000001,0.0,0.9478282232776368,0.9494590125956016,-0.001630789317964787,0.9999745973682873,0.9629355687047996,0.03703902866348774
25643,js,show,display,hide,19,0.8492326635760686,0.8492326635760686,0.0,0.9333333333333333,0.9333333333333333,0.0,0.9017700723996291,0.9094429421215162,-0.007672869721887077,0.9999271030762502,0.9467186484730344,0.05320845460321577
25684,js,added,inserted,removed,9,0.8633400213704508,0.8633400213704508,0.0,0.875,0.875,0.0,0.9100625133509016,0.9146310134436655,-0.004568500092763883,0.8880208333333333,0.8880208333333333,0.0
26531,js,removed,deleted,inserted,19,0.9457416090031756,0.9457416090031756,0.0,0.9375,0.9375,0.0,0.9332183995549806,0.9306499954377837,0.002568404117196943,0.9472871994801819,0.9472871994801819,0.0
28681,js,remove,delete,insert,14,0.9193227152249183,0.9193227152249183,0.0,0.9,0.9,0.0,0.9249137690211051,0.9093990103875156,0.015514758633589532,0.9283601014370245,0.9283601014370245,0.0
30838,js,adds,inserts,removes,11,0.8931539818068699,0.8931539818068699,0.0,0.9090909090909091,0.9090909090909091,0.0,0.9333905793134109,0.9333905793134109,0.0,0.9086363636363638,0.9086363636363638,0.0
31446,js,add,insert,remove,21,0.9485438370694514,0.9485438370694514,0.0,0.9285714285714286,0.9285714285714286,0.0,0.9600300908751955,0.9600300908751955,0.0,0.9523214285714285,0.9523214285714285,0.0
31702,js,add,insert,remove,31,0.9127592114472296,0.9127592114472296,0.0,0.9615384615384616,0.9615384615384616,0.0,0.9532929984190324,0.9532929984190324,0.0,0.9675985663082438,0.9675985663082438,0.0
31702,js,allowing,permitting,forbidding,31,0.9127592114472296,0.9127592114472296,0.0,0.9615384615384616,0.9615384615384616,0.0,0.9394680476768446,0.9407174230053699,-0.001249375328525315,0.9999832164076399,0.9675985663082438,0.03238465009939606
32022,js,allow,permit,forbid,14,0.9193227152249183,0.9193227152249183,0.0,0.9285714285714286,0.9285714285714286,0.0,0.9048432371021923,0.9077569903212712,-0.0029137532190789406,0.9998177842565598,0.9283601014370245,0.07145768281953524
32022,js,opened,unlocked,closed,14,0.7825422900366438,0.7825422900366438,0.0,0.9285714285714286,0.9285714285714286,0.0,0.8790331630151705,0.8825569747905067,-0.0035238117753361164,0.9268808114961962,0.9268808114961962,0.0
32435,js,allow,permit,forbid,13,0.7611606003349888,0.7611606003349888,0.0,0.9230769230769231,0.9230769230769231,0.0,0.8700965986668637,0.8727761272593321,-0.0026795285924683387,0.9997724169321802,0.920940170940171,0.07883224599200922
32596,js,disable,block,enable,12,0.9036020036098446,0.9036020036098446,0.0,0.9,0.9,0.0,0.9080886032440787,0.9601471855076995,-0.05205858226362081,0.9163223140495868,0.9163223140495868,0.0
32983,js,started,began,stopped,20,0.8578928092681432,0.8578928092681432,0.0,0.9166666666666666,0.9166666666666666,0.0,0.8482372237853485,0.9033797983215837,-0.05514257453623517,0.9999375,0.9494459833795015,0.050491516620498555
33731,js,add,insert,remove,19,0.8492326635760686,0.8492326635760686,0.0,0.9230769230769231,0.9230769230769231,0.0,0.9040580459897269,0.9040580459897269,0.0,0.9467186484730344,0.9467186484730344,0.0
34102,js,added,inserted,removed,12,0.9036020036098446,0.9036020036098446,0.0,0.9,0.9,0.0,0.9218022950144131,0.9258235129543767,-0.004021217939963573,0.9163223140495868,0.9163223140495868,0.0
34366,js,removing,deleting,inserting,13,0.7611606003349888,0.7611606003349888,0.0,0.9090909090909091,0.9090909090909091,0.0,0.8589615670636759,0.858722822021451,0.00023874504222487491,0.920940170940171,0.920940170940171,0.0
34445,js,created,built,destroyed,27,0.8985396083419644,0.8985396083419644,0.0,0.9545454545454546,0.9545454545454546,0.0,0.91216020476993,0.9276735339140142,-0.01551332914408421,0.9627438088976551,0.9627438088976551,0.0
35697,js,allow,permit,forbid,6,0.7598356856515927,0.7598356856515927,0.0,0.8333333333333334,0.8333333333333334,0.0,0.818170357579714,0.8235122448609482,-0.005341887281234192,0.9976851851851852,0.8300000000000002,0.16768518518518505
35755,js,allow,permit,forbid,13,0.9121679090703875,0.9121679090703875,0.0,0.9230769230769231,0.9230769230769231,0.0,0.9128264746832921,0.9155060032852702,-0.002679528601978065,0.9997724169321802,0.9228098290598291,0.07696258787235111
642,js,added,inserted,removed,27,0.8985396083419644,0.8985396083419644,0.0,0.9565217391304348,0.9565217391304348,0.0,0.9463020438181958,0.9479636258731885,-0.0016615820549926719,0.9627438088976551,0.9627438088976551,0.0
1778,js,added,inserted,removed,9,0.8633400213704508,0.8633400213704508,0.0,0.8888888888888888,0.8888888888888888,0.0,0.9500414507642827,0.9526854600716823,-0.0026440093073996085,0.8880208333333333,0.8880208333333333,0.0
4644,js,added,inserted,removed,9,0.5969491792019644,0.5969491792019644,0.0,0.875,0.875,0.0,0.8769379520461762,0.8804512798396082,-0.003513327793432053,0.8819444444444444,0.8819444444444444,0.0
5913,js,add,insert,remove,12,0.7348889200874659,0.7348889200874659,0.0,0.8888888888888888,0.8888888888888888,0.0,0.8817153956063408,0.8817153956063408,0.0,0.9139118457300276,0.9139118457300276,0.0
6316,js,added,inserted,removed,7,0.4889230224349009,0.4889230224349009,0.0,0.8333333333333334,0.8333333333333334,0.0,0.8181468832796877,0.8229669749558637,-0.00482009167617603,0.8412698412698414,0.8412698412698414,0.0
6593,js,show,display,hide,7,0.8091067115702206,0.8091067115702206,0.0,0.8571428571428571,0.8571428571428571,0.0,0.8693191392430023,0.8849149190467976,-0.01559577980379534,0.9985422740524781,0.8551587301587302,0.14338354389374786
8534,js,added,inserted,removed,24,0.8843865924896839,0.8843865924896839,0.0,0.9500000000000001,0.9500000000000001,0.0,0.9405434125175506,0.9423714034867028,-0.0018279909691522045,0.9580182734719597,0.9580182734719597,0.0
10513,js,show,display,hide,9,0.5969491792019644,0.5969491792019644,0.0,0.875,0.875,0.0,0.7801623727226741,0.7949886014169042,-0.014826228694230115,0.9993141289437586,0.8819444444444444,0.11736968449931418
11034,js,adding,inserting,removing,7,0.6434588841607617,0.6434588841607617,0.0,0.8333333333333334,0.8333333333333334,0.0,0.8466556938500502,0.8525260416386492,-0.005870347788598962,0.8412698412698414,0.8412698412698414,0.0
11387,js,added,inserted,removed,7,0.8091067115702206,0.8091067115702206,0.0,0.8571428571428571,0.8571428571428571,0.0,0.9077537242084869,0.9124280961329131,-0.004674371924426213,0.8551587301587302,0.8551587301587302,0.0
14255,js,added,inserted,removed,8,0.8408964152537145,0.8408964152537145,0.0,0.875,0.875,0.0,0.9100625133509016,0.9146310134436655,-0.004568500092763883,0.8737244897959183,0.8737244897959183,0.0
14517,js,added,inserted,removed,10,0.8801117367933934,0.8801117367933934,0.0,0.8888888888888888,0.8888888888888888,0.0,0.9234669222394319,0.9274093326231595,-0.003942410383727557,0.8993827160493828,0.8993827160493828,0.0
15135,js,added,inserted,removed,6,0.7598356856515927,0.7598356856515927,0.0,0.8333333333333334,0.8333333333333334,0.0,0.8941648581963936,0.8994505848557789,-0.005285726659385315,0.8300000000000002,0.8300000000000002,0.0
15960,js,adding,inserting,removing,8,0.5000000000000001,0.5000000000000001,0.0,0.875,0.875,0.0,0.8284004556432074,0.8330101343630196,-0.004609678719812216,0.864795918367347,0.864795918367347,0.0
17593,js,add,insert,remove,14,0.9193227152249183,0.9193227152249183,0.0,0.9230769230769231,0.9230769230769231,0.0,0.9463141303397119,0.9463141303397119,0.0,0.9283601014370245,0.9283601014370245,0.0
18777,js,added,inserted,removed,6,0.7598356856515927,0.7598356856515927,0.0,0.8333333333333334,0.8333333333333334,0.0,0.8838972720860305,0.8896315072360379,-0.005734235150007372,0.8300000000000002,0.8300000000000002,0.0
24482,js,added,inserted,removed,7,0.8091067115702206,0.8091067115702206,0.0,0.8571428571428571,0.8571428571428571,0.0,0.8559129452216446,0.8628102612926943,-0.006897316071049708,0.8551587301587302,0.8551587301587302,0.0
24605,js,added,inserted,removed,7,0.8091067115702206,0.8091067115702206,0.0,0.8571428571428571,0.8571428571428571,0.0,0.8714154461187664,0.8776792293037043,-0.006263783184937921,0.8551587301587302,0.8551587301587302,0.0
24705,js,open,unlock,close,11,0.7016879391277372,0.7016879391277372,0.0,0.8571428571428571,0.8571428571428571,0.0,0.8083259097189458,0.8129750734907087,-0.004649163771762943,0.9054545454545455,0.9054545454545455,0.0
24725,js,remove,delete,insert,13,0.791066507175436,0.791066507175436,0.0,0.8888888888888888,0.8888888888888888,0.0,0.8405409009958369,0.822407808585455,0.018133092410381857,0.920940170940171,0.920940170940171,0.0
26682,js,add,insert,remove,13,0.791066507175436,0.791066507175436,0.0,0.9,0.9,0.0,0.8793740059910359,0.8793740059910359,0.0,0.920940170940171,0.920940170940171,0.0
27501,js,removed,deleted,inserted,9,0.5969491792019644,0.5969491792019644,0.0,0.8888888888888888,0.8888888888888888,0.0,0.8165767947509596,0.8164267258153529,0.0001500689356066509,0.8819444444444444,0.8819444444444444,0.0
30026,js,removed,deleted,inserted,10,0.8801117367933934,0.8801117367933934,0.0,0.9,0.9,0.0,0.9058920708529609,0.9023848573343024,0.0035072135186584585,0.8993827160493828,0.8993827160493828,0.0
31095,js,add,insert,remove,13,0.9121679090703875,0.9121679090703875,0.0,0.9090909090909091,0.9090909090909091,0.0,0.9368965870588671,0.9368965870588671,0.0,0.9228098290598291,0.9228098290598291,0.0
36539,js,added,inserted,removed,15,0.8003203203845001,0.8003203203845001,0.0,0.9230769230769231,0.9230769230769231,0.0,0.911056832917422,0.9137010066822613,-0.002644173764839275,0.9319727891156462,0.9319727891156462,0.0
36638,js,added,inserted,removed,12,0.9036020036098446,0.9036020036098446,0.0,0.9,0.9,0.0,0.9265920031625897,0.9303856576255872,-0.003793654462997509,0.9163223140495868,0.9163223140495868,0.0
37132,js,remove,delete,insert,11,0.7016879391277372,0.7016879391277372,0.0,0.8888888888888888,0.8888888888888888,0.0,0.8533136636367175,0.8366336454756067,0.016680018161110755,0.9054545454545455,0.9054545454545455,0.0
37220,js,add,insert,remove,15,0.9253911813809742,0.9253911813809742,0.0,0.9090909090909091,0.9090909090909091,0.0,0.9333905793134109,0.9333905793134109,0.0,0.9331632653061225,0.9331632653061225,0.0
37275,js,adds,inserts,removes,11,0.8931539818068699,0.8931539818068699,0.0,0.9090909090909091,0.9090909090909091,0.0,0.9265920031625897,0.9265920031625897,0.0,0.9086363636363638,0.9086363636363638,0.0
37326,js,allow,permit,forbid,18,0.8394327083733333,0.8394327083733333,0.0,0.9375,0.9375,0.0,0.8977214681066306,0.8998527554639192,-0.002131287357288625,0.9999142661179699,0.943675509419454,0.05623875669851586
37784,js,increase,raise,decrease,13,0.9121679090703875,0.9121679090703875,0.0,0.9090909090909091,0.9090909090909091,0.0,0.8989051523648999,0.9618643754677791,-0.06295922310287927,0.9228098290598291,0.9228098290598291,0.0
38327,js,create,build,destroy,14,0.855526185871245,0.855526185871245,0.0,0.9,0.9,0.0,0.8400624252314679,0.842746848904998,-0.0026844236735300564,0.9268808114961962,0.9268808114961962,0.0
38867,js,remove,delete,insert,12,0.9036020036098446,0.9036020036098446,0.0,0.9,0.9,0.0,0.9142482995409622,0.8965329876977418,0.017715311843220394,0.9163223140495868,0.9163223140495868,0.0
39516,js,remove,delete,insert,8,0.5000000000000001,0.5000000000000001,0.0,0.875,0.875,0.0,0.8405409009958369,0.822407808585455,0.018133092410381857,0.864795918367347,0.864795918367347,0.0
39533,js,add,insert,remove,18,0.9391044157537529,0.9391044157537529,0.0,0.9166666666666666,0.9166666666666666,0.0,0.9419853429751883,0.9419853429751883,0.0,0.9443483275663207,0.9443483275663207,0.0
39790,js,allow,permit,forbid,12,0.9036020036098446,0.9036020036098446,0.0,0.9090909090909091,0.9090909090909091,0.0,0.9097996489983248,0.9125681985136217,-0.0027685495152969253,0.9997106481481481,0.9163223140495868,0.08338833409856139
39859,js,added,inserted,removed,12,0.9036020036098446,0.9036020036098446,0.0,0.9166666666666666,0.9166666666666666,0.0,0.9368965870588671,0.9401922956117887,-0.0032957085529216057,0.9163223140495868,0.9163223140495868,0.0
40547,js,add,insert,remove,9,0.8633400213704508,0.8633400213704508,0.0,0.875,0.875,0.0,0.905323034276437,0.905323034276437,0.0,0.8880208333333333,0.8880208333333333,0.0
40717,js,start,begin,stop,29,0.9061874434879649,0.9061874434879649,0.0,0.9565217391304348,0.9565217391304348,0.0,0.9423475752800509,0.9591458061659026,-0.01679823088585175,0.9999794989544467,0.9653413089373681,0.034638190017078574
40717,js,opened,unlocked,closed,29,0.9061874434879649,0.9061874434879649,0.0,0.9565217391304348,0.9565217391304348,0.0,0.949607518542331,0.9512648561173482,-0.0016573375750171815,0.9653413089373681,0.9653413089373681,0.0
40928,js,allow,permit,forbid,34,0.9210500207490826,0.9210500207490826,0.0,0.9655172413793104,0.9655172413793104,0.0,0.9510500829752193,0.9520904491857444,-0.0010403662105250566,0.9999872786484836,0.970480203100524,0.029507075547959616
41865,js,adding,inserting,removing,8,0.8408964152537145,0.8408964152537145,0.0,0.8333333333333334,0.8333333333333334,0.0,0.9000550936954855,0.9050782991444938,-0.00502320544900825,0.8737244897959183,0.8737244897959183,0.0
42466,js,disable,block,enable,15,0.8666415730847506,0.8666415730847506,0.0,0.9285714285714286,0.9285714285714286,0.0,0.8585787178445788,0.9141158139497751,-0.055537096105196304,0.9319727891156462,0.9319727891156462,0.0
42466,js,allows,permits,forbids,15,0.8003203203845001,0.8003203203845001,0.0,0.9285714285714286,0.9285714285714286,0.0,0.8722534032875657,0.8748905342640825,-0.002637130976516744,0.9998518518518519,0.9319727891156462,0.0678790627362057
42816,js,create,build,destroy,11,0.7016879391277372,0.7016879391277372,0.0,0.8571428571428571,0.8571428571428571,0.0,0.7549254377738382,0.7596782539836576,-0.004752816209819377,0.9054545454545455,0.9054545454545455,0.0
43045,js,remove,delete,insert,12,0.7348889200874659,0.7348889200874659,0.0,0.9,0.9,0.0,0.875708719656676,0.8615763028580997,0.014132416798576242,0.9139118457300276,0.9139118457300276,0.0
44101,js,add,insert,remove,13,0.9121679090703875,0.9121679090703875,0.0,0.9166666666666666,0.9166666666666666,0.0,0.9250620695800289,0.9250620695800289,0.0,0.9228098290598291,0.9228098290598291,0.0
44196,js,add,insert,remove,7,0.8091067115702206,0.8091067115702206,0.0,0.8571428571428571,0.8571428571428571,0.0,0.9218022950144131,0.9218022950144131,0.0,0.8551587301587302,0.8551587301587302,0.0
44823,js,added,inserted,removed,6,0.7598356856515927,0.7598356856515927,0.0,0.8333333333333334,0.8333333333333334,0.0,0.905323034276437,0.9101082413093166,-0.004785207032879546,0.8300000000000002,0.8300000000000002,0.0
1141,js,show,display,hide,6,0.7598356856515927,0.7598356856515927,0.0,0.8333333333333334,0.8333333333333334,0.0,0.8693191392430023,0.8849149190467976,-0.01559577980379534,0.9976851851851852,0.8300000000000002,0.16768518518518505
2565,js,increase,raise,decrease,7,0.8091067115702206,0.8091067115702206,0.0,0.8571428571428571,0.8571428571428571,0.0,0.8535830112156407,0.9450850622677249,-0.0915020510520842,0.8551587301587302,0.8551587301587302,0.0
3319,js,added,inserted,removed,6,0.7598356856515927,0.7598356856515927,0.0,0.8333333333333334,0.8333333333333334,0.0,0.8909507813316483,0.896378152003226,-0.005427370671577725,0.8300000000000002,0.8300000000000002,0.0
4770,js,allow,permit,forbid,16,0.9306048591020994,0.9306048591020994,0.0,0.9,0.9,0.0,0.9065548637800037,0.9094185524901351,-0.002863688710131429,0.9998779296875,0.9373611111111111,0.06251681857638891
4919,js,hidden,covered,shown,7,0.4889230224349009,0.4889230224349009,0.0,0.8571428571428571,0.8571428571428571,0.0,0.7621712134679873,0.7947743467969562,-0.032603133328968914,0.8412698412698414,0.8412698412698414,0.0
5873,js,disable,block,enable,10,0.8801117367933934,0.8801117367933934,0.0,0.8888888888888888,0.8888888888888888,0.0,0.8429611596470604,0.932087268531706,-0.08912610888464556,0.8993827160493828,0.8993827160493828,0.0
7915,js,add,insert,remove,7,0.8091067115702206,0.8091067115702206,0.0,0.8571428571428571,0.8571428571428571,0.0,0.9234669222394319,0.9234669222394319,0.0,0.8551587301587302,0.8551587301587302,0.0
8098,js,add,insert,remove,11,0.8931539818068699,0.8931539818068699,0.0,0.8888888888888888,0.8888888888888888,0.0,0.9294716141278502,0.9294716141278502,0.0,0.9086363636363638,0.9086363636363638,0.0
8240,js,add,insert,remove,10,0.8801117367933934,0.8801117367933934,0.0,0.8888888888888888,0.8888888888888888,0.0,0.9234669222394319,0.9234669222394319,0.0,0.8993827160493828,0.8993827160493828,0.0
8471,js,adding,inserting,removing,8,0.8408964152537145,0.8408964152537145,0.0,0.875,0.875,0.0,0.9122583624894098,0.9167256324266131,-0.004467269937203255,0.8737244897959183,0.8737244897959183,0.0
8572,js,added,inserted,removed,21,0.9485438370694514,0.9485438370694514,0.0,0.9411764705882353,0.9411764705882353,0.0,0.9429060998699516,0.9459061573774548,-0.0030000575075032065,0.9523214285714285,0.9523214285714285,0.0
11006,js,add,insert,remove,10,0.8801117367933934,0.8801117367933934,0.0,0.8888888888888888,0.8888888888888888,0.0,0.9077537242084869,0.9077537242084869,0.0,0.8993827160493828,0.8993827160493828,0.0
11099,js,added,inserted,removed,12,0.9036020036098446,0.9036020036098446,0.0,0.9166666666666666,0.9166666666666666,0.0,0.950725624875786,0.9533352093093295,-0.0026095844335434215,0.9163223140495868,0.9163223140495868,0.0
12269,js,add,insert,remove,17,0.9351334836242394,0.9351334836242394,0.0,0.9090909090909091,0.9090909090909091,0.0,0.9333905793134109,0.9333905793134109,0.0,0.9410615808823529,0.9410615808823529,0.0
12296,js,add,insert,remove,8,0.8408964152537145,0.8408964152537145,0.0,0.875,0.875,0.0,0.9250620695800289,0.9250620695800289,0.0,0.8737244897959183,0.8737244897959183,0.0
12519,js,allow,permit,forbid,6,0.7598356856515927,0.7598356856515927,0.0,0.8000000000000002,0.8000000000000002,0.0,0.845299583228483,0.8499036380042532,-0.004604054775770194,0.9976851851851852,0.8300000000000002,0.16768518518518505
13588,js,add,insert,remove,9,0.8633400213704508,0.8633400213704508,0.0,0.8571428571428571,0.8571428571428571,0.0,0.9000550936954855,0.9000550936954855,0.0,0.8880208333333333,0.8880208333333333,0.0
13941,js,added,inserted,removed,7,0.8091067115702206,0.8091067115702206,0.0,0.8571428571428571,0.8571428571428571,0.0,0.8941648581963936,0.8994505848557789,-0.005285726659385315,0.8551587301587302,0.8551587301587302,0.0
15423,js,added,inserted,removed,7,0.8091067115702206,0.8091067115702206,0.0,0.8571428571428571,0.8571428571428571,0.0,0.8838972720860305,0.8896315072360379,-0.005734235150007372,0.8551587301587302,0.8551587301587302,0.0
15534,js,add,insert,remove,7,0.8091067115702206,0.8091067115702206,0.0,0.8571428571428571,0.8571428571428571,0.0,0.9163428914177503,0.9163428914177503,0.0,0.8551587301587302,0.8551587301587302,0.0
15740,js,add,insert,remove,6,0.8801117367933934,0.8801117367933934,0.0,0.875,0.875,0.0,0.9143493737971391,0.9143493737971391,0.0,0.8300000000000002,0.8300000000000002,0.0
16727,js,add,insert,remove,8,0.8408964152537145,0.8408964152537145,0.0,0.875,0.875,0.0,0.9077537242084869,0.9077537242084869,0.0,0.8737244897959183,0.8737244897959183,0.0
16753,js,add,insert,remove,9,0.8633400213704508,0.8633400213704508,0.0,0.8888888888888888,0.8888888888888888,0.0,0.9250620695800289,0.9250620695800289,0.0,0.8880208333333333,0.8880208333333333,0.0
16753,js,enable,permit,disable,9,0.7506238537503396,0.7506238537503396,0.0,0.8888888888888888,0.8888888888888888,0.0,0.8228585133302988,0.900056256430102,-0.0771977430998032,0.8819444444444444,0.8819444444444444,0.0
17082,js,add,insert,remove,6,0.7598356856515927,0.7598356856515927,0.0,0.8333333333333334,0.8333333333333334,0.0,0.8498757339850022,0.8498757339850022,0.0,0.8300000000000002,0.8300000000000002,0.0
17182,js,added,inserted,removed,7,0.8091067115702206,0.8091067115702206,0.0,0.8571428571428571,0.8571428571428571,0.0,0.9163428914177503,0.9206204706011385,-0.004277579183388225,0.8551587301587302,0.8551587301587302,0.0
18651,js,add,insert,remove,7,0.8091067115702206,0.8091067115702206,0.0,0.8571428571428571,0.8571428571428571,0.0,0.8909507813316483,0.8909507813316483,0.0,0.8551587301587302,0.8551587301587302,0.0
19407,js,add,insert,remove,6,0.7598356856515927,0.7598356856515927,0.0,0.8333333333333334,0.8333333333333334,0.0,0.8971944721340076,0.8971944721340076,0.0,0.8300000000000002,0.8300000000000002,0.0
19714,js,add,insert,remove,16,0.7447819789879645,0.7447819789879645,0.0,0.8181818181818182,0.8181818181818182,0.0,0.8419008235952746,0.8419008235952746,0.0,0.8737244897959183,0.8737244897959183,0.0
20736,js,added,inserted,removed,9,0.8633400213704508,0.8633400213704508,0.0,0.8571428571428571,0.8571428571428571,0.0,0.9182455882133006,0.9224341868647925,-0.004188598651491904,0.8880208333333333,0.8880208333333333,0.0
21299,js,adding,inserting,removing,8,0.8408964152537145,0.8408964152537145,0.0,0.8571428571428571,0.8571428571428571,0.0,0.905323034276437,0.9101082413093166,-0.004785207032879546,0.8737244897959183,0.8737244897959183,0.0
22866,js,increase,raise,decrease,5,0.8091067115702206,0.8091067115702206,0.0,0.8333333333333334,0.8333333333333334,0.0,0.8041176866765983,0.926990348944372,-0.12287266226777371,0.7937500000000002,0.7937500000000002,0.0
23609,js,enabled,permitted,disabled,8,0.5946035575013604,0.5946035575013604,0.0,0.8571428571428571,0.8571428571428571,0.0,0.8218474620456806,0.8907525765155897,-0.0689051144699091,0.864795918367347,0.864795918367347,0.0
24234,js,add,insert,remove,15,0.9253911813809742,0.9253911813809742,0.0,0.875,0.875,0.0,0.9182455882133006,0.9182455882133006,0.0,0.9331632653061225,0.9331632653061225,0.0
24881,js,removed,deleted,inserted,7,0.8091067115702206,0.8091067115702206,0.0,0.8571428571428571,0.8571428571428571,0.0,0.8801989716754471,0.8797264222758336,0.00047254939961349773,0.8551587301587302,0.8551587301587302,0.0
25019,js,adding,inserting,removing,7,0.8091067115702206,0.8091067115702206,0.0,0.8571428571428571,0.8571428571428571,0.0,0.937984584301088,0.9412270529483113,-0.003242468647223329,0.8551587301587302,0.8551587301587302,0.0
25522,js,allow,permit,forbid,8,0.8408964152537145,0.8408964152537145,0.0,0.875,0.875,0.0,0.8653706958187185,0.8694160049077779,-0.0040453090890594234,0.9990234375,0.8737244897959183,0.12529894770408168
25648,js,added,inserted,removed,7,0.8091067115702206,0.8091067115702206,0.0,0.8333333333333334,0.8333333333333334,0.0,0.887534817914365,0.893111485154688,-0.005576667240323019,0.8551587301587302,0.8551587301587302,0.0
26278,js,add,insert,remove,9,0.8633400213704508,0.8633400213704508,0.0,0.875,0.875,0.0,0.8941648581963936,0.8941648581963936,0.0,0.8880208333333333,0.8880208333333333,0.0
27255,js,add,insert,remove,8,0.8408964152537145,0.8408964152537145,0.0,0.8571428571428571,0.8571428571428571,0.0,0.9027605070881691,0.9027605070881691,0.0,0.8737244897959183,0.8737244897959183,0.0
27967,js,added,inserted,removed,7,0.8091067115702206,0.8091067115702206,0.0,0.8571428571428571,0.8571428571428571,0.0,0.9027605070881691,0.9076618638222582,-0.004901356734089091,0.8551587301587302,0.8551587301587302,0.0
27967,js,remove,delete,insert,7,0.4111336169005198,0.4111336169005198,0.0,0.8571428571428571,0.8571428571428571,0.0,0.79614487416345,0.7729609095708168,0.023183964592633277,0.8412698412698414,0.8412698412698414,0.0
28509,js,include,contain,exclude,6,0.537284965911771,0.537284965911771,0.0,0.8333333333333334,0.8333333333333334,0.0,0.7047500319017282,0.8488414104897699,-0.14409137858804166,0.8066666666666668,0.8066666666666668,0.0
30298,js,add,insert,remove,8,0.8408964152537145,0.8408964152537145,0.0,0.8333333333333334,0.8333333333333334,0.0,0.8714154461187664,0.8714154461187664,0.0,0.8737244897959183,0.8737244897959183,0.0
30376,js,removed,deleted,inserted,13,0.9121679090703875,0.9121679090703875,0.0,0.9230769230769231,0.9230769230769231,0.0,0.91269802734735,0.9094185524901351,0.0032794748572148036,0.9228098290598291,0.9228098290598291,0.0
30513,js,adds,inserts,removes,11,0.8931539818068699,0.8931539818068699,0.0,0.875,0.875,0.0,0.93460178891258,0.93460178891258,0.0,0.9086363636363638,0.9086363636363638,0.0
32999,js,added,inserted,removed,7,0.8091067115702206,0.8091067115702206,0.0,0.8571428571428571,0.8571428571428571,0.0,0.9077537242084869,0.9124280961329131,-0.004674371924426213,0.8551587301587302,0.8551587301587302,0.0
32999,js,remove,delete,insert,7,0.4111336169005198,0.4111336169005198,0.0,0.8571428571428571,0.8571428571428571,0.0,0.8069007513487617,0.7849404813621758,0.021960269986585956,0.8412698412698414,0.8412698412698414,0.0
34051,js,added,inserted,removed,7,0.8091067115702206,0.8091067115702206,0.0,0.8333333333333334,0.8333333333333334,0.0,0.9000550936954855,0.9050782991444938,-0.00502320544900825,0.8551587301587302,0.8551587301587302,0.0
34681,js,add,insert,remove,12,0.9036020036098446,0.9036020036098446,0.0,0.8571428571428571,0.8571428571428571,0.0,0.8758649033983275,0.8758649033983275,0.0,0.9163223140495868,0.9163223140495868,0.0
34901,js,add,insert,remove,8,0.8408964152537145,0.8408964152537145,0.0,0.875,0.875,0.0,0.9143493737971391,0.9143493737971391,0.0,0.8737244897959183,0.8737244897959183,0.0
35077,js,remove,delete,insert,22,0.9510699415570296,0.9510699415570296,0.0,0.9333333333333333,0.9333333333333333,0.0,0.9398682534591275,0.9274402977252504,0.012427955733877116,0.9544939187796331,0.9544939187796331,0.0
35954,js,add,insert,remove,8,0.8408964152537145,0.8408964152537145,0.0,0.8333333333333334,0.8333333333333334,0.0,0.8971944721340076,0.8971944721340076,0.0,0.8737244897959183,0.8737244897959183,0.0
36825,js,added,inserted,removed,5,0.6687403049764218,0.6687403049764218,0.0,0.8000000000000002,0.8000000000000002,0.0,0.8800157917018067,0.8859165501579364,-0.0059007584561296955,0.7937500000000002,0.7937500000000002,0.0
37228,js,create,build,destroy,10,0.7348889200874659,0.7348889200874659,0.0,0.875,0.875,0.0,0.7918723005157634,0.7956713288241037,-0.0037990283083403353,0.8950617283950617,0.8950617283950617,0.0
37403,js,added,inserted,removed,6,0.7598356856515927,0.7598356856515927,0.0,0.8000000000000002,0.8000000000000002,0.0,0.8758649033983275,0.8819418979447206,-0.0060769945463931,0.8300000000000002,0.8300000000000002,0.0
37520,js,add,insert,remove,6,0.7598356856515927,0.7598356856515927,0.0,0.8333333333333334,0.8333333333333334,0.0,0.887534817914365,0.887534817914365,0.0,0.8300000000000002,0.8300000000000002,0.0
37792,js,added,inserted,removed,11,0.7016879391277372,0.7016879391277372,0.0,0.9090909090909091,0.9090909090909091,0.0,0.9009398860736568,0.9038502212695793,-0.002910335195922431,0.9054545454545455,0.9054545454545455,0.0
37792,js,removed,deleted,inserted,11,0.8070557274927979,0.8070557274927979,0.0,0.9090909090909091,0.9090909090909091,0.0,0.879786602091353,0.8795318156560328,0.00025478643532017564,0.9054545454545455,0.9054545454545455,0.0
38207,js,added,inserted,removed,10,0.8801117367933934,0.8801117367933934,0.0,0.8888888888888888,0.8888888888888888,0.0,0.9218022950144131,0.9258235129543767,-0.004021217939963573,0.8993827160493828,0.8993827160493828,0.0
38462,js,starts,begins,stops,28,0.9025139799587889,0.9025139799587889,0.0,0.96,0.96,0.0,0.9342606805892016,0.9533971049648626,-0.019136424375660988,0.9999772230320699,0.9640897511267882,0.03588747190528174
38462,js,create,build,destroy,28,0.913071494040541,0.913071494040541,0.0,0.96,0.96,0.0,0.9271445238476617,0.92817756611223,-0.0010330422645683512,0.9640897511267882,0.9640897511267882,0.0
38462,js,creates,builds,destroys,28,0.9025139799587889,0.9025139799587889,0.0,0.96,0.96,0.0,0.9271445238476617,0.9296118747782813,-0.0024673509306196717,0.9640897511267882,0.9640897511267882,0.0
38711,js,create,build,destroy,12,0.9036020036098446,0.9036020036098446,0.0,0.8888888888888888,0.8888888888888888,0.0,0.906832063829858,0.9087117094111412,-0.0018796455812831736,0.9163223140495868,0.9163223140495868,0.0
39425,js,added,inserted,removed,8,0.8408964152537145,0.8408964152537145,0.0,0.8571428571428571,0.8571428571428571,0.0,0.93460178891258,0.9380093749330477,-0.0034075860204677566,0.8737244897959183,0.8737244897959183,0.0
6,php,added,inserted,removed,5,0.6687403049764218,0.6687403049764218,0.0,0.8000000000000002,0.8000000000000002,0.0,0.8559129452216446,0.8628102612926943,-0.006897316071049708,0.7937500000000002,0.7937500000000002,0.0
31,php,creates,builds,destroys,9,0.6606328636027612,0.6606328636027612,0.0,0.8888888888888888,0.8888888888888888,0.0,0.8369166084685993,0.8428022058648463,-0.005885597396247055,0.8819444444444444,0.8819444444444444,0.0
142,php,remove,delete,insert,6,0.7598356856515927,0.7598356856515927,0.0,0.8333333333333334,0.8333333333333334,0.0,0.8089875569948035,0.7817198126618417,0.027267744332961863,0.8300000000000002,0.8300000000000002,0.0
232,php,add,insert,remove,7,0.8091067115702206,0.8091067115702206,0.0,0.8571428571428571,0.8571428571428571,0.0,0.8758649033983275,0.8758649033983275,0.0,0.8551587301587302,0.8551587301587302,0.0
268,php,allow,permit,forbid,6,0.5969491792019644,0.5969491792019644,0.0,0.8333333333333334,0.8333333333333334,0.0,0.8370823677103161,0.8404024213893088,-0.003320053678992685,0.9976851851851852,0.8066666666666668,0.19101851851851848
273,php,add,insert,remove,13,0.8153551038173119,0.8153551038173119,0.0,0.9230769230769231,0.9230769230769231,0.0,0.9069857782887594,0.9069857782887594,0.0,0.920940170940171,0.920940170940171,0.0
275,php,include,contain,exclude,7,0.8091067115702206,0.8091067115702206,0.0,0.8571428571428571,0.8571428571428571,0.0,0.814745276693806,0.9418863238716181,-0.12714104717781205,0.8551587301587302,0.8551587301587302,0.0
292,php,added,inserted,removed,10,0.7348889200874659,0.7348889200874659,0.0,0.9,0.9,0.0,0.888223763053059,0.8914585560330043,-0.0032347929799453334,0.8950617283950617,0.8950617283950617,0.0
294,php,add,insert,remove,11,0.7611606003349888,0.7611606003349888,0.0,0.9090909090909091,0.9090909090909091,0.0,0.9097400198556308,0.9097400198556308,0.0,0.9054545454545455,0.9054545454545455,0.0
324,php,add,insert,remove,13,0.9025139799587889,0.9025139799587889,0.0,0.9411764705882353,0.9411764705882353,0.0,0.9359599353923076,0.9359599353923076,0.0,0.920940170940171,0.920940170940171,0.0
383,php,remove,delete,insert,8,0.8408964152537145,0.8408964152537145,0.0,0.875,0.875,0.0,0.8957290957712196,0.8741946428166197,0.02153445295459988,0.8737244897959183,0.8737244897959183,0.0
409,php,add,insert,remove,9,0.8633400213704508,0.8633400213704508,0.0,0.8888888888888888,0.8888888888888888,0.0,0.9234669222394319,0.9234669222394319,0.0,0.8880208333333333,0.8880208333333333,0.0
441,php,removed,deleted,inserted,6,0.537284965911771,0.537284965911771,0.0,0.8333333333333334,0.8333333333333334,0.0,0.6802299512082121,0.6808868738581004,-0.0006569226498883696,0.8066666666666668,0.8066666666666668,0.0
506,php,allow,permit,forbid,14,0.9554427922043663,0.9554427922043663,0.0,0.9411764705882353,0.9411764705882353,0.0,0.9483466140203809,0.9499616011156595,-0.0016149870952786305,0.9998177842565598,0.9283601014370245,0.07145768281953524
581,php,remove,delete,insert,5,0.4111336169005198,0.4111336169005198,0.0,0.8000000000000002,0.8000000000000002,0.0,0.7841173058084823,0.7550604677442913,0.029056838064191015,0.7500000000000001,0.7500000000000001,0.0
594,php,remove,delete,insert,4,0.3799178428257963,0.3799178428257963,0.0,0.75,0.75,0.0,0.7467428781342389,0.7179386315973262,0.028804246536912714,0.6388888888888888,0.6388888888888888,0.0
619,php,remove,delete,insert,5,0.4111336169005198,0.4111336169005198,0.0,0.8333333333333334,0.8333333333333334,0.0,0.7376542379879422,0.7024397350407732,0.03521450294716899,0.7500000000000001,0.7500000000000001,0.0
635,php,remove,delete,insert,5,0.4111336169005198,0.4111336169005198,0.0,0.8333333333333334,0.8333333333333334,0.0,0.7278866620820643,0.6913818365542502,0.03650482552781409,0.7500000000000001,0.7500000000000001,0.0
685,php,remove,delete,insert,6,0.5000000000000001,0.5000000000000001,0.0,0.8333333333333334,0.8333333333333334,0.0,0.8293974284831026,0.8063733939748144,0.02302403450828816,0.8066666666666668,0.8066666666666668,0.0
701,php,remove,delete,insert,6,0.7825422900366438,0.7825422900366438,0.0,0.8888888888888888,0.8888888888888888,0.0,0.8817267531687811,0.8657147910345623,0.01601196213421885,0.8066666666666668,0.8066666666666668,0.0
717,php,add,insert,remove,12,0.7825422900366438,0.7825422900366438,0.0,0.9166666666666666,0.9166666666666666,0.0,0.9182154408235463,0.9182154408235463,0.0,0.9139118457300276,0.9139118457300276,0.0
721,php,adding,inserting,removing,6,0.7598356856515927,0.7598356856515927,0.0,0.8571428571428571,0.8571428571428571,0.0,0.887534817914365,0.893111485154688,-0.005576667240323019,0.8300000000000002,0.8300000000000002,0.0
749,php,add,insert,remove,23,0.8701761846085435,0.8701761846085435,0.0,0.9166666666666666,0.9166666666666666,0.0,0.9005094077462998,0.9005094077462998,0.0,0.9126491176180618,0.9126491176180618,0.0
779,php,remove,delete,insert,6,0.8091067115702206,0.8091067115702206,0.0,0.8333333333333334,0.8333333333333334,0.0,0.8592203141835495,0.834667980623863,0.024552333559686446,0.8300000000000002,0.8300000000000002,0.0
782,php,starting,beginning,stopping,11,0.7016879391277372,0.7016879391277372,0.0,0.9090909090909091,0.9090909090909091,0.0,0.8298741304984207,0.8775378684658689,-0.04766373796744816,0.9996243425995492,0.9054545454545455,0.09416979714500373
815,php,remove,delete,insert,11,0.8931539818068699,0.8931539818068699,0.0,0.9090909090909091,0.9090909090909091,0.0,0.8669861599428162,0.8438021953501829,0.023183964592633388,0.9086363636363638,0.9086363636363638,0.0
869,php,remove,delete,insert,4,0.5946035575013604,0.5946035575013604,0.0,0.75,0.75,0.0,0.7198522245155372,0.6704893360853112,0.04936288843022596,0.7361111111111112,0.7361111111111112,0.0
894,php,allow,permit,forbid,10,0.9036020036098446,0.9036020036098446,0.0,0.9090909090909091,0.9090909090909091,0.0,0.9113389095819325,0.9140622213449177,-0.0027233117629851256,0.9995,0.8993827160493828,0.10011728395061725
926,php,add,insert,remove,13,0.9253911813809742,0.9253911813809742,0.0,0.9230769230769231,0.9230769230769231,0.0,0.9400516918934219,0.9400516918934219,0.0,0.9228098290598291,0.9228098290598291,0.0
974,php,allow,permit,forbid,8,0.5000000000000001,0.5000000000000001,0.0,0.875,0.875,0.0,0.7932760705420295,0.797422009230358,-0.0041459386883284655,0.9990234375,0.864795918367347,0.13422751913265296
1230,php,add,insert,remove,11,0.8931539818068699,0.8931539818068699,0.0,0.9090909090909091,0.9090909090909091,0.0,0.9357696970634508,0.9357696970634508,0.0,0.9086363636363638,0.9086363636363638,0.0
1253,php,adds,inserts,removes,6,0.8091067115702206,0.8091067115702206,0.0,0.8333333333333334,0.8333333333333334,0.0,0.8909507813316483,0.8909507813316483,0.0,0.8300000000000002,0.8300000000000002,0.0
1300,php,remove,delete,insert,10,0.7071067811865478,0.7071067811865478,0.0,0.9,0.9,0.0,0.8533136636367175,0.8398387736807349,0.01347488995598256,0.8950617283950617,0.8950617283950617,0.0
1300,php,remove,delete,insert,10,0.7071067811865478,0.7071067811865478,0.0,0.9,0.9,0.0,0.8533136636367175,0.8398387736807349,0.01347488995598256,0.8950617283950617,0.8950617283950617,0.0
1306,php,add,insert,remove,7,0.8091067115702206,0.8091067115702206,0.0,0.8571428571428571,0.8571428571428571,0.0,0.8714154461187664,0.8714154461187664,0.0,0.8551587301587302,0.8551587301587302,0.0
1335,php,removing,deleting,inserting,12,0.9036020036098446,0.9036020036098446,0.0,0.9166666666666666,0.9166666666666666,0.0,0.9282594074373668,0.9255158029271584,0.002743604510208386,0.9163223140495868,0.9163223140495868,0.0
1338,php,allow,permit,forbid,7,0.8408964152537145,0.8408964152537145,0.0,0.875,0.875,0.0,0.8653706958187185,0.8694160049077779,-0.0040453090890594234,0.9985422740524781,0.8551587301587302,0.14338354389374786
1409,php,remove,delete,insert,6,0.7598356856515927,0.7598356856515927,0.0,0.8333333333333334,0.8333333333333334,0.0,0.8351454339821044,0.8011328541118585,0.03401257987024586,0.8300000000000002,0.8300000000000002,0.0
1436,php,added,inserted,removed,14,0.8282477531331043,0.8282477531331043,0.0,0.9285714285714286,0.9285714285714286,0.0,0.9243071335075199,0.926591981411263,-0.002284847903743059,0.9268808114961962,0.9268808114961962,0.0
1454,php,adding,inserting,removing,13,0.7241577342575831,0.7241577342575831,0.0,0.8571428571428571,0.8571428571428571,0.0,0.8621368798811422,0.8670411456189678,-0.004904265737825653,0.8436109345200256,0.8436109345200256,0.0
1490,php,allow,permit,forbid,9,0.8633400213704508,0.8633400213704508,0.0,0.8888888888888888,0.8888888888888888,0.0,0.8540073147570598,0.8583703189333636,-0.004363004176303753,0.9993141289437586,0.8880208333333333,0.11129329561042534
1493,php,includes,contains,excludes,9,0.5969491792019644,0.5969491792019644,0.0,0.8888888888888888,0.8888888888888888,0.0,0.8077469383972953,0.9017428993154181,-0.09399596091812279,0.8819444444444444,0.8819444444444444,0.0
1501,php,added,inserted,removed,10,0.6580370064762461,0.6580370064762461,0.0,0.9,0.9,0.0,0.8631139025144162,0.8669562977540584,-0.003842395239642138,0.8950617283950617,0.8950617283950617,0.0
1502,php,adding,inserting,removing,19,0.9457416090031756,0.9457416090031756,0.0,0.9473684210526315,0.9473684210526315,0.0,0.9566604723294784,0.9589693495022256,-0.0023088771727471924,0.9472871994801819,0.9472871994801819,0.0
1502,php,allows,permits,forbids,19,0.8578928092681432,0.8578928092681432,0.0,0.9473684210526315,0.9473684210526315,0.0,0.9064258826184095,0.908382064190856,-0.0019561815724464804,0.9999271030762502,0.9467186484730344,0.05320845460321577
1543,php,add,insert,remove,11,0.8931539818068699,0.8931539818068699,0.0,0.9090909090909091,0.9090909090909091,0.0,0.9390356697283885,0.9390356697283885,0.0,0.9086363636363638,0.9086363636363638,0.0
1569,php,add,insert,remove,11,0.8931539818068699,0.8931539818068699,0.0,0.9090909090909091,0.9090909090909091,0.0,0.9400516918934219,0.9400516918934219,0.0,0.9086363636363638,0.9086363636363638,0.0
1570,php,add,insert,remove,6,0.7598356856515927,0.7598356856515927,0.0,0.8333333333333334,0.8333333333333334,0.0,0.9182455882133006,0.9182455882133006,0.0,0.8300000000000002,0.8300000000000002,0.0
1577,php,allow,permit,forbid,9,0.8633400213704508,0.8633400213704508,0.0,0.8888888888888888,0.8888888888888888,0.0,0.9048432371021923,0.9077569903212712,-0.0029137532190789406,0.9993141289437586,0.8880208333333333,0.11129329561042534
1583,php,add,insert,remove,6,0.8408964152537145,0.8408964152537145,0.0,0.8571428571428571,0.8571428571428571,0.0,0.9077537242084869,0.9077537242084869,0.0,0.8300000000000002,0.8300000000000002,0.0
1609,php,remove,delete,insert,8,0.8633400213704508,0.8633400213704508,0.0,0.875,0.875,0.0,0.8801989716754471,0.8554635722120869,0.02473539946336023,0.8737244897959183,0.8737244897959183,0.0
1623,php,add,insert,remove,6,0.7598356856515927,0.7598356856515927,0.0,0.8333333333333334,0.8333333333333334,0.0,0.9027605070881691,0.9027605070881691,0.0,0.8300000000000002,0.8300000000000002,0.0
1645,php,creating,building,destroying,9,0.6606328636027612,0.6606328636027612,0.0,0.8888888888888888,0.8888888888888888,0.0,0.8172716463910453,0.8207373207432903,-0.003465674352244985,0.8819444444444444,0.8819444444444444,0.0
1671,php,remove,delete,insert,4,0.5946035575013604,0.5946035575013604,0.0,0.75,0.75,0.0,0.7925102071841201,0.7497301973388931,0.04278000984522701,0.7361111111111112,0.7361111111111112,0.0
1714,php,add,insert,remove,5,0.7598356856515927,0.7598356856515927,0.0,0.8000000000000002,0.8000000000000002,0.0,0.8758649033983275,0.8758649033983275,0.0,0.7937500000000002,0.7937500000000002,0.0
1804,php,add,insert,remove,9,0.9036020036098446,0.9036020036098446,0.0,0.9,0.9,0.0,0.9308282416881526,0.9308282416881526,0.0,0.8880208333333333,0.8880208333333333,0.0
1804,php,added,inserted,removed,9,0.7348889200874659,0.7348889200874659,0.0,0.9,0.9,0.0,0.8817153956063408,0.8851118991973251,-0.003396503590984312,0.8819444444444444,0.8819444444444444,0.0
1873,php,added,inserted,removed,9,0.8931539818068699,0.8931539818068699,0.0,0.9,0.9,0.0,0.9122583624894098,0.9167256324266131,-0.004467269937203255,0.8880208333333333,0.8880208333333333,0.0
1878,php,add,insert,remove,6,0.7598356856515927,0.7598356856515927,0.0,0.8333333333333334,0.8333333333333334,0.0,0.8758649033983275,0.8758649033983275,0.0,0.8300000000000002,0.8300000000000002,0.0
1879,php,add,insert,remove,8,0.9036020036098446,0.9036020036098446,0.0,0.9,0.9,0.0,0.9265920031625897,0.9265920031625897,0.0,0.8737244897959183,0.8737244897959183,0.0
1885,php,add,insert,remove,5,0.7598356856515927,0.7598356856515927,0.0,0.8000000000000002,0.8000000000000002,0.0,0.8909507813316483,0.8909507813316483,0.0,0.7937500000000002,0.7937500000000002,0.0
1890,php,add,insert,remove,5,0.8801117367933934,0.8801117367933934,0.0,0.8571428571428571,0.8571428571428571,0.0,0.9077537242084869,0.9077537242084869,0.0,0.7937500000000002,0.7937500000000002,0.0
1905,php,add,insert,remove,7,0.8091067115702206,0.8091067115702206,0.0,0.8571428571428571,0.8571428571428571,0.0,0.8838972720860305,0.8838972720860305,0.0,0.8551587301587302,0.8551587301587302,0.0
1928,php,add,insert,remove,5,0.7598356856515927,0.7598356856515927,0.0,0.8000000000000002,0.8000000000000002,0.0,0.8433076593152218,0.8433076593152218,0.0,0.7937500000000002,0.7937500000000002,0.0
2030,php,add,insert,remove,6,0.8931539818068699,0.8931539818068699,0.0,0.875,0.875,0.0,0.9122583624894098,0.9122583624894098,0.0,0.8300000000000002,0.8300000000000002,0.0
2031,php,add,insert,remove,9,0.8931539818068699,0.8931539818068699,0.0,0.8888888888888888,0.8888888888888888,0.0,0.9218022950144131,0.9218022950144131,0.0,0.8880208333333333,0.8880208333333333,0.0
2031,php,remove,delete,insert,9,0.7016879391277372,0.7016879391277372,0.0,0.8888888888888888,0.8888888888888888,0.0,0.836991967882831,0.8149829064802012,0.022009061402629815,0.8819444444444444,0.8819444444444444,0.0
2075,php,add,insert,remove,10,0.7348889200874659,0.7348889200874659,0.0,0.9,0.9,0.0,0.8744013679917864,0.8744013679917864,0.0,0.8950617283950617,0.8950617283950617,0.0
2090,php,add,insert,remove,10,0.8931539818068699,0.8931539818068699,0.0,0.9,0.9,0.0,0.9294716141278502,0.9294716141278502,0.0,0.8993827160493828,0.8993827160493828,0.0
2091,php,add,insert,remove,7,0.8408964152537145,0.8408964152537145,0.0,0.8571428571428571,0.8571428571428571,0.0,0.9077537242084869,0.9077537242084869,0.0,0.8551587301587302,0.8551587301587302,0.0
2097,php,remove,delete,insert,6,0.4111336169005198,0.4111336169005198,0.0,0.8333333333333334,0.8333333333333334,0.0,0.8016688029845924,0.7791132949027687,0.022555508081823716,0.8066666666666668,0.8066666666666668,0.0
2137,php,removed,deleted,inserted,20,0.9127592114472296,0.9127592114472296,0.0,0.9629629629629629,0.9629629629629629,0.0,0.952078579651171,0.9519067477115564,0.00017183193961467502,0.9494459833795015,0.9494459833795015,0.0
2147,php,add,insert,remove,13,0.9253911813809742,0.9253911813809742,0.0,0.9230769230769231,0.9230769230769231,0.0,0.950725624875786,0.950725624875786,0.0,0.9228098290598291,0.9228098290598291,0.0
2156,php,add,insert,remove,9,0.8801117367933934,0.8801117367933934,0.0,0.8888888888888888,0.8888888888888888,0.0,0.9357696970634508,0.9357696970634508,0.0,0.8880208333333333,0.8880208333333333,0.0
2181,php,allow,permit,forbid,10,0.8931539818068699,0.8931539818068699,0.0,0.9,0.9,0.0,0.9048432371021923,0.9077569903212712,-0.0029137532190789406,0.9995,0.8993827160493828,0.10011728395061725
2190,php,add,insert,remove,6,0.8091067115702206,0.8091067115702206,0.0,0.8333333333333334,0.8333333333333334,0.0,0.8614814081743934,0.8614814081743934,0.0,0.8300000000000002,0.8300000000000002,0.0
2225,php,added,inserted,removed,13,0.9121679090703875,0.9121679090703875,0.0,0.9333333333333333,0.9333333333333333,0.0,0.9566604723294784,0.9589693495022256,-0.0023088771727471924,0.9228098290598291,0.9228098290598291,0.0
2225,php,allowed,permitted,forbade,13,0.7611606003349888,0.7611606003349888,0.0,0.9333333333333333,0.9333333333333333,0.0,0.9042393106195109,0.8922133939211815,0.01202591669832942,0.9997724169321802,0.920940170940171,0.07883224599200922
2261,php,add,insert,remove,8,0.8408964152537145,0.8408964152537145,0.0,0.9,0.9,0.0,0.9200635408501847,0.9200635408501847,0.0,0.8737244897959183,0.8737244897959183,0.0
2266,php,add,insert,remove,10,0.8801117367933934,0.8801117367933934,0.0,0.9,0.9,0.0,0.9143493737971391,0.9143493737971391,0.0,0.8993827160493828,0.8993827160493828,0.0
2275,php,added,inserted,removed,11,0.7419446627365011,0.7419446627365011,0.0,0.9090909090909091,0.9090909090909091,0.0,0.9192979431943697,0.9217200611277611,-0.00242211793339131,0.9054545454545455,0.9054545454545455,0.0
2275,php,removed,deleted,inserted,11,0.7419446627365011,0.7419446627365011,0.0,0.9090909090909091,0.9090909090909091,0.0,0.9022360029966374,0.8998527554639192,0.0023832475327182356,0.9054545454545455,0.9054545454545455,0.0
2296,php,allow,permit,forbid,13,0.791066507175436,0.791066507175436,0.0,0.9230769230769231,0.9230769230769231,0.0,0.8722534032875657,0.8748905342640825,-0.002637130976516744,0.9997724169321802,0.920940170940171,0.07883224599200922
2321,php,added,inserted,removed,9,0.8633400213704508,0.8633400213704508,0.0,0.8888888888888888,0.8888888888888888,0.0,0.9294716141278502,0.9331272663238075,-0.003655652195957315,0.8880208333333333,0.8880208333333333,0.0
2322,php,added,inserted,removed,6,0.7598356856515927,0.7598356856515927,0.0,0.8333333333333334,0.8333333333333334,0.0,0.887534817914365,0.893111485154688,-0.005576667240323019,0.8300000000000002,0.8300000000000002,0.0
2481,php,hidden,covered,shown,10,0.7348889200874659,0.7348889200874659,0.0,0.9090909090909091,0.9090909090909091,0.0,0.8397275248934463,0.8622446742975634,-0.022517149404117087,0.8950617283950617,0.8950617283950617,0.0
2505,php,allow,permit,forbid,8,0.5946035575013604,0.5946035575013604,0.0,0.875,0.875,0.0,0.7932760705420295,0.797422009230358,-0.0041459386883284655,0.9990234375,0.864795918367347,0.13422751913265296
2515,php,add,insert,remove,6,0.7598356856515927,0.7598356856515927,0.0,0.8333333333333334,0.8333333333333334,0.0,0.8433076593152218,0.8433076593152218,0.0,0.8300000000000002,0.8300000000000002,0.0
2533,php,added,inserted,removed,6,0.8091067115702206,0.8091067115702206,0.0,0.8333333333333334,0.8333333333333334,0.0,0.8714154461187664,0.8776792293037043,-0.006263783184937921,0.8300000000000002,0.8300000000000002,0.0
2533,php,disable,block,enable,6,0.4111336169005198,0.4111336169005198,0.0,0.8333333333333334,0.8333333333333334,0.0,0.6759560381844303,0.801156355216124,-0.12520031703169376,0.8066666666666668,0.8066666666666668,0.0
2505,php,allow,permit,forbid,8,0.5946035575013604,0.5946035575013604,0.0,0.875,0.875,0.0,0.7932760705420295,0.797422009230358,-0.0041459386883284655,0.9990234375,0.864795918367347,0.13422751913265296
2515,php,add,insert,remove,6,0.7598356856515927,0.7598356856515927,0.0,0.8333333333333334,0.8333333333333334,0.0,0.8433076593152218,0.8433076593152218,0.0,0.8300000000000002,0.8300000000000002,0.0
2547,php,add,insert,remove,5,0.6687403049764218,0.6687403049764218,0.0,0.8000000000000002,0.8000000000000002,0.0,0.8714154461187664,0.8714154461187664,0.0,0.7937500000000002,0.7937500000000002,0.0
2547,php,removed,deleted,inserted,5,0.30213753973567675,0.30213753973567675,0.0,0.8000000000000002,0.8000000000000002,0.0,0.7278866620820643,0.7281696119746189,-0.0002829498925546181,0.7500000000000001,0.7500000000000001,0.0
2552,php,added,inserted,removed,6,0.7598356856515927,0.7598356856515927,0.0,0.8333333333333334,0.8333333333333334,0.0,0.8800157917018067,0.8859165501579364,-0.0059007584561296955,0.8300000000000002,0.8300000000000002,0.0
2557,php,enable,permit,disable,5,0.3799178428257963,0.3799178428257963,0.0,0.8000000000000002,0.8000000000000002,0.0,0.6665915780408533,0.811857682588612,-0.14526610454775868,0.7500000000000001,0.7500000000000001,0.0
2569,php,add,insert,remove,11,0.9036020036098446,0.9036020036098446,0.0,0.9090909090909091,0.9090909090909091,0.0,0.9357696970634508,0.9357696970634508,0.0,0.9086363636363638,0.9086363636363638,0.0
2576,php,add,insert,remove,6,0.8091067115702206,0.8091067115702206,0.0,0.8333333333333334,0.8333333333333334,0.0,0.8758649033983275,0.8758649033983275,0.0,0.8300000000000002,0.8300000000000002,0.0
2576,php,hidden,covered,shown,6,0.4111336169005198,0.4111336169005198,0.0,0.8333333333333334,0.8333333333333334,0.0,0.7029054806346431,0.7428509972052078,-0.039945516570564665,0.8066666666666668,0.8066666666666668,0.0
2593,php,remove,delete,insert,5,0.7598356856515927,0.7598356856515927,0.0,0.8000000000000002,0.8000000000000002,0.0,0.8351454339821044,0.8063411874451919,0.028804246536912492,0.7937500000000002,0.7937500000000002,0.0
2621,php,create,build,destroy,9,0.7506238537503396,0.7506238537503396,0.0,0.8888888888888888,0.8888888888888888,0.0,0.7832712360737852,0.7874906102892552,-0.004219374215469918,0.8819444444444444,0.8819444444444444,0.0
2622,php,add,insert,remove,7,0.8633400213704508,0.8633400213704508,0.0,0.8571428571428571,0.8571428571428571,0.0,0.9122583624894098,0.9122583624894098,0.0,0.8551587301587302,0.8551587301587302,0.0
2622,php,remove,delete,insert,7,0.6606328636027612,0.6606328636027612,0.0,0.8571428571428571,0.8571428571428571,0.0,0.8165767947509596,0.7957173642798474,0.02085943047111216,0.8412698412698414,0.8412698412698414,0.0
2632,php,remove,delete,insert,5,0.6687403049764218,0.6687403049764218,0.0,0.8000000000000002,0.8000000000000002,0.0,0.7925102071841201,0.7561404537491495,0.03636975343497062,0.7937500000000002,0.7937500000000002,0.0
2897,php,add,insert,remove,9,0.8633400213704508,0.8633400213704508,0.0,0.8888888888888888,0.8888888888888888,0.0,0.8941648581963936,0.8941648581963936,0.0,0.8880208333333333,0.8880208333333333,0.0
3140,php,allow,permit,forbid,15,0.9253911813809742,0.9253911813809742,0.0,0.9333333333333333,0.9333333333333333,0.0,0.9284336833054059,0.9306499954377837,-0.002216312132377829,0.9998518518518519,0.9331632653061225,0.0666885865457294
3146,php,allow,permit,forbid,12,0.9036020036098446,0.9036020036098446,0.0,0.9166666666666666,0.9166666666666666,0.0,0.903067672405657,0.9060332717908172,-0.002965599385160167,0.9997106481481481,0.9163223140495868,0.08338833409856139
3181,php,disabled,blocked,enabled,11,0.9121679090703875,0.9121679090703875,0.0,0.9166666666666666,0.9166666666666666,0.0,0.8550972351096061,0.8864963262703912,-0.0313990911607851,0.9086363636363638,0.9086363636363638,0.0
3240,php,add,insert,remove,7,0.6580370064762461,0.6580370064762461,0.0,0.875,0.875,0.0,0.8661220185342053,0.8661220185342053,0.0,0.8412698412698414,0.8412698412698414,0.0
3277,php,remove,delete,insert,5,0.6687403049764218,0.6687403049764218,0.0,0.8000000000000002,0.8000000000000002,0.0,0.801091132431712,0.7662476305229928,0.03484350190871921,0.7937500000000002,0.7937500000000002,0.0
3281,php,add,insert,remove,8,0.7016879391277372,0.7016879391277372,0.0,0.875,0.875,0.0,0.8417784634561937,0.8417784634561937,0.0,0.864795918367347,0.864795918367347,0.0
3296,php,add,insert,remove,14,0.9306048591020994,0.9306048591020994,0.0,0.9333333333333333,0.9333333333333333,0.0,0.9463141303397119,0.9463141303397119,0.0,0.9283601014370245,0.9283601014370245,0.0
3299,php,remove,delete,insert,5,0.5000000000000001,0.5000000000000001,0.0,0.8000000000000002,0.8000000000000002,0.0,0.7376542379879422,0.7078160791267947,0.02983815886114749,0.7500000000000001,0.7500000000000001,0.0
3339,php,removed,deleted,inserted,9,0.7611606003349888,0.7611606003349888,0.0,0.8888888888888888,0.8888888888888888,0.0,0.8817267531687811,0.8789151516837941,0.0028116014849870474,0.8819444444444444,0.8819444444444444,0.0
3373,php,remove,delete,insert,4,0.6687403049764218,0.6687403049764218,0.0,0.75,0.75,0.0,0.7925102071841201,0.7561404537491495,0.03636975343497062,0.7361111111111112,0.7361111111111112,0.0
3452,php,add,insert,remove,13,0.9391044157537529,0.9391044157537529,0.0,0.9285714285714286,0.9285714285714286,0.0,0.9419853429751883,0.9419853429751883,0.0,0.9228098290598291,0.9228098290598291,0.0
3454,php,add,insert,remove,21,0.9691937043892329,0.9691937043892329,0.0,0.9565217391304348,0.9565217391304348,0.0,0.9748391928659892,0.9748391928659892,0.0,0.9523214285714285,0.9523214285714285,0.0
3477,php,allow,permit,forbid,8,0.9121679090703875,0.9121679090703875,0.0,0.8888888888888888,0.8888888888888888,0.0,0.8780249136610688,0.8817122303165614,-0.0036873166554926007,0.9990234375,0.8737244897959183,0.12529894770408168
3482,php,allow,permit,forbid,35,0.9718025939474719,0.9718025939474719,0.0,0.9722222222222222,0.9722222222222222,0.0,0.9691728931940304,0.970146413444429,-0.0009735202503985407,0.9999883381924198,0.9714162135442412,0.0285721246481786
3496,php,allow,permit,forbid,35,0.974662970996502,0.974662970996502,0.0,0.972972972972973,0.972972972972973,0.0,0.9718438300994294,0.9727341434904937,-0.000890313391064268,0.9999883381924198,0.9714162135442412,0.0285721246481786
3496,php,allows,permits,forbids,35,0.9353695731020621,0.9353695731020621,0.0,0.972972972972973,0.972972972972973,0.0,0.958221699684397,0.9591120130754515,-0.000890313391054498,0.9999883381924198,0.9713297083539298,0.02865862983848999
3549,php,adds,inserts,removes,53,0.958818508950773,0.958818508950773,0.0,0.9811320754716981,0.9811320754716981,0.0,0.9792243339394067,0.9792243339394067,0.0,0.9811041643407391,0.9811041643407391,0.0
3549,php,increases,raises,decreases,53,0.958818508950773,0.958818508950773,0.0,0.9811320754716981,0.9811320754716981,0.0,0.974686041442579,0.9846334225168696,-0.009947381074290607,0.9811041643407391,0.9811041643407391,0.0
3549,php,create,build,destroy,53,0.958818508950773,0.958818508950773,0.0,0.9811320754716981,0.9811320754716981,0.0,0.9716664633311364,0.9720311690824185,-0.0003647057512821128,0.9811041643407391,0.9811041643407391,0.0
3637,php,removed,deleted,inserted,8,0.8633400213704508,0.8633400213704508,0.0,0.875,0.875,0.0,0.9157444284382208,0.9125681985136217,0.0031762299245990944,0.8737244897959183,0.8737244897959183,0.0
3645,php,removing,deleting,inserting,11,0.8931539818068699,0.8931539818068699,0.0,0.9090909090909091,0.9090909090909091,0.0,0.9212405750307745,0.9182526588642503,0.0029879161665241627,0.9086363636363638,0.9086363636363638,0.0
3668,php,added,inserted,removed,11,0.8931539818068699,0.8931539818068699,0.0,0.9090909090909091,0.9090909090909091,0.0,0.9419853429751883,0.9450309496522159,-0.003045606677027579,0.9086363636363638,0.9086363636363638,0.0
3668,php,allow,permit,forbid,11,0.7016879391277372,0.7016879391277372,0.0,0.9090909090909091,0.9090909090909091,0.0,0.8743397073380897,0.8769357614975383,-0.0025960541594485242,0.9996243425995492,0.9054545454545455,0.09416979714500373
3708,php,remove,delete,insert,5,0.6687403049764218,0.6687403049764218,0.0,0.8000000000000002,0.8000000000000002,0.0,0.8162785543532671,0.7783848399365642,0.03789371441670297,0.7937500000000002,0.7937500000000002,0.0
3736,php,add,insert,remove,9,0.8633400213704508,0.8633400213704508,0.0,0.9,0.9,0.0,0.9234669222394319,0.9234669222394319,0.0,0.8880208333333333,0.8880208333333333,0.0
3760,php,add,insert,remove,10,0.9036020036098446,0.9036020036098446,0.0,0.9,0.9,0.0,0.9357696970634508,0.9357696970634508,0.0,0.8993827160493828,0.8993827160493828,0.0
3767,php,include,contain,exclude,10,0.9036020036098446,0.9036020036098446,0.0,0.9,0.9,0.0,0.8886951383764177,0.9674545633456433,-0.07875942496922561,0.8993827160493828,0.8993827160493828,0.0
3787,php,add,insert,remove,9,0.9121679090703875,0.9121679090703875,0.0,0.9090909090909091,0.9090909090909091,0.0,0.9419853429751883,0.9419853429751883,0.0,0.8880208333333333,0.8880208333333333,0.0
3821,php,add,insert,remove,7,0.8091067115702206,0.8091067115702206,0.0,0.8571428571428571,0.8571428571428571,0.0,0.9265920031625897,0.9265920031625897,0.0,0.8551587301587302,0.8551587301587302,0.0
3829,php,add,insert,remove,8,0.8801117367933934,0.8801117367933934,0.0,0.9,0.9,0.0,0.93460178891258,0.93460178891258,0.0,0.8737244897959183,0.8737244897959183,0.0
3830,php,add,insert,remove,9,0.9121679090703875,0.9121679090703875,0.0,0.9,0.9,0.0,0.9419853429751883,0.9419853429751883,0.0,0.8880208333333333,0.8880208333333333,0.0
3885,php,add,insert,remove,9,0.8633400213704508,0.8633400213704508,0.0,0.8888888888888888,0.8888888888888888,0.0,0.9218022950144131,0.9218022950144131,0.0,0.8880208333333333,0.8880208333333333,0.0
3928,php,hide,cover,show,7,0.4111336169005198,0.4111336169005198,0.0,0.8571428571428571,0.8571428571428571,0.0,0.8026987418475372,0.8074825238013094,-0.004783781953772159,0.9985422740524781,0.8412698412698414,0.1572724327826367
4013,php,allow,permit,forbid,7,0.8091067115702206,0.8091067115702206,0.0,0.8571428571428571,0.8571428571428571,0.0,0.875090123126401,0.8788608633371013,-0.0037707402107003407,0.9985422740524781,0.8551587301587302,0.14338354389374786
4067,php,added,inserted,removed,13,0.9121679090703875,0.9121679090703875,0.0,0.9230769230769231,0.9230769230769231,0.0,0.9526700947975982,0.9551815693154776,-0.002511474517879364,0.9228098290598291,0.9228098290598291,0.0
4072,php,add,insert,remove,5,0.7598356856515927,0.7598356856515927,0.0,0.8000000000000002,0.8000000000000002,0.0,0.8666338761469643,0.8666338761469643,0.0,0.7937500000000002,0.7937500000000002,0.0
4073,php,added,inserted,removed,10,0.7071067811865478,0.7071067811865478,0.0,0.8888888888888888,0.8888888888888888,0.0,0.8839675386284443,0.8873084180707838,-0.003340879442339406,0.8950617283950617,0.8950617283950617,0.0
4098,php,added,inserted,removed,7,0.8091067115702206,0.8091067115702206,0.0,0.875,0.875,0.0,0.905323034276437,0.9101082413093166,-0.004785207032879546,0.8551587301587302,0.8551587301587302,0.0
4098,php,enable,permit,disable,7,0.4889230224349009,0.4889230224349009,0.0,0.875,0.875,0.0,0.7749466282361019,0.8730155676821121,-0.09806893944601014,0.8412698412698414,0.8412698412698414,0.0
4100,php,added,inserted,removed,14,0.8091067115702206,0.8091067115702206,0.0,0.9333333333333333,0.9333333333333333,0.0,0.9270247728071921,0.9292344211365255,-0.002209648329333458,0.9268808114961962,0.9268808114961962,0.0
4100,php,remove,delete,insert,14,0.9193227152249183,0.9193227152249183,0.0,0.9333333333333333,0.9333333333333333,0.0,0.9420326774140336,0.9319896004937395,0.010043076920294158,0.9283601014370245,0.9283601014370245,0.0
4109,php,increase,raise,decrease,14,0.9193227152249183,0.9193227152249183,0.0,0.9285714285714286,0.9285714285714286,0.0,0.9392164565120541,0.9754493388374955,-0.03623288232544142,0.9283601014370245,0.9283601014370245,0.0
4141,php,added,inserted,removed,9,0.8633400213704508,0.8633400213704508,0.0,0.8888888888888888,0.8888888888888888,0.0,0.9077537242084869,0.9124280961329131,-0.004674371924426213,0.8880208333333333,0.8880208333333333,0.0
4249,php,remove,delete,insert,6,0.5000000000000001,0.5000000000000001,0.0,0.8333333333333334,0.8333333333333334,0.0,0.836991967882831,0.8149829064802012,0.022009061402629815,0.8066666666666668,0.8066666666666668,0.0
4256,php,created,built,destroyed,8,0.7071067811865478,0.7071067811865478,0.0,0.875,0.875,0.0,0.8000003631133474,0.8365910616008364,-0.03659069848748897,0.864795918367347,0.864795918367347,0.0
4272,php,remove,delete,insert,5,0.5000000000000001,0.5000000000000001,0.0,0.8000000000000002,0.8000000000000002,0.0,0.836991967882831,0.8185290057709814,0.018462962111849612,0.7500000000000001,0.7500000000000001,0.0
4283,php,add,insert,remove,7,0.7825422900366438,0.7825422900366438,0.0,0.8571428571428571,0.8571428571428571,0.0,0.9025239128322934,0.9025239128322934,0.0,0.8412698412698414,0.8412698412698414,0.0
4318,php,show,display,hide,14,0.9306048591020994,0.9306048591020994,0.0,0.9285714285714286,0.9285714285714286,0.0,0.9221010403811836,0.9315655709009328,-0.00946453051974927,0.9998177842565598,0.9283601014370245,0.07145768281953524
4318,php,showing,displaying,hiding,14,0.8153551038173119,0.8153551038173119,0.0,0.9285714285714286,0.9285714285714286,0.0,0.8816338370797073,0.8937272463225717,-0.012093409242864395,0.9998177842565598,0.9268808114961962,0.0729369727603636
4457,php,added,inserted,removed,14,0.9253911813809742,0.9253911813809742,0.0,0.9230769230769231,0.9230769230769231,0.0,0.9463141303397119,0.9491448073675999,-0.0028306770278879734,0.9283601014370245,0.9283601014370245,0.0
4457,php,show,display,hide,14,0.8003203203845001,0.8003203203845001,0.0,0.9230769230769231,0.9230769230769231,0.0,0.8958654457142278,0.9039462599037048,-0.008080814189477037,0.9998177842565598,0.9268808114961962,0.0729369727603636
4547,php,add,insert,remove,7,0.8091067115702206,0.8091067115702206,0.0,0.875,0.875,0.0,0.8909507813316483,0.8909507813316483,0.0,0.8551587301587302,0.8551587301587302,0.0
4569,php,adding,inserting,removing,6,0.7598356856515927,0.7598356856515927,0.0,0.8333333333333334,0.8333333333333334,0.0,0.8941648581963936,0.8994505848557789,-0.005285726659385315,0.8300000000000002,0.8300000000000002,0.0
4570,php,adding,inserting,removing,9,0.8931539818068699,0.8931539818068699,0.0,0.8888888888888888,0.8888888888888888,0.0,0.9321336121285849,0.9356608979190497,-0.003527285790464796,0.8880208333333333,0.8880208333333333,0.0
4575,php,add,insert,remove,13,0.9121679090703875,0.9121679090703875,0.0,0.9230769230769231,0.9230769230769231,0.0,0.9446625730059246,0.9446625730059246,0.0,0.9228098290598291,0.9228098290598291,0.0
4646,php,added,inserted,removed,11,0.9457416090031756,0.9457416090031756,0.0,0.9166666666666666,0.9166666666666666,0.0,0.9566604723294784,0.9589693495022256,-0.0023088771727471924,0.9086363636363638,0.9086363636363638,0.0
4660,php,added,inserted,removed,14,0.9193227152249183,0.9193227152249183,0.0,0.9285714285714286,0.9285714285714286,0.0,0.9595811687523056,0.961740685695748,-0.0021595169434424077,0.9283601014370245,0.9283601014370245,0.0
4666,php,remove,delete,insert,13,0.8003203203845001,0.8003203203845001,0.0,0.9166666666666666,0.9166666666666666,0.0,0.8967261536267442,0.88273215237832,0.013994001248424204,0.920940170940171,0.920940170940171,0.0
4729,php,add,insert,remove,6,0.7598356856515927,0.7598356856515927,0.0,0.8333333333333334,0.8333333333333334,0.0,0.9027605070881691,0.9027605070881691,0.0,0.8300000000000002,0.8300000000000002,0.0
4843,php,allow,permit,forbid,9,0.7348889200874659,0.7348889200874659,0.0,0.9,0.9,0.0,0.8678656556469574,0.8705889673993974,-0.0027233117524400052,0.9993141289437586,0.8819444444444444,0.11736968449931418
4855,php,add,insert,remove,9,0.7506238537503396,0.7506238537503396,0.0,0.875,0.875,0.0,0.8744013679917864,0.8744013679917864,0.0,0.8819444444444444,0.8819444444444444,0.0
4867,php,add,insert,remove,8,0.5000000000000001,0.5000000000000001,0.0,0.875,0.875,0.0,0.8839675386284443,0.8839675386284443,0.0,0.864795918367347,0.864795918367347,0.0
4903,php,add,insert,remove,13,0.8371170098777919,0.8371170098777919,0.0,0.9166666666666666,0.9166666666666666,0.0,0.9355136650523336,0.9355136650523336,0.0,0.920940170940171,0.920940170940171,0.0
4963,php,remove,delete,insert,6,0.5946035575013604,0.5946035575013604,0.0,0.8333333333333334,0.8333333333333334,0.0,0.8253280652458191,0.805464256180365,0.019863809065454152,0.8066666666666668,0.8066666666666668,0.0
4995,php,add,insert,remove,4,0.6687403049764218,0.6687403049764218,0.0,0.75,0.75,0.0,0.7993358792598787,0.7993358792598787,0.0,0.7361111111111112,0.7361111111111112,0.0
6263,php,disable,block,enable,5,0.6687403049764218,0.6687403049764218,0.0,0.8000000000000002,0.8000000000000002,0.0,0.7611170929183576,0.8970325583460841,-0.13591546542772648,0.7937500000000002,0.7937500000000002,0.0
6351,php,added,inserted,removed,5,0.6687403049764218,0.6687403049764218,0.0,0.8333333333333334,0.8333333333333334,0.0,0.8838972720860305,0.8896315072360379,-0.005734235150007372,0.7937500000000002,0.7937500000000002,0.0
6371,php,remove,delete,insert,4,0.35355339059327373,0.35355339059327373,0.0,0.75,0.75,0.0,0.6220005226971171,0.5703198131990701,0.05168070949804704,0.6388888888888888,0.6388888888888888,0.0
6385,php,removed,deleted,inserted,33,0.9427781070492712,0.9427781070492712,0.0,0.975609756097561,0.975609756097561,0.0,0.9668225349377628,0.9674404547080918,-0.0006179197703289896,0.9695785984848485,0.9695785984848485,0.0
6385,php,open,unlock,close,33,0.9427781070492712,0.9427781070492712,0.0,0.975609756097561,0.975609756097561,0.0,0.970329273218391,0.9712046078536022,-0.0008753346352111668,0.9695785984848485,0.9695785984848485,0.0
6449,php,added,inserted,removed,6,0.7598356856515927,0.7598356856515927,0.0,0.8333333333333334,0.8333333333333334,0.0,0.9027605070881691,0.9076618638222582,-0.004901356734089091,0.8300000000000002,0.8300000000000002,0.0
6451,php,allow,permit,forbid,6,0.8091067115702206,0.8091067115702206,0.0,0.8333333333333334,0.8333333333333334,0.0,0.8540073147570598,0.8583703189333636,-0.004363004176303753,0.9976851851851852,0.8300000000000002,0.16768518518518505
6515,php,adding,inserting,removing,13,0.8242367502646057,0.8242367502646057,0.0,0.9230769230769231,0.9230769230769231,0.0,0.9123357558678484,0.9149457776681207,-0.0026100218002722553,0.920940170940171,0.920940170940171,0.0
6515,php,removing,deleting,inserting,13,0.8003203203845001,0.8003203203845001,0.0,0.9230769230769231,0.9230769230769231,0.0,0.8937314501142769,0.8934759728185494,0.000255477295727502,0.920940170940171,0.920940170940171,0.0
6535,php,enable,permit,disable,10,0.7825422900366438,0.7825422900366438,0.0,0.9090909090909091,0.9090909090909091,0.0,0.8429801745506519,0.9096700653659252,-0.06668989081527332,0.8950617283950617,0.8950617283950617,0.0
6538,php,added,inserted,removed,17,0.9554427922043663,0.9554427922043663,0.0,0.9444444444444444,0.9444444444444444,0.0,0.9640255298615245,0.9659560323648322,-0.0019305025033077294,0.9410615808823529,0.9410615808823529,0.0
6571,php,accept,take,reject,20,0.8867047947918728,0.8867047947918728,0.0,0.9500000000000001,0.9500000000000001,0.0,0.912008829933484,0.9156342988196632,-0.003625468886179206,0.9999375,0.9494459833795015,0.050491516620498555
6621,php,add,insert,remove,10,0.9253911813809742,0.9253911813809742,0.0,0.9166666666666666,0.9166666666666666,0.0,0.9429060998699516,0.9429060998699516,0.0,0.8993827160493828,0.8993827160493828,0.0
6627,php,added,inserted,removed,12,0.791066507175436,0.791066507175436,0.0,0.9166666666666666,0.9166666666666666,0.0,0.8817153956063408,0.8851118991973251,-0.003396503590984312,0.9139118457300276,0.9139118457300276,0.0
6630,php,added,inserted,removed,9,0.8091067115702206,0.8091067115702206,0.0,0.9090909090909091,0.9090909090909091,0.0,0.8793740059910359,0.8828279631335247,-0.0034539571424888615,0.8819444444444444,0.8819444444444444,0.0
6631,php,added,inserted,removed,10,0.8091067115702206,0.8091067115702206,0.0,0.9090909090909091,0.9090909090909091,0.0,0.8921785452905246,0.8953136349463461,-0.0031350896558214325,0.8950617283950617,0.8950617283950617,0.0
6631,php,create,build,destroy,10,0.7825422900366438,0.7825422900366438,0.0,0.9090909090909091,0.9090909090909091,0.0,0.8515180128477036,0.8539587417519592,-0.002440728904255618,0.8950617283950617,0.8950617283950617,0.0
6635,php,creating,building,destroying,9,0.6580370064762461,0.6580370064762461,0.0,0.8888888888888888,0.8888888888888888,0.0,0.8406050874970196,0.8435098691695875,-0.002904781672567913,0.8819444444444444,0.8819444444444444,0.0
6695,php,add,insert,remove,7,0.8091067115702206,0.8091067115702206,0.0,0.8571428571428571,0.8571428571428571,0.0,0.8971944721340076,0.8971944721340076,0.0,0.8551587301587302,0.8551587301587302,0.0
6695,php,start,begin,stop,7,0.4111336169005198,0.4111336169005198,0.0,0.8571428571428571,0.8571428571428571,0.0,0.7796128013039779,0.8426067941014805,-0.06299399279750262,0.9985422740524781,0.8412698412698414,0.1572724327826367
6715,php,add,insert,remove,37,0.8197682880042436,0.8197682880042436,0.0,0.9,0.9,0.0,0.8868136993466845,0.8868136993466845,0.0,0.8910977092795275,0.8910977092795275,0.0
6716,php,add,insert,remove,33,0.8901732118131126,0.8901732118131126,0.0,0.9354838709677419,0.9354838709677419,0.0,0.9446925627385265,0.9446925627385265,0.0,0.9392678081543847,0.9392678081543847,0.0
6716,php,remove,delete,insert,33,0.9210500207490826,0.9210500207490826,0.0,0.967741935483871,0.967741935483871,0.0,0.9578617588478895,0.9521305508218576,0.0057312080260318865,0.9621212121212122,0.9695785984848485,-0.0074573863636363535
6717,php,add,insert,remove,9,0.8801117367933934,0.8801117367933934,0.0,0.8888888888888888,0.8888888888888888,0.0,0.9027605070881691,0.9027605070881691,0.0,0.8880208333333333,0.8880208333333333,0.0
6774,php,add,insert,remove,8,0.9121679090703875,0.9121679090703875,0.0,0.8888888888888888,0.8888888888888888,0.0,0.9400516918934219,0.9400516918934219,0.0,0.8737244897959183,0.8737244897959183,0.0
6801,php,remove,delete,insert,7,0.7348889200874659,0.7348889200874659,0.0,0.8888888888888888,0.8888888888888888,0.0,0.8817267531687811,0.8657147910345623,0.01601196213421885,0.8412698412698414,0.8412698412698414,0.0
7029,php,add,insert,remove,12,0.9036020036098446,0.9036020036098446,0.0,0.9166666666666666,0.9166666666666666,0.0,0.9250620695800289,0.9250620695800289,0.0,0.9163223140495868,0.9163223140495868,0.0
7033,php,remove,delete,insert,5,0.6687403049764218,0.6687403049764218,0.0,0.8000000000000002,0.8000000000000002,0.0,0.8592203141835495,0.8301634761193584,0.029056838064191126,0.7937500000000002,0.7937500000000002,0.0
7038,php,add,insert,remove,6,0.4111336169005198,0.4111336169005198,0.0,0.8333333333333334,0.8333333333333334,0.0,0.8002359390787713,0.8002359390787713,0.0,0.8066666666666668,0.7433333333333335,0.06333333333333324
7038,php,remove,delete,insert,6,0.8091067115702206,0.8091067115702206,0.0,0.8333333333333334,0.8333333333333334,0.0,0.8405992779776151,0.8077090325630372,0.03289024541457797,0.8300000000000002,0.8300000000000002,0.0
7173,php,remove,delete,insert,6,0.8408964152537145,0.8408964152537145,0.0,0.8571428571428571,0.8571428571428571,0.0,0.8910206335474712,0.8720616396895897,0.018958993857881468,0.8300000000000002,0.8300000000000002,0.0
7243,php,add,insert,remove,8,0.7071067811865478,0.7071067811865478,0.0,0.875,0.875,0.0,0.8861354467628915,0.8861354467628915,0.0,0.864795918367347,0.864795918367347,0.0
7243,php,remove,delete,insert,8,0.5000000000000001,0.5000000000000001,0.0,0.875,0.875,0.0,0.861625356529167,0.8458908775963898,0.01573447893277724,0.864795918367347,0.864795918367347,0.0
7264,php,created,built,destroyed,13,0.7825422900366438,0.7825422900366438,0.0,0.9230769230769231,0.9230769230769231,0.0,0.8753881089796594,0.8976548561170765,-0.022266747137417164,0.920940170940171,0.920940170940171,0.0
7265,php,show,display,hide,16,0.942615147681512,0.942615147681512,0.0,0.9375,0.9375,0.0,0.9410730692752355,0.9483620121827983,-0.007288942907562768,0.9998779296875,0.9373611111111111,0.06251681857638891
7328,php,removed,deleted,inserted,26,0.9025139799587889,0.9025139799587889,0.0,0.9615384615384616,0.9615384615384616,0.0,0.9448728188158769,0.9434594594861193,0.001413359329757613,0.9612923076923077,0.9612923076923077,0.0
7521,php,show,display,hide,7,0.5000000000000001,0.5000000000000001,0.0,0.8571428571428571,0.8571428571428571,0.0,0.8103019368958758,0.8236023430295876,-0.01330040613371175,0.9985422740524781,0.8412698412698414,0.1572724327826367
7540,php,enabled,permitted,disabled,6,0.7506238537503396,0.7506238537503396,0.0,0.8333333333333334,0.8333333333333334,0.0,0.768398212839463,0.8575949861389455,-0.0891967732994825,0.8066666666666668,0.8066666666666668,0.0
7598,php,remove,delete,insert,5,0.5946035575013604,0.5946035575013604,0.0,0.8000000000000002,0.8000000000000002,0.0,0.821059525178924,0.7969222118399657,0.0241373133389583,0.7500000000000001,0.7500000000000001,0.0
7682,php,removed,deleted,inserted,7,0.7071067811865478,0.7071067811865478,0.0,0.8571428571428571,0.8571428571428571,0.0,0.8533136636367175,0.8530823827244766,0.0002312809122408943,0.8412698412698414,0.8412698412698414,0.0
7706,php,added,inserted,removed,11,0.8931539818068699,0.8931539818068699,0.0,0.9090909090909091,0.9090909090909091,0.0,0.9410343778487991,0.9441269329611796,-0.0030925551123804906,0.9086363636363638,0.9086363636363638,0.0
7832,php,add,insert,remove,10,0.8801117367933934,0.8801117367933934,0.0,0.9090909090909091,0.9090909090909091,0.0,0.9437980663995178,0.9437980663995178,0.0,0.8993827160493828,0.8993827160493828,0.0
7873,php,remove,delete,insert,12,0.9193227152249183,0.9193227152249183,0.0,0.9166666666666666,0.9166666666666666,0.0,0.9094228434313526,0.890712174022385,0.018710669408967595,0.9163223140495868,0.9163223140495868,0.0
7901,php,add,insert,remove,5,0.7598356856515927,0.7598356856515927,0.0,0.8000000000000002,0.8000000000000002,0.0,0.9000550936954855,0.9000550936954855,0.0,0.7937500000000002,0.7937500000000002,0.0
7946,php,remove,delete,insert,4,0.5946035575013604,0.5946035575013604,0.0,0.75,0.75,0.0,0.8457028345517599,0.8189135143557542,0.02678932019600566,0.7361111111111112,0.7361111111111112,0.0
8100,php,add,insert,remove,9,0.8633400213704508,0.8633400213704508,0.0,0.875,0.875,0.0,0.9143493737971391,0.9143493737971391,0.0,0.8880208333333333,0.8880208333333333,0.0
8100,php,removed,deleted,inserted,9,0.5969491792019644,0.5969491792019644,0.0,0.875,0.875,0.0,0.821059525178924,0.8208965003576822,0.00016302482124175288,0.8819444444444444,0.8819444444444444,0.0
8117,php,remove,delete,insert,6,0.7598356856515927,0.7598356856515927,0.0,0.75,0.75,0.0,0.8801989716754471,0.859339541204335,0.02085943047111216,0.8300000000000002,0.8300000000000002,0.0
8163,php,add,insert,remove,7,0.8633400213704508,0.8633400213704508,0.0,0.8571428571428571,0.8571428571428571,0.0,0.9265920031625897,0.9265920031625897,0.0,0.8551587301587302,0.8551587301587302,0.0
8163,php,remove,delete,insert,7,0.7506238537503396,0.7506238537503396,0.0,0.8571428571428571,0.8571428571428571,0.0,0.8471940253128695,0.8265498476603099,0.020644177652559548,0.8412698412698414,0.8412698412698414,0.0
8192,php,add,insert,remove,8,0.6606328636027612,0.6606328636027612,0.0,0.875,0.875,0.0,0.8495938460306316,0.8495938460306316,0.0,0.864795918367347,0.864795918367347,0.0
8344,php,remove,delete,insert,7,0.8091067115702206,0.8091067115702206,0.0,0.8571428571428571,0.8571428571428571,0.0,0.877148579090171,0.8517846441145541,0.025363934975616842,0.8551587301587302,0.8551587301587302,0.0
8391,php,remove,delete,insert,12,0.9036020036098446,0.9036020036098446,0.0,0.9166666666666666,0.9166666666666666,0.0,0.9058920708529609,0.8864532010729359,0.01943886978002496,0.9163223140495868,0.9163223140495868,0.0
8405,php,adds,inserts,removes,17,0.8578928092681432,0.8578928092681432,0.0,0.9411764705882353,0.9411764705882353,0.0,0.9416805697847876,0.9416805697847876,0.0,0.9402573529411764,0.9402573529411764,0.0
125,py,add,insert,remove,10,0.7348889200874659,0.7348889200874659,0.0,0.8888888888888888,0.8888888888888888,0.0,0.85996731363643,0.85996731363643,0.0,0.8950617283950617,0.8950617283950617,0.0
219,py,create,build,destroy,13,0.8423626743789753,0.8423626743789753,0.0,0.9166666666666666,0.9166666666666666,0.0,0.8961381436053812,0.8977064093439333,-0.001568265738552066,0.920940170940171,0.920940170940171,0.0
286,py,create,build,destroy,10,0.7071067811865478,0.7071067811865478,0.0,0.8571428571428571,0.8571428571428571,0.0,0.7865094573301254,0.7904415445565306,-0.003932087226405145,0.8950617283950617,0.8950617283950617,0.0
633,py,added,inserted,removed,12,0.9036020036098446,0.9036020036098446,0.0,0.9090909090909091,0.9090909090909091,0.0,0.9500414507642827,0.9526854600716823,-0.0026440093073996085,0.9163223140495868,0.9163223140495868,0.0
647,py,added,inserted,removed,9,0.8633400213704508,0.8633400213704508,0.0,0.8571428571428571,0.8571428571428571,0.0,0.9100625133509016,0.9146310134436655,-0.004568500092763883,0.8880208333333333,0.8880208333333333,0.0
652,py,add,insert,remove,18,0.9391044157537529,0.9391044157537529,0.0,0.9411764705882353,0.9411764705882353,0.0,0.9429060998699516,0.9429060998699516,0.0,0.9443483275663207,0.9443483275663207,0.0
751,py,start,begin,stop,11,0.7016879391277372,0.7016879391277372,0.0,0.9,0.9,0.0,0.833519745660609,0.8814107825675199,-0.04789103690691088,0.9996243425995492,0.9054545454545455,0.09416979714500373
877,py,allow,permit,forbid,8,0.8408964152537145,0.8408964152537145,0.0,0.875,0.875,0.0,0.890845349110799,0.8941654028274745,-0.0033200537166754307,0.9990234375,0.8737244897959183,0.12529894770408168
1133,py,add,insert,remove,8,0.8408964152537145,0.8408964152537145,0.0,0.8571428571428571,0.8571428571428571,0.0,0.887534817914365,0.887534817914365,0.0,0.8737244897959183,0.8737244897959183,0.0
1170,py,add,insert,remove,17,0.9351334836242394,0.9351334836242394,0.0,0.9,0.9,0.0,0.937984584301088,0.937984584301088,0.0,0.9410615808823529,0.9410615808823529,0.0
1216,py,open,unlock,close,12,0.7348889200874659,0.7348889200874659,0.0,0.9,0.9,0.0,0.8744019337255569,0.8777181191490842,-0.003316185423527296,0.9139118457300276,0.9139118457300276,0.0
1229,py,add,insert,remove,9,0.8633400213704508,0.8633400213704508,0.0,0.8888888888888888,0.8888888888888888,0.0,0.9143493737971391,0.9143493737971391,0.0,0.8880208333333333,0.8880208333333333,0.0
1284,py,allow,permit,forbid,6,0.7598356856515927,0.7598356856515927,0.0,0.8333333333333334,0.8333333333333334,0.0,0.8405431165563649,0.8452779687525976,-0.004734852196232708,0.9976851851851852,0.8300000000000002,0.16768518518518505
1446,py,add,insert,remove,11,0.8931539818068699,0.8931539818068699,0.0,0.8888888888888888,0.8888888888888888,0.0,0.9100625133509016,0.9100625133509016,0.0,0.9086363636363638,0.9086363636363638,0.0
1898,py,add,insert,remove,9,0.8633400213704508,0.8633400213704508,0.0,0.8571428571428571,0.8571428571428571,0.0,0.9100625133509016,0.9100625133509016,0.0,0.8880208333333333,0.8880208333333333,0.0
2199,py,add,insert,remove,8,0.8408964152537145,0.8408964152537145,0.0,0.8571428571428571,0.8571428571428571,0.0,0.8838972720860305,0.8838972720860305,0.0,0.8737244897959183,0.8737244897959183,0.0
2204,py,removes,deletes,inserts,8,0.8408964152537145,0.8408964152537145,0.0,0.875,0.875,0.0,0.8739384874654451,0.8479131768284528,0.026025310636992316,0.8737244897959183,0.8737244897959183,0.0
2400,py,allowed,permitted,forbade,7,0.8091067115702206,0.8091067115702206,0.0,0.8571428571428571,0.8571428571428571,0.0,0.8709075058630308,0.8461903217788073,0.02471718408422352,0.9985422740524781,0.8551587301587302,0.14338354389374786
2431,py,add,insert,remove,6,0.7598356856515927,0.7598356856515927,0.0,0.8333333333333334,0.8333333333333334,0.0,0.8909507813316483,0.8909507813316483,0.0,0.8300000000000002,0.8300000000000002,0.0
2701,py,remove,delete,insert,13,0.6703420896351792,0.6703420896351792,0.0,0.8461538461538461,0.8461538461538461,0.0,0.8042310450617894,0.7747712233574542,0.029459821704335254,0.8436109345200256,0.8436109345200256,0.0
2760,py,add,insert,remove,10,0.9193227152249183,0.9193227152249183,0.0,0.9090909090909091,0.9090909090909091,0.0,0.9400516918934219,0.9400516918934219,0.0,0.8993827160493828,0.8993827160493828,0.0
2820,py,allow,permit,forbid,10,0.8801117367933934,0.8801117367933934,0.0,0.9,0.9,0.0,0.8834987641741082,0.8870298384379456,-0.0035310742638373638,0.9995,0.8993827160493828,0.10011728395061725
2832,py,adds,inserts,removes,18,0.9457416090031756,0.9457416090031756,0.0,0.9444444444444444,0.9444444444444444,0.0,0.9586523651490754,0.9586523651490754,0.0,0.9443483275663207,0.9443483275663207,0.0
2832,py,allow,permit,forbid,18,0.8578928092681432,0.8578928092681432,0.0,0.9444444444444444,0.9444444444444444,0.0,0.9107652525659405,0.9126337129853747,-0.0018684604194341148,0.9999142661179699,0.943675509419454,0.05623875669851586
2997,py,add,insert,remove,8,0.8408964152537145,0.8408964152537145,0.0,0.875,0.875,0.0,0.9100625133509016,0.9100625133509016,0.0,0.8737244897959183,0.8737244897959183,0.0
3086,py,add,insert,remove,10,0.9036020036098446,0.9036020036098446,0.0,0.8571428571428571,0.8571428571428571,0.0,0.9100625133509016,0.9100625133509016,0.0,0.8993827160493828,0.8993827160493828,0.0
3132,py,add,insert,remove,16,0.8394327083733333,0.8394327083733333,0.0,0.9090909090909091,0.9090909090909091,0.0,0.8940527365109052,0.8940527365109052,0.0,0.9363888888888889,0.9363888888888889,0.0
3206,py,added,inserted,removed,11,0.7016879391277372,0.7016879391277372,0.0,0.9,0.9,0.0,0.8839675386284443,0.8873084180707838,-0.003340879442339406,0.9054545454545455,0.896818181818182,0.008636363636363553
3206,py,removed,deleted,inserted,11,0.8931539818068699,0.8931539818068699,0.0,0.9,0.9,0.0,0.9076912416997509,0.9072631631310802,0.0004280785686706645,0.9086363636363638,0.9086363636363638,0.0
3257,py,added,inserted,removed,12,0.9036020036098446,0.9036020036098446,0.0,0.9090909090909091,0.9090909090909091,0.0,0.9390356697283885,0.942226584343431,-0.003190914615042506,0.9163223140495868,0.9163223140495868,0.0
3422,py,added,inserted,removed,12,0.9036020036098446,0.9036020036098446,0.0,0.9090909090909091,0.9090909090909091,0.0,0.9294716141278502,0.9331272663238075,-0.003655652195957315,0.9163223140495868,0.9163223140495868,0.0
3699,py,adding,inserting,removing,13,0.8282477531331043,0.8282477531331043,0.0,0.9166666666666666,0.9166666666666666,0.0,0.9158121869339767,0.9137010066822613,0.0021111802517154166,0.920940170940171,0.920940170940171,0.0
4111,py,add,insert,remove,8,0.8801117367933934,0.8801117367933934,0.0,0.8571428571428571,0.8571428571428571,0.0,0.9182455882133006,0.9182455882133006,0.0,0.8737244897959183,0.8737244897959183,0.0
4193,py,adding,inserting,removing,6,0.7598356856515927,0.7598356856515927,0.0,0.8000000000000002,0.8000000000000002,0.0,0.8838972720860305,0.8896315072360379,-0.005734235150007372,0.8300000000000002,0.8300000000000002,0.0
4378,py,add,insert,remove,12,0.9036020036098446,0.9036020036098446,0.0,0.8888888888888888,0.8888888888888888,0.0,0.9357696970634508,0.9357696970634508,0.0,0.9163223140495868,0.9163223140495868,0.0
4378,py,enable,permit,disable,12,0.7348889200874659,0.7348889200874659,0.0,0.8888888888888888,0.8888888888888888,0.0,0.8486267040690675,0.9145983392704102,-0.06597163520134275,0.9139118457300276,0.9139118457300276,0.0
4605,py,creating,building,destroying,9,0.7016879391277372,0.7016879391277372,0.0,0.9,0.9,0.0,0.8297351562695883,0.8328967743936789,-0.0031616181240906593,0.8819444444444444,0.8819444444444444,0.0
4793,py,add,insert,remove,10,0.7071067811865478,0.7071067811865478,0.0,0.8571428571428571,0.8571428571428571,0.0,0.8284004556432074,0.8284004556432074,0.0,0.8950617283950617,0.8950617283950617,0.0
4923,py,added,inserted,removed,12,0.9036020036098446,0.9036020036098446,0.0,0.9090909090909091,0.9090909090909091,0.0,0.9234669222394319,0.9274093326231595,-0.003942410383727557,0.9163223140495868,0.9163223140495868,0.0
4960,py,add,insert,remove,8,0.8408964152537145,0.8408964152537145,0.0,0.8571428571428571,0.8571428571428571,0.0,0.8971944721340076,0.8971944721340076,0.0,0.8737244897959183,0.8737244897959183,0.0
5336,py,add,insert,remove,13,0.9253911813809742,0.9253911813809742,0.0,0.9090909090909091,0.9090909090909091,0.0,0.9308282416881526,0.9308282416881526,0.0,0.9228098290598291,0.9228098290598291,0.0
5338,py,added,inserted,removed,10,0.82651681837938,0.82651681837938,0.0,0.9,0.9,0.0,0.914666217035018,0.9181935668056912,-0.0035273497706731494,0.8950617283950617,0.8950617283950617,0.0
5509,py,open,unlock,close,13,0.791066507175436,0.791066507175436,0.0,0.8888888888888888,0.8888888888888888,0.0,0.8611064201033442,0.8647137713080746,-0.0036073512047304357,0.920940170940171,0.920940170940171,0.0
5510,py,show,display,hide,11,0.5266403878479267,0.5266403878479267,0.0,0.8000000000000002,0.8000000000000002,0.0,0.7179687523836762,0.7356764059308584,-0.01770765354718218,0.9996243425995492,0.8030303030303031,0.19659403956924615
5668,py,disabled,blocked,enabled,10,0.7348889200874659,0.7348889200874659,0.0,0.8888888888888888,0.8888888888888888,0.0,0.8694458263227648,0.9112323073652884,-0.04178648104252358,0.8950617283950617,0.8950617283950617,0.0
5913,py,add,insert,remove,17,0.8482198619370465,0.8482198619370465,0.0,0.9166666666666666,0.9166666666666666,0.0,0.9225862894986627,0.9225862894986627,0.0,0.9402573529411764,0.9402573529411764,0.0
6191,py,add,insert,remove,9,0.8633400213704508,0.8633400213704508,0.0,0.875,0.875,0.0,0.8559129452216446,0.8559129452216446,0.0,0.8880208333333333,0.8880208333333333,0.0
6194,py,added,inserted,removed,24,0.9554427922043663,0.9554427922043663,0.0,0.9473684210526315,0.9473684210526315,0.0,0.9687159839760747,0.9704025217339669,-0.0016865377578921814,0.9582939508506617,0.9582939508506617,0.0
6194,py,removed,deleted,inserted,24,0.8843865924896839,0.8843865924896839,0.0,0.9473684210526315,0.9473684210526315,0.0,0.9356851820137031,0.9354758249935091,0.00020935702019397873,0.9580182734719597,0.9580182734719597,0.0
6240,py,add,insert,remove,15,0.9253911813809742,0.9253911813809742,0.0,0.8888888888888888,0.8888888888888888,0.0,0.9308282416881526,0.9308282416881526,0.0,0.9331632653061225,0.9331632653061225,0.0
6240,py,remove,delete,insert,15,0.8003203203845001,0.8003203203845001,0.0,0.8888888888888888,0.8888888888888888,0.0,0.8561931027316051,0.8398406527046663,0.016352450026938747,0.9319727891156462,0.9319727891156462,0.0
6302,py,increase,raise,decrease,10,0.8801117367933934,0.8801117367933934,0.0,0.9,0.9,0.0,0.8989051523648999,0.9618643754677791,-0.06295922310287927,0.8993827160493828,0.8993827160493828,0.0
6533,py,add,insert,remove,12,0.9036020036098446,0.9036020036098446,0.0,0.9,0.9,0.0,0.9218022950144131,0.9218022950144131,0.0,0.9163223140495868,0.9163223140495868,0.0
6533,py,created,built,destroyed,12,0.7348889200874659,0.7348889200874659,0.0,0.9,0.9,0.0,0.8000003631133474,0.8365910616008364,-0.03659069848748897,0.9139118457300276,0.9139118457300276,0.0
6646,py,add,insert,remove,11,0.8931539818068699,0.8931539818068699,0.0,0.9090909090909091,0.9090909090909091,0.0,0.9368965870588671,0.9368965870588671,0.0,0.9086363636363638,0.9086363636363638,0.0
6692,py,added,inserted,removed,9,0.8633400213704508,0.8633400213704508,0.0,0.8571428571428571,0.8571428571428571,0.0,0.9200635408501847,0.9241667563333131,-0.0041032154831284195,0.8880208333333333,0.8880208333333333,0.0
6711,py,added,inserted,removed,21,0.7242447986095323,0.7242447986095323,0.0,0.8571428571428571,0.8571428571428571,0.0,0.8497336175168982,0.8539113766416594,-0.004177759124761149,0.9029811370531593,0.9029811370531593,0.0
7349,py,allowing,permitting,forbidding,13,0.7611606003349888,0.7611606003349888,0.0,0.9166666666666666,0.9166666666666666,0.0,0.8671922465747454,0.8698631874838787,-0.0026709409091333347,0.9997724169321802,0.920940170940171,0.07883224599200922
7573,py,start,begin,stop,12,0.9036020036098446,0.9036020036098446,0.0,0.9166666666666666,0.9166666666666666,0.0,0.912966650660443,0.9245644801457493,-0.011597829485306299,0.9997106481481481,0.9163223140495868,0.08338833409856139
7684,py,add,insert,remove,16,0.9306048591020994,0.9306048591020994,0.0,0.9285714285714286,0.9285714285714286,0.0,0.9550358280737095,0.9550358280737095,0.0,0.9373611111111111,0.9373611111111111,0.0
8029,py,add,insert,remove,17,0.942615147681512,0.942615147681512,0.0,0.9285714285714286,0.9285714285714286,0.0,0.9410343778487991,0.9410343778487991,0.0,0.9410615808823529,0.9410615808823529,0.0
8029,py,create,build,destroy,17,0.8492326635760686,0.8492326635760686,0.0,0.9285714285714286,0.9285714285714286,0.0,0.8614410986332214,0.863677271869202,-0.0022361732359805764,0.9402573529411764,0.9402573529411764,0.0
8465,py,added,inserted,removed,8,0.8408964152537145,0.8408964152537145,0.0,0.875,0.875,0.0,0.9027605070881691,0.9076618638222582,-0.004901356734089091,0.8737244897959183,0.8737244897959183,0.0
8745,py,add,insert,remove,6,0.7598356856515927,0.7598356856515927,0.0,0.8333333333333334,0.8333333333333334,0.0,0.887534817914365,0.887534817914365,0.0,0.8300000000000002,0.8300000000000002,0.0
8874,py,added,inserted,removed,12,0.8153551038173119,0.8153551038173119,0.0,0.9285714285714286,0.9285714285714286,0.0,0.9055446077406247,0.9083346803638641,-0.0027900726232393813,0.9139118457300276,0.9139118457300276,0.0
9073,py,add,insert,remove,11,0.8003203203845001,0.8003203203845001,0.0,0.9,0.9,0.0,0.8839675386284443,0.8839675386284443,0.0,0.9054545454545455,0.9054545454545455,0.0
9181,py,enabling,permitting,disabling,14,0.7825422900366438,0.7825422900366438,0.0,0.9090909090909091,0.9090909090909091,0.0,0.8604632251370242,0.9145983392704102,-0.05413511413338601,0.9268808114961962,0.9268808114961962,0.0
9194,py,allow,permit,forbid,13,0.9121679090703875,0.9121679090703875,0.0,0.9230769230769231,0.9230769230769231,0.0,0.9207988391480413,0.9232426320388119,-0.0024437928907705686,0.9997724169321802,0.9228098290598291,0.07696258787235111
9297,py,add,insert,remove,9,0.7016879391277372,0.7016879391277372,0.0,0.875,0.875,0.0,0.8661220185342053,0.8661220185342053,0.0,0.8819444444444444,0.8819444444444444,0.0
9297,py,remove,delete,insert,9,0.7419446627365011,0.7419446627365011,0.0,0.875,0.875,0.0,0.836991967882831,0.8220012279932035,0.014990739889627513,0.8819444444444444,0.8819444444444444,0.0
9401,py,adds,inserts,removes,9,0.8931539818068699,0.8931539818068699,0.0,0.875,0.875,0.0,0.905323034276437,0.905323034276437,0.0,0.8880208333333333,0.8880208333333333,0.0
9655,py,add,insert,remove,15,0.8282477531331043,0.8282477531331043,0.0,0.9,0.9,0.0,0.8769379520461762,0.8769379520461762,0.0,0.9319727891156462,0.9319727891156462,0.0
10135,py,add,insert,remove,9,0.8931539818068699,0.8931539818068699,0.0,0.875,0.875,0.0,0.905323034276437,0.905323034276437,0.0,0.8880208333333333,0.8880208333333333,0.0
10392,py,add,insert,remove,5,0.6687403049764218,0.6687403049764218,0.0,0.8000000000000002,0.8000000000000002,0.0,0.8909507813316483,0.8909507813316483,0.0,0.7937500000000002,0.7937500000000002,0.0
10450,py,add,insert,remove,11,0.9121679090703875,0.9121679090703875,0.0,0.875,0.875,0.0,0.905323034276437,0.905323034276437,0.0,0.9086363636363638,0.9086363636363638,0.0
10490,py,add,insert,remove,9,0.8931539818068699,0.8931539818068699,0.0,0.9,0.9,0.0,0.9265920031625897,0.9265920031625897,0.0,0.8880208333333333,0.8880208333333333,0.0
10737,py,disable,block,enable,14,0.7825422900366438,0.7825422900366438,0.0,0.9090909090909091,0.9090909090909091,0.0,0.8229809147525047,0.8911631903116247,-0.06818227555912004,0.9268808114961962,0.9268808114961962,0.0
10825,py,added,inserted,removed,8,0.8801117367933934,0.8801117367933934,0.0,0.875,0.875,0.0,0.9218022950144131,0.9258235129543767,-0.004021217939963573,0.8737244897959183,0.8737244897959183,0.0
11069,py,added,inserted,removed,9,0.8633400213704508,0.8633400213704508,0.0,0.8571428571428571,0.8571428571428571,0.0,0.8971944721340076,0.9023456466744161,-0.005151174540408476,0.8880208333333333,0.8880208333333333,0.0
11615,py,add,insert,remove,16,0.9306048591020994,0.9306048591020994,0.0,0.9375,0.9375,0.0,0.9500414507642827,0.9500414507642827,0.0,0.9373611111111111,0.9373611111111111,0.0
11781,py,added,inserted,removed,25,0.9573479717381593,0.9573479717381593,0.0,0.9545454545454546,0.9545454545454546,0.0,0.9716707457191369,0.9732024025547257,-0.0015316568355887572,0.9599652777777777,0.9599652777777777,0.0
12098,py,add,insert,remove,10,0.8801117367933934,0.8801117367933934,0.0,0.9,0.9,0.0,0.9437980663995178,0.9437980663995178,0.0,0.8993827160493828,0.8993827160493828,0.0
12145,py,added,inserted,removed,8,0.8408964152537145,0.8408964152537145,0.0,0.875,0.875,0.0,0.9218022950144131,0.9258235129543767,-0.004021217939963573,0.8737244897959183,0.8737244897959183,0.0
12878,py,disable,block,enable,7,0.8091067115702206,0.8091067115702206,0.0,0.8333333333333334,0.8333333333333334,0.0,0.8105189297622846,0.9181644146495249,-0.10764548488724035,0.8551587301587302,0.8551587301587302,0.0
13127,py,allow,permit,forbid,11,0.8931539818068699,0.8931539818068699,0.0,0.8888888888888888,0.8888888888888888,0.0,0.8973193544411339,0.9004521869638283,-0.003132832522694473,0.9996243425995492,0.9086363636363638,0.09098797896318545
13368,py,allow,permit,forbid,11,0.8153551038173119,0.8153551038173119,0.0,0.9,0.9,0.0,0.8678656556469574,0.8705889673993974,-0.0027233117524400052,0.9996243425995492,0.9054545454545455,0.09416979714500373
13578,py,allow,permit,forbid,14,0.9193227152249183,0.9193227152249183,0.0,0.875,0.875,0.0,0.8885017890182434,0.891889323554205,-0.003387534535961634,0.9998177842565598,0.9283601014370245,0.07145768281953524
14280,py,add,insert,remove,13,0.9121679090703875,0.9121679090703875,0.0,0.9166666666666666,0.9166666666666666,0.0,0.93460178891258,0.93460178891258,0.0,0.9228098290598291,0.9228098290598291,0.0
14316,py,added,inserted,removed,21,0.9607071390340023,0.9607071390340023,0.0,0.9444444444444444,0.9444444444444444,0.0,0.9566604723294784,0.9589693495022256,-0.0023088771727471924,0.9523214285714285,0.9523214285714285,0.0
14322,py,remove,delete,insert,12,0.7348889200874659,0.7348889200874659,0.0,0.9,0.9,0.0,0.8836052339250052,0.8678457970433117,0.015759436881693567,0.9139118457300276,0.9139118457300276,0.0
14336,py,adding,inserting,removing,8,0.6580370064762461,0.6580370064762461,0.0,0.8888888888888888,0.8888888888888888,0.0,0.8817153956063408,0.8851118991973251,-0.003396503590984312,0.864795918367347,0.864795918367347,0.0
14444,py,adding,inserting,removing,13,0.9121679090703875,0.9121679090703875,0.0,0.9230769230769231,0.9230769230769231,0.0,0.9561321337151949,0.9584679326182843,-0.0023357989030894366,0.9228098290598291,0.9228098290598291,0.0
14444,py,increasing,raising,decreasing,13,0.6262844962765469,0.6262844962765469,0.0,0.8461538461538461,0.8461538461538461,0.0,0.8143210595758383,0.888643140024636,-0.07432208044879762,0.8375715193897013,0.8064208518753975,0.031150667514303843
14610,py,add,insert,remove,9,0.8633400213704508,0.8633400213704508,0.0,0.8571428571428571,0.8571428571428571,0.0,0.8971944721340076,0.8971944721340076,0.0,0.8880208333333333,0.8880208333333333,0.0
14660,py,allow,permit,forbid,13,0.9121679090703875,0.9121679090703875,0.0,0.8888888888888888,0.8888888888888888,0.0,0.9242617815360432,0.9266026056059822,-0.0023408240699389626,0.9997724169321802,0.9228098290598291,0.07696258787235111
15176,py,added,inserted,removed,9,0.6606328636027612,0.6606328636027612,0.0,0.8571428571428571,0.8571428571428571,0.0,0.856672451554725,0.8606636145222061,-0.003991162967481032,0.8819444444444444,0.8819444444444444,0.0
15206,py,enable,permit,disable,20,0.9457416090031756,0.9457416090031756,0.0,0.9230769230769231,0.9230769230769231,0.0,0.9159316954875001,0.9684172041759976,-0.05248550868849755,0.9499307479224378,0.9499307479224378,0.0
16386,py,add,insert,remove,10,0.9036020036098446,0.9036020036098446,0.0,0.9,0.9,0.0,0.9321336121285849,0.9321336121285849,0.0,0.8993827160493828,0.8993827160493828,0.0
17624,py,add,insert,remove,10,0.9036020036098446,0.9036020036098446,0.0,0.9,0.9,0.0,0.9357696970634508,0.9357696970634508,0.0,0.8993827160493828,0.8993827160493828,0.0
18020,py,removed,deleted,inserted,15,0.9253911813809742,0.9253911813809742,0.0,0.9230769230769231,0.9230769230769231,0.0,0.9249137690211051,0.924533332981536,0.0003804360395691653,0.9331632653061225,0.9331632653061225,0.0
18025,py,add,insert,remove,7,0.9121679090703875,0.9121679090703875,0.0,0.875,0.875,0.0,0.93460178891258,0.93460178891258,0.0,0.8551587301587302,0.8551587301587302,0.0
18068,py,added,inserted,removed,13,0.8003203203845001,0.8003203203845001,0.0,0.9230769230769231,0.9230769230769231,0.0,0.9055446077406247,0.9083346803638641,-0.0027900726232393813,0.920940170940171,0.920940170940171,0.0
18087,py,enable,permit,disable,13,0.9121679090703875,0.9121679090703875,0.0,0.9,0.9,0.0,0.9033928133720868,0.9637274806012083,-0.06033466722912151,0.9228098290598291,0.9228098290598291,0.0
18706,py,added,inserted,removed,11,0.8931539818068699,0.8931539818068699,0.0,0.9,0.9,0.0,0.9368965870588671,0.9401922956117887,-0.0032957085529216057,0.9086363636363638,0.9086363636363638,0.0
19003,py,add,insert,remove,8,0.8408964152537145,0.8408964152537145,0.0,0.8333333333333334,0.8333333333333334,0.0,0.8838972720860305,0.8838972720860305,0.0,0.8737244897959183,0.8737244897959183,0.0
19394,py,added,inserted,removed,20,0.8578928092681432,0.8578928092681432,0.0,0.9444444444444444,0.9444444444444444,0.0,0.9303585013531953,0.9324752049263464,-0.0021167035731510797,0.9494459833795015,0.9494459833795015,0.0
19650,py,add,insert,remove,13,0.9121679090703875,0.9121679090703875,0.0,0.9090909090909091,0.9090909090909091,0.0,0.9368965870588671,0.9368965870588671,0.0,0.9228098290598291,0.9228098290598291,0.0
20170,py,adds,inserts,removes,9,0.8931539818068699,0.8931539818068699,0.0,0.875,0.875,0.0,0.9163428914177503,0.9163428914177503,0.0,0.8880208333333333,0.8880208333333333,0.0
20205,py,add,insert,remove,11,0.8931539818068699,0.8931539818068699,0.0,0.9,0.9,0.0,0.8941648581963936,0.8941648581963936,0.0,0.9086363636363638,0.9086363636363638,0.0
21128,py,remove,delete,insert,12,0.9036020036098446,0.9036020036098446,0.0,0.9090909090909091,0.9090909090909091,0.0,0.9185852278350752,0.9044968794306465,0.014088348404428741,0.9163223140495868,0.9163223140495868,0.0
21259,py,added,inserted,removed,8,0.8408964152537145,0.8408964152537145,0.0,0.875,0.875,0.0,0.9182455882133006,0.9224341868647925,-0.004188598651491904,0.8737244897959183,0.8737244897959183,0.0
21363,py,allow,permit,forbid,18,0.8394327083733333,0.8394327083733333,0.0,0.9285714285714286,0.9285714285714286,0.0,0.9052742579498553,0.9072536720844611,-0.0019794141346057836,0.9999142661179699,0.943675509419454,0.05623875669851586
21490,py,allow,permit,forbid,11,0.9253911813809742,0.9253911813809742,0.0,0.9230769230769231,0.9230769230769231,0.0,0.9128264746832921,0.9155060032852702,-0.002679528601978065,0.9996243425995492,0.9086363636363638,0.09098797896318545
22281,py,show,display,hide,6,0.7598356856515927,0.7598356856515927,0.0,0.8333333333333334,0.8333333333333334,0.0,0.8352163752116111,0.8541722687699701,-0.018955893558359027,0.9976851851851852,0.8300000000000002,0.16768518518518505
22425,py,add,insert,remove,13,0.9121679090703875,0.9121679090703875,0.0,0.9230769230769231,0.9230769230769231,0.0,0.937984584301088,0.937984584301088,0.0,0.9228098290598291,0.9228098290598291,0.0
22454,py,enabled,permitted,disabled,11,0.9121679090703875,0.9121679090703875,0.0,0.9090909090909091,0.9090909090909091,0.0,0.8720565621985785,0.9096700653659252,-0.037613503167346685,0.9086363636363638,0.9086363636363638,0.0
22680,py,add,insert,remove,10,0.8801117367933934,0.8801117367933934,0.0,0.9,0.9,0.0,0.9368965870588671,0.9368965870588671,0.0,0.8993827160493828,0.8993827160493828,0.0
22823,py,add,insert,remove,12,0.8371170098777919,0.8371170098777919,0.0,0.9090909090909091,0.9090909090909091,0.0,0.888223763053059,0.888223763053059,0.0,0.9139118457300276,0.9139118457300276,0.0
23059,py,added,inserted,removed,10,0.82651681837938,0.82651681837938,0.0,0.875,0.875,0.0,0.8688890696419505,0.8729402170411873,-0.004051147399236843,0.8950617283950617,0.8950617283950617,0.0
23349,py,allow,permit,forbid,12,0.7825422900366438,0.7825422900366438,0.0,0.9166666666666666,0.9166666666666666,0.0,0.8855534137838517,0.8879275829276394,-0.002374169143787741,0.9997106481481481,0.9139118457300276,0.08579880241812055
23451,py,add,insert,remove,10,0.8801117367933934,0.8801117367933934,0.0,0.9,0.9,0.0,0.9250620695800289,0.9250620695800289,0.0,0.8993827160493828,0.8993827160493828,0.0
23762,py,create,build,destroy,11,0.8931539818068699,0.8931539818068699,0.0,0.9090909090909091,0.9090909090909091,0.0,0.9004291188243897,0.9080424923478871,-0.0076133735234974464,0.9086363636363638,0.9086363636363638,0.0
24501,py,add,insert,remove,8,0.8801117367933934,0.8801117367933934,0.0,0.8888888888888888,0.8888888888888888,0.0,0.9265920031625897,0.9265920031625897,0.0,0.8737244897959183,0.8737244897959183,0.0
25384,py,add,insert,remove,16,0.9306048591020994,0.9306048591020994,0.0,0.9285714285714286,0.9285714285714286,0.0,0.9463141303397119,0.9463141303397119,0.0,0.9373611111111111,0.9373611111111111,0.0
25439,py,add,insert,remove,11,0.8931539818068699,0.8931539818068699,0.0,0.9090909090909091,0.9090909090909091,0.0,0.9265920031625897,0.9265920031625897,0.0,0.9086363636363638,0.9086363636363638,0.0
25465,py,add,insert,remove,7,0.4889230224349009,0.4889230224349009,0.0,0.8333333333333334,0.8333333333333334,0.0,0.8417784634561937,0.8417784634561937,0.0,0.8412698412698414,0.8412698412698414,0.0
25648,py,add,insert,remove,12,0.7691605673134587,0.7691605673134587,0.0,0.8888888888888888,0.8888888888888888,0.0,0.8179919748384399,0.8179919748384399,0.0,0.9139118457300276,0.9139118457300276,0.0
25885,py,adding,inserting,removing,10,0.8801117367933934,0.8801117367933934,0.0,0.8888888888888888,0.8888888888888888,0.0,0.9294716141278502,0.9331272663238075,-0.003655652195957315,0.8993827160493828,0.8993827160493828,0.0
25950,py,allow,permit,forbid,9,0.8633400213704508,0.8633400213704508,0.0,0.8888888888888888,0.8888888888888888,0.0,0.8860552443351354,0.8895130597303291,-0.003457815395193742,0.9993141289437586,0.8880208333333333,0.11129329561042534
26147,py,accept,take,reject,14,0.8153551038173119,0.8153551038173119,0.0,0.9166666666666666,0.9166666666666666,0.0,0.9040559316012239,0.9080548668684356,-0.003998935267211734,0.9998177842565598,0.9268808114961962,0.0729369727603636
26701,py,include,contain,exclude,12,0.7691605673134587,0.7691605673134587,0.0,0.9166666666666666,0.9166666666666666,0.0,0.8550950014158318,0.9260005904062215,-0.07090558899038968,0.9139118457300276,0.9139118457300276,0.0
28286,py,added,inserted,removed,15,0.9253911813809742,0.9253911813809742,0.0,0.9166666666666666,0.9166666666666666,0.0,0.9493379986648393,0.9520173508573891,-0.0026793521925498887,0.9331632653061225,0.9331632653061225,0.0
28632,py,create,build,destroy,11,0.8931539818068699,0.8931539818068699,0.0,0.9090909090909091,0.9090909090909091,0.0,0.8968855568577638,0.8989991838180303,-0.0021136269602665125,0.9086363636363638,0.9086363636363638,0.0
29013,py,add,insert,remove,7,0.8091067115702206,0.8091067115702206,0.0,0.8000000000000002,0.8000000000000002,0.0,0.8758649033983275,0.8758649033983275,0.0,0.8551587301587302,0.8551587301587302,0.0
29064,py,add,insert,remove,19,0.9485438370694514,0.9485438370694514,0.0,0.9473684210526315,0.9473684210526315,0.0,0.9654085894899374,0.9654085894899374,0.0,0.9472871994801819,0.9472871994801819,0.0
29064,py,remove,delete,insert,19,0.865603055254171,0.865603055254171,0.0,0.9473684210526315,0.9473684210526315,0.0,0.9288164172454132,0.920724276633595,0.008092140611818177,0.9467186484730344,0.9467186484730344,0.0
29548,py,adding,inserting,removing,11,0.8931539818068699,0.8931539818068699,0.0,0.9,0.9,0.0,0.9437980663995178,0.946753912611102,-0.002955846211584179,0.9086363636363638,0.9086363636363638,0.0
30237,py,added,inserted,removed,7,0.8091067115702206,0.8091067115702206,0.0,0.8571428571428571,0.8571428571428571,0.0,0.8971944721340076,0.9023456466744161,-0.005151174540408476,0.8551587301587302,0.8551587301587302,0.0
30279,py,add,insert,remove,9,0.7506238537503396,0.7506238537503396,0.0,0.8571428571428571,0.8571428571428571,0.0,0.873069289155874,0.873069289155874,0.0,0.8819444444444444,0.8819444444444444,0.0
30584,py,add,insert,remove,9,0.8633400213704508,0.8633400213704508,0.0,0.8888888888888888,0.8888888888888888,0.0,0.9390356697283885,0.9390356697283885,0.0,0.8880208333333333,0.8880208333333333,0.0
30601,py,added,inserted,removed,19,0.9485438370694514,0.9485438370694514,0.0,0.9444444444444444,0.9444444444444444,0.0,0.9520392260088273,0.9545825756551727,-0.002543349646345394,0.9472871994801819,0.9472871994801819,0.0
30770,py,include,contain,exclude,6,0.7071067811865478,0.7071067811865478,0.0,0.8571428571428571,0.8571428571428571,0.0,0.8106336765093728,0.899546929868499,-0.08891325335912625,0.8066666666666668,0.8066666666666668,0.0
30793,py,add,insert,remove,14,0.9306048591020994,0.9306048591020994,0.0,0.9230769230769231,0.9230769230769231,0.0,0.937984584301088,0.937984584301088,0.0,0.9283601014370245,0.9283601014370245,0.0
30819,py,add,insert,remove,10,0.8801117367933934,0.8801117367933934,0.0,0.8888888888888888,0.8888888888888888,0.0,0.9250620695800289,0.9250620695800289,0.0,0.8993827160493828,0.8993827160493828,0.0
31106,py,add,insert,remove,12,0.9036020036098446,0.9036020036098446,0.0,0.9090909090909091,0.9090909090909091,0.0,0.9321336121285849,0.9321336121285849,0.0,0.9163223140495868,0.9163223140495868,0.0
31208,py,adding,inserting,removing,21,0.9573479717381593,0.9573479717381593,0.0,0.9444444444444444,0.9444444444444444,0.0,0.9621329440554951,0.964161226006486,-0.002028281950990918,0.9523214285714285,0.9523214285714285,0.0
31285,py,add,insert,remove,8,0.6580370064762461,0.6580370064762461,0.0,0.875,0.875,0.0,0.8417784634561937,0.8417784634561937,0.0,0.864795918367347,0.864795918367347,0.0
31471,py,add,insert,remove,16,0.9306048591020994,0.9306048591020994,0.0,0.9285714285714286,0.9285714285714286,0.0,0.9357696970634508,0.9357696970634508,0.0,0.9373611111111111,0.9373611111111111,0.0
31471,py,create,build,destroy,16,0.8153551038173119,0.8153551038173119,0.0,0.9285714285714286,0.9285714285714286,0.0,0.8488109083258304,0.8513084942778251,-0.002497585951994674,0.9363888888888889,0.9363888888888889,0.0
31683,py,include,contain,exclude,14,0.8003203203845001,0.8003203203845001,0.0,0.9,0.9,0.0,0.8421375578370563,0.919365977563579,-0.07722841972652261,0.9268808114961962,0.9268808114961962,0.0
31864,py,added,inserted,removed,17,0.9351334836242394,0.9351334836242394,0.0,0.9285714285714286,0.9285714285714286,0.0,0.9478699048176353,0.950622847243697,-0.002752942426061611,0.9410615808823529,0.9410615808823529,0.0
32029,py,allows,permits,forbids,11,0.8931539818068699,0.8931539818068699,0.0,0.9,0.9,0.0,0.8834987641741082,0.8870298384379456,-0.0035310742638373638,0.9996243425995492,0.9086363636363638,0.09098797896318545
32266,py,add,insert,remove,14,0.7825422900366438,0.7825422900366438,0.0,0.8888888888888888,0.8888888888888888,0.0,0.85996731363643,0.85996731363643,0.0,0.9268808114961962,0.9268808114961962,0.0
32286,py,added,inserted,removed,9,0.8633400213704508,0.8633400213704508,0.0,0.875,0.875,0.0,0.9280606464756302,0.9317840292541529,-0.003723382778522688,0.8880208333333333,0.8880208333333333,0.0
32473,py,create,build,destroy,11,0.7419446627365011,0.7419446627365011,0.0,0.8888888888888888,0.8888888888888888,0.0,0.8108719672929529,0.8142141870502777,-0.003342219757324849,0.9054545454545455,0.9054545454545455,0.0
32885,py,removed,deleted,inserted,15,0.8003203203845001,0.8003203203845001,0.0,0.9230769230769231,0.9230769230769231,0.0,0.877781690880126,0.8775276652395476,0.0002540256405784147,0.9319727891156462,0.9319727891156462,0.0
33063,py,adds,inserts,removes,14,0.8091067115702206,0.8091067115702206,0.0,0.9285714285714286,0.9285714285714286,0.0,0.9213791605673471,0.9213791605673471,0.0,0.9268808114961962,0.9268808114961962,0.0
33063,py,allows,permits,forbids,14,0.9193227152249183,0.9193227152249183,0.0,0.9285714285714286,0.9285714285714286,0.0,0.9330435862917829,0.9351217243346716,-0.0020781380428886997,0.9998177842565598,0.9283601014370245,0.07145768281953524
33198,py,add,insert,remove,8,0.8408964152537145,0.8408964152537145,0.0,0.875,0.875,0.0,0.887534817914365,0.887534817914365,0.0,0.8737244897959183,0.8737244897959183,0.0
33295,py,added,inserted,removed,6,0.8408964152537145,0.8408964152537145,0.0,0.8571428571428571,0.8571428571428571,0.0,0.9265920031625897,0.9303856576255872,-0.003793654462997509,0.8300000000000002,0.8300000000000002,0.0
33505,py,show,display,hide,10,0.6580370064762461,0.6580370064762461,0.0,0.8888888888888888,0.8888888888888888,0.0,0.7933011606709335,0.8074825238013094,-0.01418136313037588,0.9995,0.8950617283950617,0.10443827160493835
33767,py,add,insert,remove,11,0.8931539818068699,0.8931539818068699,0.0,0.875,0.875,0.0,0.9143493737971391,0.9143493737971391,0.0,0.9086363636363638,0.9086363636363638,0.0
34078,py,added,inserted,removed,12,0.9036020036098446,0.9036020036098446,0.0,0.9,0.9,0.0,0.9308282416881526,0.9344185699562104,-0.0035903282680578297,0.9163223140495868,0.9163223140495868,0.0
35220,py,allow,permit,forbid,12,0.9554427922043663,0.9554427922043663,0.0,0.9375,0.9375,0.0,0.9392991158872082,0.9411887606676398,-0.0018896447804316319,0.9997106481481481,0.9163223140495868,0.08338833409856139
35366,py,create,build,destroy,10,0.7071067811865478,0.7071067811865478,0.0,0.9,0.9,0.0,0.8541297987637919,0.8565161006428752,-0.0023863018790832857,0.8950617283950617,0.8950617283950617,0.0
35535,py,add,insert,remove,9,0.9351334836242394,0.9351334836242394,0.0,0.9090909090909091,0.9090909090909091,0.0,0.9368965870588671,0.9368965870588671,0.0,0.8880208333333333,0.8880208333333333,0.0
35833,py,removing,deleting,inserting,11,0.7419446627365011,0.7419446627365011,0.0,0.875,0.875,0.0,0.877781690880126,0.8775276652395476,0.0002540256405784147,0.9054545454545455,0.9054545454545455,0.0
36148,py,remove,delete,insert,11,0.8070557274927979,0.8070557274927979,0.0,0.8888888888888888,0.8888888888888888,0.0,0.8691021697618653,0.8460781352535772,0.02302403450828805,0.9054545454545455,0.9054545454545455,0.0
36432,py,added,inserted,removed,8,0.8408964152537145,0.8408964152537145,0.0,0.875,0.875,0.0,0.9100625133509016,0.9146310134436655,-0.004568500092763883,0.8737244897959183,0.8737244897959183,0.0
36700,py,add,insert,remove,12,0.9036020036098446,0.9036020036098446,0.0,0.9,0.9,0.0,0.9308282416881526,0.9308282416881526,0.0,0.9163223140495868,0.9163223140495868,0.0
37691,py,allow,permit,forbid,7,0.8091067115702206,0.8091067115702206,0.0,0.8571428571428571,0.8571428571428571,0.0,0.8687746224678149,0.8727240709995789,-0.003949448531764044,0.9985422740524781,0.8551587301587302,0.14338354389374786
37710,py,enable,permit,disable,11,0.8931539818068699,0.8931539818068699,0.0,0.9,0.9,0.0,0.8685155403988095,0.9507110825666082,-0.08219554216779867,0.9086363636363638,0.9086363636363638,0.0
37761,py,allow,permit,forbid,9,0.5969491792019644,0.5969491792019644,0.0,0.8888888888888888,0.8888888888888888,0.0,0.8335563529137953,0.8369438874068217,-0.003387534493026423,0.9993141289437586,0.8819444444444444,0.11736968449931418
37830,py,enable,permit,disable,6,0.7598356856515927,0.7598356856515927,0.0,0.8333333333333334,0.8333333333333334,0.0,0.8349791470534506,0.9382340285268451,-0.10325488147339457,0.8300000000000002,0.8300000000000002,0.0
38128,py,add,insert,remove,7,0.4889230224349009,0.4889230224349009,0.0,0.8333333333333334,0.8333333333333334,0.0,0.8181468832796877,0.8181468832796877,0.0,0.8412698412698414,0.8412698412698414,0.0
38403,py,add,insert,remove,27,0.8590888738245118,0.8590888738245118,0.0,0.9130434782608695,0.9130434782608695,0.0,0.9180574532843983,0.9180574532843983,0.0,0.9256888888888889,0.9256888888888889,0.0
38636,py,remove,delete,insert,24,0.8843865924896839,0.8843865924896839,0.0,0.9523809523809523,0.9523809523809523,0.0,0.9356851820137031,0.928374115246313,0.007311066767390129,0.9580182734719597,0.9580182734719597,0.0
38794,py,add,insert,remove,10,0.9036020036098446,0.9036020036098446,0.0,0.9,0.9,0.0,0.9308282416881526,0.9308282416881526,0.0,0.8993827160493828,0.8993827160493828,0.0
39276,py,add,insert,remove,9,0.8633400213704508,0.8633400213704508,0.0,0.8571428571428571,0.8571428571428571,0.0,0.9027605070881691,0.9027605070881691,0.0,0.8880208333333333,0.8880208333333333,0.0
39358,py,added,inserted,removed,13,0.9121679090703875,0.9121679090703875,0.0,0.9166666666666666,0.9166666666666666,0.0,0.9357696970634508,0.9391204150086097,-0.003350717945158843,0.9228098290598291,0.9228098290598291,0.0
39358,py,removed,deleted,inserted,13,0.791066507175436,0.791066507175436,0.0,0.9166666666666666,0.9166666666666666,0.0,0.8666618112432755,0.8664150333559368,0.0002467778873386228,0.920940170940171,0.920940170940171,0.0
39667,py,add,insert,remove,9,0.8633400213704508,0.8633400213704508,0.0,0.8888888888888888,0.8888888888888888,0.0,0.9077537242084869,0.9077537242084869,0.0,0.8880208333333333,0.8880208333333333,0.0
39765,py,add,insert,remove,10,0.8801117367933934,0.8801117367933934,0.0,0.8888888888888888,0.8888888888888888,0.0,0.93460178891258,0.93460178891258,0.0,0.8993827160493828,0.8993827160493828,0.0
39949,py,add,insert,remove,9,0.8633400213704508,0.8633400213704508,0.0,0.875,0.875,0.0,0.9182455882133006,0.9182455882133006,0.0,0.8880208333333333,0.8880208333333333,0.0
40038,py,allow,permit,forbid,11,0.9253911813809742,0.9253911813809742,0.0,0.9230769230769231,0.9230769230769231,0.0,0.9303518149443301,0.9325107096564583,-0.0021588947121282676,0.9996243425995492,0.9086363636363638,0.09098797896318545
40202,py,add,insert,remove,13,0.942615147681512,0.942615147681512,0.0,0.9333333333333333,0.9333333333333333,0.0,0.93460178891258,0.93460178891258,0.0,0.9228098290598291,0.9228098290598291,0.0
40516,py,allow,permit,forbid,10,0.6580370064762461,0.6580370064762461,0.0,0.9,0.9,0.0,0.8260250706053679,0.8295561448129678,-0.0035310742075999046,0.9995,0.8950617283950617,0.10443827160493835
40621,py,add,insert,remove,6,0.7598356856515927,0.7598356856515927,0.0,0.8333333333333334,0.8333333333333334,0.0,0.8758649033983275,0.8758649033983275,0.0,0.8300000000000002,0.8300000000000002,0.0
40631,py,allow,permit,forbid,14,0.7825422900366438,0.7825422900366438,0.0,0.9166666666666666,0.9166666666666666,0.0,0.8526841739891171,0.8557034980065009,-0.0030193240173838065,0.9998177842565598,0.9268808114961962,0.0729369727603636
40928,py,added,inserted,removed,15,0.9253911813809742,0.9253911813809742,0.0,0.9285714285714286,0.9285714285714286,0.0,0.9544668572583496,0.9568873169930295,-0.0024204597346799694,0.9331632653061225,0.9331632653061225,0.0
40941,py,add,insert,remove,11,0.8931539818068699,0.8931539818068699,0.0,0.875,0.875,0.0,0.9100625133509016,0.9100625133509016,0.0,0.9086363636363638,0.9086363636363638,0.0
40994,py,added,inserted,removed,10,0.7348889200874659,0.7348889200874659,0.0,0.875,0.875,0.0,0.8839675386284443,0.8873084180707838,-0.003340879442339406,0.8950617283950617,0.8950617283950617,0.0
41186,py,add,insert,remove,24,0.9025139799587889,0.9025139799587889,0.0,0.9500000000000001,0.9500000000000001,0.0,0.9494194511222322,0.9494194511222322,0.0,0.9580182734719597,0.9580182734719597,0.0
41194,py,remove,delete,insert,8,0.7071067811865478,0.7071067811865478,0.0,0.875,0.875,0.0,0.8118633101142728,0.7864993751386562,0.02536393497561662,0.864795918367347,0.864795918367347,0.0
41269,py,add,insert,remove,11,0.8931539818068699,0.8931539818068699,0.0,0.9,0.9,0.0,0.9143493737971391,0.9143493737971391,0.0,0.9086363636363638,0.9086363636363638,0.0
41921,py,added,inserted,removed,14,0.7825422900366438,0.7825422900366438,0.0,0.9285714285714286,0.9285714285714286,0.0,0.9422329873048484,0.9440123912404553,-0.001779403935606938,0.9268808114961962,0.9268808114961962,0.0
41952,py,added,inserted,removed,7,0.8633400213704508,0.8633400213704508,0.0,0.875,0.875,0.0,0.9182455882133006,0.9224341868647925,-0.004188598651491904,0.8551587301587302,0.8551587301587302,0.0
42064,py,start,begin,stop,20,0.9036020036098446,0.9036020036098446,0.0,0.9375,0.9375,0.0,0.9255882857639094,0.9535083213693576,-0.0279200356054482,0.9999375,0.9494459833795015,0.050491516620498555
42453,py,added,inserted,removed,8,0.8408964152537145,0.8408964152537145,0.0,0.8571428571428571,0.8571428571428571,0.0,0.8941648581963936,0.8994505848557789,-0.005285726659385315,0.8737244897959183,0.8737244897959183,0.0
42478,py,add,insert,remove,8,0.8408964152537145,0.8408964152537145,0.0,0.8333333333333334,0.8333333333333334,0.0,0.9200635408501847,0.9200635408501847,0.0,0.8737244897959183,0.8737244897959183,0.0
42703,py,add,insert,remove,14,0.8761560783209456,0.8761560783209456,0.0,0.9166666666666666,0.9166666666666666,0.0,0.9207719750864982,0.9207719750864982,0.0,0.9268808114961962,0.9268808114961962,0.0
42759,py,add,insert,remove,12,0.7348889200874659,0.7348889200874659,0.0,0.9,0.9,0.0,0.8861354467628915,0.8861354467628915,0.0,0.9139118457300276,0.9139118457300276,0.0
42815,py,added,inserted,removed,11,0.8003203203845001,0.8003203203845001,0.0,0.9230769230769231,0.9230769230769231,0.0,0.914786293186172,0.9173305598911418,-0.0025442667049697665,0.9054545454545455,0.9054545454545455,0.0
43462,py,add,insert,remove,11,0.8931539818068699,0.8931539818068699,0.0,0.9090909090909091,0.9090909090909091,0.0,0.9100625133509016,0.9100625133509016,0.0,0.9086363636363638,0.9086363636363638,0.0
43705,py,starts,begins,stops,9,0.7506238537503396,0.7506238537503396,0.0,0.875,0.875,0.0,0.8102407721893017,0.8734236491330527,-0.06318287694375102,0.9993141289437586,0.8819444444444444,0.11736968449931418
43853,py,add,insert,remove,7,0.8633400213704508,0.8633400213704508,0.0,0.8333333333333334,0.8333333333333334,0.0,0.8941648581963936,0.8941648581963936,0.0,0.8551587301587302,0.8551587301587302,0.0
44428,py,add,insert,remove,12,0.8371170098777919,0.8371170098777919,0.0,0.9090909090909091,0.9090909090909091,0.0,0.9005056019185806,0.9005056019185806,0.0,0.9139118457300276,0.9139118457300276,0.0
38,rust,add,insert,remove,9,0.8931539818068699,0.8931539818068699,0.0,0.9,0.9,0.0,0.9333905793134109,0.9333905793134109,0.0,0.8880208333333333,0.8880208333333333,0.0
46,rust,remove,delete,insert,5,0.8091067115702206,0.8091067115702206,0.0,0.8333333333333334,0.8333333333333334,0.0,0.8801989716754471,0.859339541204335,0.02085943047111216,0.7937500000000002,0.7937500000000002,0.0
63,rust,adds,inserts,removes,23,0.8985396083419644,0.8985396083419644,0.0,0.9565217391304348,0.9565217391304348,0.0,0.9476839266779025,0.9476839266779025,0.0,0.9561624146604384,0.9561624146604384,0.0
105,rust,add,insert,remove,7,0.8408964152537145,0.8408964152537145,0.0,0.8571428571428571,0.8571428571428571,0.0,0.9143493737971391,0.9143493737971391,0.0,0.8551587301587302,0.8551587301587302,0.0
130,rust,add,insert,remove,11,0.9036020036098446,0.9036020036098446,0.0,0.9090909090909091,0.9090909090909091,0.0,0.9308282416881526,0.9308282416881526,0.0,0.9086363636363638,0.9086363636363638,0.0
147,rust,add,insert,remove,7,0.8408964152537145,0.8408964152537145,0.0,0.8571428571428571,0.8571428571428571,0.0,0.887534817914365,0.887534817914365,0.0,0.8551587301587302,0.8551587301587302,0.0
148,rust,remove,delete,insert,8,0.8633400213704508,0.8633400213704508,0.0,0.875,0.875,0.0,0.8831013120930876,0.8589639987541292,0.02413731333895841,0.8737244897959183,0.8737244897959183,0.0
164,rust,add,insert,remove,8,0.7071067811865478,0.7071067811865478,0.0,0.9,0.9,0.0,0.8717578926589465,0.8717578926589465,0.0,0.864795918367347,0.864795918367347,0.0
170,rust,add,insert,remove,11,0.7825422900366438,0.7825422900366438,0.0,0.9166666666666666,0.9166666666666666,0.0,0.888223763053059,0.888223763053059,0.0,0.9054545454545455,0.9054545454545455,0.0
279,rust,add,insert,remove,27,0.9463168195735853,0.9463168195735853,0.0,0.967741935483871,0.967741935483871,0.0,0.96424514000249,0.96424514000249,0.0,0.9627438088976551,0.9627438088976551,0.0
289,rust,allow,permit,forbid,15,0.8371170098777919,0.8371170098777919,0.0,0.9411764705882353,0.9411764705882353,0.0,0.8963439381738642,0.8985028328835708,-0.002158894709706649,0.9998518518518519,0.9319727891156462,0.0678790627362057
309,rust,add,insert,remove,14,0.9306048591020994,0.9306048591020994,0.0,0.9285714285714286,0.9285714285714286,0.0,0.9513913031600626,0.9513913031600626,0.0,0.9283601014370245,0.9283601014370245,0.0
417,rust,add,insert,remove,6,0.7598356856515927,0.7598356856515927,0.0,0.8333333333333334,0.8333333333333334,0.0,0.8714154461187664,0.8714154461187664,0.0,0.8300000000000002,0.8300000000000002,0.0
494,rust,include,contain,exclude,10,0.8242367502646057,0.8242367502646057,0.0,0.9230769230769231,0.9230769230769231,0.0,0.864022979660326,0.9305703112084807,-0.06654733154815462,0.8950617283950617,0.8950617283950617,0.0
564,rust,add,insert,remove,7,0.8408964152537145,0.8408964152537145,0.0,0.8571428571428571,0.8571428571428571,0.0,0.9122583624894098,0.9122583624894098,0.0,0.8551587301587302,0.8551587301587302,0.0
564,rust,created,built,destroyed,7,0.5946035575013604,0.5946035575013604,0.0,0.8571428571428571,0.8571428571428571,0.0,0.7787542151415348,0.8162805836524718,-0.03752636851093705,0.8412698412698414,0.8412698412698414,0.0
601,rust,add,insert,remove,7,0.8408964152537145,0.8408964152537145,0.0,0.8571428571428571,0.8571428571428571,0.0,0.9122583624894098,0.9122583624894098,0.0,0.8551587301587302,0.8551587301587302,0.0
601,rust,create,build,destroy,7,0.5000000000000001,0.5000000000000001,0.0,0.8571428571428571,0.8571428571428571,0.0,0.7918723005157634,0.7956713288241037,-0.0037990283083403353,0.8412698412698414,0.8412698412698414,0.0
629,rust,add,insert,remove,6,0.6434588841607617,0.6434588841607617,0.0,0.8571428571428571,0.8571428571428571,0.0,0.8284004556432074,0.8284004556432074,0.0,0.8066666666666668,0.8066666666666668,0.0
681,rust,allow,permit,forbid,7,0.4111336169005198,0.4111336169005198,0.0,0.8888888888888888,0.8888888888888888,0.0,0.8260250706053679,0.8295561448129678,-0.0035310742075999046,0.9985422740524781,0.8412698412698414,0.1572724327826367
752,rust,remove,delete,insert,9,0.7419446627365011,0.7419446627365011,0.0,0.9,0.9,0.0,0.8690449007909814,0.8513295889477616,0.01771531184321984,0.8819444444444444,0.8819444444444444,0.0
781,rust,add,insert,remove,10,0.8931539818068699,0.8931539818068699,0.0,0.9,0.9,0.0,0.9077537242084869,0.9077537242084869,0.0,0.8993827160493828,0.8993827160493828,0.0
853,rust,add,insert,remove,11,0.8931539818068699,0.8931539818068699,0.0,0.9090909090909091,0.9090909090909091,0.0,0.9077537242084869,0.9077537242084869,0.0,0.9086363636363638,0.9086363636363638,0.0
853,rust,allow,permit,forbid,11,0.7016879391277372,0.7016879391277372,0.0,0.9090909090909091,0.9090909090909091,0.0,0.7986909320191148,0.8027362409709506,-0.004045308951835858,0.9996243425995492,0.9054545454545455,0.09416979714500373
921,rust,added,inserted,removed,8,0.6606328636027612,0.6606328636027612,0.0,0.875,0.875,0.0,0.8661220185342053,0.8698939455265201,-0.003771926992314767,0.864795918367347,0.864795918367347,0.0
928,rust,creating,building,destroying,8,0.5969491792019644,0.5969491792019644,0.0,0.8888888888888888,0.8888888888888888,0.0,0.8257742400773054,0.8290313765518076,-0.003257136474502209,0.864795918367347,0.864795918367347,0.0
944,rust,disable,block,enable,16,0.9391044157537529,0.9391044157537529,0.0,0.9375,0.9375,0.0,0.9243155474948621,0.9671615188308408,-0.04284597133597867,0.9373611111111111,0.9373611111111111,0.0
1101,rust,added,inserted,removed,9,0.7348889200874659,0.7348889200874659,0.0,0.8888888888888888,0.8888888888888888,0.0,0.8793740059910359,0.8828279631335247,-0.0034539571424888615,0.8819444444444444,0.8819444444444444,0.0
1129,rust,add,insert,remove,8,0.8408964152537145,0.8408964152537145,0.0,0.875,0.875,0.0,0.9250620695800289,0.9250620695800289,0.0,0.8737244897959183,0.8737244897959183,0.0
1173,rust,remove,delete,insert,9,0.8931539818068699,0.8931539818068699,0.0,0.8888888888888888,0.8888888888888888,0.0,0.9040212928422455,0.8841966205930848,0.019824672249160735,0.8880208333333333,0.8880208333333333,0.0
1207,rust,add,insert,remove,5,0.6687403049764218,0.6687403049764218,0.0,0.8000000000000002,0.8000000000000002,0.0,0.8800157917018067,0.8800157917018067,0.0,0.7937500000000002,0.7937500000000002,0.0
1210,rust,add,insert,remove,9,0.8633400213704508,0.8633400213704508,0.0,0.8888888888888888,0.8888888888888888,0.0,0.9143493737971391,0.9143493737971391,0.0,0.8880208333333333,0.8880208333333333,0.0
1236,rust,add,insert,remove,9,0.8801117367933934,0.8801117367933934,0.0,0.8888888888888888,0.8888888888888888,0.0,0.9200635408501847,0.9200635408501847,0.0,0.8880208333333333,0.8880208333333333,0.0
1262,rust,enable,permit,disable,8,0.9036020036098446,0.9036020036098446,0.0,0.9,0.9,0.0,0.8937424770526881,0.9589902012503378,-0.06524772419764979,0.8737244897959183,0.8737244897959183,0.0
1275,rust,add,insert,remove,11,0.8931539818068699,0.8931539818068699,0.0,0.9090909090909091,0.9090909090909091,0.0,0.9100625133509016,0.9100625133509016,0.0,0.9086363636363638,0.9086363636363638,0.0
1310,rust,remove,delete,insert,7,0.8091067115702206,0.8091067115702206,0.0,0.875,0.875,0.0,0.8858661398579152,0.8622986270887574,0.023567512769157806,0.8551587301587302,0.8551587301587302,0.0
1321,rust,add,insert,remove,8,0.8633400213704508,0.8633400213704508,0.0,0.875,0.875,0.0,0.9077537242084869,0.9077537242084869,0.0,0.8737244897959183,0.8737244897959183,0.0
1388,rust,add,insert,remove,13,0.9193227152249183,0.9193227152249183,0.0,0.9230769230769231,0.9230769230769231,0.0,0.9321336121285849,0.9321336121285849,0.0,0.9228098290598291,0.9228098290598291,0.0
1449,rust,include,contain,exclude,11,0.9036020036098446,0.9036020036098446,0.0,0.9090909090909091,0.9090909090909091,0.0,0.8494087924038122,0.9559818771947399,-0.10657308479092775,0.9086363636363638,0.9086363636363638,0.0
1461,rust,added,inserted,removed,11,0.9121679090703875,0.9121679090703875,0.0,0.9090909090909091,0.9090909090909091,0.0,0.93460178891258,0.9380093749330477,-0.0034075860204677566,0.9086363636363638,0.9086363636363638,0.0
1754,rust,create,build,destroy,13,0.8578928092681432,0.8578928092681432,0.0,0.9333333333333333,0.9333333333333333,0.0,0.8920851535963175,0.8937276618139633,-0.0016425082176458883,0.920940170940171,0.920940170940171,0.0
1783,rust,add,insert,remove,11,0.8931539818068699,0.8931539818068699,0.0,0.9090909090909091,0.9090909090909091,0.0,0.9333905793134109,0.9333905793134109,0.0,0.9086363636363638,0.9086363636363638,0.0
1809,rust,create,build,destroy,7,0.8091067115702206,0.8091067115702206,0.0,0.8571428571428571,0.8571428571428571,0.0,0.8199293510123272,0.8240828097256593,-0.004153458713332059,0.8551587301587302,0.8551587301587302,0.0
1821,rust,add,insert,remove,7,0.8091067115702206,0.8091067115702206,0.0,0.8571428571428571,0.8571428571428571,0.0,0.8838972720860305,0.8838972720860305,0.0,0.8551587301587302,0.8551587301587302,0.0
1834,rust,add,insert,remove,8,0.8408964152537145,0.8408964152537145,0.0,0.9,0.9,0.0,0.9218022950144131,0.9218022950144131,0.0,0.8737244897959183,0.8737244897959183,0.0
1919,rust,accept,take,reject,8,0.7611606003349888,0.7611606003349888,0.0,0.9,0.9,0.0,0.8495193359031616,0.8592795224846914,-0.009760186581529773,0.9990234375,0.864795918367347,0.13422751913265296
2001,rust,starting,beginning,stopping,9,0.7071067811865478,0.7071067811865478,0.0,0.8888888888888888,0.8888888888888888,0.0,0.8177788600030012,0.8687593870804308,-0.050980527077429616,0.9993141289437586,0.8819444444444444,0.11736968449931418
2044,rust,started,began,stopped,7,0.5000000000000001,0.5000000000000001,0.0,0.8571428571428571,0.8571428571428571,0.0,0.7841193285367322,0.8655462730689617,-0.08142694453222954,0.9985422740524781,0.8412698412698414,0.1572724327826367
2090,rust,add,insert,remove,8,0.8801117367933934,0.8801117367933934,0.0,0.875,0.875,0.0,0.9265920031625897,0.9265920031625897,0.0,0.8737244897959183,0.8737244897959183,0.0
2166,rust,create,build,destroy,11,0.8070557274927979,0.8070557274927979,0.0,0.9166666666666666,0.9166666666666666,0.0,0.8687080776515905,0.8708353641646582,-0.0021272865130677054,0.9054545454545455,0.9054545454545455,0.0
2178,rust,include,contain,exclude,5,0.6687403049764218,0.6687403049764218,0.0,0.8000000000000002,0.8000000000000002,0.0,0.7671202742416129,0.9319748402595084,-0.1648545660178955,0.7937500000000002,0.7937500000000002,0.0
2212,rust,create,build,destroy,8,0.8408964152537145,0.8408964152537145,0.0,0.875,0.875,0.0,0.8626601479468525,0.8656300894203348,-0.002969941473482285,0.8737244897959183,0.8737244897959183,0.0
2241,rust,add,insert,remove,8,0.8408964152537145,0.8408964152537145,0.0,0.875,0.875,0.0,0.8971944721340076,0.8971944721340076,0.0,0.8737244897959183,0.8737244897959183,0.0
2241,rust,added,inserted,removed,8,0.7071067811865478,0.7071067811865478,0.0,0.875,0.875,0.0,0.828535219858255,0.8332795137809292,-0.004744293922674281,0.864795918367347,0.864795918367347,0.0
2256,rust,create,build,destroy,7,0.8091067115702206,0.8091067115702206,0.0,0.8571428571428571,0.8571428571428571,0.0,0.852137858540172,0.8553872826174882,-0.0032494240773162097,0.8551587301587302,0.8551587301587302,0.0
2264,rust,add,insert,remove,6,0.7598356856515927,0.7598356856515927,0.0,0.8333333333333334,0.8333333333333334,0.0,0.8800157917018067,0.8800157917018067,0.0,0.8300000000000002,0.8300000000000002,0.0
2291,rust,allow,permit,forbid,6,0.7598356856515927,0.7598356856515927,0.0,0.8333333333333334,0.8333333333333334,0.0,0.890845349110799,0.8941654028274745,-0.0033200537166754307,0.9976851851851852,0.8300000000000002,0.16768518518518505
2310,rust,create,build,destroy,8,0.8408964152537145,0.8408964152537145,0.0,0.875,0.875,0.0,0.8398655884668522,0.8434507822146634,-0.0035851937478111884,0.8737244897959183,0.8737244897959183,0.0
2333,rust,increase,raise,decrease,11,0.8931539818068699,0.8931539818068699,0.0,0.9090909090909091,0.9090909090909091,0.0,0.9008229472349035,0.9625786611820649,-0.061755713947161395,0.9086363636363638,0.9086363636363638,0.0
2376,rust,increase,raise,decrease,5,0.8408964152537145,0.8408964152537145,0.0,0.8333333333333334,0.8333333333333334,0.0,0.844883538956335,0.9418863238716181,-0.09700278491528314,0.7937500000000002,0.7937500000000002,0.0
2524,rust,allow,permit,forbid,9,0.7825422900366438,0.7825422900366438,0.0,0.9,0.9,0.0,0.8219975551354171,0.8256050595908545,-0.003607504455437449,0.9993141289437586,0.8819444444444444,0.11736968449931418
2734,rust,add,insert,remove,7,0.7348889200874659,0.7348889200874659,0.0,0.875,0.875,0.0,0.856672451554725,0.856672451554725,0.0,0.8412698412698414,0.8412698412698414,0.0
2791,rust,remove,delete,insert,7,0.9253911813809742,0.9253911813809742,0.0,0.9090909090909091,0.9090909090909091,0.0,0.9157444284382208,0.8983377585703094,0.017406669867911395,0.8551587301587302,0.8551587301587302,0.0
2795,rust,add,insert,remove,6,0.8408964152537145,0.8408964152537145,0.0,0.8571428571428571,0.8571428571428571,0.0,0.9218022950144131,0.9218022950144131,0.0,0.8300000000000002,0.8300000000000002,0.0
2894,rust,creating,building,destroying,8,0.5000000000000001,0.5000000000000001,0.0,0.875,0.875,0.0,0.8559312640333728,0.8584870244271818,-0.0025557603938090034,0.864795918367347,0.864795918367347,0.0
2951,rust,remove,delete,insert,6,0.7598356856515927,0.7598356856515927,0.0,0.8333333333333334,0.8333333333333334,0.0,0.8831013120930876,0.8589639987541292,0.02413731333895841,0.8300000000000002,0.8300000000000002,0.0
2988,rust,create,build,destroy,9,0.7016879391277372,0.7016879391277372,0.0,0.8888888888888888,0.8888888888888888,0.0,0.8064553449681704,0.8099017280057862,-0.0034463830376157967,0.8819444444444444,0.8819444444444444,0.0
2997,rust,disabled,blocked,enabled,9,0.8633400213704508,0.8633400213704508,0.0,0.9,0.9,0.0,0.848638841449572,0.8814107825675199,-0.0327719411179479,0.8880208333333333,0.8880208333333333,0.0
3048,rust,add,insert,remove,7,0.8091067115702206,0.8091067115702206,0.0,0.8571428571428571,0.8571428571428571,0.0,0.887534817914365,0.887534817914365,0.0,0.8551587301587302,0.8551587301587302,0.0
3048,rust,remove,delete,insert,7,0.4111336169005198,0.4111336169005198,0.0,0.8571428571428571,0.8571428571428571,0.0,0.7631487761703933,0.7362109117081963,0.026937864462197036,0.8412698412698414,0.8412698412698414,0.0
3060,rust,allow,permit,forbid,5,0.8801117367933934,0.8801117367933934,0.0,0.8571428571428571,0.8571428571428571,0.0,0.830092325789114,0.8351124111362712,-0.005020085347157255,0.996,0.7937500000000002,0.20224999999999982
3100,rust,disable,block,enable,7,0.8091067115702206,0.8091067115702206,0.0,0.8571428571428571,0.8571428571428571,0.0,0.8259336715520873,0.9247752621544795,-0.09884159060239217,0.8551587301587302,0.8551587301587302,0.0
3182,rust,allow,permit,forbid,6,0.7598356856515927,0.7598356856515927,0.0,0.8333333333333334,0.8333333333333334,0.0,0.845299583228483,0.8499036380042532,-0.004604054775770194,0.9976851851851852,0.8300000000000002,0.16768518518518505
3203,rust,enabled,permitted,disabled,11,0.8931539818068699,0.8931539818068699,0.0,0.9166666666666666,0.9166666666666666,0.0,0.8695759294620583,0.9078983100521745,-0.03832238059011617,0.9086363636363638,0.9086363636363638,0.0
3273,rust,allow,permit,forbid,8,0.8931539818068699,0.8931539818068699,0.0,0.8888888888888888,0.8888888888888888,0.0,0.8808247567518818,0.8844322612719873,-0.003607504520105498,0.9990234375,0.8737244897959183,0.12529894770408168
3322,rust,remove,delete,insert,17,0.942615147681512,0.942615147681512,0.0,0.9473684210526315,0.9473684210526315,0.0,0.9459253178604881,0.9347480625920057,0.011177255268482345,0.9410615808823529,0.9410615808823529,0.0
3390,rust,remove,delete,insert,25,0.8827916928185873,0.8827916928185873,0.0,0.9285714285714286,0.9285714285714286,0.0,0.9035694103395943,0.8890482407376545,0.01452116960193972,0.9196975425330813,0.9196975425330813,0.0
3467,rust,enable,permit,disable,13,0.9351334836242394,0.9351334836242394,0.0,0.9333333333333333,0.9333333333333333,0.0,0.9147016722504346,0.9679569195860586,-0.05325524733562392,0.9228098290598291,0.9228098290598291,0.0
3512,rust,creating,building,destroying,10,0.7825422900366438,0.7825422900366438,0.0,0.9,0.9,0.0,0.8170867906709922,0.8206208685825074,-0.0035340779115151655,0.8950617283950617,0.8950617283950617,0.0
3605,rust,add,insert,remove,6,0.8633400213704508,0.8633400213704508,0.0,0.8333333333333334,0.8333333333333334,0.0,0.8800157917018067,0.8800157917018067,0.0,0.8300000000000002,0.8300000000000002,0.0
3673,rust,start,begin,stop,14,0.8091067115702206,0.8091067115702206,0.0,0.9285714285714286,0.9285714285714286,0.0,0.868566458585761,0.9065324034524964,-0.037965944866735435,0.9998177842565598,0.9268808114961962,0.0729369727603636
3763,rust,add,insert,remove,27,0.9648571584702386,0.9648571584702386,0.0,0.9642857142857143,0.9642857142857143,0.0,0.9684416815084615,0.9684416815084615,0.0,0.9629355687047996,0.9629355687047996,0.0
3813,rust,add,insert,remove,8,0.8633400213704508,0.8633400213704508,0.0,0.875,0.875,0.0,0.905323034276437,0.905323034276437,0.0,0.8737244897959183,0.8737244897959183,0.0
3822,rust,create,build,destroy,15,0.8153551038173119,0.8153551038173119,0.0,0.9333333333333333,0.9333333333333333,0.0,0.8892026455172032,0.8908985608707899,-0.0016959153535867078,0.9319727891156462,0.9319727891156462,0.0
3850,rust,add,insert,remove,8,0.8408964152537145,0.8408964152537145,0.0,0.875,0.875,0.0,0.8971944721340076,0.8971944721340076,0.0,0.8737244897959183,0.8737244897959183,0.0
3874,rust,add,insert,remove,8,0.8408964152537145,0.8408964152537145,0.0,0.875,0.875,0.0,0.9163428914177503,0.9163428914177503,0.0,0.8737244897959183,0.8737244897959183,0.0
3950,rust,add,insert,remove,6,0.7598356856515927,0.7598356856515927,0.0,0.8333333333333334,0.8333333333333334,0.0,0.8666338761469643,0.8666338761469643,0.0,0.8300000000000002,0.8300000000000002,0.0
3997,rust,adds,inserts,removes,47,0.9525618205602057,0.9525618205602057,0.0,0.98,0.98,0.0,0.9738881479128918,0.9738881479128918,0.0,0.9786831838474843,0.9786831838474843,0.0
4000,rust,add,insert,remove,9,0.7611606003349888,0.7611606003349888,0.0,0.9,0.9,0.0,0.8744013679917864,0.8744013679917864,0.0,0.8819444444444444,0.8819444444444444,0.0
4000,rust,creating,building,destroying,9,0.791066507175436,0.791066507175436,0.0,0.9,0.9,0.0,0.8439260514566604,0.8467539071244223,-0.0028278556677618916,0.8819444444444444,0.8819444444444444,0.0
4028,rust,add,insert,remove,10,0.7016879391277372,0.7016879391277372,0.0,0.9,0.9,0.0,0.9069857782887594,0.9069857782887594,0.0,0.8950617283950617,0.8950617283950617,0.0
4209,rust,create,build,destroy,11,0.8153551038173119,0.8153551038173119,0.0,0.9166666666666666,0.9166666666666666,0.0,0.8488109083258304,0.8513084942778251,-0.002497585951994674,0.9054545454545455,0.9054545454545455,0.0
4376,rust,add,insert,remove,18,0.942615147681512,0.942615147681512,0.0,0.9444444444444444,0.9444444444444444,0.0,0.9643815635270847,0.9643815635270847,0.0,0.9443483275663207,0.9443483275663207,0.0
4376,rust,adding,inserting,removing,18,0.8492326635760686,0.8492326635760686,0.0,0.9444444444444444,0.9444444444444444,0.0,0.9393610152750385,0.9412228912323577,-0.0018618759573192367,0.943675509419454,0.943675509419454,0.0
4376,rust,removing,deleting,inserting,18,0.8663975517813622,0.8663975517813622,0.0,0.9444444444444444,0.9444444444444444,0.0,0.926680780200539,0.9264554582566427,0.00022532194389635052,0.943675509419454,0.943675509419454,0.0
4405,rust,add,insert,remove,16,0.9306048591020994,0.9306048591020994,0.0,0.9375,0.9375,0.0,0.9617302687660573,0.9617302687660573,0.0,0.9373611111111111,0.9373611111111111,0.0
4606,rust,add,insert,remove,10,0.6704226838163331,0.6704226838163331,0.0,0.8000000000000002,0.8000000000000002,0.0,0.8365693194719817,0.8365693194719817,0.0,0.7937500000000002,0.7937500000000002,0.0
4696,rust,add,insert,remove,7,0.8091067115702206,0.8091067115702206,0.0,0.8571428571428571,0.8571428571428571,0.0,0.9143493737971391,0.9143493737971391,0.0,0.8551587301587302,0.8551587301587302,0.0
4717,rust,show,display,hide,12,0.8153551038173119,0.8153551038173119,0.0,0.9230769230769231,0.9230769230769231,0.0,0.8705773409014307,0.8803360259381345,-0.009758685036703851,0.9814814814814815,0.9139118457300276,0.06756963575145392
4722,rust,add,insert,remove,7,0.8633400213704508,0.8633400213704508,0.0,0.875,0.875,0.0,0.9308282416881526,0.9308282416881526,0.0,0.8551587301587302,0.8551587301587302,0.0
4727,rust,add,insert,remove,9,0.8633400213704508,0.8633400213704508,0.0,0.8888888888888888,0.8888888888888888,0.0,0.9143493737971391,0.9143493737971391,0.0,0.8880208333333333,0.8880208333333333,0.0
4749,rust,add,insert,remove,44,0.977513726709712,0.977513726709712,0.0,0.9772727272727273,0.9772727272727273,0.0,0.9824463717044299,0.9824463717044299,0.0,0.9772665814445155,0.9772665814445155,0.0
4749,rust,create,build,destroy,44,0.9427781070492712,0.9427781070492712,0.0,0.9772727272727273,0.9772727272727273,0.0,0.959300743337075,0.9598393325408844,-0.0005385892038093365,0.9772235606470329,0.9772235606470329,0.0
4758,rust,add,insert,remove,9,0.8633400213704508,0.8633400213704508,0.0,0.8888888888888888,0.8888888888888888,0.0,0.9100625133509016,0.9100625133509016,0.0,0.8880208333333333,0.8880208333333333,0.0
4773,rust,add,insert,remove,23,0.9533589351059681,0.9533589351059681,0.0,0.9565217391304348,0.9565217391304348,0.0,0.9702666064096236,0.9702666064096236,0.0,0.9564768235716853,0.9564768235716853,0.0
4774,rust,add,insert,remove,8,0.8408964152537145,0.8408964152537145,0.0,0.8888888888888888,0.8888888888888888,0.0,0.8971944721340076,0.8971944721340076,0.0,0.8737244897959183,0.8737244897959183,0.0
4775,rust,add,insert,remove,9,0.8633400213704508,0.8633400213704508,0.0,0.8888888888888888,0.8888888888888888,0.0,0.9122583624894098,0.9122583624894098,0.0,0.8880208333333333,0.8880208333333333,0.0
4776,rust,add,insert,remove,8,0.8408964152537145,0.8408964152537145,0.0,0.875,0.875,0.0,0.9000550936954855,0.9000550936954855,0.0,0.8737244897959183,0.8737244897959183,0.0
4783,rust,add,insert,remove,11,0.8931539818068699,0.8931539818068699,0.0,0.9090909090909091,0.9090909090909091,0.0,0.9122583624894098,0.9122583624894098,0.0,0.9086363636363638,0.9086363636363638,0.0
4784,rust,add,insert,remove,9,0.8633400213704508,0.8633400213704508,0.0,0.8888888888888888,0.8888888888888888,0.0,0.8909507813316483,0.8909507813316483,0.0,0.8880208333333333,0.8880208333333333,0.0
4795,rust,allow,permit,forbid,9,0.8931539818068699,0.8931539818068699,0.0,0.9,0.9,0.0,0.9242617815360432,0.9266026056059822,-0.0023408240699389626,0.9993141289437586,0.8880208333333333,0.11129329561042534
4799,rust,add,insert,remove,12,0.9036020036098446,0.9036020036098446,0.0,0.9230769230769231,0.9230769230769231,0.0,0.9308282416881526,0.9308282416881526,0.0,0.9163223140495868,0.9163223140495868,0.0
4808,rust,add,insert,remove,14,0.9193227152249183,0.9193227152249183,0.0,0.9285714285714286,0.9285714285714286,0.0,0.9182455882133006,0.9182455882133006,0.0,0.9283601014370245,0.9283601014370245,0.0
4811,rust,add,insert,remove,8,0.8408964152537145,0.8408964152537145,0.0,0.875,0.875,0.0,0.9077537242084869,0.9077537242084869,0.0,0.8737244897959183,0.8737244897959183,0.0
4816,rust,add,insert,remove,6,0.8408964152537145,0.8408964152537145,0.0,0.8571428571428571,0.8571428571428571,0.0,0.8666338761469643,0.8666338761469643,0.0,0.8300000000000002,0.8300000000000002,0.0
4825,rust,add,insert,remove,6,0.7598356856515927,0.7598356856515927,0.0,0.8333333333333334,0.8333333333333334,0.0,0.8714154461187664,0.8714154461187664,0.0,0.8300000000000002,0.8300000000000002,0.0
4838,rust,allow,permit,forbid,5,0.6687403049764218,0.6687403049764218,0.0,0.8000000000000002,0.8000000000000002,0.0,0.811556680943582,0.8170754529606512,-0.0055187720170691845,0.996,0.7937500000000002,0.20224999999999982
4863,rust,allow,permit,forbid,7,0.8091067115702206,0.8091067115702206,0.0,0.8571428571428571,0.8571428571428571,0.0,0.8580028644485913,0.8622545672562331,-0.004251702807641755,0.9985422740524781,0.8551587301587302,0.14338354389374786
4874,rust,add,insert,remove,7,0.8091067115702206,0.8091067115702206,0.0,0.8571428571428571,0.8571428571428571,0.0,0.8714154461187664,0.8714154461187664,0.0,0.8551587301587302,0.8551587301587302,0.0
4874,rust,create,build,destroy,7,0.4889230224349009,0.4889230224349009,0.0,0.8571428571428571,0.8571428571428571,0.0,0.6908331578046085,0.7031568951354614,-0.012323737330852902,0.8412698412698414,0.8412698412698414,0.0
4882,rust,add,insert,remove,11,0.9253911813809742,0.9253911813809742,0.0,0.9230769230769231,0.9230769230769231,0.0,0.945500869346948,0.945500869346948,0.0,0.9086363636363638,0.9086363636363638,0.0
4897,rust,add,insert,remove,5,0.6687403049764218,0.6687403049764218,0.0,0.8000000000000002,0.8000000000000002,0.0,0.8559129452216446,0.8559129452216446,0.0,0.7937500000000002,0.7937500000000002,0.0
4901,rust,allow,permit,forbid,31,0.9157103753711765,0.9157103753711765,0.0,0.967741935483871,0.967741935483871,0.0,0.9413557499042389,0.9425976773796182,-0.001241927475379323,0.9999832164076399,0.9675985663082438,0.03238465009939606
4918,rust,add,insert,remove,6,0.7598356856515927,0.7598356856515927,0.0,0.8333333333333334,0.8333333333333334,0.0,0.8971944721340076,0.8971944721340076,0.0,0.8300000000000002,0.8300000000000002,0.0
4924,rust,add,insert,remove,13,0.9121679090703875,0.9121679090703875,0.0,0.9230769230769231,0.9230769230769231,0.0,0.9419853429751883,0.9419853429751883,0.0,0.9228098290598291,0.9228098290598291,0.0
4933,rust,add,insert,remove,5,0.6687403049764218,0.6687403049764218,0.0,0.8000000000000002,0.8000000000000002,0.0,0.8666338761469643,0.8666338761469643,0.0,0.7937500000000002,0.7937500000000002,0.0
4937,rust,start,begin,stop,9,0.7506238537503396,0.7506238537503396,0.0,0.9,0.9,0.0,0.8439260514566604,0.8888787903169728,-0.04495273886031237,0.9993141289437586,0.8819444444444444,0.11736968449931418
4939,rust,start,begin,stop,10,0.8801117367933934,0.8801117367933934,0.0,0.9,0.9,0.0,0.8793134333052087,0.932087268531706,-0.05277383522649726,0.9995,0.8993827160493828,0.10011728395061725
4939,rust,include,contain,exclude,10,0.8801117367933934,0.8801117367933934,0.0,0.9,0.9,0.0,0.8462784119831764,0.9517253733220834,-0.10544696133890696,0.8993827160493828,0.8993827160493828,0.0
4951,rust,add,insert,remove,8,0.8408964152537145,0.8408964152537145,0.0,0.875,0.875,0.0,0.8614814081743934,0.8614814081743934,0.0,0.8737244897959183,0.8737244897959183,0.0
4954,rust,add,insert,remove,10,0.8801117367933934,0.8801117367933934,0.0,0.9,0.9,0.0,0.9143493737971391,0.9143493737971391,0.0,0.8993827160493828,0.8993827160493828,0.0
4960,rust,add,insert,remove,8,0.8408964152537145,0.8408964152537145,0.0,0.875,0.875,0.0,0.8666338761469643,0.8666338761469643,0.0,0.8737244897959183,0.8737244897959183,0.0
4960,rust,create,build,destroy,8,0.5000000000000001,0.5000000000000001,0.0,0.875,0.875,0.0,0.6788229905346421,0.6858180078188907,-0.006995017284248561,0.864795918367347,0.864795918367347,0.0
4981,rust,allow,permit,forbid,9,0.43167001068522526,0.43167001068522526,0.0,0.7777777777777778,0.7777777777777778,0.0,0.7721797653453403,0.7777914394862812,-0.005611674140940881,0.9993141289437586,0.7687074829931974,0.23060664595056124
4991,rust,add,insert,remove,23,0.9554427922043663,0.9554427922043663,0.0,0.9565217391304348,0.9565217391304348,0.0,0.9692505250846092,0.9692505250846092,0.0,0.9564768235716853,0.9564768235716853,0.0
4991,rust,opens,unlocks,closes,23,0.8843865924896839,0.8843865924896839,0.0,0.9565217391304348,0.9565217391304348,0.0,0.9435408258677817,0.94515771209643,-0.0016168862286483066,0.9561624146604384,0.9561624146604384,0.0
5024,rust,allow,permit,forbid,7,0.8091067115702206,0.8091067115702206,0.0,0.8571428571428571,0.8571428571428571,0.0,0.845299583228483,0.8499036380042532,-0.004604054775770194,0.9985422740524781,0.8551587301587302,0.14338354389374786
5035,rust,add,insert,remove,20,0.9485438370694514,0.9485438370694514,0.0,0.9500000000000001,0.9500000000000001,0.0,0.9595811687523056,0.9595811687523056,0.0,0.9499307479224378,0.9499307479224378,0.0
5051,rust,add,insert,remove,5,0.6687403049764218,0.6687403049764218,0.0,0.8000000000000002,0.8000000000000002,0.0,0.8941648581963936,0.8941648581963936,0.0,0.7937500000000002,0.7937500000000002,0.0
5059,rust,add,insert,remove,8,0.8633400213704508,0.8633400213704508,0.0,0.875,0.875,0.0,0.9182455882133006,0.9182455882133006,0.0,0.8737244897959183,0.8737244897959183,0.0
5062,rust,add,insert,remove,5,0.6687403049764218,0.6687403049764218,0.0,0.8000000000000002,0.8000000000000002,0.0,0.8758649033983275,0.8758649033983275,0.0,0.7937500000000002,0.7937500000000002,0.0
5076,rust,add,insert,remove,8,0.8408964152537145,0.8408964152537145,0.0,0.875,0.875,0.0,0.8971944721340076,0.8971944721340076,0.0,0.8737244897959183,0.8737244897959183,0.0
5083,rust,add,insert,remove,7,0.8091067115702206,0.8091067115702206,0.0,0.8571428571428571,0.8571428571428571,0.0,0.8838972720860305,0.8838972720860305,0.0,0.8551587301587302,0.8551587301587302,0.0
5084,rust,add,insert,remove,9,0.8633400213704508,0.8633400213704508,0.0,0.9,0.9,0.0,0.9357696970634508,0.9357696970634508,0.0,0.8880208333333333,0.8880208333333333,0.0
5093,rust,add,insert,remove,8,0.8408964152537145,0.8408964152537145,0.0,0.875,0.875,0.0,0.9000550936954855,0.9000550936954855,0.0,0.8737244897959183,0.8737244897959183,0.0
5102,rust,add,insert,remove,9,0.8633400213704508,0.8633400213704508,0.0,0.8888888888888888,0.8888888888888888,0.0,0.9027605070881691,0.9027605070881691,0.0,0.8880208333333333,0.8880208333333333,0.0
5133,rust,add,insert,remove,9,0.8633400213704508,0.8633400213704508,0.0,0.8888888888888888,0.8888888888888888,0.0,0.9250620695800289,0.9250620695800289,0.0,0.8880208333333333,0.8880208333333333,0.0
5135,rust,add,insert,remove,10,0.8801117367933934,0.8801117367933934,0.0,0.9,0.9,0.0,0.9234669222394319,0.9234669222394319,0.0,0.8993827160493828,0.8993827160493828,0.0
5201,rust,add,insert,remove,11,0.6606328636027619,0.6606328636027619,0.0,0.8461538461538461,0.8461538461538461,0.0,0.7902929830500415,0.7902929830500415,0.0,0.8030303030303031,0.8030303030303031,0.0
5205,rust,add,insert,remove,9,0.8633400213704508,0.8633400213704508,0.0,0.8888888888888888,0.8888888888888888,0.0,0.905323034276437,0.905323034276437,0.0,0.8880208333333333,0.8880208333333333,0.0
5236,rust,add,insert,remove,9,0.8633400213704508,0.8633400213704508,0.0,0.8888888888888888,0.8888888888888888,0.0,0.9333905793134109,0.9333905793134109,0.0,0.8880208333333333,0.8880208333333333,0.0
5236,rust,enable,permit,disable,9,0.5969491792019644,0.5969491792019644,0.0,0.8888888888888888,0.8888888888888888,0.0,0.8429146871201995,0.9113748832319459,-0.06846019611174647,0.8819444444444444,0.8819444444444444,0.0
5269,rust,add,insert,remove,18,0.9554427922043663,0.9554427922043663,0.0,0.9500000000000001,0.9500000000000001,0.0,0.9647306171037432,0.9647306171037432,0.0,0.9443483275663207,0.9443483275663207,0.0
5299,rust,removed,deleted,inserted,10,0.9036020036098446,0.9036020036098446,0.0,0.9,0.9,0.0,0.927177842565041,0.9243963111813058,0.0027815313837351585,0.8993827160493828,0.8993827160493828,0.0
5301,rust,add,insert,remove,13,0.9121679090703875,0.9121679090703875,0.0,0.9285714285714286,0.9285714285714286,0.0,0.937984584301088,0.937984584301088,0.0,0.9228098290598291,0.9228098290598291,0.0
5303,rust,allow,permit,forbid,11,0.7016879391277372,0.7016879391277372,0.0,0.9090909090909091,0.9090909090909091,0.0,0.8581183274225662,0.861032080625397,-0.0029137532028308266,0.9996243425995492,0.9054545454545455,0.09416979714500373
5349,rust,add,insert,remove,8,0.7611606003349888,0.7611606003349888,0.0,0.9,0.9,0.0,0.9123357558678484,0.9123357558678484,0.0,0.864795918367347,0.864795918367347,0.0
5354,rust,enable,permit,disable,18,0.8942255541978512,0.8942255541978512,0.0,0.9523809523809523,0.9523809523809523,0.0,0.9300175630461228,0.9605235431422546,-0.030505980096131813,0.943675509419454,0.943675509419454,0.0
5367,rust,start,begin,stop,21,0.8942255541978512,0.8942255541978512,0.0,0.9545454545454546,0.9545454545454546,0.0,0.9364879288157261,0.9549808247623911,-0.018492895946665033,0.9999460101500918,0.9519047619047619,0.04804124824532985
5400,rust,add,insert,remove,10,0.8801117367933934,0.8801117367933934,0.0,0.9,0.9,0.0,0.9182455882133006,0.9182455882133006,0.0,0.8993827160493828,0.8993827160493828,0.0
5423,rust,add,insert,remove,8,0.8408964152537145,0.8408964152537145,0.0,0.875,0.875,0.0,0.887534817914365,0.887534817914365,0.0,0.8737244897959183,0.8737244897959183,0.0
5424,rust,add,insert,remove,18,0.9457416090031756,0.9457416090031756,0.0,0.9473684210526315,0.9473684210526315,0.0,0.9669946889193471,0.9669946889193471,0.0,0.9443483275663207,0.9443483275663207,0.0
5456,rust,add,insert,remove,7,0.8801117367933934,0.8801117367933934,0.0,0.875,0.875,0.0,0.9308282416881526,0.9308282416881526,0.0,0.8551587301587302,0.8551587301587302,0.0
5462,rust,allow,permit,forbid,8,0.7071067811865478,0.7071067811865478,0.0,0.8888888888888888,0.8888888888888888,0.0,0.825684871090206,0.8256050595908545,7.98114993515453e-05,0.9990234375,0.864795918367347,0.13422751913265296
5501,rust,add,insert,remove,11,0.8931539818068699,0.8931539818068699,0.0,0.9090909090909091,0.9090909090909091,0.0,0.9250620695800289,0.9250620695800289,0.0,0.9086363636363638,0.9086363636363638,0.0
5502,rust,add,insert,remove,11,0.8931539818068699,0.8931539818068699,0.0,0.9090909090909091,0.9090909090909091,0.0,0.9321336121285849,0.9321336121285849,0.0,0.9086363636363638,0.9086363636363638,0.0
5569,rust,remove,delete,insert,10,0.7071067811865478,0.7071067811865478,0.0,0.9,0.9,0.0,0.7903037702573308,0.7664552655264729,0.023848504730857867,0.8950617283950617,0.8950617283950617,0.0
5593,rust,add,insert,remove,6,0.7598356856515927,0.7598356856515927,0.0,0.8333333333333334,0.8333333333333334,0.0,0.887534817914365,0.887534817914365,0.0,0.8300000000000002,0.8300000000000002,0.0
5593,rust,accepting,taking,rejecting,6,0.537284965911771,0.537284965911771,0.0,0.8333333333333334,0.8333333333333334,0.0,0.7504641989788042,0.7680507369547072,-0.017586537975902927,0.9976851851851852,0.8066666666666668,0.19101851851851848
5618,rust,add,insert,remove,9,0.8633400213704508,0.8633400213704508,0.0,0.8888888888888888,0.8888888888888888,0.0,0.9182455882133006,0.9182455882133006,0.0,0.8880208333333333,0.8880208333333333,0.0
5622,rust,add,insert,remove,8,0.8801117367933934,0.8801117367933934,0.0,0.875,0.875,0.0,0.9182455882133006,0.9182455882133006,0.0,0.8737244897959183,0.8737244897959183,0.0
5670,rust,accept,take,reject,8,0.9036020036098446,0.9036020036098446,0.0,0.8888888888888888,0.8888888888888888,0.0,0.8613627299208398,0.8521669515090567,0.009195778411783095,0.9990234375,0.8737244897959183,0.12529894770408168
5704,rust,add,insert,remove,7,0.8091067115702206,0.8091067115702206,0.0,0.8571428571428571,0.8571428571428571,0.0,0.8941648581963936,0.8941648581963936,0.0,0.8551587301587302,0.8551587301587302,0.0
5704,rust,starting,beginning,stopping,7,0.6434588841607617,0.6434588841607617,0.0,0.8571428571428571,0.8571428571428571,0.0,0.7683445379734861,0.8327815718173879,-0.06443703384390176,0.9985422740524781,0.8412698412698414,0.1572724327826367
5836,rust,add,insert,remove,6,0.7598356856515927,0.7598356856515927,0.0,0.8333333333333334,0.8333333333333334,0.0,0.8614814081743934,0.8614814081743934,0.0,0.8300000000000002,0.8300000000000002,0.0
5836,rust,disable,block,enable,6,0.537284965911771,0.537284965911771,0.0,0.8333333333333334,0.8333333333333334,0.0,0.6712489369793311,0.8065823973534553,-0.1353334603741242,0.8066666666666668,0.8066666666666668,0.0
5935,rust,added,inserted,removed,8,0.8408964152537145,0.8408964152537145,0.0,0.8888888888888888,0.8888888888888888,0.0,0.9265920031625897,0.9303856576255872,-0.003793654462997509,0.8737244897959183,0.8737244897959183,0.0
5954,rust,increase,raise,decrease,14,0.7825422900366438,0.7825422900366438,0.0,0.9285714285714286,0.9285714285714286,0.0,0.900410848806942,0.9398546996239859,-0.039443850817043935,0.9268808114961962,0.9268808114961962,0.0
5986,rust,add,insert,remove,16,0.9306048591020994,0.9306048591020994,0.0,0.9375,0.9375,0.0,0.9486144416584049,0.9486144416584049,0.0,0.9373611111111111,0.9373611111111111,0.0
5991,rust,add,insert,remove,27,0.9709835434146471,0.9709835434146471,0.0,0.9666666666666667,0.9666666666666667,0.0,0.9770819574874241,0.9770819574874241,0.0,0.9629355687047996,0.9629355687047996,0.0
6081,rust,add,insert,remove,18,0.9016857283765336,0.9016857283765336,0.0,0.9230769230769231,0.9230769230769231,0.0,0.9278157937475054,0.9278157937475054,0.0,0.8880208333333333,0.8880208333333333,0.0
6125,rust,hiding,covering,showing,11,0.82651681837938,0.82651681837938,0.0,0.9090909090909091,0.9090909090909091,0.0,0.8894224487068161,0.8927340402797571,-0.0033115915729410306,0.9996243425995492,0.9054545454545455,0.09416979714500373
6203,rust,creating,building,destroying,9,0.7691605673134587,0.7691605673134587,0.0,0.9,0.9,0.0,0.8751361882346234,0.8772760572963862,-0.002139869061762889,0.8819444444444444,0.8819444444444444,0.0
6221,rust,add,insert,remove,14,0.9306048591020994,0.9306048591020994,0.0,0.9333333333333333,0.9333333333333333,0.0,0.9513913031600626,0.9513913031600626,0.0,0.9283601014370245,0.9283601014370245,0.0
6282,rust,added,inserted,removed,8,0.9306048591020994,0.9306048591020994,0.0,0.9,0.9,0.0,0.9463141303397119,0.9491448073675999,-0.0028306770278879734,0.8737244897959183,0.8737244897959183,0.0
6315,rust,add,insert,remove,9,0.8633400213704508,0.8633400213704508,0.0,0.8888888888888888,0.8888888888888888,0.0,0.9265920031625897,0.9265920031625897,0.0,0.8880208333333333,0.8880208333333333,0.0
6342,rust,add,insert,remove,5,0.6687403049764218,0.6687403049764218,0.0,0.8000000000000002,0.8000000000000002,0.0,0.8361350589131245,0.8361350589131245,0.0,0.7937500000000002,0.7937500000000002,0.0
6359,rust,allow,permit,forbid,14,0.8003203203845001,0.8003203203845001,0.0,0.9285714285714286,0.9285714285714286,0.0,0.8949287763139285,0.8971160029786995,-0.0021872266647710026,0.9998177842565598,0.9268808114961962,0.0729369727603636
6380,rust,added,inserted,removed,6,0.7598356856515927,0.7598356856515927,0.0,0.8333333333333334,0.8333333333333334,0.0,0.905323034276437,0.9101082413093166,-0.004785207032879546,0.8300000000000002,0.8300000000000002,0.0
6402,rust,add,insert,remove,9,0.8633400213704508,0.8633400213704508,0.0,0.8888888888888888,0.8888888888888888,0.0,0.9182455882133006,0.9182455882133006,0.0,0.8880208333333333,0.8880208333333333,0.0
6427,rust,added,inserted,removed,7,0.8408964152537145,0.8408964152537145,0.0,0.8571428571428571,0.8571428571428571,0.0,0.9000550936954855,0.9050782991444938,-0.00502320544900825,0.8551587301587302,0.8551587301587302,0.0
6569,rust,add,insert,remove,8,0.8801117367933934,0.8801117367933934,0.0,0.8888888888888888,0.8888888888888888,0.0,0.9122583624894098,0.9122583624894098,0.0,0.8737244897959183,0.8737244897959183,0.0
6591,rust,add,insert,remove,25,0.9648571584702386,0.9648571584702386,0.0,0.9615384615384616,0.9615384615384616,0.0,0.9650728939222755,0.9650728939222755,0.0,0.9599652777777777,0.9599652777777777,0.0
6591,rust,adding,inserting,removing,25,0.9095930632220219,0.9095930632220219,0.0,0.9615384615384616,0.9615384615384616,0.0,0.9405434125175506,0.9423714034867028,-0.0018279909691522045,0.9597222222222221,0.9597222222222221,0.0
6595,rust,allow,permit,forbid,20,0.9173176373893106,0.9173176373893106,0.0,0.96,0.96,0.0,0.9349100688530106,0.9362852063733446,-0.0013751375203339133,0.9999375,0.9494459833795015,0.050491516620498555
6652,rust,added,inserted,removed,42,0.9440602839389663,0.9440602839389663,0.0,0.9761904761904762,0.9761904761904762,0.0,0.968164150090495,0.9691731731364311,-0.001009023045936197,0.9761338205716552,0.9761338205716552,0.0
6652,rust,remove,delete,insert,42,0.9440602839389663,0.9440602839389663,0.0,0.9761904761904762,0.9761904761904762,0.0,0.9616119560579116,0.9572487150973159,0.0043632409605957045,0.9761338205716552,0.9761338205716552,0.0
6792,rust,add,insert,remove,20,0.9510699415570296,0.9510699415570296,0.0,0.9500000000000001,0.9500000000000001,0.0,0.9678783848915803,0.9678783848915803,0.0,0.9499307479224378,0.9499307479224378,0.0
7588,rust,add,insert,remove,8,0.9036020036098446,0.9036020036098446,0.0,0.9,0.9,0.0,0.9163428914177503,0.9163428914177503,0.0,0.8737244897959183,0.8737244897959183,0.0
7600,rust,add,insert,remove,9,0.7071067811865478,0.7071067811865478,0.0,0.9,0.9,0.0,0.8631139025144162,0.8631139025144162,0.0,0.8819444444444444,0.8819444444444444,0.0
7624,rust,add,insert,remove,6,0.7598356856515927,0.7598356856515927,0.0,0.8571428571428571,0.8571428571428571,0.0,0.905323034276437,0.905323034276437,0.0,0.8300000000000002,0.8300000000000002,0.0
7676,rust,add,insert,remove,11,0.9121679090703875,0.9121679090703875,0.0,0.9090909090909091,0.9090909090909091,0.0,0.9368965870588671,0.9368965870588671,0.0,0.9086363636363638,0.9086363636363638,0.0
7676,rust,disabled,blocked,enabled,11,0.9121679090703875,0.9121679090703875,0.0,0.9090909090909091,0.9090909090909091,0.0,0.8784337185107504,0.9048530940348648,-0.02641937552411444,0.9086363636363638,0.9086363636363638,0.0
7127,rust,add,insert,remove,36,0.9220450449751963,0.9220450449751963,0.0,0.9487179487179487,0.9487179487179487,0.0,0.9427332373577755,0.9427332373577755,0.0,0.9443483275663207,0.9443483275663207,0.0
7194,rust,add,insert,remove,23,0.9607071390340023,0.9607071390340023,0.0,0.9565217391304348,0.9565217391304348,0.0,0.9700189351485533,0.9700189351485533,0.0,0.9564768235716853,0.9564768235716853,0.0
7215,rust,allowing,permitting,forbidding,15,0.8492326635760686,0.8492326635760686,0.0,0.9375,0.9375,0.0,0.9155091380760392,0.9172380454893982,-0.001728907413359071,0.9998518518518519,0.9319727891156462,0.0678790627362057
7299,rust,add,insert,remove,29,0.9051034981560219,0.9051034981560219,0.0,0.9354838709677419,0.9354838709677419,0.0,0.9437299524252594,0.9437299524252594,0.0,0.9308452769500023,0.9308452769500023,0.0
7331,rust,add,insert,remove,16,0.9457416090031756,0.9457416090031756,0.0,0.9411764705882353,0.9411764705882353,0.0,0.9595811687523056,0.9595811687523056,0.0,0.9373611111111111,0.9373611111111111,0.0
7387,rust,add,insert,remove,19,0.9510699415570296,0.9510699415570296,0.0,0.9473684210526315,0.9473684210526315,0.0,0.9684416815084615,0.9684416815084615,0.0,0.9472871994801819,0.9472871994801819,0.0
7588,rust,add,insert,remove,8,0.9036020036098446,0.9036020036098446,0.0,0.9,0.9,0.0,0.9163428914177503,0.9163428914177503,0.0,0.8737244897959183,0.8737244897959183,0.0
7624,rust,add,insert,remove,6,0.7598356856515927,0.7598356856515927,0.0,0.8571428571428571,0.8571428571428571,0.0,0.905323034276437,0.905323034276437,0.0,0.8300000000000002,0.8300000000000002,0.0
7676,rust,add,insert,remove,11,0.9121679090703875,0.9121679090703875,0.0,0.9090909090909091,0.9090909090909091,0.0,0.9368965870588671,0.9368965870588671,0.0,0.9086363636363638,0.9086363636363638,0.0
7676,rust,disabled,blocked,enabled,11,0.9121679090703875,0.9121679090703875,0.0,0.9090909090909091,0.9090909090909091,0.0,0.8784337185107504,0.9048530940348648,-0.02641937552411444,0.9086363636363638,0.9086363636363638,0.0
7799,rust,allow,permit,forbid,6,0.7598356856515927,0.7598356856515927,0.0,0.8333333333333334,0.8333333333333334,0.0,0.830092325789114,0.8351124111362712,-0.005020085347157255,0.9976851851851852,0.8300000000000002,0.16768518518518505
7831,rust,allow,permit,forbid,10,0.7611606003349888,0.7611606003349888,0.0,0.9,0.9,0.0,0.9064258826184095,0.908382064190856,-0.0019561815724464804,0.9995,0.8950617283950617,0.10443827160493835
7910,rust,add,insert,remove,7,0.8091067115702206,0.8091067115702206,0.0,0.8571428571428571,0.8571428571428571,0.0,0.8559129452216446,0.8559129452216446,0.0,0.8551587301587302,0.8551587301587302,0.0
8031,rust,enable,permit,disable,9,0.8633400213704508,0.8633400213704508,0.0,0.8888888888888888,0.8888888888888888,0.0,0.8864532010729359,0.9574003485010952,-0.07094714742815933,0.8880208333333333,0.8880208333333333,0.0
8043,rust,allow,permit,forbid,7,0.8801117367933934,0.8801117367933934,0.0,0.875,0.875,0.0,0.818170357579714,0.8235122448609482,-0.005341887281234192,0.9985422740524781,0.8551587301587302,0.14338354389374786
